Origin_Port,Destination_Port,Transport_Mode,Product_Category,Distance_km,Weight_MT,Fuel_Price_Index,Geopolitical_Risk_Score,Weather_Condition,Carrier_Reliability_Score,Lead_Time_Days,Disruption_Occurred,Year,Month,Day,DayOfWeek
7,4,1,4,5930.83,197.42,2.43,5.0,2,0.865,41.39,1,2025,10,16,4
7,7,1,0,14285.36,237.24,2.3,7.5,4,0.592,40.92,1,2024,4,24,6
5,4,1,2,11113.91,427.42,1.78,5.6,3,0.673,11.54,0,2024,1,26,0
1,3,1,1,9180.55,170.66,3.2,0.8,2,0.832,53.13,1,2024,10,8,5
1,8,0,2,2762.27,434.96,2.77,1.9,1,0.741,0.5,1,2024,9,7,2
5,5,1,0,2761.92,44.98,4.06,2.2,3,0.869,2.16,1,2024,8,16,0
6,0,1,3,1342.21,388.62,1.31,2.6,4,0.981,2.99,0,2024,5,22,6
1,0,0,4,13059.55,423.93,3.32,5.7,1,0.558,1.25,1,2024,4,14,3
2,5,0,4,9216.17,91.73,3.72,5.0,0,0.855,0.62,1,2025,11,23,3
4,8,1,1,10767.05,215.74,3.71,2.0,4,0.615,25.17,1,2025,7,12,2
2,6,1,2,798.48,83.58,4.12,0.7,3,0.707,0.5,0,2024,3,30,2
3,4,0,0,14563.69,353.6,3.61,1.7,1,0.516,1.33,1,2025,8,27,6
7,1,1,2,12570.42,268.14,4.26,9.8,1,0.568,19.6,1,2025,3,8,2
4,3,2,3,3578.92,318.03,2.3,4.7,4,0.66,7.58,1,2024,2,2,0
0,7,1,4,3136.46,99.05,2.86,8.7,4,0.671,9.4,1,2024,1,31,6
0,5,1,2,3159.37,106.66,1.25,8.5,2,0.95,25.5,1,2024,4,5,0
4,1,2,2,4911.51,21.71,1.22,5.1,0,0.871,3.76,0,2024,8,11,3
6,1,0,4,8108.97,161.71,1.99,7.1,4,0.986,1.83,1,2024,8,26,1
1,6,0,0,6763.2,280.31,1.53,1.9,1,0.8,0.5,0,2025,6,1,3
1,2,1,1,4722.82,429.11,2.06,6.9,1,0.621,7.6,0,2025,9,8,1
1,0,0,2,9371.87,333.8,1.78,2.7,3,0.664,0.5,0,2024,1,28,3
6,0,1,4,2522.66,218.26,1.29,8.3,4,0.66,6.61,1,2025,7,28,1
1,6,1,4,4736.1,476.61,4.2,0.8,3,0.663,4.54,1,2024,7,22,1
1,7,0,2,5812.25,359.9,1.23,7.7,2,0.836,3.3,1,2025,10,27,1
2,7,2,2,7113.01,465.15,3.63,1.0,0,0.765,4.29,0,2025,12,19,0
6,8,0,1,11885.05,264.27,1.7,8.8,2,0.693,6.86,1,2025,7,12,2
1,6,3,4,3395.27,130.19,4.21,3.0,1,0.575,9.09,0,2025,3,5,6
7,6,1,1,7956.4,27.36,4.15,6.5,1,0.511,11.18,0,2024,8,13,5
6,2,0,4,9090.01,363.32,3.36,4.9,4,0.609,2.04,1,2025,4,4,0
0,8,0,4,1173.53,61.53,3.42,3.7,0,0.554,0.5,0,2025,8,26,5
0,4,1,2,9309.4,152.08,1.22,6.5,4,0.893,25.79,0,2024,10,11,0
7,5,0,0,2972.6,266.7,4.45,9.5,1,0.556,1.04,1,2024,1,7,3
7,2,2,2,1443.25,282.64,4.1,0.4,4,0.862,2.5,1,2024,6,12,6
6,0,1,0,14258.84,300.69,4.15,9.2,3,0.693,16.61,1,2025,12,15,1
3,8,0,4,14501.66,83.96,3.38,6.1,3,0.537,1.62,0,2025,3,8,2
4,0,2,0,12221.76,190.49,2.34,8.1,1,0.906,15.57,0,2024,12,14,2
1,5,2,4,4916.9,308.98,4.15,3.8,2,0.79,27.96,1,2024,10,11,0
2,3,1,4,1916.25,484.94,2.16,4.7,4,0.618,5.17,1,2024,6,8,2
2,3,2,0,10421.38,364.09,3.06,8.7,3,0.947,10.49,1,2024,8,8,4
7,1,1,2,6882.21,461.38,1.53,4.1,4,0.523,17.32,1,2024,12,10,5
4,7,0,0,2269.55,381.34,4.24,5.3,1,0.601,0.5,1,2024,4,14,3
1,0,1,1,7680.07,296.27,1.66,0.2,4,0.876,15.87,1,2024,4,4,4
2,4,3,4,998.63,96.82,1.94,1.6,1,0.855,2.84,0,2025,1,24,0
1,6,1,3,13685.15,333.68,3.04,6.4,1,0.645,18.12,0,2024,4,9,5
2,6,3,4,4252.31,312.07,3.72,7.2,4,0.531,25.25,1,2025,1,2,4
1,4,2,4,10106.57,301.63,3.24,5.8,3,0.929,9.76,1,2024,12,18,6
6,3,2,0,5019.81,245.4,1.97,1.4,4,0.657,8.72,1,2025,9,10,6
6,5,3,1,8040.99,264.8,1.2,4.5,3,0.598,16.27,1,2024,9,27,0
4,3,3,2,8427.3,167.89,3.7,3.6,2,0.758,110.18,1,2024,2,14,6
7,4,0,2,3180.39,260.14,4.45,5.0,2,0.955,1.85,1,2025,4,15,5
2,0,1,3,14558.98,99.58,3.87,8.7,1,0.522,21.27,0,2025,7,3,4
2,4,2,0,11739.43,402.78,2.72,7.8,3,0.883,11.65,0,2024,5,7,5
3,1,2,2,14122.73,93.7,4.18,0.8,2,0.786,70.01,1,2025,1,22,6
2,7,1,4,13475.0,43.4,2.55,8.9,2,0.713,107.82,1,2024,3,21,4
6,6,2,0,9169.55,218.69,2.93,4.7,4,0.872,19.8,1,2025,7,19,2
7,4,0,3,13867.18,329.5,2.77,7.4,3,0.983,1.65,1,2024,10,27,3
5,5,1,2,1783.14,219.42,2.68,1.4,3,0.615,0.74,0,2025,10,5,3
1,4,3,4,3341.75,139.1,3.76,6.7,4,0.572,18.83,0,2025,9,25,4
5,7,2,4,1155.8,279.53,2.94,2.4,3,0.956,1.32,0,2025,1,5,3
0,6,2,4,5217.29,174.15,2.25,4.4,1,0.834,5.57,0,2025,8,14,4
6,0,3,1,6135.82,466.5,2.05,0.2,1,0.719,12.92,0,2024,7,15,1
3,8,2,2,4434.56,461.4,1.32,1.5,2,0.787,23.3,1,2025,12,22,1
4,3,2,0,12516.69,251.68,3.12,0.9,3,0.873,9.0,0,2024,3,12,5
4,5,2,4,5672.92,164.61,1.96,2.4,4,0.887,11.04,0,2024,2,16,0
6,6,1,4,4573.55,368.83,1.69,1.0,0,0.96,3.09,0,2025,11,8,2
0,5,3,1,8369.09,19.32,3.36,6.9,4,0.713,47.52,1,2024,8,21,6
4,8,0,0,2543.4,237.91,3.45,0.3,1,0.647,0.85,0,2024,10,23,6
1,4,0,0,12131.86,168.83,3.68,6.2,0,0.82,0.5,0,2024,3,22,0
4,7,3,0,1580.98,460.35,2.86,1.4,3,0.708,3.32,1,2024,8,26,1
2,8,1,1,14809.86,6.99,4.15,9.5,1,0.797,23.13,0,2024,4,13,2
6,0,3,4,11697.55,276.85,4.29,9.3,1,0.71,36.52,1,2025,1,24,0
0,5,3,3,3381.38,370.59,3.86,2.3,3,0.576,6.46,0,2024,10,11,0
7,3,3,4,580.07,243.02,3.3,6.1,2,0.735,8.4,1,2025,4,9,6
6,4,1,2,12324.19,43.62,2.2,0.3,3,0.845,10.99,0,2025,10,12,3
1,4,3,1,10749.43,486.26,4.44,9.3,4,0.9,66.01,1,2025,1,8,6
1,2,1,0,11070.6,259.49,2.1,5.2,4,0.747,30.22,1,2024,6,15,2
5,0,0,3,11683.42,307.48,1.87,0.4,3,0.583,1.23,0,2025,1,14,5
1,5,3,1,1573.65,119.07,2.66,3.4,4,0.707,7.76,1,2024,12,29,3
7,5,2,1,5697.75,242.27,1.39,0.8,1,0.893,4.7,0,2024,8,2,0
7,0,0,3,2180.1,215.15,4.43,3.9,2,0.706,0.8,1,2025,11,17,1
0,8,3,2,13015.0,38.37,3.14,6.7,4,0.848,71.68,1,2024,9,30,1
1,3,3,3,9537.82,53.97,3.04,4.7,2,0.754,130.77,1,2025,12,19,0
5,7,3,2,5298.02,418.9,3.36,3.8,1,0.621,13.62,1,2025,11,30,3
5,3,3,1,1421.6,120.67,2.84,1.2,3,0.898,2.51,0,2025,10,25,2
5,2,1,2,5009.24,98.28,1.31,2.4,2,0.542,31.75,1,2024,3,14,4
6,3,1,2,5215.16,252.95,3.22,1.0,0,0.762,3.97,1,2025,9,15,1
0,2,1,0,11079.29,384.6,3.56,8.1,1,0.604,16.0,0,2025,10,12,3
2,0,2,4,9744.58,31.91,2.58,1.4,0,0.534,6.24,0,2024,6,24,1
0,4,0,4,13364.58,288.83,3.7,6.0,1,0.751,1.59,1,2025,6,30,1
0,2,0,1,7347.12,60.49,1.95,3.4,2,0.75,3.66,1,2024,9,7,2
4,8,0,1,2234.12,19.19,1.93,2.3,3,0.853,0.5,1,2024,6,16,3
3,6,1,4,10842.05,27.32,1.73,6.4,4,0.872,29.43,1,2025,4,18,0
0,8,1,3,11531.38,417.25,2.43,4.6,2,0.864,78.49,1,2025,1,23,4
2,8,0,0,8638.52,59.87,4.0,4.0,1,0.705,1.94,1,2024,10,3,4
3,8,0,4,11679.02,23.53,3.93,5.9,2,0.816,6.92,1,2025,10,17,0
1,2,3,0,7660.04,219.51,2.46,4.9,3,0.788,15.17,1,2025,12,5,0
5,4,1,0,8079.63,422.15,3.14,3.0,2,0.711,50.51,1,2025,7,24,4
5,3,0,4,6699.34,131.94,3.58,5.6,2,0.799,3.61,1,2024,8,12,1
0,1,0,1,868.58,211.43,2.0,6.7,2,0.974,0.93,1,2025,12,2,5
3,5,2,3,2064.43,20.92,1.75,0.3,0,0.596,0.99,0,2024,11,28,4
2,7,0,1,955.72,225.09,4.41,4.7,1,0.953,0.6,0,2024,2,27,5
4,0,3,4,9727.95,289.23,3.24,0.6,0,0.527,13.93,1,2024,8,22,4
4,6,0,4,5058.16,285.88,4.44,1.9,4,0.654,0.78,0,2024,2,2,0
4,3,3,4,7874.28,166.88,2.31,5.6,3,0.644,17.18,0,2024,11,19,5
3,1,1,4,13659.71,158.45,3.52,8.7,2,0.813,108.49,1,2025,2,14,0
2,5,2,3,4114.74,54.21,1.93,8.8,0,0.566,3.39,1,2024,10,1,5
5,2,3,1,6450.55,184.03,2.06,0.7,0,0.941,9.61,0,2024,3,8,0
5,3,3,0,11455.49,50.65,2.89,4.2,1,0.914,28.85,0,2024,8,4,3
2,7,0,2,3817.57,383.53,2.25,5.8,2,0.826,3.01,1,2025,8,3,3
6,5,2,0,1616.21,483.17,1.75,1.5,3,0.729,1.59,0,2024,11,18,1
2,8,0,4,4701.4,485.07,2.07,7.7,1,0.966,0.82,1,2024,8,5,1
1,6,0,4,2837.71,432.67,1.32,7.4,0,0.915,0.5,1,2025,11,2,3
0,2,2,3,13980.62,300.8,3.52,9.0,0,0.75,12.52,1,2025,5,26,1
3,2,0,4,12217.75,350.73,2.82,0.1,3,0.851,0.61,0,2025,2,9,3
0,2,0,4,9684.35,143.32,1.51,2.2,0,0.783,0.7,0,2025,10,20,1
7,2,0,2,13136.18,315.75,1.77,8.3,1,0.794,0.99,1,2025,4,14,1
6,4,1,0,12153.25,228.37,1.54,6.7,3,0.665,14.04,1,2024,5,26,3
7,3,3,1,3205.27,241.53,3.22,8.9,1,0.731,9.81,1,2024,9,28,2
0,4,3,4,13442.11,379.13,1.51,0.6,3,0.539,24.04,0,2024,5,22,6
5,0,0,0,8320.46,141.68,3.69,6.0,1,0.679,2.04,1,2024,9,9,1
7,7,1,2,12207.88,159.7,1.27,5.7,0,0.848,11.27,0,2025,7,28,1
7,7,2,3,13493.32,462.4,2.02,0.4,1,0.977,12.3,0,2025,7,5,2
4,6,2,1,5111.05,29.06,4.14,5.1,3,0.982,4.12,1,2024,9,26,4
3,7,2,3,2095.75,243.33,3.57,6.1,0,0.778,2.08,1,2025,8,21,4
5,8,0,2,3805.06,456.49,1.44,1.9,0,0.803,0.5,0,2025,3,14,0
3,4,0,0,6693.06,305.57,3.91,2.7,4,0.593,1.46,1,2025,8,20,6
3,4,3,1,12361.21,273.66,2.83,6.4,2,0.848,182.19,1,2025,2,12,6
5,1,3,1,12980.59,125.62,3.99,4.7,2,0.535,177.59,1,2025,1,5,3
7,7,2,1,600.81,172.29,3.18,8.6,1,0.642,0.5,0,2024,8,12,1
3,7,2,3,7905.84,426.17,3.45,3.4,1,0.834,8.15,1,2024,5,21,5
4,2,2,1,6552.46,280.05,4.48,2.7,2,0.655,35.77,1,2025,6,5,4
7,3,0,0,3720.56,257.86,1.97,9.8,0,0.525,0.57,0,2025,5,20,5
2,1,2,2,2238.05,50.69,3.26,9.1,2,0.916,15.06,1,2024,4,3,6
1,4,2,2,5395.42,9.0,2.72,0.3,3,0.655,4.29,0,2024,2,18,3
6,6,3,1,14172.19,481.88,1.33,7.7,1,0.532,40.3,1,2024,4,22,1
4,8,1,4,5186.44,189.12,1.25,1.1,4,0.537,10.98,1,2024,6,5,6
0,6,0,4,8022.46,302.0,1.59,0.3,2,0.626,3.33,1,2025,10,4,2
4,5,2,0,10693.77,40.78,3.34,2.7,3,0.589,8.41,0,2024,6,12,6
3,0,2,3,5772.63,341.87,3.07,2.7,0,0.887,4.34,1,2025,11,27,4
7,3,1,1,14590.84,466.35,3.03,8.2,3,0.661,17.28,0,2025,3,8,2
0,2,1,0,14455.49,288.26,1.31,7.1,0,0.902,14.49,1,2025,9,2,5
0,2,3,2,4150.84,63.93,2.75,9.8,4,0.587,25.66,1,2024,3,6,6
0,1,2,0,7710.1,291.28,4.25,7.1,1,0.746,9.27,0,2025,1,29,6
2,7,2,1,4862.74,383.41,2.51,4.2,3,0.844,4.8,0,2025,1,25,2
7,0,2,4,4630.19,203.8,3.26,7.0,2,0.826,29.71,1,2025,9,2,5
7,7,0,0,1034.86,440.04,3.77,10.0,4,0.801,0.99,1,2025,4,24,4
3,1,1,4,9338.68,324.69,3.79,7.1,1,0.962,13.45,0,2025,6,25,6
4,0,0,3,7788.85,449.73,2.91,7.6,1,0.614,0.5,1,2024,9,14,2
1,8,3,2,1246.44,312.13,4.03,9.4,3,0.747,3.64,0,2025,7,20,3
4,6,2,4,4540.37,66.51,2.49,1.1,4,0.942,9.02,0,2024,1,12,0
2,3,0,0,13669.86,155.54,4.13,7.0,4,0.539,3.36,0,2025,11,27,4
4,6,2,2,3973.65,101.7,1.99,8.5,3,0.528,3.09,1,2024,4,27,2
4,3,0,2,2600.98,454.5,2.12,9.5,2,0.617,1.27,1,2025,11,29,2
3,8,0,4,7597.07,380.44,1.38,2.1,3,0.817,0.5,1,2025,7,3,4
1,8,1,1,14791.93,338.52,3.83,5.0,1,0.63,18.87,1,2024,9,30,1
5,4,1,4,4009.8,151.18,2.58,6.8,4,0.595,12.07,1,2025,10,18,2
6,0,2,2,10245.97,92.84,1.96,2.5,4,0.729,20.55,1,2024,12,14,2
5,1,1,1,11543.48,378.47,1.96,6.0,1,0.807,15.62,0,2024,4,24,6
5,7,0,1,3945.74,237.6,4.17,2.6,3,0.624,0.55,1,2024,10,27,3
6,6,1,4,11059.14,113.67,3.95,3.3,3,0.65,11.04,0,2025,3,21,0
0,1,0,2,5832.86,308.69,3.03,4.4,2,0.807,1.3,1,2024,6,10,1
7,0,2,3,9668.43,21.13,3.23,5.3,0,0.973,6.95,0,2025,4,9,6
0,5,2,2,9686.18,163.76,2.77,4.5,1,0.837,9.89,0,2024,1,4,4
3,0,3,1,8268.73,234.81,2.49,4.9,3,0.891,17.38,0,2024,9,26,4
3,5,0,1,1809.2,74.83,4.22,3.0,2,0.683,0.72,1,2025,5,27,5
5,4,3,1,12611.89,492.34,1.61,1.6,2,0.636,151.28,1,2024,7,1,1
5,5,2,3,5151.31,105.34,2.58,0.5,4,0.727,8.38,0,2025,6,3,5
3,8,3,2,3204.52,66.05,2.34,2.0,0,0.904,4.73,0,2024,4,18,4
7,6,2,0,1091.24,102.56,2.84,5.8,3,0.728,1.56,0,2025,10,2,4
2,4,1,1,9067.95,384.76,2.71,7.9,1,0.923,13.86,0,2024,11,1,0
1,8,1,1,10324.68,213.33,2.91,1.7,2,0.994,62.57,1,2025,10,16,4
5,1,2,3,740.52,283.14,1.66,1.1,4,0.536,0.73,1,2025,6,3,5
7,3,3,0,7925.35,11.48,2.89,7.5,2,0.523,121.68,1,2025,9,15,1
5,3,2,0,3784.19,18.18,2.0,3.1,0,0.575,2.96,1,2024,7,22,1
2,4,2,0,9855.01,223.47,1.81,9.5,0,0.692,8.6,1,2024,6,5,6
7,3,2,0,3028.31,408.51,1.41,7.1,3,0.566,1.92,0,2025,1,17,0
3,5,2,3,10518.6,442.73,3.72,3.3,1,0.935,11.4,0,2024,6,14,0
1,7,3,4,6107.66,44.27,2.61,2.9,1,0.512,14.27,1,2025,7,6,3
2,6,2,4,14082.58,269.64,3.27,5.2,4,0.658,31.91,1,2025,6,27,0
6,4,1,1,2494.05,456.7,3.6,0.8,2,0.592,14.44,1,2024,1,1,1
2,8,1,2,5445.46,194.6,3.44,1.2,1,0.966,6.78,0,2025,9,5,0
4,5,0,2,2145.37,414.95,2.75,1.8,0,0.835,0.5,1,2024,11,27,6
5,3,1,0,13908.06,67.71,2.48,7.7,2,0.956,107.19,1,2025,5,15,4
6,8,1,0,13221.42,467.76,2.44,5.1,1,0.986,18.1,0,2024,1,20,2
5,5,1,2,4240.15,375.96,3.31,0.1,1,0.749,4.11,0,2024,4,24,6
0,3,2,4,10069.77,470.73,2.83,6.7,0,0.617,8.42,1,2025,1,6,1
0,6,0,2,12349.72,338.63,4.0,4.2,1,0.597,1.07,0,2024,11,10,3
6,3,0,0,8550.41,182.34,4.09,5.1,2,0.611,3.97,1,2024,9,2,1
2,8,0,3,8179.93,469.15,1.76,2.1,3,0.854,0.57,0,2024,2,29,4
4,5,0,0,4006.86,138.51,1.65,5.5,3,0.52,0.67,0,2024,9,3,5
4,5,3,1,1849.99,166.75,3.28,9.8,4,0.526,12.16,1,2025,8,3,3
2,7,2,2,13509.63,350.7,2.19,0.7,3,0.804,10.74,0,2024,3,21,4
2,8,1,3,13556.06,382.89,1.26,2.8,2,0.821,85.86,1,2024,3,28,4
2,5,3,3,9679.97,464.77,4.13,2.4,0,0.833,14.58,0,2025,5,12,1
3,2,0,1,5415.93,103.2,1.95,2.5,0,0.686,0.5,1,2024,3,11,1
4,2,3,0,5563.54,399.2,4.27,3.8,0,0.903,8.6,0,2025,6,29,3
1,7,0,0,11026.36,369.53,3.57,8.2,1,0.767,1.11,1,2024,5,8,6
7,3,3,4,13508.1,32.83,3.72,9.1,0,0.553,27.15,1,2024,5,11,2
6,6,3,4,13362.75,194.22,1.86,2.0,3,0.899,24.89,0,2025,11,6,4
2,0,1,2,11808.2,142.1,1.97,5.4,4,0.977,30.18,1,2025,5,1,4
1,3,3,2,9809.46,152.94,2.92,6.4,2,0.53,143.34,1,2025,7,16,6
4,2,1,3,1720.03,491.49,1.77,5.2,0,0.696,1.14,1,2024,6,18,5
4,8,2,0,2843.62,321.75,2.21,4.3,0,0.744,2.65,0,2024,9,28,2
7,5,0,2,13529.04,359.12,2.26,1.9,1,0.573,0.6,1,2025,6,24,5
2,5,1,3,9293.22,488.33,1.73,4.9,3,0.934,9.75,0,2025,9,13,2
0,4,0,3,633.36,189.22,1.88,4.0,2,0.642,0.5,1,2025,3,9,3
6,3,2,3,1971.34,401.12,3.8,8.0,2,0.892,13.64,1,2024,8,4,3
0,6,1,1,10120.78,217.83,1.75,7.6,4,0.835,29.43,1,2025,7,6,3
3,5,0,4,573.39,434.9,1.29,1.3,2,0.799,0.5,1,2025,12,7,3
3,8,0,1,2831.72,91.15,3.28,0.9,0,0.596,0.5,1,2024,7,24,6
7,7,2,0,8456.64,473.9,4.42,9.1,0,0.61,6.39,1,2025,12,31,6
2,0,1,3,10532.48,110.17,2.29,5.4,3,0.524,11.25,1,2024,11,15,0
1,3,0,3,9953.44,163.78,1.59,8.6,3,0.62,1.15,1,2025,2,12,6
1,4,3,0,3751.9,378.34,3.08,0.6,3,0.673,5.65,0,2025,11,18,5
7,1,0,2,10826.6,197.48,4.19,5.3,4,0.917,1.52,1,2025,10,27,1
3,4,3,1,3940.11,304.5,3.79,5.4,4,0.683,20.97,0,2025,1,17,0
4,2,3,0,5218.3,222.84,3.25,8.6,3,0.877,12.61,1,2025,3,24,1
2,3,0,2,11324.13,371.44,2.24,1.0,1,0.72,0.5,0,2025,6,13,0
6,4,1,0,9919.68,114.94,2.99,2.4,1,0.892,11.29,1,2025,4,7,1
6,0,2,2,12813.74,30.17,1.5,4.1,1,0.988,12.85,0,2024,5,3,0
5,5,2,2,10035.39,150.66,3.44,8.7,3,0.62,10.96,0,2024,9,10,5
7,1,0,0,8740.47,237.68,3.59,9.4,4,0.931,1.36,1,2024,8,18,3
6,4,0,4,1858.28,84.84,4.38,9.9,2,0.811,1.43,1,2024,3,6,6
4,0,3,0,5831.88,178.04,2.06,9.6,0,0.909,11.97,0,2024,12,12,4
4,2,0,0,4345.43,200.59,1.26,0.1,4,0.826,1.33,0,2024,1,22,1
0,6,3,0,4037.85,29.64,3.0,0.5,0,0.712,5.35,0,2025,8,25,1
6,1,3,4,14608.65,292.07,3.53,1.5,2,0.614,174.33,1,2025,7,21,1
4,7,3,3,6199.92,442.29,3.81,3.5,2,0.535,80.05,1,2024,8,23,0
0,1,1,4,13434.68,76.72,1.84,8.3,4,0.768,38.63,1,2025,8,25,1
6,6,0,2,9651.51,299.31,2.06,8.9,0,0.995,1.03,0,2024,8,13,5
5,1,3,0,12024.76,332.7,2.89,1.9,0,0.869,17.37,0,2024,1,8,1
7,6,2,3,7788.24,210.25,2.29,6.2,0,0.664,5.96,1,2024,3,13,6
1,6,1,1,8865.11,350.85,4.04,9.2,1,0.914,13.98,0,2025,12,25,4
2,4,0,3,7641.51,205.96,2.76,4.6,1,0.884,1.11,0,2025,10,8,6
7,1,0,4,3331.02,252.81,3.84,1.0,2,0.641,1.13,1,2024,3,1,0
6,6,0,3,10975.56,4.67,3.12,4.6,3,0.507,0.5,1,2024,8,22,4
6,3,0,0,4571.2,346.17,3.75,3.8,0,0.559,0.54,0,2024,3,10,3
7,5,3,1,852.58,331.01,2.3,5.8,0,0.939,2.2,0,2024,2,2,0
5,3,1,2,9859.35,20.16,3.94,4.4,4,0.918,24.71,1,2024,12,4,6
3,6,0,1,3068.1,184.76,2.11,0.2,2,0.648,0.89,1,2024,3,13,6
6,6,1,3,14136.65,489.54,3.0,9.9,0,0.643,14.43,1,2025,6,10,5
4,0,3,0,14331.96,210.95,1.91,5.4,0,0.896,25.6,0,2024,8,31,2
3,4,3,0,13765.53,251.47,2.77,4.7,1,0.969,36.08,0,2024,10,12,2
0,7,2,0,5867.3,455.06,2.25,9.5,0,0.89,4.54,1,2025,11,16,3
0,6,0,3,724.12,358.91,2.08,1.6,4,0.803,0.5,1,2025,5,12,1
1,7,0,1,13960.62,291.45,4.39,1.9,2,0.621,7.54,1,2024,8,7,6
0,5,3,3,6708.67,399.1,1.73,8.1,2,0.763,104.57,1,2025,7,6,3
0,4,2,4,14516.49,432.32,3.8,2.6,0,0.617,9.89,0,2024,5,15,6
2,1,0,1,14472.49,228.99,4.45,8.0,0,0.904,0.71,0,2025,8,7,4
7,0,0,1,12868.64,238.08,1.27,2.7,0,0.693,1.01,0,2025,8,13,6
0,7,0,3,4769.51,193.64,3.51,0.3,4,0.917,1.24,1,2025,4,29,5
6,6,1,2,6083.92,483.39,2.03,5.2,3,0.691,6.53,0,2024,9,5,4
7,5,1,3,12841.48,348.89,1.33,2.0,0,0.912,10.67,0,2025,4,29,5
6,5,2,3,5095.37,42.53,2.53,7.6,3,0.667,4.86,0,2025,2,20,4
7,0,0,1,2957.64,431.62,4.29,6.4,2,0.72,1.5,1,2024,7,13,2
6,0,2,1,8573.62,240.8,1.24,9.2,2,0.808,59.8,1,2024,4,6,2
2,8,0,2,14074.24,35.31,3.14,7.8,1,0.535,1.76,1,2024,4,9,5
6,5,3,3,10592.43,275.31,2.85,1.8,1,0.974,24.18,0,2025,11,5,6
3,8,0,3,8765.89,209.16,4.08,8.0,0,0.787,0.5,0,2025,3,17,1
3,8,0,2,1909.06,439.0,1.48,6.4,1,0.754,0.5,0,2024,12,28,2
6,6,3,2,9417.6,102.79,3.45,6.7,2,0.92,139.45,1,2025,3,9,3
3,4,3,3,14855.78,413.41,3.44,8.3,0,0.933,28.93,1,2025,2,24,1
1,7,2,2,2531.22,279.29,3.41,5.7,0,0.761,1.96,0,2025,4,23,6
0,3,0,0,8015.78,28.25,4.31,4.7,2,0.964,3.64,1,2024,2,25,3
0,6,3,4,13221.91,485.95,3.92,6.4,2,0.532,193.11,1,2025,11,20,4
7,5,1,4,11241.14,256.8,1.34,3.0,0,0.557,7.66,0,2025,10,31,0
1,8,2,3,10606.73,146.15,2.75,1.8,3,0.798,9.14,0,2025,10,23,4
5,7,2,4,10686.02,235.23,2.51,6.2,4,0.677,25.24,1,2024,4,10,6
4,2,2,0,5712.62,429.07,2.22,2.3,3,0.732,4.5,0,2024,3,3,3
5,7,2,4,4757.08,153.15,2.69,0.8,0,0.664,2.61,0,2025,2,16,3
0,4,2,0,12235.74,97.15,2.47,0.0,3,0.702,7.3,0,2024,12,13,0
3,6,1,0,12246.64,65.41,2.63,6.1,4,0.911,32.91,0,2024,4,21,3
5,1,2,4,13072.55,149.63,4.43,3.6,2,0.797,73.88,1,2024,9,11,6
3,1,1,0,13741.99,390.24,1.49,7.5,4,0.999,39.87,1,2024,7,15,1
2,6,2,3,7914.46,236.34,4.24,3.8,4,0.893,17.11,1,2024,7,13,2
7,3,0,3,7771.99,114.51,2.78,4.9,2,0.637,4.1,1,2025,7,3,4
5,2,2,4,12075.28,83.93,3.26,4.1,4,0.632,26.6,1,2025,4,4,0
6,1,0,0,9924.48,167.03,3.94,6.5,3,0.668,0.66,1,2024,5,23,4
7,6,3,3,10678.52,470.02,2.39,3.6,0,0.922,18.01,1,2025,3,8,2
7,4,0,0,12038.99,172.17,2.62,9.6,3,0.514,0.92,0,2024,7,6,2
0,8,3,3,13405.08,494.07,2.55,9.4,4,0.615,81.56,1,2024,10,12,2
6,3,1,0,5400.93,243.13,2.44,8.5,3,0.952,5.91,0,2025,4,18,0
3,7,1,1,5945.95,90.4,4.25,9.2,0,0.82,5.5,0,2024,9,12,4
4,8,3,2,1862.74,445.68,3.94,4.5,1,0.613,5.08,1,2024,3,18,1
2,8,2,1,8885.06,230.72,1.56,5.4,0,0.61,6.34,0,2025,3,29,2
4,7,2,4,1021.16,355.13,1.56,7.4,1,0.931,0.73,1,2025,7,17,4
0,3,2,0,7251.17,491.87,2.61,7.0,2,0.947,46.91,1,2024,4,10,6
5,7,1,2,8368.35,26.04,1.53,8.9,0,0.628,8.56,0,2024,2,21,6
5,0,1,0,4654.85,49.25,3.24,7.2,1,0.71,7.07,0,2025,10,29,6
5,5,3,4,9067.08,360.51,1.67,10.0,2,0.917,151.27,1,2025,7,7,1
4,8,1,1,942.25,141.63,2.92,3.5,0,0.886,0.5,0,2024,1,16,5
3,4,2,2,1041.55,92.97,1.22,8.3,3,0.907,1.09,0,2024,4,5,0
4,8,0,1,12427.71,20.64,2.24,7.0,2,0.759,7.05,1,2024,8,30,0
6,4,3,1,5722.76,11.9,3.43,6.9,1,0.956,15.58,1,2024,6,19,6
5,0,0,0,2342.38,387.47,2.8,3.3,0,0.663,0.5,1,2025,2,20,4
7,0,2,1,8072.53,68.08,4.43,7.9,0,0.578,6.35,0,2025,5,12,1
1,6,0,4,11664.91,234.39,4.08,9.0,4,0.854,3.66,1,2025,5,7,6
6,2,2,1,3629.4,303.34,2.38,2.2,1,0.77,3.39,0,2024,8,6,5
3,5,0,0,9531.91,214.75,1.35,6.3,0,0.927,1.27,1,2025,2,14,0
6,4,1,0,1737.54,14.53,3.99,3.9,0,0.541,1.21,0,2024,3,1,0
3,0,2,4,1249.38,391.97,4.21,9.9,1,0.922,2.11,1,2024,6,17,1
6,5,0,1,8204.64,6.25,3.91,4.8,0,0.647,0.98,0,2025,1,23,4
4,1,0,0,8339.21,381.18,1.62,2.3,3,0.827,1.06,1,2024,1,3,6
1,6,3,2,9742.73,446.76,4.49,3.8,3,0.52,19.53,0,2025,2,3,1
2,7,0,2,11028.32,216.99,2.05,6.5,0,0.805,1.45,1,2024,9,28,2
2,4,2,0,14649.86,268.24,3.59,0.8,2,0.859,72.6,1,2025,4,10,4
5,7,1,0,7986.36,239.01,4.2,6.0,4,0.684,22.52,1,2024,10,19,2
4,3,2,2,5182.87,195.22,1.98,9.3,0,0.608,3.71,1,2025,3,9,3
6,2,2,3,12030.2,443.82,4.2,8.5,3,0.769,12.42,1,2025,12,14,3
3,7,2,0,4427.07,447.07,2.22,0.7,4,0.917,8.31,1,2025,7,23,6
6,2,2,3,6865.09,168.57,4.42,9.9,1,0.662,8.71,1,2025,11,8,2
4,7,1,0,1637.62,307.92,2.13,7.0,0,0.626,1.82,1,2025,5,13,5
2,5,0,3,867.59,463.53,4.35,1.6,3,0.639,0.5,0,2024,6,7,0
1,7,2,0,14458.4,481.07,1.38,0.1,2,0.975,68.95,1,2024,7,13,2
1,8,0,2,12621.71,254.97,3.54,1.7,2,0.68,4.71,1,2024,10,30,6
2,6,2,4,10591.63,226.96,2.96,8.4,0,0.502,9.73,0,2024,8,10,2
3,6,3,0,6429.82,140.07,2.78,0.2,4,0.891,26.97,1,2024,2,29,4
5,0,0,1,3012.77,479.48,1.94,2.3,0,0.85,1.26,1,2025,8,16,2
2,5,0,2,2768.34,72.26,3.53,7.6,0,0.564,0.6,1,2025,7,9,6
2,6,3,1,4128.52,290.33,1.83,5.9,3,0.992,9.12,1,2024,3,3,3
0,5,1,0,8463.79,141.99,3.02,7.8,2,0.804,65.13,1,2024,11,17,3
5,5,1,4,10861.64,140.23,2.04,7.5,1,0.75,15.01,1,2024,2,28,6
7,3,3,0,10072.86,203.08,4.35,0.5,4,0.691,43.29,1,2024,2,21,6
2,3,1,4,4559.04,499.4,1.29,8.9,4,0.949,13.7,1,2025,8,21,4
4,2,2,2,14345.55,28.43,1.86,2.3,3,0.622,10.74,1,2025,5,3,2
4,7,2,3,11199.51,289.69,2.0,5.5,1,0.643,12.01,1,2025,5,29,4
0,3,2,0,8538.13,42.2,2.57,6.4,0,0.561,6.24,0,2025,6,27,0
3,1,3,0,9369.95,78.11,1.97,1.7,2,0.88,113.8,1,2024,6,10,1
2,5,1,4,6584.2,220.34,2.82,9.8,3,0.798,9.27,1,2024,2,28,6
5,3,1,3,4092.1,255.72,4.08,4.9,1,0.805,5.41,1,2025,6,4,6
2,7,2,1,5661.6,130.14,3.55,0.6,1,0.609,5.28,0,2024,3,23,2
1,8,3,0,11488.77,158.91,3.11,9.4,2,0.826,187.31,1,2024,7,9,5
1,6,2,3,708.71,44.4,1.49,5.9,4,0.883,1.17,1,2024,3,11,1
1,6,3,2,2183.05,152.31,3.49,7.0,1,0.679,6.83,1,2025,9,1,1
2,5,1,4,1167.04,483.31,1.75,5.3,1,0.901,2.47,1,2024,3,10,3
3,6,1,4,1090.57,472.41,3.8,8.3,4,0.674,2.77,1,2025,11,22,2
1,0,0,1,12904.18,168.1,2.03,0.3,1,0.879,0.98,0,2024,8,28,6
6,1,1,3,10703.04,285.86,2.58,2.7,3,0.517,9.89,0,2025,2,17,1
5,1,0,3,7375.52,454.89,2.36,4.7,2,0.776,3.58,1,2024,5,2,4
6,5,3,1,1918.6,4.09,4.03,0.8,0,0.985,3.36,0,2025,8,6,6
3,7,3,4,7628.43,405.53,1.62,7.1,3,0.991,16.55,1,2024,9,9,1
5,0,0,3,7365.34,474.24,3.07,3.9,2,0.641,3.91,1,2025,8,15,0
4,3,1,2,3011.43,46.57,1.67,2.7,0,0.721,2.74,0,2025,8,31,3
3,6,3,1,6790.85,81.56,3.53,0.0,0,0.531,9.38,0,2024,2,10,2
6,5,3,1,6278.32,480.41,4.19,7.2,1,0.937,18.23,0,2025,9,26,0
6,2,0,3,9429.83,269.23,2.63,8.3,4,0.784,2.16,0,2024,3,24,3
7,6,1,3,9708.86,8.08,2.81,4.0,2,0.693,65.2,1,2025,3,5,6
7,6,3,4,1156.91,129.56,4.26,5.6,0,0.556,1.3,0,2025,11,4,5
0,5,2,4,5931.88,225.52,2.92,2.3,1,0.973,5.72,0,2025,8,20,6
4,2,2,3,9574.97,346.76,2.81,6.2,0,0.765,7.44,0,2025,8,1,0
7,2,1,2,7795.48,366.85,3.11,0.1,2,0.641,42.23,1,2025,6,19,4
3,1,2,1,12919.1,497.72,3.47,4.9,4,0.675,28.16,1,2024,11,19,5
1,0,1,4,10051.06,144.47,1.55,6.4,3,0.635,10.67,1,2024,9,24,5
5,1,1,2,2862.55,269.57,3.91,9.2,3,0.801,3.95,1,2024,7,28,3
2,0,1,4,1523.25,267.13,2.64,3.8,3,0.965,1.16,1,2025,11,16,3
0,2,1,4,9815.08,203.42,1.44,7.7,0,0.928,9.01,0,2024,11,17,3
4,6,3,3,884.41,85.41,3.79,6.0,4,0.73,5.2,0,2024,9,1,3
3,4,3,4,8993.75,488.75,2.44,9.3,4,0.913,54.03,1,2024,9,28,2
5,0,2,1,14133.34,426.81,1.53,4.0,0,0.712,9.05,0,2025,2,9,3
1,0,2,0,8844.38,249.67,3.29,3.2,0,0.626,5.92,0,2024,5,14,5
6,1,2,3,6128.46,302.02,4.1,8.9,3,0.992,5.6,0,2025,11,18,5
0,1,3,2,9827.68,114.4,4.13,0.5,0,0.652,13.28,1,2025,10,22,6
2,4,3,4,7144.67,272.35,4.36,1.4,4,0.662,32.09,0,2024,11,3,3
7,0,0,2,8411.44,347.79,4.06,0.8,3,0.995,0.99,1,2025,4,13,3
4,7,2,3,14151.24,258.07,1.21,8.4,4,0.567,36.32,1,2024,11,19,5
5,0,1,1,6098.49,495.15,2.45,0.1,0,0.88,4.81,1,2024,3,15,0
5,4,2,0,14437.26,306.06,3.9,8.6,1,0.968,19.06,1,2024,1,10,6
1,7,1,4,13627.58,186.12,2.41,4.5,2,0.756,91.73,1,2025,4,14,1
5,4,0,2,3338.97,386.3,3.19,0.0,1,0.501,0.5,1,2025,9,28,3
5,2,0,3,1505.74,86.06,3.2,4.0,3,0.688,0.5,0,2025,7,30,6
5,8,0,0,1961.28,192.87,2.4,1.9,1,0.556,0.5,1,2024,4,12,0
1,4,3,1,764.22,174.13,4.18,6.2,0,0.708,1.67,0,2024,3,16,2
2,8,2,0,1869.42,216.47,2.86,6.8,1,0.895,1.37,0,2025,7,4,0
7,2,1,3,10403.6,391.11,2.73,4.9,2,0.719,71.01,1,2024,8,6,5
4,1,2,1,1532.24,242.6,4.49,0.4,4,0.716,3.11,0,2025,6,2,1
1,6,0,2,5125.15,397.21,2.83,6.6,4,0.778,1.31,1,2024,9,28,2
4,7,3,0,12750.69,288.67,1.79,8.4,4,0.791,75.56,1,2024,5,15,6
6,8,3,2,837.44,171.69,2.89,7.2,3,0.928,1.46,1,2024,12,23,1
3,2,1,0,12309.79,405.18,3.89,8.3,4,0.654,36.66,1,2024,3,11,1
2,5,3,3,4586.89,119.91,3.76,2.0,3,0.911,8.75,0,2024,9,7,2
4,6,0,0,2213.39,112.97,3.8,8.9,1,0.783,0.5,1,2025,1,13,1
7,3,0,3,10602.69,252.75,3.54,3.2,4,0.65,1.33,0,2024,10,18,0
4,1,2,2,9619.67,131.16,2.04,0.1,0,0.648,5.55,0,2024,6,10,1
2,6,0,4,13223.34,5.53,4.04,8.4,0,0.681,1.4,1,2025,3,24,1
0,5,2,1,11158.53,324.5,4.15,9.4,3,0.811,12.39,1,2025,7,10,4
1,4,0,1,12150.47,256.04,1.84,6.6,4,0.615,2.36,1,2025,12,21,3
1,4,2,4,4589.5,223.31,1.63,2.3,4,0.96,9.02,0,2024,11,5,5
7,4,1,4,3072.87,483.52,4.42,2.5,1,0.787,3.52,0,2025,9,18,4
7,5,0,1,11383.91,286.03,4.07,4.7,0,0.96,0.87,0,2025,10,31,0
2,6,3,0,12199.1,431.85,4.15,9.0,1,0.523,36.53,1,2025,6,25,6
6,5,3,2,14862.32,70.59,4.13,1.5,2,0.671,176.04,1,2024,1,9,5
3,6,0,2,6482.96,285.03,2.99,8.3,2,0.511,4.41,1,2025,11,14,0
3,0,3,3,5894.26,434.12,3.33,2.9,2,0.636,75.93,1,2025,7,21,1
5,8,1,0,11757.99,291.97,3.0,8.1,2,0.931,91.43,1,2024,11,2,2
0,5,2,0,5441.65,359.29,1.37,9.2,4,0.518,13.66,1,2025,11,10,1
0,2,3,2,13995.98,186.65,3.66,4.3,2,0.718,188.68,1,2024,4,16,5
2,8,0,2,12946.98,47.13,2.87,3.7,2,0.559,6.29,1,2024,5,17,0
6,5,2,1,6720.41,229.49,3.34,8.0,4,0.708,17.31,1,2024,9,27,0
3,7,0,2,11387.63,197.85,2.86,5.3,1,0.919,1.15,0,2024,4,28,3
0,1,2,2,11440.87,433.66,2.82,6.8,1,0.812,13.31,1,2024,4,19,0
4,6,3,2,1995.3,122.75,1.77,6.2,2,0.868,28.41,1,2025,7,20,3
0,8,3,3,13587.02,483.4,2.12,1.5,4,0.675,61.37,1,2024,6,8,2
2,6,2,4,7826.16,479.11,1.72,8.4,2,0.972,53.31,1,2024,10,5,2
2,5,1,2,12483.63,124.57,1.85,2.0,2,0.855,76.67,1,2024,10,15,5
1,6,1,4,5140.72,174.68,4.41,9.3,2,0.711,41.39,1,2025,9,11,4
1,7,2,1,13485.09,447.88,1.71,2.5,3,0.713,11.76,1,2024,8,3,2
7,4,1,0,6143.42,483.34,2.09,7.3,0,0.959,4.96,0,2024,12,17,5
5,7,1,3,657.15,222.28,3.15,2.8,0,0.788,0.88,1,2024,7,27,2
1,8,1,3,13628.04,161.18,3.21,3.2,4,0.853,31.95,0,2025,12,4,4
5,0,0,2,1823.66,263.52,1.71,3.1,0,0.709,0.5,0,2025,10,11,2
4,6,1,3,5130.05,344.2,3.82,7.5,2,0.612,39.94,1,2024,9,27,0
6,6,0,4,14275.9,137.46,3.79,5.6,4,0.862,3.27,1,2025,6,1,3
3,1,0,4,14283.8,368.5,1.98,8.8,1,0.804,1.34,1,2025,5,15,4
4,6,3,4,8814.85,26.78,2.15,3.1,1,0.751,20.93,0,2024,9,14,2
5,3,2,0,9661.64,25.6,4.3,6.9,4,0.812,23.27,0,2024,2,22,4
5,1,2,2,7002.46,193.76,3.92,7.5,1,0.604,8.86,1,2024,4,4,4
5,0,1,2,4751.56,177.38,3.5,1.5,3,0.897,4.89,0,2025,10,11,2
2,5,1,0,5265.64,158.5,1.47,4.0,4,0.974,12.94,1,2025,3,9,3
6,1,1,0,10251.52,246.02,2.58,4.8,4,0.946,25.71,0,2024,10,10,4
4,8,2,1,11409.43,161.05,3.05,3.6,2,0.661,64.07,1,2024,2,15,4
0,3,2,4,11977.9,96.94,1.82,3.2,4,0.703,24.61,0,2024,1,4,4
2,7,3,4,11949.46,155.43,2.68,6.9,3,0.904,26.1,0,2024,12,7,2
6,6,1,4,1822.49,487.48,3.18,2.2,3,0.798,1.83,0,2024,5,13,1
1,8,1,4,7669.09,206.15,2.28,7.1,1,0.774,10.72,1,2025,10,14,5
1,8,3,1,1334.6,222.91,3.78,9.4,0,0.963,2.87,0,2024,9,25,6
1,6,0,1,8468.17,288.7,3.97,5.7,1,0.768,0.5,0,2024,6,14,0
4,6,0,1,6902.19,491.69,2.27,6.1,3,0.757,0.81,0,2025,3,28,0
5,8,0,1,13371.71,121.56,3.97,0.7,1,0.521,0.5,1,2025,7,18,0
0,5,0,4,5588.27,340.96,1.54,8.6,1,0.535,0.5,0,2025,12,23,5
7,0,2,4,2197.47,358.28,3.96,2.9,3,0.504,1.67,1,2025,3,13,4
4,1,0,4,2573.38,304.05,1.7,6.2,4,0.957,1.4,0,2025,7,28,1
7,3,3,0,11541.9,45.2,1.47,9.8,1,0.704,36.21,0,2024,1,10,6
5,3,1,2,9464.16,338.76,3.32,6.0,4,0.734,26.13,1,2024,4,24,6
5,4,2,3,1966.28,32.98,2.76,7.2,0,0.923,2.3,0,2024,3,18,1
5,0,2,4,1719.55,298.48,4.2,4.5,4,0.805,5.56,1,2025,12,8,1
7,6,2,1,10664.05,370.05,2.4,0.6,1,0.805,9.83,1,2024,6,1,2
5,3,1,4,1555.06,106.27,2.15,8.0,0,0.648,2.22,0,2025,7,12,2
7,7,1,3,12416.97,420.97,2.85,0.3,1,0.917,13.67,0,2024,2,6,5
5,0,3,0,10740.51,16.15,2.7,7.0,0,0.583,20.64,0,2025,1,13,1
3,6,0,3,1679.56,422.06,2.34,0.2,0,0.527,0.98,0,2025,8,19,5
5,4,0,1,1730.15,230.7,3.49,8.6,0,0.596,0.5,0,2025,7,19,2
0,5,2,1,14806.27,109.58,3.71,1.6,4,0.634,28.27,1,2024,5,31,0
7,5,3,4,5926.93,67.76,4.01,5.1,4,0.641,31.21,0,2025,3,16,3
3,4,1,4,5874.31,476.7,4.41,6.0,0,0.835,5.21,1,2024,5,10,0
6,0,3,2,12285.59,37.26,2.08,4.6,3,0.609,25.32,0,2024,2,12,1
4,6,2,4,14235.1,100.35,3.56,3.4,0,0.838,10.7,0,2024,11,11,1
1,7,2,0,14797.02,174.56,2.5,4.7,1,0.546,16.06,0,2025,1,8,6
1,5,2,0,11423.98,310.5,3.43,3.1,2,0.574,62.72,1,2024,2,10,2
1,5,0,3,5955.76,272.86,2.77,4.4,1,0.754,0.65,0,2025,1,1,6
5,2,2,0,1710.76,63.7,4.48,3.6,3,0.961,1.33,0,2024,8,3,2
4,0,2,2,11768.63,145.57,3.61,5.7,4,0.93,26.01,1,2025,11,29,2
0,5,3,0,8596.86,120.14,4.34,2.4,0,0.984,13.07,0,2024,9,12,4
5,5,1,4,6651.22,107.56,3.96,9.9,2,0.825,55.56,1,2025,11,13,4
5,8,1,4,13642.14,206.16,4.18,5.0,1,0.838,18.49,1,2024,4,15,1
3,2,3,0,2112.36,352.31,3.89,1.9,0,0.813,2.64,0,2024,12,28,2
5,0,1,4,7643.06,109.51,2.72,4.8,0,0.811,5.99,1,2025,7,27,3
2,4,0,4,664.63,183.97,2.03,8.7,0,0.574,0.5,1,2025,2,20,4
1,3,2,2,7295.58,196.07,2.42,0.2,1,0.772,5.55,0,2025,9,27,2
6,5,2,4,1316.4,488.25,1.27,6.8,1,0.693,1.35,1,2024,6,7,0
4,7,2,0,2222.86,477.38,2.93,5.5,2,0.721,12.62,1,2024,8,30,0
0,7,0,2,2204.13,400.27,2.87,1.7,2,0.762,1.68,1,2024,6,15,2
0,2,2,3,9913.55,121.59,2.93,8.2,0,0.564,7.93,1,2024,6,30,3
5,2,2,4,11317.65,34.95,4.41,3.7,4,0.68,24.76,1,2025,2,26,6
6,8,0,0,8958.85,159.14,4.21,2.9,0,0.532,1.09,1,2024,1,26,0
7,4,1,2,14451.5,134.13,1.73,8.3,1,0.99,20.96,1,2024,7,2,5
4,3,0,0,5935.62,253.46,2.42,6.4,3,0.559,0.5,1,2024,12,6,0
0,6,0,4,4642.83,389.09,2.6,9.0,2,0.629,2.71,1,2025,2,25,5
5,7,1,0,13094.69,429.3,2.39,6.3,3,0.946,14.3,0,2025,11,16,3
6,5,0,4,3742.14,422.59,3.84,7.4,0,0.741,0.5,0,2024,9,11,6
5,4,1,3,14466.73,180.48,2.93,8.4,1,0.568,20.98,1,2024,9,30,1
1,8,2,4,676.24,343.93,3.09,0.5,1,0.692,0.99,0,2024,6,12,6
7,3,3,1,14563.24,157.1,4.01,7.8,3,0.558,33.82,0,2025,12,19,0
6,4,3,4,1125.82,31.39,3.86,6.1,3,0.6,2.28,1,2024,4,20,2
6,4,3,1,13421.58,351.08,1.64,0.7,2,0.526,153.96,1,2025,1,26,3
1,8,3,3,8151.67,5.9,3.56,5.1,0,0.719,14.11,0,2024,2,9,0
5,4,3,3,14897.99,205.18,2.64,0.8,0,0.903,21.14,0,2025,4,26,2
7,3,0,1,1570.05,165.36,2.17,7.4,4,0.793,0.5,1,2024,8,15,4
0,7,2,2,8530.89,347.0,1.37,5.5,3,0.803,7.8,0,2024,7,23,5
0,8,2,4,14554.89,383.36,2.81,9.5,3,0.6,15.48,1,2025,4,16,6
2,1,3,2,8084.92,152.74,2.37,1.8,3,0.672,15.59,1,2024,12,24,5
7,5,0,4,9626.28,406.0,2.03,6.1,3,0.923,0.72,0,2024,11,8,0
0,8,3,4,10588.36,147.66,3.49,2.1,2,0.544,130.6,1,2024,8,21,6
4,2,3,1,7090.85,223.72,3.74,6.1,3,0.929,15.56,0,2024,8,16,0
1,7,2,3,9599.59,363.78,2.01,7.2,3,0.742,9.22,1,2024,1,25,4
0,3,0,0,8972.56,346.77,1.36,7.2,3,0.919,0.7,0,2025,11,6,4
2,8,3,4,13566.79,493.7,4.0,8.2,2,0.659,212.15,1,2024,7,16,5
6,2,0,4,1158.97,113.36,1.23,8.5,3,0.669,0.5,1,2025,2,12,6
0,3,1,3,4573.97,331.5,4.29,0.8,4,0.876,9.42,0,2024,12,2,1
5,0,1,4,14280.97,305.23,3.27,3.4,0,0.892,10.89,0,2024,10,12,2
3,4,1,2,13408.82,457.63,2.26,6.9,2,0.615,100.41,1,2024,3,12,5
1,2,3,1,7107.02,79.02,2.01,5.0,4,0.986,37.44,1,2024,10,12,2
4,0,3,2,9491.92,376.15,1.23,1.9,1,0.542,22.03,1,2024,12,25,6
6,2,0,1,4522.03,284.57,1.98,5.5,4,0.534,0.98,1,2025,10,18,2
3,6,1,0,3227.76,138.06,1.65,4.1,3,0.798,3.62,1,2025,6,5,4
0,7,1,4,7223.63,237.74,3.22,3.9,2,0.861,48.31,1,2025,2,13,4
3,2,3,4,5623.61,167.55,1.75,8.1,3,0.98,13.56,0,2025,11,26,6
4,0,3,0,8963.01,290.08,2.94,4.1,4,0.702,44.53,1,2025,7,3,4
7,7,3,0,1627.15,444.61,3.15,0.3,2,0.513,17.77,1,2024,12,5,4
7,6,3,0,14628.72,285.08,2.18,0.6,2,0.801,167.07,1,2024,1,29,1
6,8,3,1,14800.06,316.23,1.32,8.6,2,0.645,234.84,1,2024,4,28,3
7,0,0,0,10623.34,259.86,1.32,9.6,4,0.716,2.34,1,2024,9,24,5
0,1,0,3,8273.4,26.53,1.29,6.9,0,0.744,0.5,0,2024,7,1,1
4,8,2,2,4988.15,117.2,3.64,3.6,0,0.532,4.37,1,2025,8,17,3
2,3,2,2,12300.03,246.51,2.25,9.4,4,0.743,32.14,1,2024,9,28,2
0,6,3,3,10428.6,155.81,3.83,6.6,0,0.713,19.37,1,2024,2,9,0
2,6,1,4,2857.95,91.7,2.62,8.4,0,0.856,3.44,1,2024,4,21,3
6,1,1,2,13708.44,252.56,2.69,7.7,2,0.823,104.15,1,2025,9,2,5
5,7,3,4,12426.79,162.08,2.89,3.8,4,0.593,61.34,0,2025,3,20,4
0,7,1,1,14272.1,129.8,3.55,4.8,1,0.603,18.23,1,2024,12,19,4
3,4,0,1,11022.93,232.53,2.1,1.9,2,0.626,4.85,1,2024,11,17,3
3,4,3,3,9394.52,67.51,1.6,2.9,0,0.589,14.87,1,2025,3,22,2
0,6,2,3,6564.52,463.95,3.03,7.8,3,0.829,7.24,0,2025,9,12,0
2,6,1,1,14024.56,433.98,2.28,8.9,4,0.997,42.61,1,2025,6,7,2
3,2,0,3,13057.93,354.1,2.66,7.2,0,0.826,1.41,0,2024,4,28,3
0,1,3,4,1155.67,54.0,3.33,4.7,0,0.803,2.0,0,2025,1,29,6
4,6,2,4,882.32,388.16,2.83,0.9,3,0.705,0.5,1,2025,8,13,6
0,2,0,0,5958.72,404.17,3.25,0.6,4,0.656,0.5,1,2024,7,13,2
1,3,1,2,12253.02,384.11,3.0,3.7,0,0.956,9.34,0,2024,9,17,5
5,2,3,4,14815.5,57.87,3.64,4.6,4,0.985,76.23,1,2024,2,15,4
2,0,2,1,2681.04,322.31,3.53,6.1,3,0.748,2.51,0,2025,12,26,0
1,8,1,1,9114.9,417.33,2.96,0.1,4,0.645,18.95,1,2025,3,22,2
3,0,0,4,6022.92,289.1,3.44,9.9,1,0.885,0.52,1,2024,1,2,5
3,4,2,3,14563.76,323.56,4.08,3.6,3,0.566,13.3,0,2025,6,16,1
2,4,2,4,12710.72,229.72,2.63,8.5,3,0.883,12.52,0,2025,7,5,2
0,7,1,2,12655.77,264.82,2.56,5.3,2,0.909,89.58,1,2025,12,4,4
5,5,1,4,7296.05,18.15,3.72,1.3,2,0.562,43.18,1,2025,11,17,1
6,1,1,1,6514.88,319.84,3.12,8.0,3,0.988,7.56,1,2024,7,20,2
4,7,2,0,4464.4,41.64,1.43,7.1,0,0.993,4.19,0,2025,1,7,5
1,8,2,0,1317.44,218.07,4.14,5.3,1,0.968,2.22,0,2025,3,17,1
5,5,0,4,13038.47,147.03,1.3,5.1,4,0.748,2.44,1,2024,3,12,5
6,3,1,1,12287.06,273.17,3.67,0.9,0,0.623,9.31,0,2025,11,11,5
4,7,1,1,14995.91,67.57,3.7,6.6,4,0.791,41.67,1,2024,12,4,6
0,1,0,4,14951.23,346.13,4.35,9.1,1,0.71,1.7,1,2025,9,30,5
2,7,0,4,8553.76,397.71,1.38,0.9,2,0.603,3.83,1,2024,11,17,3
7,1,2,3,11650.32,82.51,3.17,2.6,0,0.712,7.5,0,2025,11,10,1
5,2,0,1,14199.1,53.05,2.61,9.0,2,0.832,8.43,1,2024,5,7,5
0,6,0,2,12819.89,73.61,2.29,2.8,1,0.535,0.85,0,2024,11,3,3
7,3,3,2,4086.55,438.69,1.5,6.5,2,0.667,60.7,1,2025,6,3,5
6,6,3,4,7032.89,264.57,3.06,5.3,3,0.509,14.81,0,2024,11,12,5
5,7,3,1,2372.81,234.16,2.78,6.0,0,0.875,3.63,0,2025,11,13,4
1,3,3,0,14333.74,54.25,1.55,4.2,3,0.82,28.49,0,2025,2,22,2
0,2,0,0,9289.53,325.13,3.22,3.0,2,0.531,2.85,1,2024,11,30,2
6,2,3,3,3815.32,434.13,3.64,0.5,0,0.982,5.18,0,2025,2,16,3
6,5,2,4,10239.66,414.26,3.73,7.4,0,0.511,8.38,0,2025,12,14,3
3,7,0,2,9462.86,313.4,4.19,7.5,0,0.795,0.61,1,2024,10,29,5
4,6,0,2,5693.36,38.56,2.55,6.7,4,0.888,2.18,1,2025,7,21,1
2,1,3,4,2146.59,57.09,4.35,6.4,0,0.894,4.23,1,2024,5,10,0
6,3,1,3,10237.81,25.61,4.06,2.4,2,0.517,64.07,1,2024,7,15,1
7,1,1,3,8044.46,129.48,2.18,0.2,4,0.953,16.12,0,2025,3,6,4
0,3,1,0,11698.62,68.7,1.73,8.1,4,0.959,34.04,1,2025,11,11,5
0,1,0,1,8042.37,130.76,2.64,4.9,3,0.781,0.5,0,2025,1,23,4
3,6,2,0,12856.63,193.14,2.53,3.1,4,0.741,26.09,1,2025,11,24,1
7,7,2,4,8502.65,471.55,3.1,1.0,0,0.522,4.92,0,2024,6,27,4
5,1,2,4,8633.6,305.58,3.13,0.6,2,0.781,41.5,1,2025,9,22,1
1,8,3,1,13211.48,417.65,3.67,3.5,4,0.705,64.01,1,2025,8,5,5
1,2,1,2,6350.5,355.47,2.88,8.0,3,0.886,7.86,1,2024,11,4,1
7,3,0,1,2443.22,57.14,1.55,9.2,2,0.702,1.41,1,2025,2,19,6
4,0,2,0,917.35,368.22,4.03,9.0,0,0.842,0.54,0,2025,7,15,5
3,0,3,3,11449.49,138.27,2.22,9.2,4,0.551,69.65,1,2024,1,1,1
4,6,1,3,9494.49,319.91,4.41,9.1,4,0.566,29.34,1,2024,11,7,4
7,1,0,2,10709.16,171.14,1.59,5.3,1,0.57,1.06,0,2024,10,20,3
4,2,2,1,3587.98,498.84,4.36,2.2,2,0.523,19.23,1,2024,8,3,2
5,2,0,1,2477.39,132.51,1.5,8.0,1,0.771,0.5,1,2025,3,16,3
7,2,1,1,710.9,140.29,1.96,2.1,1,0.897,0.51,0,2025,8,16,2
2,7,3,4,5583.52,465.41,1.35,2.7,4,0.805,26.55,1,2025,9,13,2
4,0,3,3,9053.81,13.3,3.53,2.3,3,0.787,17.8,1,2025,11,1,2
7,1,3,4,6187.54,348.65,4.01,5.1,2,0.84,87.17,1,2024,11,25,1
5,3,1,1,6843.39,362.94,2.63,3.2,0,0.67,5.81,1,2025,4,21,1
6,8,2,1,13610.3,418.35,4.26,1.5,3,0.681,10.55,0,2025,3,28,0
3,8,0,3,5549.7,487.25,3.15,4.5,0,0.657,1.06,0,2025,3,28,0
0,4,2,4,7952.85,487.83,3.28,8.7,2,0.856,54.82,1,2025,11,22,2
2,8,2,3,11862.97,33.57,3.99,5.7,2,0.581,71.46,1,2024,8,6,5
0,6,2,4,6249.87,411.1,2.18,8.8,2,0.507,42.3,1,2025,6,7,2
0,7,1,2,9520.26,323.51,2.37,2.0,3,0.798,8.88,0,2025,4,29,5
4,3,2,0,13004.27,324.02,4.19,1.7,0,0.971,7.49,0,2024,6,22,2
7,0,0,3,14268.05,65.05,4.17,5.8,1,0.805,0.99,0,2025,11,5,6
6,6,1,0,2632.57,325.44,4.42,4.6,3,0.891,2.35,0,2024,3,27,6
6,0,2,0,13935.52,491.26,4.18,6.6,4,0.836,32.97,1,2024,10,17,4
3,7,1,1,7635.69,456.0,1.62,7.9,1,0.749,10.97,0,2025,6,11,6
2,4,0,3,4244.54,220.13,3.92,7.5,2,0.859,2.29,1,2025,11,10,1
2,0,3,2,7157.47,20.93,2.55,9.4,0,0.912,15.04,1,2025,10,10,0
3,1,0,1,14710.47,181.78,4.47,4.0,3,0.612,0.97,1,2025,9,26,0
4,7,1,4,7642.96,413.37,2.76,2.1,1,0.668,8.59,0,2024,12,9,1
4,2,2,1,5266.9,351.05,3.03,5.5,2,0.612,31.31,1,2024,4,5,0
1,5,3,4,9684.31,230.21,2.95,1.1,2,0.726,114.07,1,2024,8,28,6
0,1,2,0,3982.11,28.5,2.26,2.9,0,0.943,2.38,0,2025,11,19,6
7,1,1,4,1600.02,214.02,1.45,2.1,3,0.673,0.93,0,2024,11,13,6
3,7,0,1,2368.76,235.04,4.16,4.0,0,0.687,0.5,1,2024,8,18,3
5,7,3,4,2356.66,464.35,3.85,1.1,3,0.93,3.76,0,2024,7,22,1
0,6,0,1,2702.59,320.9,1.66,0.3,2,0.758,0.88,1,2024,5,30,4
6,5,0,1,2512.99,156.51,3.76,6.6,1,0.768,0.5,1,2024,1,26,0
6,0,2,0,9792.68,263.13,3.27,6.1,4,0.93,22.66,0,2024,2,17,2
3,0,1,0,3137.26,33.96,2.55,7.1,3,0.745,4.7,0,2024,9,7,2
2,4,0,1,5512.18,486.31,2.04,6.6,1,0.841,0.54,0,2025,5,1,4
6,0,0,3,13503.43,180.67,4.04,1.1,2,0.543,6.26,1,2025,9,17,6
3,2,2,0,7372.44,239.46,3.51,2.9,2,0.589,39.25,1,2024,3,15,0
3,7,3,3,10179.59,178.29,3.01,1.3,0,0.702,14.62,0,2025,4,11,0
1,2,3,2,2998.64,341.57,3.21,8.4,4,0.747,17.22,1,2025,2,28,0
0,2,1,3,3288.19,331.45,1.5,7.5,4,0.983,8.93,0,2025,10,6,1
1,5,1,2,1092.59,357.95,2.76,2.0,2,0.985,6.89,1,2025,8,12,5
4,5,1,1,2949.56,134.8,1.84,3.4,4,0.926,7.71,1,2024,7,18,4
2,1,1,0,4539.56,158.52,1.89,9.7,4,0.658,14.2,1,2025,12,14,3
1,7,3,4,3066.65,63.5,3.38,5.9,1,0.982,8.17,1,2025,1,28,5
1,3,3,2,1786.19,328.1,4.21,8.0,4,0.845,10.11,1,2025,5,21,6
7,1,2,3,2249.22,20.86,2.53,2.6,2,0.696,12.68,1,2025,2,13,4
1,8,0,2,7181.29,299.24,1.89,2.1,2,0.851,4.34,1,2024,9,6,0
6,6,0,2,3491.84,434.98,3.34,7.8,4,0.508,0.83,1,2024,5,31,0
3,1,0,3,5781.91,445.53,4.07,6.9,0,0.573,0.87,0,2025,11,2,3
6,6,1,2,7799.55,225.07,3.67,6.8,2,0.915,58.26,1,2025,12,5,0
0,4,1,1,10510.73,230.19,4.07,5.5,4,0.823,28.33,0,2024,1,6,2
4,2,2,3,1070.03,39.41,2.97,5.6,3,0.682,0.5,0,2024,4,19,0
4,8,0,0,12091.45,335.71,3.68,7.4,2,0.75,6.65,1,2025,3,11,5
2,0,2,4,9604.56,410.81,1.66,2.7,0,0.953,6.69,0,2024,8,12,1
0,8,3,4,1685.51,123.08,2.35,3.5,1,0.816,4.74,1,2024,6,29,2
2,5,2,2,13166.89,211.23,2.49,8.7,2,0.699,89.62,1,2025,12,13,2
7,0,1,4,13852.65,419.58,2.89,3.1,1,0.56,15.64,1,2025,6,14,2
3,1,2,3,1385.63,438.68,4.27,5.5,2,0.647,8.15,1,2025,4,20,3
4,5,3,3,4514.73,122.35,4.09,7.0,0,0.989,8.98,0,2024,2,21,6
3,8,1,0,12189.92,275.73,1.64,10.0,4,0.719,37.3,1,2025,7,24,4
6,4,1,3,11349.77,97.05,1.77,4.4,4,0.736,28.2,1,2024,9,12,4
0,8,3,4,3175.55,51.84,2.38,4.3,3,0.749,6.5,0,2024,5,4,2
2,0,2,1,3535.57,455.65,2.16,8.4,2,0.942,23.87,1,2025,4,12,2
6,3,3,1,5871.85,410.43,3.23,8.1,2,0.802,91.82,1,2024,5,16,4
5,3,2,0,7525.58,380.26,4.18,7.3,2,0.847,48.32,1,2025,4,20,3
1,6,2,4,9464.69,25.33,4.38,4.6,1,0.695,10.25,1,2025,11,14,0
2,7,2,0,5849.25,422.02,3.36,3.2,0,0.515,4.64,0,2025,6,27,0
2,6,0,2,7206.75,219.58,3.97,6.1,1,0.965,0.5,1,2025,7,26,2
4,7,1,1,11338.33,171.86,2.93,8.8,0,0.975,12.06,0,2025,9,1,1
3,5,0,0,1031.91,273.69,1.89,8.8,0,0.975,0.5,0,2024,11,20,6
5,0,2,0,4160.34,46.59,2.93,1.1,1,0.972,4.34,1,2025,3,29,2
4,7,1,2,10843.57,378.57,3.03,4.3,4,0.908,27.24,1,2025,9,19,0
1,3,1,3,13480.5,291.64,3.65,4.6,1,0.842,16.73,0,2025,5,31,2
4,1,3,1,7919.32,94.11,1.93,9.8,1,0.922,24.31,1,2025,3,12,6
4,0,0,0,8215.65,94.93,2.42,6.8,3,0.8,0.96,1,2025,7,15,5
4,5,1,2,2053.99,92.94,2.4,4.1,3,0.567,2.06,0,2025,4,1,5
3,5,2,2,6987.48,29.44,4.37,0.3,1,0.696,6.88,0,2024,6,11,5
4,6,1,3,8222.95,294.31,2.67,5.7,4,0.986,22.69,1,2025,5,1,4
4,8,3,4,4015.82,420.33,3.69,1.0,4,0.676,16.94,1,2025,4,5,2
4,7,0,2,4404.03,9.73,3.68,8.3,1,0.934,0.5,1,2024,9,22,3
4,0,3,4,5970.62,25.45,2.08,7.5,0,0.547,10.76,0,2024,9,10,5
2,5,0,3,791.03,286.81,3.09,4.6,0,0.667,0.5,1,2025,10,14,5
5,3,2,0,5170.15,409.93,4.15,4.3,1,0.675,6.16,1,2024,10,10,4
6,6,0,0,3566.0,164.04,2.77,9.0,4,0.526,1.09,1,2025,6,17,5
6,4,2,1,5248.71,175.46,4.32,2.9,3,0.56,4.02,0,2025,5,11,3
6,2,3,1,2236.55,298.58,1.91,2.5,1,0.597,5.23,0,2025,10,3,0
1,0,2,2,13412.65,137.83,1.44,9.4,1,0.919,18.3,0,2024,9,1,3
7,1,3,0,9107.09,14.28,4.14,8.1,0,0.532,18.72,0,2024,10,8,5
7,1,3,3,10346.98,367.88,4.0,8.2,3,0.649,24.45,0,2025,3,26,6
1,6,1,2,11942.98,313.2,4.48,2.0,1,0.505,12.33,0,2024,3,20,6
2,0,2,4,7727.41,290.8,3.44,1.4,2,0.848,39.58,1,2025,12,31,6
2,5,3,1,1760.34,371.1,4.29,0.3,0,0.81,2.94,0,2024,10,19,2
1,0,1,3,8288.04,337.94,3.93,2.4,4,0.822,19.43,1,2024,8,28,6
3,8,3,4,9009.2,103.74,3.99,7.7,2,0.687,139.21,1,2024,10,5,2
1,4,2,3,11308.87,176.89,3.08,2.4,2,0.604,60.49,1,2024,12,9,1
5,7,0,2,6759.06,63.93,2.46,7.3,0,0.86,0.5,0,2024,11,23,2
3,6,1,2,2349.91,65.8,4.28,2.5,3,0.906,1.76,0,2025,7,7,1
0,2,3,3,4614.75,338.42,2.63,4.0,4,0.569,22.87,1,2024,3,23,2
4,2,0,2,5764.69,429.44,2.98,9.8,3,0.743,1.07,1,2024,5,21,5
5,8,2,1,9865.8,481.4,2.67,2.4,0,0.624,6.21,0,2024,6,3,1
7,6,1,3,8776.29,314.55,3.06,3.8,2,0.584,58.16,1,2024,8,24,2
0,1,0,4,5663.4,92.87,2.75,3.0,4,0.867,1.17,0,2025,1,27,1
1,6,0,4,14804.47,53.72,1.36,1.1,3,0.769,1.77,0,2025,12,11,4
7,1,3,2,9283.73,406.61,4.11,4.9,1,0.608,24.06,0,2024,6,5,6
2,5,2,2,3939.79,289.8,2.67,3.8,1,0.655,3.31,0,2025,12,24,6
0,7,3,2,1975.85,309.52,3.14,6.9,2,0.983,29.9,1,2024,8,7,6
5,0,1,1,2716.46,390.95,1.66,8.2,2,0.924,22.33,1,2024,3,6,6
1,3,0,0,4066.39,351.94,1.21,5.4,3,0.94,0.68,1,2025,2,28,0
6,8,2,3,2829.88,417.39,2.01,0.3,2,0.73,13.3,1,2025,2,21,0
1,5,3,0,3205.22,29.05,3.53,6.2,1,0.812,8.2,1,2024,12,4,6
2,6,3,3,4633.88,374.01,1.53,0.6,4,0.688,19.37,1,2025,7,9,6
7,1,0,4,3013.92,425.58,4.2,6.2,4,0.539,1.62,1,2025,4,22,5
7,7,1,1,13503.1,143.78,1.91,6.9,4,0.701,37.6,1,2025,3,1,2
4,8,0,2,1663.39,320.58,1.88,2.0,1,0.797,0.5,0,2024,3,4,1
0,4,1,0,8105.42,157.77,1.8,8.2,1,0.644,11.82,1,2024,7,30,5
6,4,1,0,6450.75,479.03,1.25,9.1,3,0.924,7.67,0,2025,3,6,4
2,0,2,1,14744.49,17.68,3.75,8.1,4,0.576,37.82,1,2025,2,2,3
2,6,0,2,2124.56,290.32,4.09,3.1,0,0.684,0.5,0,2025,8,21,4
3,0,2,1,6268.91,84.09,3.23,5.9,2,0.562,39.2,1,2025,12,13,2
5,4,0,1,14557.32,356.4,1.82,9.1,4,0.702,3.38,1,2024,1,21,3
3,2,0,1,13049.85,88.77,2.14,3.2,3,0.52,1.55,0,2025,8,12,5
4,5,1,4,12347.55,118.46,2.77,8.2,3,0.636,15.3,1,2025,1,24,0
3,4,3,2,4239.59,247.69,4.35,0.1,3,0.7,7.14,0,2025,5,3,2
1,8,1,0,2977.87,457.5,2.02,0.0,4,0.739,6.06,0,2024,1,7,3
2,5,1,3,10195.33,106.65,3.61,7.6,3,0.772,11.76,1,2024,12,26,4
2,5,3,0,13975.95,72.98,2.65,7.6,3,0.637,32.11,0,2024,11,1,0
5,8,3,4,8573.06,379.73,2.18,7.9,4,0.762,48.98,1,2025,2,3,1
1,3,0,0,8788.38,250.81,2.7,9.3,2,0.755,6.14,1,2025,3,5,6
0,3,3,2,4559.7,455.98,1.43,1.2,0,0.658,6.83,1,2025,7,5,2
4,7,3,0,11657.65,74.16,3.84,2.3,0,0.915,17.49,0,2025,7,13,3
0,1,0,1,3212.13,323.32,2.0,9.0,4,0.773,0.5,1,2025,9,9,5
2,1,3,0,5193.35,117.21,3.59,1.8,0,0.666,6.69,1,2024,8,13,5
2,0,1,1,6668.83,79.22,1.43,6.8,1,0.974,9.7,1,2025,5,14,6
0,5,0,1,7860.35,342.03,4.35,5.3,3,0.923,0.5,1,2024,8,12,1
3,2,3,3,4014.94,297.25,1.84,0.8,4,0.991,17.2,0,2024,10,6,3
1,2,2,4,2165.13,377.66,4.11,2.9,0,0.846,1.72,0,2025,3,22,2
5,0,1,4,9353.99,155.42,3.87,5.2,4,0.689,24.3,1,2025,5,12,1
5,2,3,1,4685.14,224.54,4.39,8.5,4,0.64,28.11,1,2024,1,30,5
4,7,2,3,8927.95,203.33,2.78,7.1,3,0.832,8.68,1,2025,2,2,3
6,6,3,2,2738.26,492.06,3.6,6.2,1,0.99,7.44,1,2024,12,10,5
3,1,2,3,7476.53,146.83,2.42,5.0,2,0.813,43.65,1,2025,11,15,2
4,0,1,1,8222.55,148.11,1.81,3.0,0,0.941,6.15,1,2025,11,26,6
0,2,3,0,1251.44,177.92,2.66,1.2,4,0.665,5.83,0,2025,2,18,5
0,6,1,3,5380.76,282.73,1.75,4.1,2,0.703,35.67,1,2024,6,18,5
4,6,3,2,2449.01,126.91,4.44,0.3,4,0.953,10.95,1,2025,4,23,6
5,0,1,2,1418.94,457.73,1.52,2.1,4,0.878,4.44,1,2024,5,10,0
5,0,0,3,14854.42,133.58,3.14,4.3,1,0.991,1.74,0,2025,9,29,1
1,3,2,2,5174.13,448.01,3.27,4.2,4,0.887,11.92,1,2025,6,30,1
7,0,0,3,12243.18,52.63,2.98,0.4,2,0.724,5.57,1,2024,1,28,3
5,3,1,4,4192.29,328.62,3.39,5.9,0,0.766,3.5,1,2025,2,7,0
0,7,3,1,10381.79,453.59,1.58,5.5,1,0.95,27.67,1,2025,8,29,0
1,7,3,0,11523.3,85.21,3.03,0.8,3,0.776,20.96,0,2025,7,31,4
5,7,3,0,9136.76,484.2,2.15,9.4,1,0.628,27.75,1,2025,11,9,3
2,7,0,0,7337.85,226.99,4.3,1.0,2,0.718,2.69,1,2024,1,28,3
1,8,0,2,6471.69,472.91,3.71,8.5,1,0.758,0.5,1,2024,3,26,5
3,0,1,1,5558.59,338.73,4.41,0.0,0,0.548,3.75,1,2025,10,20,1
3,7,0,4,13978.17,151.49,1.32,8.8,3,0.872,0.76,1,2025,3,14,0
7,1,0,4,12543.98,94.96,2.14,0.2,4,0.555,2.82,1,2024,5,18,2
0,7,2,3,14492.89,152.56,1.84,7.6,3,0.702,14.38,1,2025,4,17,4
6,1,1,4,2302.31,47.42,1.24,3.6,4,0.902,6.15,1,2024,7,5,0
5,8,3,0,11097.58,72.79,2.0,7.4,1,0.734,31.5,0,2024,2,21,6
7,3,1,3,14105.94,53.23,3.44,4.0,0,0.921,11.19,0,2024,9,23,1
4,0,2,1,3127.88,212.05,1.96,0.7,3,0.671,1.66,0,2025,1,23,4
3,4,2,4,1464.2,397.99,2.88,7.7,3,0.979,0.99,1,2024,12,1,3
1,4,3,2,11246.25,71.55,4.13,0.7,3,0.605,19.59,0,2024,8,4,3
6,1,2,4,8829.86,66.03,3.49,9.2,3,0.519,9.47,1,2025,4,10,4
1,0,0,1,12706.52,322.07,2.5,0.5,2,0.936,5.73,1,2024,11,30,2
2,7,0,2,2526.7,99.39,2.43,4.8,4,0.876,0.5,1,2024,12,11,6
3,4,0,2,12031.38,49.71,2.7,7.2,2,0.616,6.83,1,2025,1,23,4
2,1,2,2,3423.6,84.26,1.78,3.9,4,0.992,6.8,0,2024,10,11,0
2,7,3,0,2873.01,461.94,3.29,2.2,4,0.751,13.47,0,2025,3,7,0
3,2,0,4,2881.85,410.91,2.4,7.6,3,0.976,0.5,0,2024,9,15,3
2,1,2,1,12311.33,177.68,4.01,7.8,3,0.753,11.66,0,2024,3,24,3
7,0,2,4,10145.36,328.25,3.7,9.2,0,0.736,9.31,0,2025,4,26,2
0,5,2,3,8084.45,269.1,3.21,3.8,4,0.725,18.32,1,2024,1,20,2
6,8,1,3,5703.04,338.89,2.4,5.1,2,0.667,40.12,1,2025,7,6,3
2,5,1,4,13219.41,341.65,1.89,3.6,3,0.767,12.93,0,2024,2,23,0
4,5,0,4,6190.45,314.74,3.76,2.6,2,0.726,2.75,1,2024,12,24,5
5,3,3,0,12340.69,133.78,2.81,7.5,1,0.518,35.26,1,2024,8,17,2
3,5,3,4,6867.46,20.46,1.94,3.4,3,0.63,13.01,1,2025,10,27,1
2,3,2,4,5965.69,228.33,1.84,4.3,0,0.607,4.44,1,2024,3,11,1
2,3,0,2,7208.86,445.6,1.75,4.0,4,0.934,0.78,0,2025,10,29,6
1,0,3,0,4869.98,285.18,3.76,7.1,0,0.799,8.23,0,2024,2,11,3
1,4,1,0,11340.34,416.36,1.96,9.2,3,0.882,13.9,0,2024,2,1,4
6,8,3,0,7789.45,495.82,2.94,6.7,2,0.978,115.41,1,2024,9,10,5
0,5,1,1,3867.08,82.64,2.69,4.7,1,0.822,4.69,1,2024,7,23,5
3,8,1,3,13543.83,346.2,3.11,7.8,1,0.991,18.96,0,2024,1,21,3
1,8,2,0,6066.42,337.47,4.09,6.4,3,0.656,5.87,1,2025,9,28,3
5,8,3,4,8381.52,490.0,4.06,0.6,2,0.593,95.46,1,2024,6,5,6
5,5,1,2,13643.85,492.81,2.69,1.0,2,0.702,79.36,1,2024,9,1,3
2,5,2,3,9551.45,343.65,1.25,0.4,0,0.735,6.68,0,2024,5,9,4
0,2,3,2,2195.02,122.56,2.61,4.6,1,0.948,5.94,0,2025,4,29,5
0,2,0,1,14127.57,399.48,3.2,8.3,3,0.78,0.56,0,2025,11,16,3
6,6,3,2,9601.77,54.41,3.04,3.1,0,0.646,14.79,0,2024,4,27,2
6,0,3,0,5356.13,390.57,3.35,3.8,1,0.871,13.38,1,2025,7,31,4
5,4,0,3,2519.45,455.19,1.71,9.1,4,0.753,0.5,1,2024,8,11,3
2,0,2,1,12013.37,192.03,3.33,8.4,3,0.581,11.17,1,2025,4,21,1
4,5,2,2,9491.05,315.69,1.8,6.7,2,0.788,60.49,1,2025,12,17,6
2,0,1,4,8235.19,215.64,3.68,2.7,3,0.956,7.94,0,2024,9,19,4
2,8,3,4,13461.44,219.44,2.32,1.2,3,0.921,23.97,1,2025,1,12,3
3,0,3,1,11934.66,155.88,3.54,0.2,0,0.793,16.84,1,2024,6,20,4
3,6,1,1,2699.29,381.3,1.36,1.1,4,0.689,5.89,1,2025,9,12,0
0,5,0,2,5019.97,468.15,2.55,2.9,0,0.543,0.5,1,2025,9,13,2
3,6,1,0,4103.09,470.43,3.53,5.5,1,0.735,5.71,1,2024,4,27,2
1,0,2,1,11287.22,88.22,1.95,0.6,1,0.876,11.17,0,2024,6,16,3
2,5,1,3,986.22,437.5,3.82,1.4,2,0.68,5.6,1,2024,11,14,4
1,6,3,0,8763.4,368.98,3.28,1.8,3,0.618,15.42,0,2024,4,20,2
0,5,3,3,11555.65,127.17,3.14,6.3,0,0.966,20.55,0,2025,8,15,0
5,4,3,4,13213.1,34.58,2.37,6.2,4,0.911,71.57,1,2024,1,27,2
5,7,1,4,5460.19,134.73,2.79,5.5,3,0.819,5.9,0,2024,11,15,0
7,6,0,4,12408.23,456.19,3.17,2.5,2,0.568,4.75,1,2025,8,12,5
5,7,1,1,2104.16,316.96,2.76,3.7,3,0.572,2.3,0,2025,11,24,1
4,0,2,4,12773.56,360.81,3.5,1.0,1,0.552,12.28,1,2025,1,19,3
3,5,0,2,2348.59,129.32,2.63,2.3,1,0.808,0.5,0,2025,2,10,1
6,6,1,3,6260.67,359.97,1.87,9.0,2,0.558,49.9,1,2024,7,22,1
4,2,1,4,12060.78,15.03,1.91,9.8,3,0.921,15.01,1,2024,3,18,1
5,4,2,2,2673.8,188.29,1.22,6.5,1,0.996,3.09,0,2025,8,29,0
0,7,3,2,3824.15,313.75,2.19,9.2,0,0.683,8.01,1,2025,12,8,1
6,5,1,0,10972.66,73.9,3.67,6.4,1,0.727,15.03,1,2025,10,4,2
6,8,3,4,10940.53,411.68,3.82,0.3,3,0.856,19.17,0,2024,9,5,4
6,0,2,3,9796.64,118.28,1.87,10.0,3,0.969,10.32,1,2024,4,14,3
1,8,1,3,10562.25,326.49,4.36,1.0,4,0.947,22.6,1,2025,12,14,3
7,6,1,3,8369.5,203.19,2.86,6.8,0,0.529,7.26,0,2024,11,4,1
7,5,2,2,4151.09,298.43,4.23,2.5,3,0.585,3.71,0,2025,12,1,1
0,7,3,0,5512.59,54.62,3.53,3.9,0,0.877,9.17,0,2025,9,6,2
6,0,3,2,3133.17,9.44,3.58,6.5,3,0.844,7.23,0,2024,5,3,0
6,8,1,2,13672.53,454.87,1.48,4.4,2,0.567,92.84,1,2025,8,2,2
3,6,1,1,8959.18,135.55,1.93,2.5,3,0.751,7.39,0,2024,2,12,1
5,1,0,0,6312.35,410.02,1.23,3.3,2,0.89,2.5,1,2024,12,21,2
6,2,3,1,7199.08,499.68,3.56,3.4,0,0.609,11.2,1,2025,6,29,3
0,6,0,3,14235.61,106.5,2.34,9.6,4,0.936,2.88,0,2025,3,14,0
3,4,3,1,2723.6,133.32,3.8,8.0,2,0.526,42.14,1,2025,11,8,2
4,5,1,4,9000.33,331.77,2.32,4.6,4,0.891,23.55,1,2025,1,14,5
4,3,3,1,7835.39,482.76,3.9,2.0,0,0.808,12.57,0,2024,3,11,1
3,4,3,4,9366.09,457.99,1.63,8.1,3,0.658,21.79,0,2025,6,2,1
1,4,1,1,762.6,251.93,1.77,1.6,3,0.86,0.56,0,2025,10,25,2
5,0,1,0,13145.8,397.76,2.32,2.1,0,0.891,9.74,0,2024,12,15,3
5,3,1,3,14015.72,68.74,2.55,3.7,1,0.967,17.32,1,2024,1,13,2
5,8,3,4,8694.43,488.74,2.35,8.8,0,0.684,17.49,0,2025,3,6,4
7,3,0,2,10601.44,482.21,3.72,1.3,2,0.843,5.11,1,2025,5,16,0
7,7,0,1,13876.24,82.7,1.52,1.2,0,0.801,1.17,0,2024,4,18,4
2,6,3,3,10754.96,150.41,2.36,4.9,0,0.763,17.48,0,2025,3,19,6
2,8,0,4,2711.82,50.98,3.96,2.8,2,0.945,1.21,1,2025,1,5,3
1,7,3,3,8856.18,136.59,1.42,5.7,3,0.502,19.65,1,2025,10,12,3
1,7,1,2,9297.37,408.16,4.31,4.5,3,0.641,9.28,1,2025,4,15,5
3,1,1,3,6649.89,189.78,4.45,4.3,3,0.769,7.32,0,2025,12,25,4
1,7,3,0,11178.44,45.11,1.49,1.1,4,0.589,49.03,1,2024,6,5,6
5,7,1,0,14048.32,171.77,2.16,1.4,2,0.954,83.64,1,2025,3,21,0
5,5,1,3,13920.74,490.71,2.43,8.2,3,0.824,15.79,1,2024,6,29,2
1,3,3,1,7037.17,315.21,3.76,8.9,1,0.739,20.61,0,2025,6,18,6
0,3,2,0,2141.95,208.66,3.17,2.3,2,0.907,11.76,1,2025,10,28,5
3,6,3,1,14780.2,84.1,3.33,1.1,1,0.725,32.98,1,2024,10,3,4
2,7,1,3,12664.02,493.1,3.7,0.5,0,0.779,9.04,1,2025,9,22,1
1,7,2,3,2307.61,410.6,1.59,6.1,2,0.501,13.72,1,2025,7,5,2
4,1,3,1,13852.21,141.46,3.95,7.2,0,0.683,26.14,0,2025,5,10,2
6,2,1,4,13113.5,35.96,3.53,3.7,0,0.569,11.43,0,2025,4,21,1
1,4,1,1,8023.15,29.26,3.11,6.8,0,0.845,8.34,0,2025,3,22,2
3,0,3,0,9073.49,61.07,4.14,7.1,0,0.74,16.94,1,2025,8,29,0
2,7,0,2,6285.54,290.8,3.51,9.4,3,0.651,0.5,1,2024,10,1,5
0,1,3,2,1294.04,464.45,1.87,0.6,2,0.734,15.26,1,2024,11,26,5
3,8,3,3,5360.36,248.87,2.62,1.9,4,0.605,24.34,1,2024,9,8,3
5,0,3,1,12141.38,421.63,2.83,0.7,1,0.963,26.63,0,2024,3,29,0
3,7,3,0,567.16,223.5,1.38,8.7,0,0.527,1.27,1,2024,10,12,2
7,1,2,0,5335.74,354.58,4.35,7.9,1,0.933,6.21,1,2025,4,6,3
7,7,3,1,6273.45,366.2,1.62,5.7,3,0.756,13.49,1,2024,9,6,0
5,4,2,1,8292.24,87.81,3.5,0.8,3,0.809,6.82,0,2025,4,20,3
2,0,1,1,13837.91,181.25,2.87,2.7,4,0.651,32.69,1,2025,8,6,6
3,0,2,2,5522.02,319.01,1.28,3.0,1,0.983,5.15,0,2025,9,16,5
1,2,3,4,5530.82,36.28,4.25,5.6,4,0.641,28.71,0,2025,11,15,2
7,1,1,0,11193.77,181.41,4.01,2.6,1,0.794,12.78,0,2025,1,23,4
1,6,0,1,7057.16,267.86,2.93,0.7,0,0.997,0.5,0,2024,12,10,5
1,6,0,4,3756.77,498.12,1.96,7.3,2,0.941,2.55,1,2024,1,30,5
3,5,3,3,7060.37,237.79,1.6,3.0,4,0.768,33.26,1,2025,5,21,6
7,5,1,3,2542.43,408.21,2.4,4.5,4,0.995,7.27,1,2024,11,28,4
0,6,0,0,3057.61,216.6,2.04,1.3,2,0.851,0.69,1,2024,7,5,0
3,8,0,0,7726.33,398.4,2.87,8.0,4,0.604,2.86,1,2025,5,14,6
4,7,3,3,6574.42,298.11,4.39,5.7,0,0.703,12.58,0,2024,8,5,1
7,2,3,4,13765.27,443.41,3.1,9.0,1,0.667,41.68,0,2024,12,29,3
2,5,2,1,5754.71,206.06,4.14,5.0,2,0.672,33.37,1,2024,9,21,2
4,1,0,1,8918.53,302.55,3.35,9.4,2,0.88,5.44,1,2024,12,14,2
0,8,0,4,9667.83,315.38,2.77,8.9,3,0.792,0.68,0,2024,10,13,3
0,6,0,2,689.87,209.27,4.02,5.8,3,0.519,0.5,0,2025,9,2,5
0,3,0,4,10121.29,73.01,2.76,9.3,0,0.939,0.92,1,2025,12,19,0
4,7,2,0,3081.52,47.69,4.07,3.2,4,0.648,5.98,1,2024,10,9,6
5,4,3,1,14435.52,9.32,2.16,3.7,4,0.999,70.79,0,2025,7,23,6
0,8,1,3,2655.61,436.89,1.63,0.5,3,0.977,2.16,1,2024,1,11,4
0,8,0,3,6512.05,119.0,4.02,5.9,3,0.97,0.5,1,2025,6,13,0
4,6,2,0,1737.57,106.54,3.14,7.2,3,0.906,2.73,0,2024,7,14,3
3,4,0,4,14954.68,368.28,4.13,7.7,0,0.61,0.81,1,2024,3,28,4
6,2,3,2,7781.83,160.69,4.29,1.5,1,0.766,17.65,0,2024,9,4,6
0,7,2,1,9133.08,253.52,1.38,4.4,1,0.612,10.04,0,2025,2,20,4
4,5,0,4,1472.61,82.09,2.85,1.8,1,0.63,0.5,1,2025,5,15,4
3,8,2,4,11374.43,479.91,2.44,6.6,2,0.805,72.31,1,2025,7,22,5
3,2,0,2,3543.63,425.94,3.27,1.6,0,0.52,0.64,0,2024,9,3,5
3,6,1,3,13521.79,432.03,3.82,9.0,4,0.985,41.04,1,2025,12,8,1
0,4,1,2,3474.52,203.98,2.13,2.3,4,0.959,8.19,1,2025,5,2,0
4,7,0,0,3264.97,381.42,3.04,2.9,1,0.69,0.5,1,2025,10,23,4
6,6,2,4,1029.97,72.79,3.54,8.5,4,0.758,2.55,1,2025,12,29,1
5,3,2,2,7344.97,5.3,1.64,4.6,1,0.733,7.61,0,2025,5,17,2
5,3,1,3,8690.2,10.97,3.89,0.2,4,0.941,18.29,1,2025,4,3,4
3,1,1,3,1452.78,293.71,3.2,4.9,3,0.844,1.63,0,2024,1,18,4
6,4,0,3,11745.15,228.24,4.33,0.8,1,0.639,1.16,0,2024,4,5,0
1,7,3,0,7072.69,259.49,2.32,9.9,0,0.723,14.75,1,2024,10,28,1
1,2,2,1,8103.66,4.72,1.56,5.9,0,0.714,6.13,0,2024,8,14,6
3,5,1,2,6891.06,211.92,2.87,2.6,2,0.98,43.17,1,2025,2,18,5
1,5,2,0,6311.06,359.32,1.48,5.6,4,0.588,14.17,1,2025,12,9,5
4,1,3,3,8614.78,221.9,4.4,0.8,4,0.545,37.43,0,2024,9,6,0
2,0,3,3,2750.98,366.38,1.33,8.0,3,0.94,6.31,1,2024,11,9,2
7,0,2,0,3137.96,117.28,3.69,9.3,2,0.948,21.95,1,2025,11,10,1
5,4,0,1,12995.89,406.76,2.93,8.7,0,0.936,1.47,1,2025,8,18,1
7,3,1,0,14218.67,294.63,2.42,3.4,0,0.755,11.21,0,2025,1,12,3
7,6,0,3,5912.99,106.17,1.42,3.3,1,0.83,0.84,1,2025,4,29,5
5,4,0,3,4425.8,119.12,3.25,0.4,1,0.782,0.5,1,2025,7,20,3
6,3,3,2,9837.99,314.39,3.13,6.5,1,0.535,28.18,0,2025,6,27,0
3,0,0,1,6426.65,415.14,2.13,5.3,1,0.798,0.53,1,2024,12,18,6
3,7,0,1,868.1,208.4,4.2,4.6,1,0.507,0.5,1,2025,3,11,5
5,3,3,4,2764.21,129.89,2.2,9.1,4,0.662,16.75,1,2025,7,17,4
1,6,0,4,10881.6,433.64,2.68,1.7,0,0.966,0.5,1,2024,12,4,6
7,4,0,1,10054.4,334.96,2.99,0.1,4,0.652,1.32,0,2024,12,26,4
4,1,3,1,892.89,224.59,1.53,0.7,3,0.97,1.98,0,2025,12,20,2
6,0,3,3,3718.6,244.46,4.28,2.2,1,0.625,8.4,1,2025,4,9,6
5,1,2,0,3850.58,102.92,2.44,0.3,1,0.657,2.39,0,2024,10,4,0
7,0,0,2,10242.44,313.77,1.47,5.0,0,0.814,0.65,1,2024,11,9,2
1,3,0,4,785.8,180.01,2.48,3.1,3,0.881,0.5,1,2024,9,14,2
4,2,1,2,2009.57,497.83,3.18,1.8,0,0.751,1.59,1,2024,8,24,2
2,7,3,1,12098.78,240.61,2.9,7.5,2,0.941,185.62,1,2024,5,3,0
0,5,3,2,3088.9,243.46,3.49,2.0,3,0.52,6.06,1,2024,7,16,5
3,0,0,3,9964.82,283.36,1.38,6.9,2,0.961,6.35,1,2024,11,19,5
1,4,3,1,3953.65,458.46,2.14,3.5,0,0.598,6.17,0,2024,5,2,4
2,5,3,2,1941.9,400.61,3.9,5.1,4,0.942,10.09,1,2025,7,2,6
1,2,2,1,4026.0,226.11,1.46,9.3,1,0.7,4.75,1,2025,12,7,3
7,7,3,3,10972.87,359.63,4.02,0.4,2,0.916,123.86,1,2024,7,8,1
2,1,1,4,12907.6,293.53,1.5,5.0,0,0.836,10.74,0,2024,7,15,1
6,6,0,2,12538.19,246.69,3.95,8.5,1,0.588,0.74,1,2024,8,9,0
5,8,2,2,6259.16,96.97,2.39,5.9,0,0.959,5.5,0,2025,5,10,2
7,3,0,3,10187.23,232.5,3.22,2.8,2,0.623,3.79,1,2024,10,10,4
3,0,0,1,3472.27,123.66,1.7,4.0,0,0.622,0.9,0,2025,8,26,5
0,3,3,3,4750.64,457.51,1.42,6.8,3,0.907,11.23,0,2025,6,21,2
6,2,1,1,13496.87,168.37,1.91,8.9,3,0.553,16.51,1,2025,9,3,6
1,0,1,1,688.53,476.18,1.62,0.4,3,0.611,0.5,0,2024,10,16,6
5,8,2,4,1739.87,266.99,2.23,0.7,0,0.752,0.5,0,2024,4,12,0
4,7,2,0,3514.35,316.14,2.9,3.3,0,0.915,2.16,0,2024,7,17,6
3,6,1,3,884.72,271.93,3.14,2.3,1,0.574,1.34,0,2024,10,30,6
0,2,2,2,3130.81,65.56,3.81,2.6,1,0.774,3.17,0,2024,8,20,5
7,0,0,2,8954.1,188.53,3.37,2.2,2,0.856,3.62,1,2025,1,4,2
6,6,0,3,6610.66,50.47,3.21,2.0,1,0.93,1.14,0,2024,7,2,5
4,2,0,1,13443.74,311.85,2.56,1.3,0,0.968,1.59,0,2024,11,5,5
0,4,2,4,12352.93,223.99,2.76,9.3,1,0.892,16.07,1,2024,1,15,1
1,7,1,0,5456.35,389.21,2.57,1.4,1,0.826,6.15,0,2025,12,26,0
4,5,0,3,4261.64,111.01,3.98,2.0,1,0.717,0.5,0,2025,6,30,1
7,2,0,2,6005.54,83.12,1.96,2.5,3,0.556,0.5,1,2024,5,9,4
4,2,2,4,9059.28,203.76,1.22,9.3,4,0.855,23.98,1,2024,10,7,1
1,6,2,4,4386.92,463.37,3.35,7.6,3,0.996,4.49,1,2024,2,16,0
6,2,1,1,9550.16,355.5,1.87,7.9,3,0.868,10.85,1,2024,2,25,3
4,7,2,1,6436.47,210.04,4.14,1.0,3,0.508,4.7,0,2025,7,20,3
1,8,3,0,8504.68,259.12,4.03,8.4,3,0.748,19.88,1,2024,10,26,2
0,2,1,2,6823.83,43.02,1.45,4.1,1,0.807,8.42,0,2025,12,15,1
3,8,3,2,4769.75,492.3,1.55,2.6,0,0.845,7.71,0,2024,5,9,4
2,5,2,4,14252.57,333.54,2.83,5.8,2,0.86,86.42,1,2025,10,15,6
5,4,2,0,11572.28,143.42,3.21,8.2,4,0.779,29.12,1,2025,5,17,2
7,1,0,1,2531.64,293.32,2.11,7.8,2,0.612,1.64,1,2024,4,15,1
6,2,3,1,13092.79,55.63,3.57,8.9,3,0.971,31.25,0,2024,1,13,2
3,4,3,1,7567.75,482.95,3.16,9.3,0,0.848,15.15,0,2025,8,10,3
1,7,2,2,13471.01,88.22,2.27,2.4,3,0.618,10.54,0,2024,10,18,0
3,0,1,3,12097.9,324.37,1.28,4.2,1,0.661,15.03,1,2025,4,25,0
4,3,0,3,6665.6,123.48,3.68,0.1,2,0.961,2.8,1,2025,5,5,1
2,4,2,0,825.8,359.06,1.91,8.8,4,0.944,2.19,1,2025,3,27,4
7,4,3,4,4395.82,388.63,3.95,1.5,2,0.703,51.57,1,2024,12,14,2
4,7,1,1,8353.7,337.04,2.59,8.6,4,0.519,25.23,1,2024,7,7,3
6,3,0,1,9685.43,307.64,3.1,3.3,1,0.524,0.74,0,2024,2,22,4
4,7,1,2,4239.37,446.34,4.08,3.7,3,0.642,5.15,1,2024,9,15,3
0,5,1,3,2520.66,40.23,4.05,0.4,1,0.815,2.08,1,2025,5,4,3
2,0,0,4,12606.49,166.13,2.43,3.3,0,0.792,0.5,0,2024,4,26,0
7,2,2,2,14773.83,124.9,1.89,8.9,0,0.817,12.6,1,2024,3,7,4
5,2,3,1,8122.51,494.02,3.76,0.3,4,0.859,34.48,0,2025,2,14,0
3,4,2,3,2989.35,195.31,2.63,4.1,3,0.51,1.59,0,2025,5,18,3
6,4,3,1,4448.46,366.57,1.83,0.3,2,0.553,49.79,1,2024,3,16,2
0,8,2,2,766.66,342.68,4.18,3.7,4,0.68,1.92,1,2025,8,13,6
4,1,1,3,13757.33,106.83,1.85,1.7,3,0.577,11.98,0,2025,10,6,1
7,1,1,3,2207.39,120.26,1.29,2.5,0,0.538,2.41,0,2025,12,3,6
7,5,0,1,8859.49,141.36,1.27,8.8,0,0.82,0.5,0,2024,2,24,2
1,3,2,1,4473.8,206.15,3.25,4.4,0,0.908,2.79,0,2024,6,4,5
5,0,0,3,8535.58,117.93,3.38,2.7,3,0.876,0.91,1,2024,6,1,2
2,7,1,4,9945.6,10.81,2.23,5.9,1,0.909,14.22,0,2025,7,30,6
6,5,2,2,12531.26,439.82,2.26,1.4,4,0.833,24.18,1,2024,11,7,4
4,1,2,4,3493.11,482.84,2.32,2.6,3,0.868,3.45,0,2024,3,28,4
5,5,1,1,659.44,171.44,3.44,5.5,2,0.636,5.5,1,2024,9,11,6
1,2,0,4,2484.84,169.91,1.39,2.4,2,0.997,0.7,1,2024,5,1,6
6,0,2,2,13550.27,4.54,4.27,6.8,2,0.592,86.9,1,2025,7,25,0
2,4,0,1,13171.41,340.45,1.93,4.9,3,0.607,0.5,1,2025,3,2,3
7,5,2,2,9162.49,412.89,4.5,7.7,3,0.644,9.28,0,2025,9,12,0
7,3,0,2,9207.49,74.16,1.77,9.5,0,0.988,0.67,1,2025,9,2,5
2,8,3,3,10143.03,80.67,3.75,1.2,3,0.994,18.51,0,2025,9,25,4
5,8,0,3,3042.88,395.25,1.94,3.3,3,0.897,0.81,0,2024,8,19,1
6,1,2,1,13758.97,308.53,1.47,3.2,4,0.815,28.78,0,2025,6,19,4
5,3,2,1,6572.17,23.39,4.09,1.5,1,0.76,6.46,0,2025,1,24,0
1,6,0,0,6055.51,311.65,4.03,8.1,4,0.985,1.58,1,2025,4,6,3
4,0,0,0,8024.31,155.15,2.53,7.6,2,0.848,4.64,1,2025,3,29,2
2,8,3,0,1181.01,184.99,3.52,4.8,2,0.972,16.27,1,2024,10,31,4
2,8,1,2,2911.11,385.1,3.04,5.4,1,0.658,4.57,1,2025,8,25,1
1,2,1,1,11201.49,405.66,4.01,0.6,1,0.667,12.8,0,2025,3,15,2
4,8,1,2,1700.58,200.78,2.24,5.6,2,0.927,12.0,1,2024,11,8,0
7,7,3,1,9245.71,473.63,2.93,7.9,3,0.575,21.63,0,2025,8,5,5
0,1,1,4,4057.56,203.82,2.8,5.7,3,0.973,4.39,1,2025,9,27,2
2,7,1,3,6144.79,386.15,2.37,2.7,1,0.754,6.44,0,2024,3,2,2
5,0,2,4,4686.06,242.45,4.14,6.7,2,0.963,29.59,1,2025,9,16,5
3,5,3,1,5657.25,448.87,1.75,3.6,4,0.668,28.63,0,2024,4,11,4
7,3,3,2,10926.17,453.97,1.69,5.4,0,0.858,18.93,0,2024,7,31,6
1,2,3,1,4808.26,44.62,3.1,4.9,1,0.741,13.52,0,2025,10,2,4
1,2,0,2,8712.87,468.31,3.37,3.8,2,0.813,4.91,1,2024,8,4,3
3,0,1,0,7402.73,412.94,1.84,7.2,3,0.752,8.59,1,2024,9,27,0
1,7,1,0,10123.23,395.86,2.49,8.8,1,0.984,15.49,1,2025,11,7,0
4,2,0,3,14084.03,101.25,4.32,0.1,1,0.846,0.64,0,2024,3,24,3
5,1,0,2,11122.3,402.75,2.01,9.3,4,0.626,2.42,1,2024,6,9,3
2,8,2,1,3616.64,425.22,3.41,5.1,2,0.955,22.35,1,2024,9,2,1
2,0,3,3,952.16,145.29,3.64,7.0,0,0.647,1.48,0,2024,6,26,6
1,3,0,3,4302.83,476.18,2.68,8.6,4,0.686,1.49,1,2025,7,19,2
3,1,3,0,9128.63,25.88,4.29,4.7,3,0.551,18.08,1,2024,3,17,3
5,1,1,0,1245.67,75.8,3.63,8.3,2,0.95,9.21,1,2024,6,9,3
6,5,2,3,7697.31,269.25,2.71,1.8,3,0.643,6.94,0,2024,1,3,6
5,2,1,3,9154.22,288.32,3.08,1.6,0,0.629,6.86,0,2025,2,22,2
1,7,3,0,5346.54,322.93,3.49,6.6,0,0.96,9.6,0,2025,4,6,3
3,8,2,3,11678.23,9.47,3.15,8.7,0,0.903,10.66,1,2025,12,6,2
3,4,0,1,2045.67,480.22,4.1,8.9,4,0.571,1.09,1,2025,8,31,3
2,8,0,2,1589.5,23.25,2.38,6.4,0,0.885,0.57,1,2025,4,26,2
1,8,3,1,11058.74,72.39,2.19,5.3,1,0.957,28.81,0,2024,10,25,0
7,6,1,3,7684.62,7.99,1.91,3.3,4,0.539,18.52,1,2024,2,3,2
0,7,2,0,10481.83,283.86,1.32,9.8,3,0.913,11.31,1,2024,8,25,3
5,2,1,3,6805.0,466.2,1.34,3.2,1,0.774,8.57,0,2024,10,22,5
7,0,1,3,4072.83,333.31,4.07,7.4,1,0.835,5.57,0,2025,12,24,6
2,4,0,4,12376.98,411.51,3.44,5.3,4,0.746,2.53,1,2024,10,16,6
4,6,2,0,12091.53,7.63,3.38,6.1,3,0.849,11.4,0,2025,12,20,2
2,7,1,1,10573.1,271.47,3.23,3.9,1,0.517,13.82,0,2025,4,9,6
6,4,3,3,4446.1,230.32,4.0,9.6,1,0.881,14.11,0,2024,3,13,6
0,2,2,1,9058.34,249.99,2.78,5.7,3,0.517,7.57,1,2025,12,4,4
4,8,2,4,5734.12,37.03,4.07,9.4,4,0.728,14.93,1,2024,8,27,5
1,8,0,0,1827.94,342.53,2.39,0.1,0,0.575,0.5,0,2024,9,27,0
5,3,0,0,13801.05,252.11,4.26,5.7,3,0.912,1.39,1,2025,10,2,4
3,8,1,2,2483.87,382.81,3.51,7.2,1,0.657,3.98,1,2025,8,26,5
2,7,3,2,14278.44,243.16,2.05,7.5,3,0.727,32.71,1,2025,11,8,2
0,8,1,3,6967.08,75.54,3.06,9.0,4,0.714,20.95,1,2024,7,21,3
2,3,1,2,3184.43,324.48,2.96,0.0,4,0.886,6.68,1,2025,3,11,5
6,5,2,4,8357.56,87.02,1.66,0.0,4,0.741,15.03,1,2024,4,27,2
6,3,0,1,13157.71,436.32,3.15,4.7,3,0.894,0.7,1,2025,7,11,0
6,2,1,3,11117.26,306.95,2.24,0.3,3,0.537,8.79,0,2024,8,18,3
7,0,2,3,12195.14,79.44,1.37,9.7,1,0.596,15.17,0,2025,10,25,2
5,3,0,2,10052.36,481.21,4.33,2.2,4,0.776,2.38,0,2024,6,1,2
5,5,2,0,10538.01,259.66,3.32,4.7,1,0.974,11.88,1,2024,9,29,3
7,6,3,0,12813.34,37.38,4.09,0.6,4,0.537,55.2,1,2024,5,25,2
4,1,3,1,4120.19,313.79,3.43,5.2,1,0.522,11.46,0,2024,3,14,4
6,5,3,3,7596.66,127.35,2.38,3.8,2,0.578,99.82,1,2024,3,2,2
1,6,0,3,3707.54,402.04,2.89,0.4,1,0.821,0.5,0,2024,6,18,5
4,2,0,2,14821.19,409.09,3.43,3.4,1,0.699,1.54,0,2024,11,10,3
6,6,2,2,14188.86,489.49,4.37,3.9,4,0.913,30.44,1,2025,9,1,1
7,0,3,1,1071.69,251.43,2.04,9.9,2,0.536,16.94,1,2025,8,5,5
0,1,0,2,10730.84,228.02,4.09,2.1,1,0.598,1.11,0,2024,10,22,5
1,7,2,4,13916.1,376.98,4.25,5.4,2,0.65,84.12,1,2025,3,25,5
3,4,2,0,3118.34,67.1,3.41,9.9,4,0.813,7.91,1,2024,5,7,5
7,1,3,4,8735.21,273.91,4.27,7.9,2,0.843,135.33,1,2025,4,24,4
2,1,3,1,13774.58,273.58,2.51,9.9,1,0.562,41.73,1,2025,12,6,2
4,3,2,3,992.22,45.65,4.34,9.7,3,0.972,0.76,1,2024,11,7,4
6,2,0,0,10612.59,209.57,3.52,4.9,3,0.671,0.5,1,2025,12,17,6
7,1,0,0,4811.56,426.79,1.34,7.0,4,0.857,1.29,1,2025,2,16,3
4,5,0,0,13903.74,428.22,4.19,1.1,2,0.762,6.03,1,2024,10,5,2
1,7,0,4,14580.34,50.52,2.8,4.4,4,0.611,3.1,1,2025,5,27,5
6,3,1,4,14191.86,46.27,2.72,8.1,4,0.923,40.25,1,2025,7,6,3
1,3,3,0,7376.11,132.09,3.07,5.1,0,0.909,12.41,0,2025,5,20,5
7,7,3,1,12999.62,437.51,1.69,7.0,0,0.698,24.68,1,2025,3,24,1
2,5,1,2,12745.97,65.32,2.75,7.5,4,0.794,36.3,1,2024,3,23,2
0,4,3,1,5126.96,360.28,3.94,2.5,1,0.629,12.46,0,2025,9,4,4
2,4,2,3,12519.27,51.48,1.25,8.8,3,0.845,11.96,0,2024,2,10,2
7,7,3,1,1036.61,311.95,2.1,4.6,4,0.655,5.68,1,2025,3,18,5
3,7,1,1,9145.91,178.68,1.21,2.1,0,0.922,6.7,0,2024,11,26,5
7,1,2,4,3835.13,394.67,2.57,8.7,1,0.609,4.54,1,2025,9,10,6
6,8,0,1,2248.22,117.61,3.6,4.2,2,0.507,1.63,1,2024,9,13,0
3,4,3,0,1615.82,319.96,3.84,7.5,3,0.634,4.28,1,2024,1,27,2
6,8,1,4,10596.19,118.61,4.32,5.5,2,0.596,75.52,1,2024,4,3,6
4,5,0,4,5428.19,357.12,3.21,3.8,1,0.754,1.52,1,2024,8,22,4
6,1,3,1,11009.12,436.97,2.04,8.1,4,0.602,65.08,1,2025,11,21,0
6,0,3,3,1447.67,64.27,4.25,5.8,1,0.882,3.5,0,2025,8,12,5
4,5,1,2,5071.71,433.43,3.76,3.9,2,0.621,33.75,1,2025,8,24,3
0,1,0,4,8322.62,297.19,3.1,1.1,4,0.853,1.19,0,2024,1,22,1
4,7,3,2,11965.49,64.43,3.5,9.0,0,0.789,25.07,1,2025,11,19,6
4,2,2,0,5121.91,214.34,4.25,0.4,3,0.993,4.28,0,2024,10,2,6
4,5,1,4,9575.42,81.27,3.55,8.6,0,1.0,9.43,1,2025,8,13,6
5,2,0,4,13346.68,350.47,2.42,3.6,1,0.935,1.67,0,2024,2,11,3
0,3,3,2,9430.02,379.68,3.55,6.4,3,0.88,20.12,0,2024,6,28,0
6,1,2,0,3877.91,53.79,1.33,9.2,1,0.693,5.18,0,2025,4,26,2
2,6,0,2,853.81,253.56,2.48,1.5,1,0.877,0.5,0,2025,6,15,3
1,7,2,4,13116.43,407.5,2.54,5.7,1,0.978,14.19,0,2025,10,29,6
0,6,1,2,808.41,468.15,1.75,7.6,3,0.512,1.32,0,2025,3,28,0
6,4,3,4,13183.17,257.25,1.28,7.6,2,0.769,202.42,1,2024,10,11,0
5,2,3,2,8169.59,475.19,1.64,5.3,3,0.609,17.42,0,2024,7,4,4
5,0,0,3,14116.48,268.31,3.36,6.2,4,0.779,2.8,1,2025,8,22,0
0,1,1,3,12082.36,197.7,3.85,7.6,0,0.733,10.94,0,2025,3,22,2
2,4,3,2,14970.04,424.25,4.46,8.4,2,0.788,235.7,1,2025,10,12,3
5,0,2,2,5585.32,247.0,2.34,7.6,1,0.775,6.4,1,2025,5,18,3
1,4,1,1,11624.23,236.48,3.18,3.5,2,0.98,75.89,1,2024,4,3,6
2,7,1,1,6328.0,245.67,4.29,10.0,3,0.776,8.44,0,2025,4,26,2
2,3,2,4,7458.2,423.55,1.75,4.3,4,0.923,16.74,1,2024,12,22,3
2,0,0,4,9598.83,416.14,3.57,0.2,4,0.66,0.69,1,2025,2,22,2
2,6,3,0,13168.32,202.36,3.69,3.6,3,0.719,25.58,1,2024,12,7,2
0,3,3,0,14769.21,167.32,1.49,1.3,0,0.735,21.46,1,2024,11,24,3
0,7,3,2,11639.96,246.47,4.04,1.2,3,0.639,19.31,0,2025,11,17,1
2,6,1,0,6557.62,286.81,3.88,2.8,2,0.69,41.84,1,2024,4,17,6
4,1,0,1,6609.68,119.93,1.31,0.5,0,0.799,0.5,0,2024,6,13,4
4,7,0,4,11194.94,397.18,1.5,6.9,4,0.79,2.29,1,2024,12,3,5
0,7,0,3,3962.27,243.75,1.36,0.7,1,0.818,0.99,1,2025,2,25,5
3,4,0,2,2101.87,167.69,2.3,2.0,4,0.676,0.5,1,2025,12,11,4
2,8,3,4,5642.02,54.3,2.88,0.9,0,0.658,7.98,0,2025,5,22,4
1,5,0,1,4664.97,120.18,2.96,0.6,3,0.806,0.59,0,2024,10,22,5
1,6,0,4,4796.47,474.69,2.08,2.7,3,0.566,0.87,1,2025,11,9,3
0,3,0,1,3887.31,153.24,4.21,5.7,3,0.627,0.5,1,2025,2,14,0
7,5,0,4,1110.35,85.26,2.42,9.6,4,0.521,0.6,1,2025,7,17,4
7,1,0,1,759.17,230.88,1.35,8.8,1,0.536,0.5,1,2024,2,7,6
3,1,1,2,14821.97,154.24,2.19,8.8,1,0.622,22.16,1,2025,4,10,4
7,2,2,0,6702.71,18.54,2.95,1.8,2,0.51,34.78,1,2024,3,31,3
5,3,3,4,6072.74,162.25,2.55,2.6,0,0.623,9.17,0,2024,11,18,1
3,7,2,4,10354.89,272.51,2.1,0.8,4,0.827,18.91,0,2024,9,15,3
7,7,0,3,3664.68,276.3,1.63,7.8,4,0.531,1.48,1,2024,11,27,6
3,2,0,1,14274.44,178.92,3.9,0.7,1,0.718,2.16,0,2024,4,28,3
4,0,3,2,11902.0,224.2,4.49,5.6,2,0.957,169.85,1,2025,2,17,1
4,5,3,0,1796.46,482.79,2.29,2.5,1,0.896,3.54,1,2025,6,10,5
2,6,0,1,6554.92,189.3,2.46,2.4,3,0.653,0.5,1,2024,1,2,5
7,0,1,1,13247.22,129.86,3.24,9.9,4,0.962,40.67,1,2025,11,4,5
3,0,1,2,14198.61,122.49,3.57,7.6,0,0.665,13.66,0,2025,7,9,6
5,2,2,4,7277.32,229.42,2.49,8.4,2,0.536,47.75,1,2025,4,18,0
6,8,0,4,9394.47,380.0,4.19,5.7,4,0.997,1.59,1,2025,2,27,4
7,1,3,3,2921.99,103.79,3.05,8.7,0,0.935,6.53,0,2024,2,25,3
1,3,0,2,14871.95,354.94,2.69,6.5,1,0.733,2.03,0,2024,7,11,4
2,5,2,4,3859.24,11.55,3.33,9.5,0,0.833,3.13,1,2025,6,14,2
5,7,2,3,14169.61,210.05,4.34,2.8,3,0.836,11.33,1,2025,1,5,3
5,8,3,3,9919.88,388.16,3.82,6.0,3,0.597,21.74,0,2025,9,29,1
3,0,0,0,9312.18,170.03,1.33,6.9,2,0.6,5.69,1,2025,5,25,3
2,0,1,3,7933.98,282.3,2.3,3.9,2,0.735,52.47,1,2025,10,2,4
4,5,3,0,3844.71,103.28,2.75,8.8,3,0.956,9.11,0,2025,3,28,0
4,3,0,4,3059.66,371.26,2.24,9.8,0,0.505,0.5,0,2024,2,22,4
3,4,2,0,3697.05,27.09,3.51,4.9,4,0.891,7.57,1,2024,7,27,2
3,0,3,4,3203.35,426.42,3.93,3.9,1,0.529,7.87,1,2024,9,30,1
6,6,3,2,11803.97,99.9,3.61,4.7,2,0.739,161.96,1,2025,7,16,6
0,3,0,0,5576.82,437.32,4.46,8.5,3,0.819,0.5,1,2024,5,14,5
4,1,0,2,1338.72,176.91,2.1,6.5,3,0.843,0.5,1,2024,10,21,1
6,0,3,1,14551.99,361.62,4.09,0.4,3,0.529,25.04,0,2025,3,24,1
2,7,0,4,13314.9,160.29,3.73,5.4,1,0.709,1.67,1,2025,12,16,5
1,8,2,3,13952.41,453.05,2.4,0.2,3,0.792,9.67,0,2025,5,11,3
5,4,3,1,14926.16,64.19,3.62,7.8,0,0.533,27.81,1,2024,5,4,2
1,7,2,3,3021.48,90.08,1.54,3.3,2,0.568,16.98,1,2024,1,30,5
6,4,0,4,6245.51,247.02,3.8,4.7,4,0.832,0.87,0,2025,10,7,5
3,7,0,4,11494.46,41.89,2.96,8.0,4,0.761,2.07,1,2025,9,15,1
7,5,1,2,10592.3,98.79,2.16,0.5,0,0.581,6.9,0,2024,9,2,1
0,8,1,0,2731.49,471.94,3.36,1.6,1,0.768,2.93,0,2025,12,27,2
6,3,2,0,12329.58,488.27,3.32,4.0,1,0.956,13.99,1,2024,6,11,5
7,4,0,2,3754.39,188.75,1.89,2.3,1,0.508,0.5,0,2024,11,14,4
2,7,0,3,3745.36,461.72,1.3,3.4,1,0.821,0.5,1,2025,7,18,0
2,7,2,3,8286.13,272.87,2.63,10.0,0,0.537,7.72,1,2024,1,15,1
0,3,2,1,9097.63,135.6,3.08,8.3,1,0.503,11.56,1,2025,7,19,2
0,4,0,3,8911.25,351.5,4.09,8.8,3,0.575,0.5,1,2025,2,21,0
6,0,2,1,1826.56,329.79,4.26,9.4,1,0.711,2.73,1,2024,4,5,0
4,0,1,3,13223.18,494.57,2.95,3.4,3,0.901,13.96,0,2024,8,18,3
7,0,1,3,4351.2,133.26,3.69,3.0,3,0.641,2.86,1,2024,4,26,0
0,7,1,2,2377.97,336.36,2.65,2.3,2,0.813,14.14,1,2025,4,17,4
7,4,0,3,13386.85,26.96,3.66,8.3,1,0.706,0.5,1,2024,4,30,5
3,5,3,1,14356.95,57.71,1.88,6.8,3,0.617,32.02,0,2025,10,25,2
7,1,0,0,13000.85,2.96,2.42,2.4,0,0.757,1.25,1,2024,6,6,4
2,4,2,0,12237.98,499.73,3.29,3.8,0,0.899,8.71,1,2025,5,25,3
5,5,1,1,10001.01,401.33,1.26,5.1,0,0.916,9.4,1,2024,10,25,0
2,4,2,3,8487.43,393.57,3.58,5.3,3,0.923,8.08,0,2025,6,5,4
4,2,2,3,1761.31,255.35,3.96,8.9,3,0.669,2.67,1,2025,12,23,5
5,3,3,1,6422.57,150.73,2.52,3.8,0,0.897,11.2,0,2024,10,6,3
7,3,3,1,5903.98,76.48,2.68,9.1,0,0.606,11.72,0,2025,3,1,2
0,8,0,1,4266.43,143.05,4.01,4.4,2,0.869,2.2,1,2025,5,9,0
1,7,3,1,10989.59,188.61,3.76,7.5,4,0.974,62.44,1,2025,4,28,1
6,6,0,4,7690.2,378.4,2.15,9.3,2,0.507,4.58,1,2024,9,6,0
4,1,3,4,1675.17,270.29,2.27,9.1,4,0.72,10.18,1,2025,4,12,2
0,3,2,2,3692.66,39.66,3.44,0.6,3,0.824,2.67,0,2025,7,18,0
3,4,2,3,10407.25,10.0,3.06,2.1,1,0.851,10.92,0,2024,5,28,5
0,6,0,0,1603.9,52.06,1.74,4.8,4,0.588,0.5,1,2025,1,27,1
5,2,3,2,12842.5,205.84,2.22,4.3,2,0.986,173.02,1,2024,7,14,3
5,7,0,2,7679.62,466.66,4.17,6.4,3,0.808,0.5,1,2025,9,5,0
2,6,0,3,7468.51,319.06,3.47,9.4,3,0.582,1.01,1,2025,6,4,6
6,6,0,4,9089.91,401.11,4.45,1.1,3,0.51,0.5,1,2024,5,19,3
1,2,0,1,12457.87,233.72,3.73,4.5,1,0.892,1.09,1,2024,3,12,5
7,1,3,4,5543.23,181.47,4.31,1.9,1,0.54,13.32,0,2024,10,9,6
0,6,3,1,10331.23,55.09,1.91,8.9,2,0.571,166.26,1,2025,2,28,0
3,8,0,1,8703.11,438.09,3.75,9.6,1,0.787,0.97,1,2024,12,14,2
6,1,3,4,4371.91,391.8,1.27,4.8,0,0.802,7.51,1,2025,6,3,5
0,5,1,4,13240.13,84.89,3.41,1.0,2,0.843,76.87,1,2024,9,30,1
0,2,3,4,12062.68,256.62,2.75,7.9,3,0.697,27.57,1,2024,1,3,6
5,8,1,4,10047.55,244.2,2.34,7.0,2,0.887,75.18,1,2024,10,16,6
5,5,1,1,12833.44,312.92,4.05,3.5,2,0.987,84.08,1,2024,11,1,0
1,3,1,1,13075.77,473.15,4.02,8.9,1,0.636,20.14,1,2025,8,24,3
4,7,0,0,10771.26,290.31,1.27,9.8,1,0.852,1.3,1,2025,8,16,2
1,6,0,1,12636.69,270.57,3.21,5.6,0,0.964,1.52,0,2025,11,6,4
0,8,3,2,10613.34,26.11,2.41,5.7,3,0.843,23.5,0,2025,5,16,0
4,2,2,1,10362.04,32.39,2.57,3.0,1,0.841,11.03,1,2024,6,1,2
4,1,2,1,9469.86,94.49,3.95,5.8,0,0.612,7.9,1,2025,4,2,6
4,8,0,4,11414.39,17.2,2.22,4.4,4,0.768,1.68,1,2025,7,5,2
6,1,0,1,2799.77,371.93,4.31,3.0,4,0.781,0.5,1,2025,5,10,2
3,4,0,2,13272.63,361.94,1.79,0.7,2,0.85,5.98,1,2024,12,19,4
0,1,3,4,13141.73,68.89,3.39,2.5,4,0.998,61.01,1,2024,12,6,0
2,7,0,3,924.09,418.2,3.42,2.0,1,0.517,0.5,0,2025,7,19,2
6,8,2,3,12474.34,78.24,2.03,5.4,2,0.533,75.89,1,2025,7,10,4
6,8,3,3,2368.61,151.29,2.27,6.0,3,0.539,5.84,1,2025,1,21,5
0,3,2,2,5359.22,125.24,3.95,6.1,0,0.871,4.03,1,2025,4,11,0
0,4,3,3,11280.87,186.78,3.71,3.9,2,0.568,149.35,1,2024,11,25,1
2,6,1,2,2831.02,128.08,2.29,4.2,4,0.811,7.3,0,2024,7,12,0
2,6,2,4,12360.52,244.99,2.96,8.3,1,0.662,15.1,0,2025,12,15,1
4,7,0,4,12565.95,204.3,1.4,4.8,4,0.729,2.34,1,2024,9,1,3
2,7,1,4,7858.28,493.3,1.89,9.9,2,0.608,65.21,1,2025,8,8,0
2,3,1,2,592.6,28.91,2.8,4.4,0,0.933,0.5,1,2025,1,27,1
7,2,3,4,4662.05,71.95,1.48,6.5,0,0.793,8.62,0,2024,8,27,5
3,1,3,1,9445.44,27.36,3.98,0.5,3,0.972,15.72,0,2025,2,24,1
5,1,3,2,14727.2,313.29,3.57,6.5,3,0.787,32.2,0,2024,2,14,6
2,5,3,1,9661.3,28.2,4.31,8.5,4,0.562,57.02,1,2024,11,21,4
1,3,3,4,4267.15,418.38,3.49,9.4,2,0.585,68.95,1,2025,4,29,5
5,1,3,0,9693.08,256.46,4.3,10.0,4,0.995,60.7,1,2025,12,23,5
1,3,3,0,8329.79,263.98,3.03,2.8,0,0.863,13.65,0,2025,1,25,2
7,2,1,4,11807.76,281.24,3.18,5.8,2,0.525,84.87,1,2025,1,30,4
4,1,0,1,2051.22,86.24,4.42,4.5,3,0.852,0.5,0,2025,11,10,1
4,8,3,4,11534.9,99.65,3.32,5.6,4,0.706,61.21,1,2025,10,29,6
2,5,3,2,8348.37,160.09,1.3,1.6,0,0.654,12.88,1,2024,6,4,5
5,3,0,2,14463.38,297.15,3.59,8.6,0,0.577,1.4,1,2025,5,22,4
6,2,2,0,5457.15,105.85,4.19,9.1,0,0.92,4.83,1,2024,2,7,6
6,1,3,2,9673.02,59.05,3.83,4.5,0,0.532,17.33,0,2024,5,9,4
7,7,2,3,14014.41,485.09,3.13,2.8,4,0.645,28.52,0,2025,5,29,4
4,3,1,1,1986.39,11.97,3.42,1.4,4,0.653,4.3,0,2025,8,27,6
5,8,3,1,14089.81,401.55,4.47,6.8,1,0.58,39.19,0,2024,12,5,4
3,6,3,1,10474.34,394.23,1.5,3.1,0,0.754,16.04,1,2024,4,12,0
7,0,0,4,1483.64,149.31,3.4,9.1,1,0.506,0.5,1,2025,3,26,6
2,4,1,4,4863.97,68.68,2.14,6.7,4,0.65,13.48,1,2024,4,12,0
6,6,1,4,10768.5,73.67,3.31,6.5,2,0.967,79.39,1,2025,6,22,3
3,2,2,0,1476.58,349.02,3.21,5.6,0,0.655,2.05,1,2025,4,12,2
1,5,3,3,8941.47,321.76,1.71,0.5,2,0.68,101.43,1,2024,1,16,5
1,8,1,3,5515.3,391.59,1.88,9.3,0,0.737,4.45,0,2024,5,27,1
7,4,1,2,9503.28,468.8,3.25,6.3,3,0.781,10.65,0,2025,2,23,3
2,0,1,1,1163.26,346.27,1.62,9.9,2,0.904,9.76,1,2025,11,1,2
4,2,0,1,13137.28,78.77,2.08,5.4,2,0.595,6.58,1,2024,6,7,0
4,5,3,3,14615.59,122.48,3.96,7.1,2,0.936,220.25,1,2024,3,17,3
4,7,0,2,14548.73,421.25,2.28,0.6,0,0.879,1.17,0,2025,4,25,0
3,4,2,1,11369.95,105.44,2.81,6.3,4,0.861,26.24,1,2024,9,28,2
1,0,1,1,2386.25,37.19,4.31,7.6,4,0.543,6.72,1,2024,12,12,4
5,7,2,4,11494.82,351.94,1.95,7.8,0,0.511,10.24,0,2025,9,30,5
7,3,3,1,856.51,201.86,2.49,7.7,0,0.797,1.29,0,2025,12,10,6
0,1,0,0,820.79,460.1,3.2,2.3,4,0.932,0.5,1,2025,2,11,5
7,6,0,1,5192.35,325.48,3.69,9.8,0,0.792,0.5,0,2025,10,27,1
3,5,1,4,7585.33,46.12,4.18,10.0,4,0.607,22.93,1,2024,3,23,2
5,2,3,4,11670.91,473.98,4.22,0.8,3,0.545,20.27,0,2024,12,2,1
7,2,1,0,10407.78,130.02,3.76,9.4,0,0.85,11.23,0,2025,11,21,0
3,0,2,0,6965.59,169.27,1.95,2.9,4,0.861,13.56,1,2025,6,30,1
4,0,2,0,4467.59,201.73,1.28,6.9,1,0.586,5.4,1,2025,1,24,0
3,5,3,4,14958.31,26.56,2.47,3.4,1,0.514,36.24,0,2024,11,20,6
7,3,2,3,6679.63,248.76,1.67,9.7,2,0.704,47.68,1,2025,10,3,0
1,4,2,4,7045.11,62.54,3.54,1.0,4,0.791,12.61,1,2025,5,14,6
7,5,3,0,2872.55,201.08,3.38,5.0,0,0.853,5.2,0,2025,7,8,5
6,2,3,3,12024.74,176.0,1.35,4.3,3,0.905,24.0,1,2024,2,6,5
0,7,3,1,10558.39,386.65,3.96,3.3,4,0.805,51.28,0,2025,9,24,6
3,0,3,3,3701.16,401.78,2.02,6.5,3,0.555,8.19,1,2024,3,11,1
2,1,1,0,1694.53,77.55,2.63,1.3,2,0.841,9.91,1,2024,8,28,6
6,2,0,1,10367.24,183.91,3.4,7.2,0,0.992,0.97,0,2025,10,8,6
7,3,2,1,9990.41,187.3,2.62,9.8,4,0.953,26.61,1,2025,12,1,1
3,7,1,0,4462.26,76.55,2.66,8.0,2,0.936,34.7,1,2024,10,21,1
0,8,1,3,14287.52,399.43,1.42,8.6,3,0.651,16.85,1,2024,8,20,5
4,1,3,0,2690.34,353.91,2.52,3.6,1,0.875,6.65,1,2024,4,2,5
0,6,1,3,6768.85,96.0,3.72,3.2,4,0.926,16.5,1,2025,3,20,4
6,1,1,0,14182.43,183.99,4.22,5.2,1,0.839,18.1,0,2024,4,10,6
2,6,0,2,6586.05,53.8,2.56,0.5,4,0.625,0.88,0,2025,10,10,0
1,3,2,2,9758.63,314.48,2.6,9.5,4,0.977,25.14,1,2025,12,21,3
6,6,2,1,6265.12,61.56,3.52,1.4,2,0.725,31.96,1,2024,4,12,0
5,3,3,2,4476.12,492.98,4.31,9.0,0,0.565,8.73,0,2025,3,30,3
4,1,0,0,14767.68,390.56,2.08,0.8,3,0.555,1.35,0,2024,6,19,6
1,3,2,2,6435.34,195.73,2.65,8.2,0,0.824,5.74,0,2025,12,11,4
7,7,0,4,13464.44,289.7,3.83,1.5,2,0.719,5.58,1,2024,11,2,2
7,3,1,4,3834.34,455.76,3.21,0.4,0,0.547,2.71,0,2024,1,30,5
4,8,0,4,3590.02,277.5,1.56,7.2,0,0.87,0.57,1,2024,2,17,2
3,1,1,0,951.44,88.07,3.27,2.8,1,0.9,1.04,0,2024,11,28,4
2,8,1,0,9949.17,189.97,1.82,7.1,2,0.863,74.66,1,2024,2,27,5
1,4,3,4,5843.63,421.73,2.88,5.6,4,0.601,30.56,1,2024,10,27,3
0,3,1,0,13033.19,322.46,2.95,1.1,1,0.845,14.74,0,2025,1,2,4
5,7,1,2,7361.54,325.71,4.09,9.3,4,0.505,22.94,1,2025,1,18,2
7,5,0,2,14538.8,433.54,2.73,4.5,1,0.653,1.29,1,2025,3,17,1
2,1,2,2,3190.12,447.09,2.12,7.3,0,0.699,2.98,0,2024,5,29,6
2,3,3,3,13095.04,459.98,1.96,5.0,1,0.918,32.63,0,2024,9,7,2
2,8,3,1,11760.65,48.33,4.09,6.0,1,0.695,32.57,0,2025,6,27,0
3,0,2,1,11678.37,272.52,1.76,3.0,2,0.506,63.95,1,2025,2,25,5
4,2,3,1,12749.36,370.51,2.61,2.0,4,0.676,58.52,1,2025,8,2,2
3,8,2,4,11534.85,378.71,1.82,5.4,0,0.749,8.57,1,2025,11,29,2
7,5,0,3,9580.19,303.75,3.75,4.4,0,0.975,1.31,0,2024,7,3,6
3,5,0,0,2403.05,84.23,2.77,3.9,2,0.971,0.67,1,2024,6,23,3
0,6,2,1,971.63,398.91,2.36,6.7,0,0.59,1.51,1,2024,6,28,0
7,2,2,3,13852.29,360.34,2.39,6.9,3,0.593,13.51,1,2024,3,21,4
3,5,1,4,9441.43,43.98,4.01,0.5,1,0.582,10.37,0,2025,9,16,5
4,6,3,1,12049.79,232.44,3.03,3.4,0,0.894,19.41,0,2025,1,26,3
5,7,0,4,7482.07,87.81,3.57,4.1,1,0.503,0.5,0,2025,9,26,0
2,3,0,3,2200.97,169.4,4.16,1.0,2,0.564,1.43,1,2025,11,30,3
0,6,3,3,2315.19,10.02,4.18,2.4,2,0.769,28.91,1,2024,9,3,5
5,4,3,3,10440.7,200.76,2.28,0.5,2,0.624,119.68,1,2025,5,24,2
6,0,1,4,6739.44,275.39,4.34,10.0,3,0.546,8.32,1,2025,8,20,6
0,7,3,2,3407.61,310.17,1.28,7.4,1,0.68,9.5,1,2024,5,26,3
4,3,3,4,7628.12,332.08,2.44,0.9,0,0.637,11.75,0,2024,8,25,3
0,4,2,0,1431.03,418.31,4.16,0.2,1,0.756,2.25,0,2025,4,17,4
4,8,1,1,8938.59,108.52,2.11,7.2,0,0.99,8.44,0,2025,10,15,6
5,1,3,3,4400.4,61.12,2.1,4.4,0,0.562,7.08,1,2024,9,17,5
0,2,3,2,12064.61,425.92,2.2,7.9,4,0.686,70.45,1,2025,4,15,5
3,4,1,3,5000.25,79.15,3.22,9.2,2,0.966,40.48,1,2024,9,18,6
2,0,1,1,7100.69,487.41,2.65,6.0,1,0.938,9.91,1,2025,11,13,4
1,0,0,4,668.5,421.43,3.6,1.9,1,0.697,0.5,1,2024,1,10,6
5,0,2,0,1550.48,250.94,4.15,7.8,2,0.849,11.05,1,2025,4,21,1
4,7,2,4,6191.16,490.73,3.42,9.6,1,0.544,7.82,1,2024,10,21,1
5,3,0,1,7459.11,49.59,1.87,5.8,0,0.856,0.74,0,2025,11,24,1
4,3,0,2,9200.3,152.23,4.28,6.8,0,0.986,0.5,1,2025,7,13,3
5,3,2,0,4729.11,319.47,2.07,3.4,2,0.769,26.18,1,2024,6,10,1
3,6,0,0,10577.24,175.65,1.69,3.8,2,0.749,5.04,1,2024,3,16,2
5,0,3,3,12971.77,464.26,1.5,7.3,1,0.594,37.32,0,2025,3,28,0
0,2,2,2,11807.84,33.75,3.06,9.3,1,0.817,15.89,0,2024,12,19,4
5,5,1,3,1074.47,275.16,1.58,6.3,1,0.795,1.75,0,2025,8,24,3
5,4,0,0,7467.35,295.84,1.66,7.9,4,0.826,1.57,1,2024,11,2,2
2,3,0,3,2021.49,326.71,2.19,1.7,2,0.513,0.98,1,2025,10,16,4
6,6,3,2,4009.65,128.58,2.13,2.1,2,0.774,49.72,1,2025,3,10,1
6,0,0,0,14806.61,182.92,3.19,5.3,3,0.797,1.64,0,2025,12,7,3
5,4,2,3,2566.19,422.0,3.9,1.8,3,0.604,0.65,0,2024,9,13,0
2,3,1,3,7733.88,98.28,3.71,6.3,3,0.604,8.36,1,2025,4,12,2
5,3,0,0,9463.26,413.61,2.07,2.9,1,0.638,0.73,0,2024,11,5,5
7,7,1,2,10685.74,281.77,2.01,7.9,0,0.856,10.69,1,2024,7,22,1
2,3,2,1,8614.91,381.33,4.39,8.1,1,0.803,10.77,0,2025,1,28,5
0,1,1,1,641.68,357.09,1.23,4.6,0,0.923,0.91,0,2025,5,9,0
0,6,0,0,5233.69,104.55,4.1,1.8,4,0.648,0.5,0,2024,4,19,0
3,0,3,1,8006.82,284.84,1.86,6.5,0,0.956,14.85,1,2024,8,30,0
1,0,0,3,1774.06,433.99,4.33,9.9,4,0.872,0.86,1,2025,1,25,2
3,7,2,4,5584.09,216.63,2.33,6.2,2,0.698,34.13,1,2025,8,8,0
5,5,0,1,981.45,483.33,2.65,0.4,3,0.548,1.32,0,2025,1,2,4
4,1,1,4,1639.39,226.66,3.53,0.2,4,0.628,4.04,1,2025,8,11,1
6,2,2,3,6255.39,72.25,3.14,3.2,3,0.978,5.18,0,2024,10,29,5
5,2,0,4,2424.38,195.33,2.25,2.0,4,0.655,0.5,1,2025,12,17,6
5,1,3,0,8729.34,475.9,3.03,8.1,4,0.665,51.07,1,2024,10,29,5
7,2,1,1,10497.24,160.54,3.61,8.4,2,0.595,82.99,1,2024,1,23,5
3,0,1,4,12108.51,434.18,1.34,2.6,0,0.903,9.72,1,2025,11,5,6
4,1,3,1,3402.18,440.74,1.24,3.3,2,0.638,44.71,1,2025,2,9,3
4,0,2,2,2928.5,175.74,2.71,2.4,4,0.665,5.61,0,2024,10,8,5
4,0,3,1,2016.23,42.55,1.64,9.1,1,0.707,6.39,0,2024,1,9,5
7,1,2,3,9728.24,362.55,3.39,5.0,4,0.717,21.09,0,2025,8,2,2
2,8,1,0,10743.9,156.44,1.91,6.6,1,0.706,14.66,1,2025,12,3,6
6,8,2,0,958.0,391.68,2.63,4.2,3,0.752,1.01,0,2024,2,20,5
1,0,0,4,14075.08,221.88,1.85,6.3,2,0.907,8.06,1,2025,9,12,0
5,7,1,1,1253.58,243.15,3.01,3.9,4,0.91,2.74,1,2025,5,23,0
1,6,1,0,8348.8,389.18,1.58,3.4,3,0.899,7.92,0,2024,10,20,3
2,3,1,2,10781.38,191.8,1.28,6.3,4,0.551,30.32,0,2024,8,23,0
5,4,3,1,13129.05,222.12,1.37,5.9,3,0.9,28.93,0,2025,9,13,2
0,2,0,1,10854.26,188.72,4.35,2.9,3,0.56,0.88,0,2024,12,26,4
1,6,2,1,12125.06,184.3,1.67,1.5,2,0.562,60.93,1,2024,8,12,1
1,3,0,2,5422.03,263.45,3.54,3.7,2,0.974,3.93,1,2025,10,13,1
5,8,1,4,12314.96,404.59,1.42,4.2,2,0.91,82.61,1,2024,7,13,2
5,0,1,3,1661.67,181.52,1.56,6.3,3,0.776,1.66,1,2025,9,27,2
4,6,0,3,13474.84,262.6,2.88,9.1,4,0.937,2.81,1,2024,9,13,0
4,0,1,1,8440.09,335.69,2.73,0.4,3,0.995,7.35,0,2025,11,25,5
7,5,0,0,12350.82,135.45,4.34,2.4,1,0.805,1.28,1,2025,11,6,4
0,1,3,2,7058.62,139.48,4.32,1.9,1,0.806,16.61,0,2025,11,28,0
7,1,3,2,9831.88,466.77,3.77,5.0,3,0.877,20.04,0,2024,5,20,1
3,8,2,1,8132.84,362.04,3.19,4.3,0,0.616,5.72,1,2025,10,5,3
0,7,2,1,11108.05,289.02,2.7,7.3,1,0.584,14.55,1,2024,4,9,5
4,8,1,1,1683.63,324.21,2.38,2.4,1,0.88,2.08,1,2025,10,4,2
4,3,2,3,1375.11,15.62,4.33,5.9,4,0.672,3.1,0,2025,10,23,4
4,7,1,4,4083.0,309.43,3.19,8.8,2,0.568,32.24,1,2024,2,10,2
6,2,1,3,2813.4,255.24,3.11,9.1,0,0.657,3.1,0,2024,11,12,5
5,7,3,4,13140.86,273.33,1.97,9.6,0,0.679,27.52,1,2025,3,27,4
1,3,0,3,3678.6,180.35,1.35,7.7,4,0.983,1.23,1,2024,2,4,3
1,5,3,2,14650.05,41.66,4.32,9.1,2,0.849,236.39,1,2025,8,16,2
2,5,1,1,5384.99,97.48,2.24,2.3,4,0.765,12.71,1,2025,1,8,6
1,8,0,1,3140.71,475.42,2.66,2.0,1,0.984,1.11,1,2024,5,14,5
4,7,0,1,11950.63,204.94,1.58,0.1,1,0.952,1.47,0,2024,4,2,5
0,8,1,3,10051.26,233.87,3.96,7.1,2,0.756,75.18,1,2024,10,29,5
0,4,1,3,7723.84,27.3,1.29,9.4,1,0.953,10.54,1,2024,11,30,2
7,6,0,3,8552.77,19.75,3.95,1.9,2,0.702,4.05,1,2025,3,1,2
0,1,2,4,10928.43,358.87,1.66,6.4,3,0.615,10.69,1,2024,6,28,0
2,6,3,2,3812.59,269.51,4.13,7.5,0,0.616,6.73,0,2024,7,24,6
0,4,1,1,14946.84,254.84,3.61,9.3,3,0.831,18.23,0,2024,5,15,6
7,6,3,0,14634.5,122.32,1.74,6.5,0,0.751,26.77,1,2025,7,6,3
6,3,1,1,9929.72,372.63,3.07,9.7,3,0.829,12.34,1,2025,1,9,4
1,3,3,3,3393.37,84.95,2.23,3.4,2,0.843,43.93,1,2025,6,27,0
1,8,1,1,10363.31,95.78,1.79,3.5,4,0.511,26.01,1,2025,5,28,6
7,1,0,0,1546.88,230.9,4.04,5.4,3,0.527,0.5,1,2024,10,6,3
4,5,0,4,944.46,143.85,2.53,3.8,3,0.766,0.5,1,2024,6,17,1
0,7,0,0,4236.4,124.48,2.52,0.0,1,0.596,0.79,0,2024,9,20,0
7,7,0,1,7208.03,322.97,1.76,7.3,3,0.816,0.5,1,2025,5,8,4
0,8,1,2,13089.95,325.83,2.46,7.5,1,0.776,19.4,0,2024,10,29,5
7,6,0,2,11043.95,412.43,4.08,7.5,1,0.793,1.68,0,2024,12,12,4
4,7,1,2,11269.24,209.44,2.4,3.5,1,0.651,14.46,1,2024,4,27,2
3,7,1,0,6669.65,37.47,4.34,5.2,2,0.82,46.65,1,2025,4,24,4
1,4,3,3,5516.06,137.56,4.32,3.6,2,0.915,72.07,1,2024,3,18,1
0,4,2,0,5880.06,490.02,1.68,0.2,3,0.999,4.28,0,2024,5,24,0
3,7,0,0,14820.92,298.53,1.79,5.6,4,0.919,2.92,0,2024,8,19,1
3,1,0,2,1081.58,355.16,4.05,1.2,4,0.779,0.5,1,2025,11,23,3
1,8,3,1,13071.96,4.67,2.5,0.8,0,0.597,18.61,0,2025,11,21,0
5,1,3,0,8890.79,259.58,1.21,7.6,4,0.841,50.86,1,2025,2,10,1
0,5,3,3,6859.92,19.73,2.1,0.1,0,0.969,8.99,0,2025,7,24,4
3,8,2,3,11016.24,285.05,3.17,9.6,3,0.606,11.98,1,2025,1,9,4
7,7,2,2,7556.7,460.46,3.84,5.2,4,0.628,16.94,1,2024,4,2,5
5,3,3,2,13164.64,484.24,1.64,9.8,3,0.575,32.57,0,2025,2,8,2
1,0,3,3,13560.18,270.74,1.56,0.6,2,0.868,154.48,1,2024,1,15,1
1,5,0,0,6614.95,229.64,4.24,5.8,4,0.703,0.75,1,2024,9,27,0
6,6,0,2,4514.0,472.56,3.68,3.5,4,0.531,1.8,0,2025,7,3,4
6,4,3,1,9089.08,337.13,3.15,8.4,1,0.937,26.61,1,2024,5,6,1
5,3,0,1,13729.27,33.38,3.74,3.6,0,0.779,1.15,0,2025,4,10,4
5,1,2,4,3554.6,233.4,2.62,2.6,3,0.666,2.95,0,2025,1,12,3
0,7,0,1,9533.02,120.88,3.7,8.6,0,0.672,0.5,1,2025,11,19,6
0,5,0,0,9657.62,235.43,2.43,3.7,2,0.645,5.67,1,2025,11,19,6
2,6,2,3,11130.14,228.28,2.01,0.2,1,0.728,10.36,0,2024,9,25,6
1,8,1,1,2407.73,291.49,3.61,3.9,3,0.669,2.01,0,2025,8,21,4
7,6,0,0,10879.46,179.03,2.58,6.5,0,0.774,0.74,0,2025,1,25,2
5,5,3,2,13680.97,82.97,4.44,2.5,2,0.887,170.77,1,2025,10,15,6
1,4,2,3,3105.41,252.36,2.35,4.3,2,0.837,18.89,1,2025,1,15,6
4,6,3,0,3944.38,415.27,4.24,0.6,1,0.647,8.0,1,2024,4,20,2
1,4,3,2,14585.23,332.34,4.28,5.9,3,0.764,31.2,0,2025,11,22,2
6,1,3,3,3124.17,169.85,2.0,7.6,0,0.92,5.62,0,2024,8,27,5
3,1,2,0,12888.58,467.83,3.83,4.1,1,0.534,13.93,1,2025,4,27,3
2,3,1,3,7638.03,456.19,2.63,4.2,3,0.539,8.39,1,2024,1,26,0
5,3,2,0,4084.85,105.46,4.23,0.9,2,0.778,21.2,1,2025,9,26,0
6,5,3,4,13125.87,20.67,2.69,2.0,3,0.82,23.89,0,2025,7,28,1
6,1,2,2,6956.93,370.91,3.66,1.5,1,0.606,6.88,0,2024,12,1,3
6,2,2,1,7964.85,413.98,2.74,4.8,1,0.873,8.87,0,2025,9,16,5
1,3,3,2,5708.88,483.96,1.95,5.3,1,0.823,14.55,1,2024,8,14,6
2,0,3,2,9097.79,445.03,1.86,9.5,1,0.962,29.16,0,2025,10,25,2
6,0,0,4,2871.1,300.67,2.6,0.7,0,0.584,0.84,0,2024,3,5,5
0,7,0,3,6170.68,265.5,3.69,6.0,0,0.876,0.51,0,2025,10,12,3
5,1,3,3,14556.48,14.89,3.2,5.3,2,0.542,205.11,1,2025,4,20,3
0,5,3,0,4242.93,124.08,3.47,5.2,4,0.783,22.85,1,2025,12,18,4
0,5,3,1,10022.68,230.35,2.13,8.7,3,0.776,24.04,0,2024,11,5,5
7,6,1,3,5215.26,314.62,2.79,2.1,4,0.694,12.14,1,2025,10,26,3
5,8,2,2,11715.36,279.07,1.35,0.4,3,0.922,9.29,0,2025,2,22,2
2,3,3,3,2397.67,371.58,3.9,6.7,1,0.502,6.2,1,2024,4,29,1
5,1,0,2,14562.41,140.6,4.47,3.5,2,0.76,7.95,1,2024,5,23,4
5,7,3,2,7079.95,282.91,2.54,0.2,1,0.609,14.77,0,2024,2,16,0
5,0,0,1,3922.73,44.98,1.24,2.5,3,0.872,1.04,0,2024,2,8,4
5,8,2,4,1565.7,207.42,1.76,3.1,0,0.522,1.07,0,2024,11,7,4
7,3,1,2,2961.49,375.33,3.35,6.2,2,0.916,21.7,1,2025,5,19,1
0,8,2,2,8036.72,347.01,3.22,1.7,0,0.919,5.18,0,2024,4,28,3
3,1,2,2,5386.55,495.33,3.8,4.1,0,0.916,3.6,0,2024,4,9,5
3,8,1,0,12518.81,139.67,2.04,4.8,1,0.576,16.05,1,2024,8,28,6
1,2,1,2,6747.87,249.6,3.72,4.6,0,0.815,6.45,0,2025,7,4,0
3,6,3,3,4106.36,165.44,3.47,9.7,3,0.507,9.02,1,2024,5,18,2
5,1,2,3,9448.6,220.86,2.27,0.5,0,0.924,5.13,0,2025,2,1,2
6,1,3,0,10748.27,428.62,3.0,9.5,0,0.861,21.66,1,2025,4,9,6
5,3,0,1,2922.11,342.42,1.69,5.8,3,0.766,0.5,0,2025,1,14,5
4,8,2,4,2930.48,441.34,2.69,8.0,4,0.865,8.07,1,2025,11,17,1
7,6,1,2,1031.74,102.55,4.11,4.3,3,0.547,1.67,1,2025,12,14,3
3,2,1,2,11177.83,436.81,2.59,4.5,3,0.764,11.72,0,2025,7,7,1
7,4,0,4,10125.17,30.82,3.97,8.8,4,0.646,1.96,1,2025,3,5,6
1,2,3,2,7382.15,444.41,3.15,9.0,4,0.986,45.21,1,2025,8,24,3
1,0,3,4,12740.47,165.21,1.83,2.4,1,0.929,28.92,0,2024,6,7,0
1,7,1,0,12182.22,157.98,3.12,2.0,3,0.867,12.23,0,2025,2,28,0
7,6,3,4,8987.64,256.53,2.87,5.0,0,0.967,15.24,1,2025,11,1,2
1,6,3,0,13089.93,470.4,2.52,9.0,4,0.673,78.96,1,2024,4,11,4
4,2,1,2,3484.7,24.84,1.59,3.2,1,0.95,4.0,1,2025,5,16,0
4,2,3,2,2122.83,176.76,2.58,6.5,1,0.663,5.33,1,2025,9,22,1
1,5,1,1,4411.37,428.43,1.44,7.1,1,0.866,7.18,0,2025,2,21,0
1,6,0,3,1327.76,198.63,1.53,7.8,0,0.868,0.5,0,2024,10,13,3
0,3,0,4,8201.96,100.38,2.57,5.6,2,0.509,4.99,1,2024,2,3,2
1,3,2,1,14080.78,212.97,2.21,4.0,1,0.681,14.49,1,2025,12,7,3
6,0,2,3,1070.48,193.39,4.25,9.7,0,0.51,1.04,0,2025,1,14,5
7,7,1,0,2270.59,457.79,2.44,6.1,2,0.999,16.73,1,2024,8,10,2
4,1,3,1,7056.89,381.21,3.7,7.3,2,0.561,107.11,1,2025,3,30,3
3,0,0,1,14041.19,253.05,2.95,3.4,1,0.771,0.71,1,2025,3,31,1
4,1,2,2,5084.26,494.2,3.52,6.7,0,0.895,4.58,0,2024,8,29,4
7,6,0,1,7854.9,233.17,2.06,2.6,1,0.601,0.75,1,2025,1,6,1
5,3,0,4,1102.81,30.06,4.31,2.5,4,0.743,0.5,1,2024,4,11,4
5,5,0,0,2650.98,131.87,2.95,7.1,2,0.804,0.57,1,2025,12,3,6
7,2,0,4,14806.14,218.6,3.94,5.2,1,0.58,1.76,1,2025,1,11,2
2,5,0,4,14494.22,79.29,2.4,6.8,4,0.889,4.26,1,2025,7,11,0
7,0,3,2,571.63,473.83,1.53,2.7,1,0.65,0.84,0,2025,10,22,6
5,7,0,0,14301.27,383.66,3.42,6.0,1,0.606,1.54,1,2025,1,2,4
7,5,2,3,9767.24,134.88,1.23,4.4,1,0.779,11.21,0,2024,3,3,3
3,8,1,3,13084.82,295.81,2.77,6.0,1,0.705,17.06,0,2025,2,11,5
2,6,1,3,7093.73,361.0,1.84,2.9,4,0.96,16.69,1,2024,10,9,6
6,4,1,0,7976.14,470.7,3.27,7.2,0,0.94,7.09,0,2024,7,13,2
7,7,2,0,7588.28,440.94,4.43,8.1,2,0.742,51.19,1,2024,5,5,3
6,5,3,3,10169.53,258.08,2.73,2.6,2,0.68,128.34,1,2025,4,10,4
0,1,3,0,2524.94,387.55,3.9,3.0,1,0.663,6.13,0,2024,4,3,6
5,1,1,1,934.62,281.51,2.88,6.6,2,0.634,6.49,1,2025,11,9,3
5,2,3,0,4964.98,276.8,2.84,7.0,3,0.772,10.93,1,2024,8,5,1
3,4,1,2,10717.87,58.26,4.27,7.0,3,0.902,11.76,1,2025,10,19,3
5,4,0,2,3426.88,63.94,4.14,6.8,4,0.655,0.5,1,2025,10,16,4
1,7,2,4,10264.77,265.24,3.79,3.9,4,0.595,21.88,1,2025,9,3,6
2,6,3,3,14563.72,135.16,2.18,3.9,0,0.738,24.51,1,2024,1,22,1
7,0,1,1,1861.56,11.5,3.0,2.5,0,0.535,1.7,0,2024,2,21,6
6,0,3,3,10252.73,361.7,1.94,1.6,2,0.851,122.85,1,2024,12,7,2
3,7,1,1,6934.38,17.21,2.66,6.9,4,0.759,19.48,1,2024,9,6,0
2,8,0,0,13088.06,298.04,2.8,0.9,3,0.748,0.82,0,2024,5,8,6
2,3,2,2,3068.67,270.06,3.94,9.4,3,0.65,2.57,1,2025,8,1,0
0,7,2,0,10543.08,484.44,4.16,8.3,4,0.952,26.69,0,2024,7,29,1
6,8,2,4,12652.67,242.62,2.57,8.6,3,0.545,12.62,1,2024,3,11,1
0,7,2,0,14196.91,32.74,1.26,9.1,1,0.935,17.75,0,2025,7,21,1
6,1,3,3,10407.1,276.29,4.04,4.1,4,0.688,52.41,1,2024,7,31,6
3,2,3,0,7709.03,420.71,1.78,8.5,3,0.94,17.98,1,2025,8,23,2
1,8,3,0,9458.78,498.43,3.25,1.6,1,0.864,21.38,0,2024,8,9,0
5,5,0,4,13099.12,215.74,1.28,0.2,2,0.552,5.94,1,2024,8,26,1
6,2,2,3,8773.84,160.83,2.52,7.8,3,0.916,8.25,1,2024,12,2,1
3,7,3,1,940.61,453.42,4.45,0.7,3,0.841,1.67,0,2024,5,31,0
2,1,3,2,13998.76,96.43,1.53,9.9,3,0.516,33.96,1,2025,9,2,5
0,5,0,0,10498.14,308.1,2.6,6.7,0,0.567,1.5,1,2024,1,3,6
4,6,3,0,10309.44,203.45,2.21,7.5,2,0.818,157.02,1,2024,10,10,4
4,5,0,1,3627.29,21.5,4.19,2.5,0,0.831,0.5,0,2024,5,28,5
7,4,1,1,10053.84,174.3,4.07,6.7,4,0.873,28.67,0,2024,5,13,1
6,3,2,1,6211.03,133.35,1.98,0.4,3,0.86,4.42,0,2025,7,7,1
6,1,2,4,9942.88,343.36,1.47,8.4,2,0.83,66.58,1,2024,9,13,0
1,5,3,2,2045.6,474.45,3.27,1.7,0,0.883,3.44,0,2024,6,27,4
3,5,3,3,10038.76,134.76,2.31,7.0,1,0.788,28.55,1,2024,4,22,1
0,4,2,4,14991.5,405.92,3.42,2.2,0,0.63,9.61,1,2025,11,7,0
2,4,0,4,1199.07,28.62,1.31,0.7,4,0.956,0.5,1,2024,1,27,2
3,6,2,1,14669.03,269.52,1.64,4.8,4,0.509,32.28,1,2024,5,14,5
2,0,3,4,6400.17,36.2,3.47,1.7,1,0.683,14.36,0,2024,1,16,5
5,4,1,3,13125.93,467.08,1.9,7.3,3,0.864,13.98,1,2025,1,1,6
1,7,0,2,11844.59,383.41,4.03,2.4,1,0.714,0.94,0,2024,8,31,2
1,8,3,3,8721.74,329.32,1.39,3.4,0,0.512,15.08,0,2025,8,25,1
1,7,0,1,11207.51,412.12,1.91,5.7,0,0.533,0.5,0,2024,11,27,6
5,4,0,2,13238.48,324.11,4.5,2.8,4,0.824,2.07,1,2024,1,17,6
4,8,1,3,6360.03,484.5,2.63,3.8,1,0.982,7.29,0,2024,6,27,4
3,6,1,0,5241.98,357.27,3.52,8.2,2,0.776,41.3,1,2024,9,28,2
4,8,1,3,10180.1,462.4,1.8,1.8,0,0.753,8.3,0,2024,2,23,0
7,2,3,0,12213.77,259.05,3.21,0.8,0,0.659,18.25,0,2024,5,9,4
6,0,2,4,11553.13,59.42,3.6,3.3,4,0.628,23.39,1,2025,3,7,0
7,7,0,0,12068.3,264.56,2.24,4.2,0,0.51,1.01,0,2025,6,22,3
1,2,2,4,6815.96,64.31,3.94,5.4,0,0.636,5.87,1,2024,4,26,0
6,6,3,4,12358.6,296.65,3.19,3.7,0,0.725,20.62,0,2024,3,6,6
4,1,2,3,2243.03,241.76,2.48,7.9,0,0.599,2.1,1,2025,5,2,0
0,4,2,1,8395.09,311.67,3.04,0.4,1,0.544,7.41,1,2025,4,4,0
0,4,2,4,583.5,6.01,3.1,4.3,3,0.859,0.62,1,2025,1,5,3
7,1,0,4,5206.49,98.23,1.75,3.8,1,0.947,1.1,1,2025,6,9,1
2,5,0,0,5813.69,246.17,2.53,6.5,0,0.968,0.56,0,2025,8,30,2
2,5,1,4,6244.5,475.3,2.33,9.7,0,0.809,5.81,1,2024,4,21,3
4,6,1,2,10584.27,192.42,2.52,5.1,2,0.526,73.58,1,2025,4,7,1
7,7,3,4,6134.09,212.76,3.71,9.9,0,0.87,13.33,1,2025,5,30,0
4,1,3,1,7006.06,357.63,2.79,3.0,3,0.555,13.6,1,2024,8,14,6
3,0,0,2,3944.39,302.29,4.3,0.3,1,0.835,0.5,0,2025,9,21,3
3,0,1,2,5912.15,150.16,2.17,1.7,4,0.89,13.06,1,2024,2,14,6
6,5,3,0,3795.41,206.0,2.57,4.0,2,0.863,51.1,1,2025,11,5,6
3,7,2,1,1561.34,109.63,3.8,3.2,2,0.976,9.44,1,2025,6,17,5
3,6,0,0,9250.0,483.04,3.0,1.0,3,0.869,1.24,0,2024,11,4,1
2,3,1,1,10189.09,66.19,3.01,4.3,4,0.847,26.54,0,2025,4,14,1
7,7,1,1,9482.61,186.55,1.38,3.4,1,0.631,11.37,1,2025,10,20,1
6,5,0,1,7220.66,13.89,2.52,1.2,4,0.962,0.95,1,2024,2,1,4
2,1,2,3,6006.89,111.67,2.09,3.0,2,0.59,32.76,1,2024,3,3,3
2,4,0,1,13018.34,390.46,4.5,8.9,1,0.952,1.49,1,2025,5,5,1
0,8,2,3,8026.69,101.39,2.22,3.0,2,0.656,44.71,1,2025,2,15,2
7,2,3,0,7448.14,40.95,4.12,7.1,3,0.565,17.43,1,2025,3,12,6
5,8,0,0,871.81,237.75,3.43,6.1,3,0.913,0.5,0,2025,12,3,6
4,5,0,3,5448.09,5.97,2.33,4.3,4,0.501,0.5,1,2024,4,20,2
2,3,1,0,6012.84,43.3,2.99,2.4,4,0.916,13.18,1,2025,5,17,2
2,3,3,1,6282.93,404.01,3.97,3.7,2,0.631,82.81,1,2025,12,30,5
1,0,3,3,8912.5,385.97,4.12,5.9,2,0.942,128.79,1,2025,3,30,3
1,2,3,3,8237.24,457.65,1.73,3.5,3,0.846,16.1,0,2024,3,16,2
7,7,1,1,9314.62,427.4,2.32,2.1,4,0.833,22.45,1,2024,3,23,2
5,5,2,1,11590.81,341.9,2.31,1.2,1,0.683,10.41,1,2024,11,25,1
1,3,3,2,12288.29,27.11,1.34,8.8,0,0.53,23.97,1,2025,9,14,3
5,7,3,1,10912.78,391.64,3.17,4.4,2,0.915,147.62,1,2024,5,31,0
1,4,1,0,14355.09,422.91,4.02,6.3,3,0.585,15.35,0,2024,3,8,0
2,3,3,4,764.37,399.74,2.46,4.9,0,0.686,1.59,1,2024,5,9,4
1,0,1,4,3338.78,254.73,3.64,8.7,4,0.8,9.78,1,2024,10,8,5
0,8,1,2,609.66,117.22,3.27,5.5,2,0.741,3.54,1,2025,10,1,6
7,7,0,1,9888.38,422.82,2.44,4.8,1,0.599,1.4,1,2025,10,10,0
3,1,3,3,13521.44,363.85,1.67,9.2,1,0.57,40.31,1,2025,8,22,0
2,3,2,2,4030.49,490.4,3.54,7.2,2,0.562,25.56,1,2025,7,15,5
7,5,1,3,13942.0,78.69,4.02,1.1,0,0.932,9.41,1,2025,12,30,5
4,8,0,1,1373.88,113.61,3.46,1.8,4,0.516,0.5,0,2024,11,28,4
2,5,2,4,14049.32,106.69,1.26,7.9,1,0.989,17.57,0,2025,1,25,2
2,0,2,2,5598.53,396.48,1.91,8.4,3,0.599,6.63,0,2025,9,3,6
6,3,2,1,1970.6,94.27,1.43,5.5,2,0.555,12.4,1,2025,6,27,0
5,4,1,1,7545.14,34.26,3.08,5.5,1,0.788,10.76,1,2024,10,28,1
3,2,2,3,4223.26,499.28,3.7,6.3,1,0.54,5.11,1,2025,4,9,6
7,5,3,3,4630.66,13.38,1.56,4.4,4,0.801,23.04,1,2025,6,1,3
2,6,1,1,4955.7,417.79,3.97,6.8,3,0.925,5.6,0,2025,9,11,4
0,4,0,3,12143.88,183.32,3.03,1.1,3,0.524,1.1,1,2025,3,16,3
5,2,1,1,8317.84,420.97,3.48,9.6,0,0.9,8.9,0,2024,4,11,4
0,8,2,4,5013.96,277.76,4.41,7.5,3,0.697,4.69,0,2025,12,19,0
5,4,0,2,9349.84,450.91,1.48,6.3,0,0.58,0.89,0,2024,4,27,2
6,1,0,4,10884.18,463.17,4.17,3.2,1,0.588,0.52,0,2025,11,1,2
3,7,1,4,4453.05,5.54,1.62,1.6,3,0.959,3.49,0,2025,10,28,5
2,8,3,4,6496.46,38.63,2.5,4.1,1,0.555,15.75,0,2025,7,18,0
7,2,1,4,2267.35,125.93,4.01,6.6,1,0.933,3.16,0,2024,8,8,4
3,7,3,1,3126.67,334.99,4.19,6.3,4,0.772,16.57,1,2025,3,16,3
0,5,1,1,10376.21,444.25,2.87,3.8,3,0.52,10.09,1,2025,4,7,1
6,5,0,1,3130.86,230.51,3.16,6.1,2,0.732,2.16,1,2024,8,21,6
1,5,0,0,8114.87,303.88,3.54,8.1,3,0.909,0.5,0,2025,2,27,4
4,6,0,1,10781.17,95.06,3.95,0.3,4,0.863,1.45,0,2024,12,13,0
2,3,3,1,2049.72,402.68,1.6,4.5,1,0.744,5.27,1,2025,4,9,6
1,8,0,3,8726.03,483.7,3.87,7.6,2,0.93,5.14,1,2025,2,12,6
3,7,0,0,4220.16,135.03,2.79,5.5,4,0.56,0.59,1,2025,3,1,2
4,8,1,2,14462.44,247.92,2.69,6.5,4,0.955,40.34,1,2024,4,7,3
3,1,0,1,7511.41,43.97,2.6,5.2,2,0.923,4.23,1,2024,11,16,2
5,4,2,3,12186.89,280.01,2.88,9.9,3,0.854,13.59,0,2025,3,13,4
6,2,2,1,8478.28,251.89,4.32,0.5,1,0.909,7.74,0,2024,11,16,2
2,0,3,2,1129.48,73.07,3.01,4.9,3,0.772,2.09,1,2025,11,12,6
7,1,2,1,9680.69,221.59,4.35,0.9,4,0.838,17.74,1,2024,9,18,6
4,3,3,4,14295.35,167.72,1.79,1.6,0,0.78,21.59,0,2025,1,18,2
6,4,2,2,9223.37,261.39,3.59,3.8,0,0.678,6.35,0,2024,6,5,6
1,8,0,4,12378.24,293.24,3.88,1.6,0,0.784,0.5,0,2025,12,4,4
7,5,2,2,13320.99,5.24,3.44,9.6,3,0.629,13.88,0,2025,4,30,6
1,8,3,1,3807.16,380.74,3.2,9.5,0,0.72,7.45,1,2024,3,9,2
5,4,2,1,3574.65,356.79,3.06,3.4,2,0.64,19.98,1,2024,4,3,6
4,0,2,2,9359.22,183.78,4.04,6.4,1,0.561,10.32,1,2024,3,28,4
2,8,3,3,6459.91,27.42,3.91,5.3,0,0.661,11.52,0,2024,4,5,0
1,5,2,0,12677.99,377.71,1.6,8.2,0,0.926,10.96,0,2025,3,18,5
3,8,0,4,13550.34,477.63,4.0,6.3,4,0.691,2.49,1,2024,4,8,1
2,0,0,1,5624.61,120.84,2.57,0.0,1,0.874,1.4,0,2025,1,16,4
5,0,1,4,3934.62,162.44,2.04,7.6,0,0.588,3.78,0,2024,5,13,1
6,6,0,0,11817.62,92.72,4.07,7.5,4,0.712,1.76,1,2025,7,23,6
5,0,0,1,4484.69,288.89,2.63,5.1,0,0.557,0.5,1,2024,3,2,2
4,0,1,4,12427.91,78.27,3.87,9.0,2,0.569,100.25,1,2025,8,23,2
7,6,1,0,6644.2,178.74,2.07,9.1,0,0.809,6.93,1,2025,7,29,5
1,7,0,2,10179.47,348.81,1.21,5.2,2,0.804,5.22,1,2025,7,29,5
0,1,0,4,1885.26,280.5,2.84,6.1,4,0.607,0.5,1,2024,12,3,5
6,5,3,0,9545.96,193.84,1.53,10.0,4,0.737,59.05,1,2025,11,17,1
7,2,1,0,7050.63,210.7,3.69,3.0,3,0.932,6.43,0,2024,5,5,3
3,2,3,1,9005.82,281.49,2.11,3.2,3,0.587,17.17,0,2025,2,24,1
7,4,1,1,2936.21,3.93,2.66,1.8,1,0.51,2.77,0,2024,12,28,2
6,2,2,1,11184.67,40.18,1.49,9.0,0,0.826,9.27,1,2025,11,12,6
2,0,3,3,13010.56,440.75,2.15,7.4,1,0.527,37.52,1,2025,3,9,3
1,8,0,2,3642.73,39.86,3.78,1.1,3,0.99,1.06,1,2024,2,22,4
7,4,2,0,1887.86,353.69,1.7,9.8,0,0.805,2.05,1,2024,10,21,1
6,4,1,3,842.76,460.1,3.34,7.3,3,0.735,1.61,1,2025,9,6,2
3,7,3,0,9808.59,136.07,4.23,8.5,3,0.715,23.79,1,2024,11,15,0
7,5,0,4,9302.86,185.88,3.44,0.5,4,0.787,1.91,0,2024,12,26,4
3,4,2,3,8427.11,284.89,3.88,5.0,1,0.545,9.26,0,2024,4,16,5
4,0,1,1,3863.23,440.97,1.56,7.0,3,0.965,4.41,0,2025,8,14,4
2,8,0,1,6168.14,471.01,2.03,5.4,1,0.813,0.5,0,2025,6,3,5
4,8,2,2,9119.91,370.04,4.15,6.7,2,0.592,57.79,1,2024,8,5,1
4,5,1,3,7703.12,44.22,3.56,8.2,3,0.781,9.08,1,2024,6,7,0
3,8,3,4,14822.89,334.91,3.31,3.7,0,0.567,24.8,1,2025,11,3,1
3,7,2,4,2478.38,205.74,3.39,8.5,0,0.509,2.31,1,2025,5,8,4
2,8,2,2,10579.6,235.88,2.57,1.6,0,0.815,6.73,1,2024,8,17,2
1,6,1,4,6362.62,25.53,1.35,2.7,0,0.824,5.04,0,2024,4,20,2
6,1,2,1,6708.89,96.34,3.79,0.4,0,0.792,4.3,0,2024,12,24,5
3,6,3,2,10905.17,395.47,3.44,3.6,2,0.592,143.58,1,2025,7,23,6
5,3,0,3,10540.32,227.53,2.76,3.8,0,0.802,0.5,1,2025,1,11,2
5,8,3,2,14873.21,151.53,4.17,8.1,2,0.528,231.26,1,2024,4,27,2
3,2,2,4,2361.72,192.63,2.31,6.5,2,0.805,15.47,1,2024,10,12,2
6,2,2,1,2009.59,427.35,2.17,4.4,2,0.777,11.63,1,2025,8,10,3
7,4,3,3,11002.91,374.75,4.08,6.5,3,0.828,24.11,0,2024,8,19,1
6,3,0,2,8886.61,136.89,3.83,0.5,0,0.948,0.5,0,2025,3,15,2
4,6,0,1,4475.33,59.63,2.9,1.8,2,0.925,1.9,1,2025,7,28,1
2,0,1,2,1651.58,126.75,1.63,6.3,1,0.99,2.54,1,2025,9,28,3
2,1,1,1,1742.04,460.46,1.91,6.4,2,0.988,12.23,1,2025,9,20,2
3,7,3,2,13465.77,291.21,3.37,7.7,0,0.886,25.95,1,2025,11,22,2
5,7,1,1,3282.08,267.21,2.47,4.0,0,0.978,2.86,0,2025,10,20,1
3,7,0,4,5188.89,298.6,3.96,7.2,4,0.934,1.3,1,2025,7,24,4
4,3,1,4,3786.52,183.65,4.33,6.8,2,0.864,28.34,1,2024,1,27,2
5,4,2,1,5647.45,403.75,3.86,9.6,0,0.538,5.24,1,2025,9,15,1
6,1,0,4,1506.65,262.12,2.45,2.2,3,0.525,0.5,0,2025,11,4,5
3,2,0,2,8026.37,59.26,3.8,5.5,2,0.919,3.8,1,2025,12,11,4
2,4,1,3,1480.38,65.4,2.36,6.0,3,0.745,2.83,1,2024,9,30,1
1,5,1,3,12105.17,268.89,1.75,10.0,4,0.907,37.66,1,2024,1,30,5
7,3,3,3,3888.83,468.35,1.31,2.0,4,0.656,17.74,0,2024,7,3,6
5,2,3,4,8330.17,154.87,2.47,5.2,0,0.699,14.94,0,2024,10,6,3
7,3,0,4,13261.15,434.9,4.18,3.5,4,0.85,3.23,0,2025,12,20,2
1,4,2,2,9937.72,382.28,1.99,5.3,2,0.958,59.49,1,2024,11,12,5
7,3,0,0,8227.89,124.66,1.88,2.3,2,0.544,3.33,1,2024,12,13,0
6,2,3,2,5202.84,19.13,4.4,0.5,3,0.931,8.26,0,2024,12,25,6
0,7,3,2,5328.53,51.82,1.28,5.7,2,0.897,76.95,1,2024,1,7,3
7,5,2,1,10207.56,364.52,3.79,3.4,0,0.658,6.58,1,2024,7,4,4
6,2,2,4,14915.02,100.64,2.26,1.8,2,0.678,77.47,1,2024,5,26,3
0,5,2,3,10096.67,186.26,1.32,3.2,3,0.523,7.89,0,2025,8,2,2
0,1,3,2,8587.86,251.35,4.23,0.5,0,0.508,11.5,0,2025,11,4,5
5,3,3,0,11094.43,363.01,1.66,9.5,4,0.739,68.05,1,2025,2,14,0
1,7,3,3,7245.48,57.5,3.02,5.8,3,0.548,15.12,0,2024,3,12,5
2,4,2,1,1372.06,203.78,2.1,8.1,1,0.597,1.38,0,2024,5,25,2
3,6,0,2,8653.3,243.05,1.42,4.2,1,0.923,1.82,1,2025,10,10,0
2,4,3,2,14385.57,270.87,1.36,9.0,1,0.786,43.72,1,2024,2,1,4
4,3,3,4,3041.89,409.36,1.58,4.8,0,0.817,5.71,0,2024,4,3,6
6,4,0,1,10505.07,86.67,1.44,5.7,3,0.594,1.26,0,2025,6,27,0
1,7,1,1,3413.54,404.11,3.71,4.9,1,0.914,4.38,0,2024,8,8,4
5,2,3,3,8269.5,346.75,2.8,7.3,1,0.934,23.32,1,2025,1,20,1
6,6,3,0,1901.81,278.38,2.33,5.7,3,0.762,4.19,1,2025,3,5,6
1,8,3,4,7030.38,350.06,2.58,2.7,2,0.956,88.81,1,2025,4,9,6
6,4,2,1,11464.37,206.6,4.27,1.5,0,0.922,7.04,0,2024,12,15,3
1,5,3,4,5539.79,70.06,4.21,6.1,2,0.866,80.27,1,2024,6,10,1
3,1,1,0,10141.22,333.22,3.56,4.9,0,0.867,8.41,0,2025,1,13,1
1,7,3,0,12034.02,262.81,4.12,1.0,3,0.553,20.93,0,2024,11,15,0
1,8,1,2,13944.08,320.05,2.25,4.0,3,0.635,13.75,1,2024,11,28,4
4,1,3,4,3902.31,169.66,2.46,5.1,1,0.533,9.59,0,2025,8,4,1
4,8,1,1,6290.08,453.53,3.23,8.3,2,0.504,48.22,1,2025,9,2,5
5,3,3,1,2710.03,294.1,3.26,0.8,0,0.579,3.44,0,2024,3,27,6
3,5,2,3,14891.01,43.62,2.79,3.5,4,0.94,32.13,1,2024,2,23,0
2,0,2,0,13941.51,225.45,2.52,8.2,2,0.62,93.54,1,2024,6,8,2
0,3,0,0,8329.38,378.42,4.45,6.5,4,0.985,2.11,1,2024,6,10,1
5,7,0,3,12709.48,397.27,3.91,2.9,1,0.799,0.5,1,2025,9,24,6
2,8,2,3,8053.89,247.8,2.64,8.5,4,0.619,19.96,1,2024,2,20,5
2,3,2,3,9541.99,447.48,3.6,4.9,1,0.749,9.94,0,2025,11,21,0
1,0,0,2,1792.3,134.57,2.09,5.0,0,0.61,0.5,0,2024,3,24,3
1,5,3,3,11451.42,205.89,1.53,9.8,4,0.992,72.22,1,2024,10,5,2
7,5,1,3,2351.85,449.4,2.36,9.5,3,0.924,3.12,0,2025,3,29,2
6,0,0,1,12477.98,448.23,2.53,3.6,0,0.513,1.61,1,2025,11,8,2
1,0,1,2,11839.41,343.17,1.25,1.4,0,0.974,8.67,0,2025,3,10,1
6,1,1,4,10776.8,429.63,3.89,3.3,0,0.861,9.38,0,2025,5,12,1
2,8,3,1,1024.33,45.3,2.39,0.3,4,0.541,5.37,1,2025,9,13,2
1,4,2,2,4895.36,432.63,3.12,0.2,2,0.835,23.5,1,2025,3,28,0
1,4,2,4,4315.13,160.99,1.44,4.0,3,0.823,3.42,0,2025,2,28,0
5,0,2,2,5721.98,89.99,1.78,9.4,3,0.609,5.35,0,2024,10,6,3
3,6,1,4,1770.82,120.45,4.14,8.7,0,0.879,1.61,0,2024,8,8,4
2,0,2,0,14085.89,209.57,3.21,5.1,2,0.544,84.27,1,2025,6,8,3
5,8,0,2,8530.13,126.34,4.34,5.7,1,0.745,1.87,1,2024,4,26,0
6,3,3,0,4930.1,160.96,4.5,0.1,1,0.505,9.65,0,2024,12,19,4
0,8,2,2,6256.23,68.35,2.43,2.2,3,0.984,4.98,0,2025,3,16,3
6,2,0,2,6984.44,148.79,2.19,0.2,2,0.876,2.04,1,2024,4,23,5
2,8,2,1,9208.62,286.57,4.03,7.5,1,0.579,11.11,1,2024,10,17,4
6,2,2,2,7977.35,221.49,4.5,1.5,2,0.671,40.91,1,2025,11,25,5
3,5,0,2,13831.18,174.01,3.28,8.7,2,0.58,8.52,1,2025,11,25,5
1,4,0,0,7705.97,373.48,3.82,6.4,4,0.883,1.89,1,2025,8,30,2
0,8,1,1,14886.29,446.86,3.78,2.3,3,0.529,14.03,0,2025,5,13,5
0,2,3,2,12845.66,378.64,2.37,1.6,0,0.92,19.54,1,2025,6,23,1
4,0,3,4,3523.4,166.67,3.1,6.3,2,0.971,51.46,1,2025,11,14,0
4,0,2,1,13993.63,372.48,3.95,9.0,2,0.838,96.13,1,2024,11,11,1
5,8,2,3,2187.31,76.84,3.47,7.2,0,0.606,0.84,1,2024,2,16,0
1,7,2,4,12353.02,66.03,1.27,3.5,4,0.68,25.63,1,2024,8,13,5
0,5,3,0,6019.04,173.47,2.31,5.9,3,0.739,12.91,1,2025,2,8,2
6,3,0,3,13230.63,404.04,1.68,3.1,1,0.802,1.82,0,2025,9,5,0
2,1,3,1,13086.82,123.93,1.97,10.0,2,0.834,218.0,1,2024,2,26,1
4,0,1,0,12185.92,32.56,4.19,7.5,3,0.777,13.86,1,2024,1,8,1
0,3,3,1,11955.44,66.72,1.32,6.1,1,0.676,32.75,0,2024,7,28,3
0,6,2,1,4917.85,429.51,1.93,4.2,1,0.945,5.19,1,2024,11,4,1
2,0,1,2,1673.33,317.26,2.22,6.2,4,0.541,4.97,1,2024,8,4,3
4,1,3,0,6343.21,127.35,3.24,3.4,0,0.733,11.3,1,2024,5,20,1
5,4,0,3,3016.11,278.09,2.96,0.3,0,0.888,1.25,0,2024,9,18,6
6,6,0,2,10576.79,264.26,1.92,4.0,1,0.53,1.04,0,2024,10,23,6
1,8,0,1,5518.45,328.06,1.74,9.3,1,0.853,0.8,1,2024,12,1,3
6,3,2,1,14646.35,117.36,1.98,6.3,1,0.91,17.96,1,2024,5,2,4
1,3,0,2,9794.1,432.34,2.86,0.8,1,0.83,0.72,1,2024,1,8,1
2,7,3,1,12425.97,155.37,2.09,8.8,0,0.506,25.23,0,2025,5,24,2
6,4,0,3,2421.61,347.37,4.33,2.7,2,0.59,0.58,1,2025,3,16,3
1,3,1,3,12999.21,9.05,2.73,2.4,1,0.671,15.04,1,2024,6,28,0
5,2,1,0,13879.98,186.96,1.39,3.0,1,0.617,17.18,1,2024,5,12,3
3,0,0,1,7562.4,176.5,3.61,5.8,1,0.981,0.5,1,2025,1,24,0
0,8,0,4,9290.67,272.2,2.29,5.4,3,0.826,0.67,0,2025,6,29,3
6,3,1,0,11589.74,37.3,3.36,4.9,2,0.648,79.42,1,2025,12,21,3
6,2,2,3,3035.16,395.28,2.12,7.2,2,0.965,20.64,1,2024,8,23,0
0,3,3,0,7787.21,109.67,3.08,3.2,3,0.87,15.66,1,2025,5,27,5
2,3,2,3,6280.61,338.84,3.75,7.8,1,0.642,7.89,1,2025,7,26,2
1,8,3,1,2622.42,401.8,4.26,1.8,3,0.689,5.01,0,2025,11,15,2
7,7,2,4,5829.25,281.38,2.06,7.8,1,0.6,7.44,1,2024,12,28,2
6,3,3,4,1488.5,370.7,2.31,6.6,2,0.986,22.72,1,2024,3,14,4
4,2,0,3,874.27,331.27,2.73,6.8,2,0.759,0.5,1,2025,2,10,1
5,3,0,4,2459.91,178.41,4.26,4.8,4,0.948,0.84,1,2024,2,13,5
7,6,3,3,14465.17,404.62,4.17,6.7,0,0.673,27.33,1,2025,3,22,2
5,1,3,0,8468.18,148.06,1.5,0.8,0,0.93,12.84,0,2024,1,20,2
5,1,0,4,14504.42,286.04,1.64,8.5,1,0.527,0.5,1,2025,4,15,5
1,8,3,0,6771.22,372.95,2.84,0.6,3,0.991,11.3,0,2024,3,20,6
3,1,2,4,5021.33,190.1,1.55,1.5,1,0.956,4.31,0,2024,11,16,2
0,8,3,1,7839.06,152.08,2.34,5.8,1,0.682,21.12,0,2025,8,12,5
1,5,0,3,6872.92,230.21,1.69,7.4,3,0.887,0.5,1,2025,3,15,2
4,8,2,1,2032.14,409.16,3.3,0.8,2,0.876,9.02,1,2025,8,10,3
4,2,0,1,9791.98,465.03,4.33,9.2,3,0.951,1.98,0,2025,2,18,5
2,1,1,0,3632.55,273.0,4.49,9.7,3,0.654,4.81,1,2025,12,27,2
3,4,0,1,9484.03,331.07,2.44,6.1,1,0.733,1.03,1,2025,10,17,0
3,0,2,2,9927.92,451.73,3.18,4.8,1,0.932,11.18,0,2025,3,3,1
0,8,2,4,2704.36,50.17,4.03,7.4,1,0.889,3.38,0,2024,10,23,6
2,7,1,1,1389.57,116.81,1.59,3.3,1,0.697,2.18,0,2024,4,27,2
6,3,2,1,11821.04,354.74,3.48,4.9,2,0.923,69.86,1,2025,2,18,5
7,2,3,0,7167.11,412.05,2.55,9.2,2,0.523,116.21,1,2024,1,22,1
0,7,0,3,1343.38,428.66,1.88,9.6,0,0.891,0.5,1,2024,11,28,4
5,1,0,1,14925.56,208.14,2.53,9.3,2,0.603,8.58,1,2024,6,24,1
3,6,2,3,1337.82,45.58,1.45,2.6,3,0.643,1.72,0,2025,9,24,6
7,3,3,1,10578.01,219.45,3.49,2.3,1,0.747,24.38,0,2025,4,16,6
2,3,1,0,14763.34,116.14,2.03,3.0,1,0.725,18.18,0,2025,12,7,3
7,3,1,1,3968.11,146.31,2.23,4.4,0,0.76,3.42,0,2025,1,5,3
7,1,1,2,2562.62,386.36,1.6,3.1,1,0.772,3.91,0,2024,3,31,3
2,6,3,2,2260.08,38.69,4.05,3.7,4,0.666,10.66,1,2025,3,23,3
6,4,0,0,4897.49,413.96,2.83,6.2,3,0.588,0.5,0,2024,4,18,4
3,6,1,4,1965.16,214.41,3.09,7.6,3,0.884,1.81,0,2024,9,6,0
7,6,3,2,10536.34,298.44,3.08,7.4,2,0.7,160.19,1,2025,3,22,2
4,8,0,0,1403.23,45.74,2.55,8.1,2,0.753,1.59,1,2025,8,26,5
0,4,2,2,7886.62,169.34,1.84,0.3,2,0.822,38.96,1,2025,2,14,0
0,7,1,3,14952.1,45.76,3.66,0.5,2,0.955,83.89,1,2025,6,20,0
2,8,3,3,12302.57,480.81,1.62,7.9,0,0.854,23.96,1,2024,3,21,4
0,6,3,4,9420.68,403.82,1.54,5.3,1,0.523,23.25,0,2025,2,9,3
0,1,2,0,4940.68,230.36,3.54,5.8,4,0.919,11.77,1,2024,11,13,6
0,2,1,3,9546.49,112.58,1.89,0.5,2,0.995,54.99,1,2024,12,13,0
0,8,1,0,8142.1,466.79,2.21,2.6,2,0.736,50.99,1,2024,8,14,6
4,5,3,4,6678.21,172.95,2.77,6.4,3,0.985,14.72,0,2024,12,7,2
5,8,0,1,2395.3,81.33,2.68,8.6,4,0.774,0.57,1,2024,6,21,0
1,3,2,1,13355.76,282.02,3.54,9.2,2,0.73,92.37,1,2024,3,19,5
5,3,0,1,7021.88,471.94,3.26,5.0,2,0.666,3.87,1,2025,6,6,0
4,8,1,0,3322.03,2.91,3.33,5.5,0,0.829,2.82,1,2025,10,10,0
0,2,3,1,5832.51,119.82,3.56,8.3,3,0.615,14.23,0,2024,4,26,0
2,8,2,1,6504.88,469.29,2.17,5.4,4,0.552,14.68,0,2025,6,27,0
0,4,2,0,12499.3,86.37,2.26,5.2,4,0.514,27.66,1,2025,6,6,0
5,2,3,2,11137.41,57.51,2.65,9.1,2,0.646,178.98,1,2024,7,17,6
3,7,0,2,11654.92,285.52,2.21,7.9,1,0.698,0.5,1,2024,12,23,1
5,7,2,0,659.95,431.06,4.45,9.1,1,0.776,1.51,1,2024,12,25,6
5,1,2,3,6534.23,239.08,3.89,2.2,1,0.646,6.24,0,2025,10,22,6
7,7,0,2,7479.49,497.29,1.74,5.2,3,0.992,0.76,0,2024,5,31,0
6,5,0,4,778.29,339.91,1.22,8.4,1,0.646,0.98,1,2024,8,29,4
7,4,3,4,4267.29,37.96,1.34,1.1,4,0.72,18.49,0,2024,4,15,1
5,4,3,2,11524.2,496.42,2.01,7.9,2,0.552,178.61,1,2024,5,29,6
1,2,0,1,2488.09,204.54,1.58,1.8,1,0.63,0.5,0,2024,9,19,4
0,2,3,0,8262.0,144.41,2.96,8.1,1,0.524,24.18,1,2024,7,21,3
5,0,2,2,3620.43,279.38,4.03,6.1,4,0.78,9.39,1,2024,6,26,6
6,5,0,3,675.75,152.85,3.63,1.9,0,0.876,0.82,0,2025,9,8,1
5,0,3,4,3997.42,44.14,1.91,4.7,2,0.598,55.24,1,2024,6,5,6
0,3,0,0,14650.17,1.71,2.52,6.8,3,0.684,1.95,0,2025,11,2,3
1,6,1,0,12122.29,225.34,2.88,6.3,2,0.508,88.6,1,2024,3,18,1
0,8,2,1,14413.86,418.59,3.87,4.3,4,0.92,31.39,1,2024,6,30,3
5,2,0,3,7573.88,286.59,3.97,9.0,2,0.89,4.42,1,2025,10,5,3
1,2,1,4,2091.17,499.6,4.2,5.2,0,0.532,1.18,0,2025,5,20,5
0,2,2,1,8445.41,144.14,2.88,5.1,4,0.682,19.5,1,2025,4,20,3
1,0,2,2,7088.47,140.95,3.49,0.6,0,0.978,4.62,0,2025,7,31,4
0,2,0,2,12743.18,80.71,1.57,9.2,0,0.696,0.98,1,2025,8,16,2
2,1,2,0,1922.2,82.87,3.07,1.8,4,0.763,3.74,1,2025,4,4,0
4,3,0,1,7579.5,143.31,2.02,5.3,0,0.678,0.5,1,2025,11,28,0
5,8,0,3,2675.71,396.63,2.62,8.0,1,0.798,0.5,1,2025,8,1,0
0,6,3,3,5207.8,452.97,3.29,2.2,0,0.989,8.18,0,2025,10,20,1
7,2,0,4,11191.68,487.57,2.05,5.3,1,0.999,0.84,0,2025,10,12,3
1,8,1,0,7402.26,116.91,1.37,2.4,4,0.887,17.17,0,2025,10,1,6
4,3,2,4,5950.38,440.77,1.23,7.6,1,0.702,7.28,1,2024,11,26,5
3,6,3,2,6219.91,164.8,1.27,5.6,2,0.747,88.27,1,2025,10,4,2
0,8,1,4,7161.98,57.31,1.23,8.6,2,0.678,56.33,1,2024,11,19,5
2,7,0,1,11882.74,435.14,1.56,8.9,3,0.993,0.5,0,2024,6,3,1
7,4,2,0,13435.23,318.42,1.99,6.5,2,0.854,84.66,1,2025,3,26,6
7,2,3,0,14352.35,83.2,1.93,7.3,0,0.724,27.47,1,2024,3,10,3
1,2,2,0,11910.1,215.49,4.46,5.5,3,0.506,10.02,1,2025,4,25,0
2,4,2,3,5073.4,144.34,2.21,3.8,2,0.76,28.79,1,2025,3,28,0
6,0,2,2,10477.95,368.66,1.62,6.5,4,0.992,24.91,1,2025,10,8,6
1,8,3,1,6845.25,227.25,3.0,9.1,1,0.762,20.24,0,2024,11,6,6
6,6,2,4,4192.72,494.65,4.03,4.2,4,0.591,9.76,1,2024,10,8,5
5,0,2,2,12692.64,28.32,3.44,3.1,0,0.511,8.55,0,2025,8,28,4
3,7,3,3,1057.18,178.15,2.18,3.9,2,0.677,13.98,1,2024,2,27,5
1,7,2,3,13575.55,241.47,3.05,4.4,2,0.959,78.64,1,2024,12,26,4
6,4,2,2,7191.42,252.06,3.56,0.7,1,0.998,5.77,0,2025,6,3,5
6,0,0,1,9739.42,158.65,3.6,5.0,0,0.973,1.14,0,2024,3,16,2
4,7,2,3,10060.63,364.89,3.4,4.9,0,0.865,6.99,1,2024,11,13,6
1,8,0,0,13479.21,437.5,4.07,5.9,4,0.779,2.61,1,2025,4,17,4
6,1,3,0,9731.71,469.42,4.07,3.6,2,0.795,128.04,1,2025,4,7,1
3,1,1,2,9402.04,402.74,3.11,6.1,1,0.769,13.53,0,2024,2,8,4
7,2,3,0,1466.45,425.44,2.62,8.8,0,0.854,2.39,0,2024,2,28,6
2,3,2,0,8016.92,275.72,3.32,9.6,0,0.709,6.83,1,2025,1,12,3
7,4,0,2,2677.45,413.12,3.9,5.8,4,0.835,1.23,1,2024,10,20,3
1,3,3,2,11192.79,152.45,1.22,0.4,0,0.561,16.11,0,2024,3,19,5
1,4,0,2,7927.22,199.84,4.47,9.7,0,0.633,0.95,1,2025,10,22,6
1,2,0,3,10363.3,159.14,1.8,7.1,2,0.918,5.32,1,2024,4,2,5
2,4,0,1,1104.26,234.23,2.75,3.4,3,0.952,0.5,1,2025,9,21,3
0,2,1,0,1729.48,143.5,4.08,1.5,4,0.77,3.78,0,2025,8,31,3
2,4,1,1,10886.69,480.84,1.94,1.4,4,0.516,23.88,1,2025,6,3,5
3,1,0,2,1545.22,157.11,2.77,1.7,2,0.963,0.5,1,2025,1,28,5
3,2,3,1,1533.22,49.92,1.64,0.5,3,0.851,2.36,0,2025,4,18,0
5,7,2,1,675.57,263.88,2.5,9.0,2,0.707,5.35,1,2025,8,17,3
7,4,1,2,14369.27,29.49,1.78,5.4,1,0.799,19.04,0,2025,7,21,1
3,1,3,3,11193.87,56.16,2.4,7.0,2,0.715,168.59,1,2024,2,12,1
3,0,1,1,5622.15,110.48,2.43,8.3,1,0.733,8.37,1,2025,4,5,2
7,2,2,4,4799.77,232.71,4.48,7.9,4,0.943,11.58,1,2025,8,8,0
1,7,3,2,5570.7,217.19,4.48,8.8,1,0.581,17.37,0,2025,10,29,6
5,2,1,1,11732.48,400.05,1.58,9.7,0,0.552,12.19,1,2024,7,11,4
7,7,2,0,10089.87,370.0,3.6,4.4,3,0.501,9.27,0,2024,11,25,1
3,2,0,2,3185.34,213.73,1.37,9.5,0,0.657,0.5,0,2025,9,11,4
7,1,3,0,3024.59,167.52,1.3,7.2,3,0.574,7.38,0,2025,5,2,0
3,4,0,2,1926.74,158.92,1.55,0.7,2,0.61,1.37,1,2025,5,28,6
1,5,3,4,10074.39,387.22,4.39,6.8,3,0.506,22.66,1,2024,6,3,1
6,0,0,3,11583.4,26.98,4.3,6.9,0,0.614,0.5,1,2024,3,4,1
5,4,1,2,4343.17,7.4,1.84,9.1,0,0.666,4.36,0,2025,4,6,3
6,6,2,1,803.7,397.98,1.73,3.7,0,0.516,0.87,0,2024,4,15,1
3,4,2,3,1691.49,239.1,1.99,5.8,3,0.804,1.68,0,2024,12,17,5
3,0,3,1,14533.97,66.31,2.9,0.1,4,0.784,61.23,1,2024,3,27,6
5,5,1,2,4783.95,118.55,3.08,3.3,0,0.549,4.38,0,2025,5,31,2
3,5,0,0,11653.74,466.32,1.93,0.6,0,0.798,0.5,0,2025,10,23,4
3,5,2,0,9557.62,429.89,3.7,5.2,2,0.999,56.81,1,2024,6,25,5
3,2,1,3,6038.12,355.18,2.22,8.2,1,0.972,8.84,1,2024,2,10,2
7,2,3,4,3482.47,241.63,4.24,2.1,0,0.501,5.17,1,2024,9,10,5
6,5,0,1,2260.1,260.64,3.37,5.3,1,0.898,0.62,0,2025,12,25,4
5,7,0,3,9417.69,487.65,2.64,2.0,4,0.677,1.08,0,2025,3,24,1
5,0,3,2,11732.19,482.92,3.81,1.2,3,0.532,21.24,0,2025,3,25,5
1,0,1,0,9836.61,108.42,3.9,5.1,2,0.648,69.29,1,2025,6,20,0
2,6,3,1,8189.38,405.74,2.16,0.8,0,0.661,11.82,1,2025,6,19,4
5,1,0,0,1108.29,99.42,2.32,5.9,1,0.762,0.5,0,2025,9,16,5
3,4,2,4,14543.09,107.56,4.29,0.3,2,0.831,69.95,1,2024,6,11,5
4,6,1,0,12081.36,338.37,1.74,1.1,4,0.875,26.24,0,2025,1,7,5
1,5,1,2,4745.92,203.1,1.34,5.5,3,0.623,4.84,0,2025,1,16,4
5,8,0,3,14709.57,465.84,2.7,5.9,3,0.661,1.91,0,2024,10,16,6
7,6,1,2,9227.28,45.42,3.84,0.3,3,0.654,7.76,0,2025,1,31,0
2,7,1,1,8945.13,256.25,3.75,5.7,3,0.681,8.93,1,2025,2,22,2
6,0,3,3,11347.06,459.34,4.23,8.4,3,1.0,26.97,1,2024,12,12,4
5,3,3,4,12270.66,452.15,2.96,7.2,1,0.889,35.21,1,2025,11,26,6
5,1,1,3,10018.94,79.11,1.53,1.3,2,0.987,59.3,1,2025,9,4,4
1,7,1,0,2357.39,183.95,3.14,5.9,3,0.847,3.28,0,2024,2,23,0
0,6,2,0,5404.88,309.94,3.77,6.7,0,0.703,4.69,1,2025,10,8,6
0,8,2,2,13957.21,80.54,1.51,0.4,2,0.695,67.18,1,2025,10,24,0
4,0,3,4,3756.93,484.04,1.77,8.6,0,0.744,7.17,1,2024,12,8,3
1,8,2,2,5896.42,457.46,1.24,9.1,1,0.708,7.76,1,2024,3,8,0
5,5,3,3,6765.11,84.31,3.16,8.5,3,0.914,15.24,0,2024,12,3,5
4,7,1,2,6871.37,61.46,4.13,8.2,0,0.733,6.91,0,2024,4,6,2
2,6,0,3,9387.62,43.62,3.41,7.4,0,0.648,0.5,1,2025,7,25,0
7,0,0,4,14174.6,454.81,4.44,6.3,1,0.887,1.97,0,2025,11,25,5
3,0,2,4,3990.04,97.62,1.41,6.8,3,0.927,4.27,0,2025,1,30,4
6,2,2,0,2261.77,208.73,4.18,8.1,0,0.71,2.14,0,2024,10,17,4
7,6,2,1,3363.32,224.98,3.89,6.6,3,0.834,2.86,1,2024,9,15,3
5,0,2,2,13360.41,299.91,2.24,3.3,4,0.529,27.85,0,2025,11,3,1
1,4,0,2,9864.26,36.8,4.41,3.8,3,0.765,0.5,1,2025,9,9,5
0,3,0,2,4645.65,114.15,2.15,9.0,1,0.522,0.5,1,2024,6,2,3
1,7,3,0,12331.23,465.81,4.13,0.2,1,0.515,25.74,1,2024,12,7,2
3,2,2,3,12989.86,454.3,4.11,7.0,3,0.806,12.87,0,2024,3,24,3
1,2,1,1,12774.46,390.86,3.7,9.5,4,0.652,39.34,1,2025,8,19,5
4,7,2,2,13824.43,10.68,3.06,7.1,2,0.871,89.8,1,2025,11,10,1
0,8,3,2,4157.49,164.18,1.6,9.9,1,0.948,13.35,1,2024,5,24,0
0,7,3,3,11448.11,314.35,2.96,6.9,4,0.57,64.43,1,2024,12,24,5
1,2,2,3,7177.82,138.32,2.38,0.3,3,0.862,4.41,0,2024,11,13,6
3,1,2,2,12708.98,454.88,3.81,8.3,1,0.757,15.9,1,2025,11,2,3
5,0,2,1,11063.11,317.31,3.7,2.8,4,0.556,22.03,1,2025,12,16,5
0,1,2,3,11758.49,36.88,4.21,4.5,0,0.826,8.47,0,2025,11,9,3
7,0,0,0,10014.35,454.59,1.25,3.1,4,0.805,1.46,1,2025,2,5,6
3,5,2,3,3072.72,478.93,3.87,2.7,1,0.758,2.92,0,2024,5,12,3
1,5,2,4,8402.89,39.78,4.3,4.3,0,0.963,6.61,0,2025,9,1,1
0,6,0,2,14777.71,266.65,3.8,3.8,4,0.761,2.98,0,2025,12,26,0
2,6,0,2,14092.13,152.38,1.63,6.3,4,0.995,3.4,1,2024,3,27,6
7,7,1,2,1126.02,197.03,1.47,8.1,1,0.755,0.85,1,2024,11,13,6
6,6,0,3,2889.81,90.65,1.27,3.0,2,0.558,1.41,1,2025,7,26,2
2,8,2,0,2410.07,289.46,3.27,2.1,4,0.735,5.25,1,2025,1,20,1
0,2,3,4,11026.71,479.03,3.28,6.7,1,0.591,31.39,1,2025,10,20,1
3,1,1,3,12357.89,252.03,4.46,6.7,1,0.799,16.41,1,2024,12,2,1
2,0,3,3,3595.91,42.37,2.51,9.0,4,0.847,21.56,1,2024,5,10,0
3,2,2,4,7834.86,310.38,2.3,0.2,0,0.734,5.22,0,2025,11,17,1
3,1,0,2,12690.19,170.77,3.26,8.5,1,0.549,1.32,1,2025,12,20,2
6,6,0,4,11125.62,428.11,3.92,5.2,2,0.734,5.39,1,2025,12,2,5
3,5,1,2,8362.44,217.9,4.29,6.2,1,0.541,10.64,0,2025,6,23,1
0,7,3,4,9060.04,97.23,3.85,0.9,3,0.841,15.32,0,2024,4,5,0
1,4,1,1,7871.23,96.36,2.61,4.3,4,0.895,19.1,1,2025,10,23,4
4,3,3,2,4814.45,384.61,3.3,2.3,4,0.981,22.37,0,2025,11,17,1
4,1,1,1,8692.82,133.53,4.03,2.5,4,0.574,20.86,1,2025,3,9,3
2,5,2,0,10488.84,383.85,2.82,5.0,4,0.766,22.82,0,2025,6,4,6
5,8,2,4,13163.18,103.74,1.92,8.1,3,0.784,13.35,0,2025,1,5,3
2,0,1,4,9726.22,161.52,1.76,7.4,4,0.961,28.22,1,2024,1,19,0
7,3,2,2,11536.26,233.28,1.2,5.9,4,0.814,26.69,1,2025,1,6,1
7,2,3,4,2821.04,471.65,3.57,5.4,0,0.573,4.17,1,2024,11,12,5
6,0,3,3,7192.58,465.93,1.57,4.3,4,0.718,36.57,1,2024,7,3,6
7,2,3,3,635.31,104.23,2.0,9.7,1,0.827,1.94,1,2024,8,7,6
0,6,0,1,4076.84,179.75,2.18,5.6,1,0.85,0.5,1,2024,12,15,3
6,6,1,0,11033.69,75.55,3.05,2.5,2,0.932,68.81,1,2025,5,12,1
6,8,0,0,14881.24,255.48,2.51,2.3,2,0.59,6.96,1,2024,7,15,1
1,4,1,3,1938.08,230.83,3.43,6.1,1,0.976,2.89,0,2024,8,19,1
2,0,1,0,6321.67,450.48,1.38,5.2,4,0.53,17.81,1,2024,5,20,1
4,3,1,1,12101.03,465.07,1.61,0.1,2,0.992,67.54,1,2024,6,7,0
3,2,1,0,3458.52,192.4,2.85,8.3,3,0.929,4.83,1,2024,3,20,6
3,7,0,1,8548.73,246.38,2.31,7.0,4,0.83,1.98,1,2024,10,29,5
4,2,2,4,11129.53,448.22,2.18,6.6,2,0.867,70.49,1,2024,4,13,2
7,3,2,4,9431.79,403.55,1.42,0.7,3,0.536,7.04,0,2025,6,3,5
7,6,2,3,3226.36,2.82,4.16,3.6,4,0.521,6.19,1,2025,7,6,3
6,5,0,2,5653.08,160.71,3.48,9.4,2,0.551,3.61,1,2025,6,23,1
7,3,0,3,11864.98,211.47,1.6,8.6,3,0.544,0.5,0,2024,2,8,4
4,3,1,4,8536.28,115.63,1.41,2.9,4,0.774,19.89,1,2025,11,8,2
6,1,1,2,575.83,100.59,4.42,1.6,2,0.608,3.51,1,2024,12,10,5
6,1,0,1,11534.37,19.85,3.45,4.5,1,0.93,1.7,0,2025,9,24,6
6,4,0,0,1012.01,322.04,2.58,3.6,3,0.723,0.79,0,2024,5,14,5
5,5,0,4,11313.14,131.99,3.52,6.8,1,0.848,1.07,1,2025,9,3,6
0,3,1,2,3435.97,27.12,3.7,9.7,1,0.826,5.39,0,2025,1,20,1
5,3,2,2,14392.07,116.26,3.77,3.6,3,0.66,12.64,1,2024,6,6,4
6,5,0,0,5835.14,401.16,2.78,0.6,1,0.622,0.5,0,2024,6,15,2
5,4,0,1,5240.51,425.89,2.62,9.0,1,0.671,0.8,1,2024,7,4,4
3,5,3,0,2658.88,242.05,1.24,0.4,4,0.898,10.87,0,2025,12,10,6
3,6,1,3,4931.26,208.62,4.26,9.5,2,0.793,40.36,1,2025,10,1,6
1,7,2,0,13211.44,488.95,3.19,6.6,4,0.627,31.2,1,2024,6,18,5
6,4,0,2,14946.85,101.08,1.87,9.4,3,0.909,1.59,0,2025,3,24,1
1,6,1,2,5840.49,108.46,4.23,2.0,3,0.527,5.63,0,2024,2,14,6
3,8,3,1,7004.85,146.64,4.22,0.4,0,0.85,10.37,0,2025,2,24,1
0,8,1,2,10970.03,87.21,4.46,4.9,1,0.72,14.39,1,2025,1,8,6
2,4,0,4,13349.84,190.3,4.08,4.5,1,0.866,1.36,0,2025,11,23,3
3,8,1,4,9099.14,455.51,4.49,3.3,4,0.964,23.03,1,2024,8,31,2
5,1,2,2,6177.12,308.06,2.01,9.6,2,0.875,42.74,1,2025,3,30,3
6,8,0,2,6483.02,206.56,3.98,8.2,1,0.721,1.56,1,2025,9,17,6
3,2,1,0,10586.46,467.27,3.92,6.6,0,0.575,9.64,0,2024,10,18,0
7,4,2,0,546.66,25.18,1.96,1.6,2,0.903,3.1,1,2025,4,4,0
0,3,0,0,9484.05,105.93,1.52,7.3,2,0.73,5.24,1,2024,8,27,5
0,5,0,3,5654.65,283.38,4.43,7.3,4,0.538,0.85,1,2025,6,30,1
2,1,2,2,12015.86,308.16,2.18,4.3,3,0.86,10.65,0,2024,9,1,3
7,6,0,1,1848.36,20.74,4.07,9.2,3,0.646,0.69,1,2024,11,12,5
3,1,0,4,9028.93,202.12,1.21,1.7,1,0.524,1.0,0,2025,4,25,0
3,5,1,1,7474.11,324.93,1.27,2.7,2,0.951,46.8,1,2024,7,17,6
5,7,1,3,9813.72,349.34,2.74,0.6,2,0.742,58.05,1,2025,1,11,2
1,7,3,4,1440.38,319.43,1.99,8.0,3,0.64,3.95,1,2025,11,25,5
6,1,0,0,8909.76,160.96,3.48,6.2,4,0.858,2.29,1,2025,8,7,4
1,0,3,3,8641.53,47.67,3.07,3.1,4,0.943,41.5,0,2025,3,27,4
4,1,2,3,8629.57,214.13,1.46,1.6,3,0.5,6.36,0,2025,4,17,4
0,3,1,2,9250.57,65.25,1.74,0.4,1,0.844,9.69,1,2024,10,15,5
5,7,1,3,10308.79,473.86,2.48,1.7,2,0.884,62.59,1,2025,1,26,3
1,6,3,2,12172.34,238.11,1.81,4.5,4,0.605,61.72,0,2025,5,29,4
6,3,2,3,4412.4,159.31,3.81,2.5,2,0.745,23.07,1,2025,6,24,5
5,7,1,2,12463.22,383.39,2.57,2.6,0,0.545,10.05,1,2025,3,4,5
0,2,2,3,7724.71,249.48,1.51,8.8,4,0.873,19.99,1,2024,6,14,0
4,7,1,3,1617.35,155.71,2.8,5.2,0,0.924,1.03,1,2024,7,23,5
6,4,3,1,1348.99,406.17,1.5,7.3,4,0.554,7.12,1,2025,9,11,4
1,7,1,3,5346.46,433.71,1.63,0.4,4,0.908,12.06,1,2024,5,21,5
3,2,2,3,11881.01,336.83,1.99,3.7,0,0.886,8.54,0,2024,9,13,0
6,6,1,3,10761.37,24.44,4.04,4.8,4,0.673,27.11,1,2024,2,23,0
7,2,1,2,11934.92,283.6,4.25,1.9,0,0.845,8.41,0,2025,10,18,2
6,3,0,1,8000.4,381.88,3.93,1.2,2,0.5,3.35,1,2025,5,7,6
6,1,3,1,6882.89,69.12,2.3,8.7,3,0.966,16.83,0,2025,1,15,6
3,7,0,1,2638.06,115.11,2.1,9.4,2,0.775,1.91,1,2025,7,21,1
1,2,1,2,5258.79,441.37,3.01,0.8,4,0.81,11.95,0,2024,4,15,1
7,5,3,0,6793.28,11.04,3.58,3.5,1,0.832,15.88,1,2025,12,29,1
1,0,3,2,1784.71,376.61,4.48,9.6,1,0.781,5.61,0,2025,6,12,4
5,7,3,2,3698.87,237.41,1.63,0.8,3,0.928,7.13,0,2024,5,7,5
7,2,2,4,9174.27,223.94,1.36,6.4,0,0.805,7.88,0,2024,10,18,0
7,4,2,1,11167.12,4.54,3.49,9.7,0,0.954,10.06,0,2024,3,26,5
0,8,0,2,14976.04,409.88,3.95,9.8,1,0.791,2.92,1,2024,6,13,4
3,8,3,1,14030.14,180.55,3.99,4.7,3,0.586,29.2,1,2024,10,6,3
5,4,0,2,9817.2,270.84,3.44,1.6,4,0.957,2.18,0,2025,4,5,2
2,6,1,3,6608.1,338.97,4.35,2.0,3,0.841,6.09,0,2025,6,9,1
0,5,0,1,9724.57,351.61,2.89,8.9,2,0.85,5.46,1,2024,5,30,4
7,4,1,0,11891.95,478.03,4.22,9.1,3,0.993,13.99,0,2025,3,23,3
1,4,3,3,2215.87,266.14,4.39,6.1,2,0.538,32.19,1,2024,4,3,6
1,3,3,4,6443.62,200.46,4.0,7.7,0,0.714,12.27,1,2024,8,15,4
0,1,1,4,12677.13,476.9,2.22,7.4,1,0.62,17.21,1,2025,4,6,3
0,6,0,0,6065.58,321.41,1.85,6.6,1,0.815,0.5,1,2024,12,23,1
6,1,2,1,8792.15,149.78,3.01,8.3,3,0.903,8.72,1,2024,1,28,3
4,6,1,0,9022.66,64.11,2.69,6.9,1,0.983,12.98,0,2025,2,28,0
7,1,3,0,3174.91,421.43,4.1,5.3,3,0.727,6.7,0,2024,2,24,2
0,3,1,4,5752.41,181.73,1.53,2.4,2,0.893,35.71,1,2025,2,9,3
1,6,1,2,5350.41,330.57,2.05,7.4,4,0.959,14.8,1,2025,5,29,4
6,4,2,4,879.85,235.94,3.68,4.7,4,0.842,1.95,1,2025,1,17,0
2,7,3,4,850.78,100.27,1.51,2.9,4,0.621,4.73,1,2024,8,29,4
2,4,1,3,12559.61,301.24,2.26,8.0,0,0.804,12.3,0,2025,1,30,4
3,8,1,1,4459.53,31.28,2.48,7.0,3,0.985,4.26,0,2024,3,24,3
0,5,0,0,8012.14,207.26,3.25,9.4,2,0.994,4.28,1,2025,1,18,2
7,7,3,3,4831.52,273.76,1.72,1.7,0,0.821,7.56,0,2024,8,17,2
6,1,0,1,14139.85,218.59,4.04,6.5,0,0.943,0.86,0,2024,1,29,1
2,4,0,2,4259.8,374.59,2.68,2.4,1,0.6,0.5,1,2024,11,22,0
2,6,1,4,6730.02,414.13,4.23,9.0,3,0.623,7.84,1,2024,4,11,4
6,8,0,1,13154.59,385.85,2.74,1.0,4,0.976,2.41,1,2025,10,27,1
1,0,2,3,12708.04,20.37,2.11,6.6,2,0.568,80.22,1,2024,12,9,1
3,5,2,4,3198.47,97.87,1.67,7.9,4,0.596,7.88,1,2024,5,29,6
4,0,3,3,12138.33,268.77,1.21,3.5,0,0.71,19.42,0,2024,5,20,1
5,4,0,3,7143.71,467.48,2.96,9.5,4,0.795,2.11,1,2024,2,9,0
7,2,2,1,7503.05,417.64,1.55,8.5,0,0.802,6.26,1,2024,10,20,3
0,1,2,3,2435.46,421.42,2.49,2.9,3,0.646,2.3,0,2025,4,28,1
4,6,1,2,1668.72,152.3,3.14,0.1,0,0.96,0.57,0,2025,12,13,2
3,5,3,4,11055.12,215.29,2.11,3.0,4,0.958,53.76,1,2024,5,22,6
0,4,3,4,7698.69,235.88,1.78,2.8,4,0.696,37.23,1,2025,12,23,5
6,3,1,1,6834.34,79.53,3.76,8.9,0,0.717,5.9,1,2025,4,25,0
2,1,0,1,11077.87,16.5,4.32,9.7,3,0.851,0.63,1,2025,4,4,0
1,5,3,0,11599.94,473.5,1.53,0.7,2,0.831,133.67,1,2025,9,22,1
6,0,1,3,2804.17,121.12,1.71,4.7,0,0.691,1.75,1,2024,1,6,2
1,2,3,2,9348.26,120.73,4.37,5.5,4,0.707,49.56,1,2024,3,22,0
4,1,3,0,2462.63,42.61,1.32,0.9,3,0.674,4.51,0,2024,1,20,2
5,3,1,2,11394.94,464.33,4.43,3.8,4,0.618,28.13,1,2024,9,19,4
7,7,0,1,10025.85,290.29,1.22,3.2,3,0.729,1.0,0,2024,8,8,4
4,5,2,1,14370.91,333.85,4.08,5.4,0,0.843,10.5,0,2024,6,2,3
7,7,2,2,1499.89,455.88,2.21,6.6,3,0.871,0.5,1,2025,7,15,5
4,3,3,4,1327.29,173.46,4.3,7.0,1,0.889,4.23,0,2025,9,15,1
1,0,2,1,4591.71,311.13,2.25,1.4,2,0.687,23.85,1,2025,6,24,5
0,1,3,1,4294.73,20.36,3.36,8.1,4,0.882,26.42,1,2025,3,9,3
6,2,0,2,4081.19,94.2,1.46,6.8,3,0.503,0.5,0,2024,4,23,5
3,4,2,2,13640.69,415.79,2.0,8.9,3,0.739,14.45,1,2024,10,22,5
1,0,3,1,4118.42,383.62,3.75,4.5,1,0.897,9.52,1,2024,8,31,2
1,7,1,3,4443.27,175.97,2.94,8.9,2,0.815,36.6,1,2024,11,4,1
7,6,1,1,11511.27,189.03,4.26,8.7,4,0.737,34.61,1,2024,5,4,2
7,1,0,2,7021.23,267.24,2.61,4.4,3,0.822,0.5,1,2024,2,18,3
2,5,0,3,11762.3,1.12,4.07,3.8,0,0.953,1.12,1,2024,9,1,3
7,7,1,2,1447.81,121.38,2.68,9.3,0,0.783,1.2,1,2025,3,5,6
2,5,2,1,7569.78,104.91,4.43,7.2,0,0.9,6.27,0,2025,10,16,4
7,0,0,0,987.4,125.99,4.37,9.3,3,0.99,0.5,1,2025,9,29,1
0,6,0,1,1408.47,403.15,2.29,8.0,3,0.853,1.0,1,2025,4,13,3
6,1,1,1,13643.34,140.56,4.12,6.1,4,0.787,37.99,1,2024,3,5,5
4,1,2,0,2519.06,96.57,4.0,1.2,2,0.519,12.39,1,2024,4,23,5
1,0,2,4,8220.1,252.63,1.9,2.9,0,0.687,6.14,0,2025,5,26,1
5,4,3,3,6460.89,432.96,3.26,9.7,4,0.783,40.14,1,2025,9,3,6
4,8,1,3,5536.48,121.43,1.44,3.2,3,0.899,4.64,0,2025,7,2,6
6,3,2,3,13547.58,40.19,3.96,0.9,1,0.719,12.31,0,2024,1,17,6
7,3,2,2,816.44,178.85,1.78,7.1,4,0.98,3.14,0,2025,10,9,4
5,4,2,2,10124.95,374.08,1.43,7.3,3,0.636,10.07,0,2025,6,11,6
1,0,1,3,14469.22,275.79,2.52,2.9,1,0.872,17.72,1,2025,8,11,1
7,5,1,0,8622.44,408.58,3.1,3.0,4,0.71,20.53,1,2024,9,4,6
1,2,0,0,14083.93,479.84,4.02,4.7,3,0.743,0.82,1,2024,5,27,1
7,3,0,2,1257.74,396.54,4.42,0.2,2,0.901,0.54,1,2024,10,25,0
4,2,2,4,6572.5,302.3,2.65,7.9,1,0.648,8.05,1,2025,3,15,2
5,0,1,3,4272.29,247.18,1.4,3.2,1,0.548,4.41,0,2024,1,2,5
7,0,1,1,11096.9,20.99,3.67,8.5,3,0.76,12.69,0,2025,9,21,3
5,1,1,2,14728.81,492.18,3.07,8.0,4,0.764,43.35,1,2024,12,27,0
7,0,1,3,4219.69,192.36,2.68,6.6,0,0.899,3.71,1,2024,9,3,5
3,0,2,4,9985.53,76.96,2.22,3.2,0,0.984,6.92,0,2025,8,7,4
6,3,1,0,3372.42,333.69,2.86,5.2,2,0.528,23.69,1,2025,3,2,3
1,8,1,2,8697.29,142.86,2.32,4.4,4,0.796,22.31,0,2024,7,10,6
5,3,1,2,7227.02,293.3,3.7,3.4,1,0.841,9.38,0,2025,11,11,5
6,1,0,3,14594.08,293.8,2.99,8.5,3,0.993,0.75,1,2025,11,15,2
6,4,0,4,9323.65,223.42,4.09,4.8,2,0.971,5.11,1,2024,3,28,4
6,2,1,1,5567.84,418.22,2.99,8.3,3,0.856,6.95,1,2025,6,20,0
1,8,3,4,2154.39,133.22,1.99,1.1,2,0.761,25.69,1,2025,1,4,2
4,3,3,3,2693.08,224.87,4.01,1.4,4,0.581,11.31,1,2024,3,10,3
6,1,2,4,3767.1,269.31,3.04,9.8,4,0.692,10.14,1,2025,6,22,3
4,0,1,1,4139.02,332.15,1.88,5.9,4,0.793,12.02,1,2025,7,11,0
0,4,3,2,12833.93,392.2,3.26,5.1,4,0.863,67.06,1,2025,6,3,5
2,6,0,0,8637.73,198.01,2.38,5.2,0,0.818,0.81,0,2025,6,3,5
0,4,3,0,8089.17,323.38,3.99,2.2,4,0.857,37.72,1,2025,7,21,1
2,7,3,1,2164.15,76.15,2.7,7.2,1,0.715,5.62,1,2024,1,21,3
6,2,3,3,12972.03,466.39,3.6,0.8,0,0.864,19.7,0,2025,2,3,1
5,5,0,0,10980.81,192.15,1.52,5.7,2,0.572,6.14,1,2025,4,26,2
2,8,1,4,1481.19,365.03,2.51,5.7,0,0.581,1.58,0,2024,2,14,6
4,8,1,4,10763.61,11.15,4.44,9.1,2,0.581,86.3,1,2025,10,12,3
7,0,0,4,8381.3,103.39,3.87,5.3,3,0.945,1.06,0,2025,1,31,0
5,7,0,0,1685.02,244.05,1.73,1.4,4,0.538,0.53,1,2025,1,17,0
2,5,3,1,7145.36,439.25,2.12,5.7,0,0.901,13.58,0,2024,9,16,1
6,2,0,4,7528.1,264.1,2.29,0.9,0,0.617,0.5,0,2024,1,17,6
6,5,0,3,2903.73,465.01,3.35,2.0,1,0.734,0.5,0,2024,12,31,5
3,8,3,4,14212.62,242.41,3.7,0.3,4,0.958,59.8,0,2024,3,10,3
5,4,1,3,12824.64,245.73,3.67,5.1,4,0.793,33.32,1,2024,12,19,4
0,2,1,3,10200.82,60.75,2.88,0.8,4,0.605,21.59,1,2024,9,3,5
5,4,3,2,7203.29,401.53,3.88,4.7,4,0.642,37.7,1,2025,11,3,1
2,6,0,3,6470.6,124.24,2.64,9.3,3,0.96,1.26,0,2025,10,5,3
5,0,3,2,9939.12,449.91,1.61,7.2,1,0.714,28.06,1,2024,4,16,5
1,4,1,3,8408.76,455.5,3.06,0.8,0,0.793,5.87,0,2025,8,18,1
4,3,1,4,1402.96,471.71,4.34,2.2,1,0.73,0.72,1,2024,12,6,0
7,6,2,1,7931.29,260.6,3.82,6.7,3,0.689,7.92,1,2024,5,16,4
5,2,3,3,12192.85,338.87,3.11,8.9,1,0.612,37.59,1,2024,2,15,4
6,2,0,4,7158.98,389.48,3.33,0.3,3,0.843,0.5,0,2024,12,26,4
0,5,2,1,1253.37,66.38,4.27,8.1,2,0.859,8.33,1,2025,7,13,3
5,4,0,2,11901.03,300.88,2.61,5.6,0,0.637,1.01,0,2024,12,12,4
7,4,3,3,3419.77,18.11,2.29,5.5,1,0.895,9.93,0,2025,10,20,1
1,8,1,0,4250.0,249.29,4.42,9.6,1,0.927,6.65,1,2024,6,28,0
6,8,1,1,2888.24,78.27,4.05,7.5,3,0.96,3.4,0,2025,12,2,5
7,5,1,0,5288.12,92.28,2.27,8.5,3,0.581,6.37,0,2025,4,20,3
7,7,2,4,11472.9,183.16,2.73,3.5,1,0.652,11.34,0,2025,12,13,2
5,0,2,2,8031.09,216.79,2.57,5.5,4,0.93,17.59,1,2025,5,5,1
6,1,2,1,3470.78,311.96,1.69,6.2,1,0.599,3.65,0,2025,10,8,6
3,8,0,3,13228.54,38.14,4.36,3.2,0,0.502,1.31,0,2024,7,5,0
0,6,2,2,13253.94,252.34,2.53,5.7,3,0.935,12.0,0,2024,5,18,2
1,3,0,2,13123.39,92.13,4.09,2.4,0,0.663,0.5,1,2024,3,5,5
5,3,2,2,3962.55,287.41,1.82,1.4,4,0.707,7.31,0,2025,4,13,3
4,8,2,2,7042.97,319.06,3.01,3.7,1,0.723,7.4,1,2024,2,7,6
5,4,2,0,14782.35,278.8,1.28,7.4,4,0.924,37.01,1,2024,10,27,3
3,4,1,3,11694.18,369.41,3.72,9.2,1,0.669,17.69,1,2024,7,25,4
1,8,2,2,893.93,168.47,3.12,4.6,3,0.946,0.5,0,2024,2,14,6
0,3,0,3,1445.47,382.79,3.26,6.4,1,0.808,0.5,1,2024,7,23,5
4,7,3,4,7227.0,216.95,1.37,1.0,4,0.764,32.54,1,2024,2,12,1
5,0,0,0,13683.69,242.61,1.9,9.0,0,0.663,0.78,0,2024,11,19,5
7,0,1,0,8311.18,324.4,1.45,5.7,3,0.622,8.3,1,2024,11,13,6
5,5,0,3,7718.28,10.16,2.15,7.8,1,0.812,0.59,1,2025,6,11,6
1,3,1,4,2029.37,327.34,3.27,7.9,0,0.723,2.03,0,2025,2,11,5
6,5,1,2,10023.31,309.67,3.07,2.6,2,0.955,63.17,1,2025,7,10,4
3,7,0,0,12420.5,155.61,3.22,5.3,4,0.746,2.96,1,2025,4,29,5
2,7,3,4,6016.09,43.81,3.01,9.6,2,0.756,98.42,1,2024,9,16,1
0,5,0,4,11746.37,46.38,2.1,0.9,0,0.708,0.5,0,2024,2,7,6
7,5,0,0,14484.91,461.69,2.01,6.8,2,0.895,7.93,1,2025,10,24,0
4,8,3,1,3454.61,344.95,1.65,9.6,1,0.712,11.0,1,2024,7,14,3
4,6,0,2,8088.28,64.42,4.0,3.0,1,0.635,0.5,1,2024,10,19,2
6,5,0,1,4663.5,179.0,3.23,8.6,3,0.931,0.5,1,2024,12,31,5
6,0,3,4,11996.39,296.65,1.82,9.3,0,0.798,24.14,0,2024,2,18,3
2,4,0,4,8875.1,417.95,1.78,7.5,2,0.796,5.55,1,2025,11,2,3
4,3,0,2,9701.45,22.79,4.08,2.3,2,0.805,4.77,1,2024,12,5,4
1,2,0,0,12069.76,119.08,3.65,3.3,0,0.859,1.19,0,2024,10,6,3
4,0,3,1,6241.57,444.98,3.38,0.4,1,0.657,13.91,0,2024,5,7,5
3,8,1,2,13768.81,5.57,2.54,8.3,2,0.517,108.14,1,2025,1,11,2
7,3,3,2,8228.92,101.5,2.06,8.5,3,0.905,18.95,1,2025,3,23,3
4,3,3,0,2790.34,479.55,4.43,6.3,0,0.564,4.51,1,2025,2,13,4
6,1,2,2,10590.54,307.09,3.83,3.5,2,0.861,58.4,1,2025,3,26,6
5,4,3,1,12002.29,131.57,2.2,0.8,1,0.541,25.74,0,2025,1,30,4
1,7,3,3,5093.04,34.43,4.0,7.5,3,0.688,11.49,1,2024,12,13,0
1,3,0,1,12929.1,15.07,3.7,7.3,0,0.532,1.31,1,2024,7,10,6
5,1,2,4,13639.08,123.13,2.18,9.1,3,0.761,14.2,0,2025,5,23,0
5,0,1,1,4515.12,440.86,2.61,7.3,2,0.827,34.0,1,2025,12,9,5
7,3,2,1,14761.06,208.54,1.81,8.3,2,0.586,99.36,1,2025,5,24,2
7,0,0,4,2540.32,360.45,1.57,7.5,4,0.686,0.5,1,2025,1,11,2
2,7,0,3,3429.23,459.22,3.59,6.3,0,0.965,0.75,0,2025,6,15,3
3,4,2,4,3171.26,204.61,2.08,4.3,1,0.721,3.04,0,2024,9,30,1
4,0,1,1,13462.85,96.45,3.91,9.0,1,0.901,19.78,1,2024,3,25,1
0,3,3,3,9987.24,259.04,4.49,6.5,0,0.964,18.79,0,2025,3,10,1
3,1,0,3,2705.51,454.13,1.45,4.0,4,0.987,0.79,0,2024,3,21,4
2,3,2,1,6884.69,402.38,2.76,0.8,4,0.949,11.95,1,2025,3,16,3
1,4,2,0,9421.82,33.85,3.85,2.9,0,0.659,6.85,1,2025,9,8,1
7,0,3,0,1710.23,346.59,3.8,5.4,4,0.981,8.69,0,2024,7,3,6
6,8,2,3,13295.04,286.38,3.71,2.8,2,0.906,71.85,1,2025,7,12,2
7,1,0,4,12152.25,453.82,2.35,2.2,2,0.919,5.72,1,2024,10,27,3
5,0,0,1,7825.5,62.12,2.7,5.3,2,0.508,4.41,1,2024,11,24,3
5,2,1,0,14523.34,267.48,3.16,1.7,3,0.977,13.35,0,2024,4,15,1
7,7,2,0,6557.53,439.85,4.41,8.0,3,0.889,6.53,0,2024,3,22,0
1,5,2,4,14769.6,205.6,2.28,4.8,1,0.884,16.17,0,2024,12,1,3
6,4,1,4,10184.84,241.52,4.25,5.7,1,0.541,13.86,1,2025,11,7,0
6,8,1,1,9702.73,36.16,2.09,1.5,3,0.616,8.62,1,2024,10,29,5
4,0,1,4,2906.35,139.79,4.46,3.2,0,0.981,3.25,0,2024,11,9,2
1,4,1,3,13287.95,162.93,3.41,4.1,3,0.75,13.64,0,2025,4,1,5
2,1,2,3,6698.6,472.62,2.73,8.1,3,0.699,6.26,1,2025,9,9,5
0,2,0,3,2852.38,142.05,3.22,7.7,4,0.92,0.5,1,2025,3,12,6
4,1,2,0,682.81,230.97,2.1,2.2,3,0.544,0.57,0,2024,6,19,6
2,7,0,3,8616.46,335.98,2.1,6.2,2,0.708,5.35,1,2025,12,7,3
4,3,3,3,8147.29,81.93,1.57,2.4,2,0.688,102.25,1,2025,3,30,3
6,2,1,3,10930.63,243.73,1.58,9.9,2,0.675,90.53,1,2024,12,25,6
2,6,0,3,13408.74,369.53,2.35,9.5,0,0.654,0.56,1,2025,4,2,6
4,7,3,1,1651.4,433.56,3.72,5.6,4,0.605,8.29,0,2024,2,13,5
6,5,2,3,11106.7,313.5,3.21,7.0,2,0.586,71.5,1,2024,12,27,0
4,6,2,3,3217.47,334.86,1.54,8.0,4,0.82,9.2,1,2025,9,21,3
0,4,0,0,12943.57,64.02,4.01,7.2,0,0.96,1.19,1,2025,3,21,0
4,1,3,1,12376.42,472.94,3.18,7.0,4,0.754,68.82,1,2024,10,8,5
0,4,2,1,8341.51,67.15,4.37,9.6,3,0.649,8.45,1,2025,10,16,4
4,7,3,3,10798.52,387.56,3.41,6.0,0,0.58,19.16,0,2024,2,28,6
6,6,0,0,5058.08,133.14,1.78,6.4,3,0.915,0.5,0,2024,3,17,3
1,0,2,0,7331.93,466.86,2.76,8.5,4,0.986,18.46,0,2025,11,18,5
1,5,3,0,12413.74,360.26,3.34,6.7,2,0.675,184.31,1,2025,10,14,5
7,4,2,1,7159.35,377.15,1.29,7.3,3,0.645,7.33,1,2025,2,19,6
0,8,0,1,5688.07,110.31,1.25,2.3,1,0.801,1.04,1,2025,1,7,5
5,1,3,4,7666.08,222.08,1.63,3.7,4,0.888,38.13,1,2025,6,9,1
4,3,2,3,12509.61,309.29,2.03,1.5,4,0.728,23.01,1,2025,11,26,6
1,0,0,0,5360.52,385.22,2.62,5.1,0,0.815,0.5,1,2024,6,12,6
5,3,0,0,3019.54,52.88,2.81,4.6,3,0.858,0.5,0,2024,2,1,4
0,2,2,0,10824.2,481.22,1.66,10.0,2,0.98,77.32,1,2024,5,26,3
2,6,0,1,12476.68,445.22,3.42,6.1,3,0.583,1.45,1,2025,9,14,3
5,8,0,3,1959.24,135.9,3.17,7.9,3,0.999,0.5,0,2025,11,25,5
1,2,3,2,3978.17,411.56,2.17,3.3,0,0.696,6.47,1,2025,3,24,1
4,0,1,4,2558.59,259.64,1.25,8.3,3,0.862,3.14,1,2024,2,5,1
2,8,0,4,5545.15,231.44,1.46,6.2,4,0.786,1.01,1,2024,5,9,4
3,5,0,4,7030.09,157.9,2.49,7.0,3,0.743,0.64,1,2024,3,9,2
4,5,0,4,11357.98,290.9,1.71,2.9,1,0.849,1.58,1,2024,8,29,4
2,1,0,0,9941.64,365.21,2.44,5.5,4,0.698,1.94,0,2025,10,22,6
5,1,2,3,9503.46,206.06,3.27,6.3,4,0.563,22.34,1,2025,1,10,0
7,2,0,4,5609.44,314.98,3.01,5.9,1,0.744,0.55,1,2025,1,5,3
7,4,3,3,12700.99,349.96,1.96,9.2,1,0.761,39.22,1,2025,1,27,1
3,2,2,3,7333.66,355.85,2.33,9.0,1,0.601,8.93,1,2025,8,3,3
5,1,1,3,14697.02,26.93,3.23,9.7,3,0.968,19.08,1,2024,2,3,2
6,1,3,3,9695.06,430.01,4.04,6.7,2,0.614,143.08,1,2025,9,11,4
1,7,1,0,2330.84,229.67,3.69,9.7,2,0.705,18.91,1,2024,6,6,4
1,7,0,3,10304.57,131.95,3.03,8.3,0,0.577,1.13,1,2025,11,26,6
0,5,0,2,5214.01,121.64,2.4,2.7,0,0.768,0.82,0,2025,4,5,2
5,7,0,3,10451.74,242.02,2.4,4.3,4,0.654,1.28,1,2025,1,14,5
2,0,0,4,1509.8,443.53,4.1,2.4,4,0.745,0.5,1,2025,1,15,6
4,6,1,2,3035.78,189.8,1.33,0.0,2,0.612,17.04,1,2025,3,30,3
3,8,1,3,12908.19,375.11,4.46,1.9,0,0.527,10.98,1,2024,3,19,5
5,5,0,1,3794.1,49.31,3.39,0.0,4,0.89,1.22,1,2025,8,10,3
5,7,0,4,12637.1,238.55,3.45,7.2,4,0.821,2.56,1,2024,5,20,1
4,6,1,1,4549.5,495.85,1.33,4.3,3,0.67,3.39,0,2025,6,26,4
6,4,1,0,9821.79,385.45,3.2,3.1,0,0.524,7.93,0,2025,1,10,0
0,1,1,4,10565.18,106.05,2.8,7.6,2,0.933,81.23,1,2025,2,11,5
1,7,2,4,7933.49,251.22,1.55,8.3,3,0.585,7.83,1,2024,11,17,3
4,8,3,3,4927.0,117.58,2.12,9.8,4,0.965,30.11,1,2025,10,27,1
1,0,2,1,3583.34,205.37,4.14,6.4,3,0.739,3.46,1,2024,10,12,2
1,5,2,3,981.25,390.26,3.01,4.6,1,0.67,0.61,0,2024,9,12,4
3,6,2,0,4907.22,385.84,2.56,3.1,2,0.871,27.87,1,2024,4,26,0
7,1,0,0,9970.86,114.82,1.44,2.2,4,0.938,2.49,0,2024,1,27,2
0,6,0,1,14105.42,461.19,3.56,2.1,3,0.685,1.3,0,2024,7,9,5
4,0,2,3,13132.46,296.69,3.52,4.1,0,0.704,9.46,0,2025,5,26,1
4,0,1,4,11607.94,190.58,3.23,9.9,0,0.717,11.73,1,2025,6,14,2
2,8,0,1,11932.49,251.47,2.88,0.0,3,0.961,0.74,0,2025,1,31,0
0,3,3,2,10142.28,302.93,2.63,2.0,2,0.846,124.62,1,2025,7,29,5
4,7,1,0,4274.16,280.39,3.16,1.9,1,0.624,5.31,0,2024,4,30,5
5,0,1,4,13654.33,243.72,1.97,7.2,1,0.592,19.42,1,2024,9,25,6
7,3,1,2,10225.62,252.96,4.31,3.5,0,0.615,8.81,1,2024,9,23,1
0,3,2,0,8626.39,89.03,3.14,4.6,0,0.632,6.58,0,2025,12,21,3
7,2,3,4,2109.35,406.55,2.23,1.5,4,0.615,9.64,1,2025,4,1,5
7,2,0,4,6982.31,271.34,2.68,4.0,0,0.829,0.93,0,2024,8,7,6
1,6,2,4,7175.19,66.41,3.86,1.0,1,0.558,7.0,0,2025,9,18,4
7,6,2,3,13036.17,383.31,1.73,5.3,3,0.694,12.22,0,2024,10,19,2
0,3,3,1,8426.4,466.29,2.17,1.0,2,0.813,98.29,1,2025,12,11,4
0,4,0,1,6015.81,473.71,3.44,7.9,0,0.645,0.5,1,2025,5,17,2
1,2,0,3,14663.6,185.14,2.24,5.7,1,0.533,1.2,0,2024,7,23,5
6,3,2,3,2105.45,68.62,3.82,7.2,2,0.541,13.32,1,2024,5,5,3
1,5,3,2,6626.95,259.68,1.63,4.2,3,0.563,12.55,1,2024,5,18,2
1,5,0,2,1109.36,57.19,3.72,3.8,1,0.918,0.5,0,2024,3,16,2
4,5,3,3,11228.61,467.06,1.43,1.0,4,0.829,48.61,0,2025,4,7,1
6,2,1,1,13812.11,92.61,1.24,5.2,0,0.532,11.85,1,2024,6,25,5
7,6,0,2,4560.54,127.13,4.16,5.1,1,0.696,1.23,0,2025,12,31,6
0,6,2,2,12945.95,203.91,3.12,4.7,3,0.639,11.33,0,2025,3,31,1
4,1,2,0,4737.16,192.2,2.36,7.4,3,0.789,4.76,0,2024,3,30,2
5,8,3,4,13706.17,397.54,1.97,8.3,2,0.761,215.82,1,2025,11,29,2
2,5,0,0,11432.45,228.7,3.24,7.5,0,0.741,1.61,1,2024,11,23,2
3,0,2,0,12171.15,86.21,2.88,1.4,1,0.657,11.36,0,2025,11,14,0
4,6,1,3,761.1,134.34,4.47,6.2,3,0.569,0.72,0,2024,12,21,2
6,6,0,1,14460.75,255.05,4.44,0.8,2,0.871,6.21,1,2025,12,27,2
7,1,0,1,11036.73,74.58,3.3,6.9,0,0.94,1.34,0,2024,3,7,4
1,7,0,2,4918.89,306.22,2.66,3.8,0,0.972,0.98,0,2025,7,17,4
3,8,0,3,12526.22,283.31,2.82,1.3,2,0.529,5.8,1,2025,7,9,6
5,3,3,4,4582.06,357.64,3.45,8.6,1,0.87,14.28,0,2024,10,24,4
1,4,3,0,13154.93,468.91,1.54,6.1,3,0.863,28.74,0,2024,11,3,3
7,4,0,1,2132.42,456.22,2.28,3.5,2,0.974,0.96,1,2024,6,10,1
1,7,1,4,10703.45,473.09,1.45,0.3,3,0.626,9.65,0,2025,12,29,1
1,5,2,3,8340.13,123.11,1.44,5.4,3,0.871,7.8,1,2025,12,27,2
5,2,3,2,1899.75,66.65,1.85,9.2,0,0.527,3.49,0,2025,12,18,4
0,7,0,0,4007.46,151.84,2.8,6.0,2,0.816,2.67,1,2025,10,15,6
5,8,0,4,679.86,447.65,3.79,9.7,2,0.675,0.5,1,2024,6,27,4
2,1,3,1,7297.14,486.05,2.8,1.4,3,0.884,12.83,0,2025,1,5,3
1,6,3,4,4868.35,429.8,2.31,5.7,1,0.932,13.47,1,2025,6,4,6
7,7,1,3,9176.18,55.9,1.47,8.0,2,0.682,71.28,1,2024,8,17,2
6,2,2,3,4809.95,473.77,3.02,5.3,0,0.763,3.81,0,2024,5,4,2
0,4,2,2,4848.83,212.26,2.1,0.9,4,0.559,9.38,0,2024,7,24,6
2,5,2,2,11276.3,5.65,3.23,5.8,1,0.708,12.61,1,2024,5,22,6
7,5,1,1,1198.07,221.75,4.42,6.1,3,0.68,1.5,1,2024,8,30,0
3,4,0,3,13591.98,23.99,1.57,7.3,1,0.592,2.12,1,2025,5,20,5
0,3,1,1,12857.83,272.4,1.9,7.6,1,0.947,18.01,1,2024,1,27,2
3,5,1,2,10183.17,169.94,2.76,7.7,1,0.574,14.92,1,2025,1,4,2
4,0,0,0,9101.71,237.24,4.4,6.6,0,0.818,0.5,0,2025,7,21,1
6,3,0,3,13438.39,306.97,3.75,2.2,0,0.945,1.29,0,2025,8,9,2
2,5,2,2,3187.29,434.53,4.16,4.0,4,0.956,7.35,1,2025,1,12,3
7,0,3,3,1645.05,331.29,2.3,7.8,3,0.897,3.63,1,2025,4,23,6
2,3,3,2,3972.9,217.59,4.47,9.5,2,0.588,66.29,1,2025,7,18,0
7,4,0,0,12021.39,409.89,1.54,0.8,2,0.909,5.76,1,2024,5,12,3
6,5,3,2,1002.72,452.89,1.37,5.4,1,0.638,3.0,0,2025,9,18,4
0,6,1,0,8950.7,60.76,4.02,3.1,1,0.961,11.11,0,2024,3,29,0
2,7,1,3,14933.84,266.43,4.26,2.3,0,0.855,12.03,0,2024,3,8,0
1,4,0,4,12907.59,142.97,1.5,5.1,1,0.893,0.77,0,2024,11,12,5
7,3,2,2,8060.96,24.48,1.57,6.1,4,0.543,18.85,1,2025,2,11,5
2,6,3,0,1422.79,334.6,1.31,0.1,4,0.791,6.15,1,2025,5,5,1
2,3,1,2,12554.92,431.52,1.54,7.8,2,0.911,96.76,1,2025,6,22,3
5,7,3,1,9185.19,82.29,1.89,8.2,2,0.931,144.13,1,2025,2,24,1
6,6,2,3,2166.53,406.39,4.4,9.7,0,0.514,2.53,1,2025,2,23,3
4,0,3,1,1860.93,426.84,3.4,1.8,4,0.97,8.24,1,2025,8,11,1
5,2,1,4,13689.59,457.26,3.77,5.9,3,0.522,14.77,0,2024,3,16,2
2,3,0,2,10203.4,133.38,3.76,4.3,0,0.807,0.5,0,2024,5,8,6
4,1,0,1,12524.66,452.07,2.97,3.3,4,0.847,1.39,1,2024,11,20,6
6,4,3,2,13245.19,161.01,3.83,5.7,4,0.554,71.19,1,2025,10,19,3
1,6,3,3,8790.7,276.62,3.17,7.8,4,0.524,50.94,1,2024,3,16,2
4,8,0,1,8002.97,26.2,2.24,0.2,0,0.892,0.5,0,2025,4,5,2
4,5,0,1,6741.2,22.9,3.05,9.7,0,0.692,0.5,1,2025,4,22,5
2,4,1,4,5095.73,360.47,2.96,8.1,3,0.554,5.87,0,2025,11,27,4
2,7,3,4,6801.64,222.8,3.92,7.5,0,0.881,13.54,1,2025,6,13,0
3,6,3,3,11721.26,128.89,4.44,7.6,3,0.925,26.96,1,2024,12,18,6
0,6,1,4,9227.89,96.02,2.56,3.9,1,0.794,11.5,0,2024,5,11,2
3,6,0,0,13441.59,335.31,3.72,7.5,2,0.581,7.81,1,2025,7,18,0
7,1,2,0,6929.01,1.2,1.53,3.9,3,0.508,5.29,0,2025,10,17,0
6,8,1,3,9302.8,403.14,3.76,9.0,2,0.85,75.22,1,2025,8,24,3
2,5,0,0,9653.96,40.55,2.43,1.8,1,0.775,0.5,1,2024,7,5,0
2,7,3,1,9079.61,96.55,1.33,2.9,2,0.825,115.16,1,2024,5,12,3
1,8,0,3,10688.19,193.73,2.4,5.5,2,0.907,5.16,1,2025,3,19,6
1,6,3,3,3942.79,242.94,3.22,3.2,0,0.717,6.26,0,2025,5,29,4
6,1,2,1,7929.27,178.14,1.59,4.2,3,0.562,6.69,0,2024,2,26,1
1,0,2,1,2011.26,161.04,4.25,4.9,4,0.97,4.48,1,2024,5,7,5
3,1,3,0,6075.41,481.99,1.46,8.6,4,0.773,35.7,1,2025,6,14,2
1,2,0,3,7571.17,321.15,4.27,5.2,0,0.808,1.0,0,2024,6,5,6
2,3,2,0,9957.25,12.69,3.53,3.6,3,0.967,8.82,0,2024,11,7,4
6,5,3,0,14282.7,215.66,2.29,2.5,2,0.966,178.27,1,2024,6,17,1
4,5,3,1,9209.44,437.63,2.49,4.1,4,0.786,45.97,1,2024,6,14,0
1,0,0,0,11282.11,151.43,3.64,5.2,2,0.649,5.62,1,2024,11,26,5
6,0,2,1,7840.86,48.18,3.18,7.5,1,0.999,9.46,1,2025,12,27,2
6,0,3,0,9694.51,379.43,3.42,1.2,1,0.84,20.72,0,2024,8,18,3
0,1,0,3,1528.52,303.4,2.48,2.2,1,0.704,0.5,1,2024,12,20,0
5,2,0,3,4188.68,285.59,2.81,3.8,0,0.78,0.69,0,2025,6,15,3
3,5,3,1,5746.87,27.73,4.47,3.6,3,0.708,11.45,0,2024,10,17,4
6,2,0,4,7351.15,71.11,1.91,3.9,0,0.944,1.28,1,2024,3,21,4
6,5,0,1,1161.91,311.65,2.58,7.9,4,0.741,0.5,1,2024,9,13,0
5,4,3,0,2530.35,104.7,2.16,3.2,0,0.912,3.9,0,2024,7,20,2
3,6,2,3,4513.81,252.53,3.72,5.0,2,0.92,26.68,1,2025,10,12,3
6,3,2,1,14587.22,272.9,3.72,6.2,3,0.912,13.51,0,2025,7,18,0
5,5,2,4,5304.53,142.47,2.17,2.3,4,0.861,10.24,0,2024,10,8,5
1,0,0,2,7489.6,474.26,1.47,7.2,1,0.927,0.93,1,2024,5,8,6
5,1,3,2,3343.42,421.39,1.24,5.5,1,0.694,8.89,0,2025,10,2,4
4,1,3,4,9356.31,361.46,2.61,4.5,4,0.557,47.44,1,2024,11,6,6
7,3,3,2,4569.91,39.92,2.55,8.1,4,0.921,27.38,1,2025,9,21,3
3,7,3,3,3501.39,53.96,4.46,2.4,0,0.749,6.4,0,2025,6,30,1
0,5,3,0,7990.3,246.9,2.75,8.8,2,0.564,128.57,1,2024,4,5,0
5,2,2,2,579.83,81.2,2.05,5.6,3,0.558,0.81,1,2025,5,29,4
1,6,2,4,611.13,489.15,4.14,6.1,3,0.58,0.95,1,2025,10,18,2
2,8,3,3,3676.5,80.1,2.82,8.8,1,0.875,11.94,1,2024,6,21,0
0,2,0,0,1032.46,244.25,3.18,8.2,2,0.855,0.99,1,2025,8,29,0
1,5,0,0,2066.37,182.7,1.52,6.0,2,0.602,0.83,1,2025,8,17,3
7,2,3,3,5413.48,320.05,2.46,7.5,0,0.923,10.55,1,2024,6,6,4
3,0,3,3,12137.49,65.39,4.32,4.3,0,0.641,20.82,1,2024,6,24,1
4,5,3,1,8794.71,215.73,3.15,5.5,0,0.896,15.06,0,2025,11,5,6
6,4,2,4,7933.68,138.08,2.34,0.6,3,0.744,5.7,1,2025,10,1,6
7,0,0,4,4755.59,443.99,3.26,0.9,2,0.866,2.62,1,2025,9,11,4
4,2,1,3,14010.43,21.25,4.2,8.3,3,0.691,15.61,1,2024,12,11,6
2,6,2,0,6256.72,456.95,2.1,0.6,1,0.674,5.13,0,2025,7,31,4
0,8,0,0,1762.85,416.66,2.87,1.7,3,0.921,0.5,0,2024,2,12,1
2,4,0,4,9447.46,149.49,4.36,8.0,0,0.518,0.86,1,2024,1,30,5
2,1,0,1,2150.66,394.86,1.77,0.0,0,0.987,0.5,0,2024,3,24,3
1,2,3,4,5505.74,16.58,3.57,2.8,4,0.824,26.12,1,2024,2,16,0
1,4,1,3,7857.47,483.47,3.23,5.8,0,0.716,7.63,0,2025,10,18,2
1,8,0,1,13176.23,263.77,3.44,6.0,3,0.814,1.1,1,2025,8,13,6
3,5,2,0,7656.43,152.34,2.36,7.8,3,0.561,8.06,1,2024,9,28,2
5,2,2,4,10682.75,181.93,2.24,5.1,4,0.757,23.61,0,2025,10,28,5
3,7,1,2,14895.84,34.14,3.46,5.1,1,0.993,19.06,0,2024,8,3,2
5,2,0,2,2406.59,494.69,1.91,7.3,0,0.618,0.6,1,2025,8,8,0
3,5,3,1,4483.61,20.61,2.58,5.0,0,0.861,7.96,0,2025,3,2,3
4,8,0,2,6221.35,327.8,1.82,6.1,2,0.717,2.79,1,2025,9,24,6
1,3,2,2,6616.51,221.93,1.23,9.0,4,0.826,16.72,1,2025,10,16,4
2,8,1,2,6459.81,474.51,4.4,4.0,3,0.602,7.25,0,2024,2,1,4
3,5,3,4,13660.36,123.75,2.62,3.9,3,0.735,26.69,0,2025,5,24,2
7,1,0,3,10853.47,266.51,4.4,0.0,0,0.99,1.03,0,2025,10,4,2
5,0,1,3,9314.63,241.7,1.66,6.1,0,0.598,8.21,0,2025,7,12,2
2,8,0,3,4985.9,351.73,3.14,0.3,3,0.818,0.5,0,2024,10,23,6
3,5,3,3,12444.96,34.94,1.86,5.0,2,0.788,173.28,1,2025,10,19,3
1,3,3,4,14348.38,97.7,3.81,8.0,2,0.783,222.48,1,2024,11,5,5
5,8,1,4,12407.38,108.07,3.79,5.5,3,0.808,12.45,1,2025,5,9,0
5,8,3,4,522.69,369.34,1.57,2.7,4,0.751,2.51,0,2024,9,7,2
3,1,2,2,9727.82,95.38,4.21,7.9,3,0.508,9.32,1,2025,12,2,5
5,1,0,0,1241.46,287.17,1.84,2.7,3,0.95,0.59,1,2025,2,19,6
5,1,1,1,4235.3,108.41,3.22,7.3,0,0.913,3.22,1,2024,10,31,4
5,5,3,0,1363.11,430.95,4.45,6.1,2,0.587,20.05,1,2025,4,9,6
5,1,1,4,9255.03,471.15,4.11,1.7,3,0.707,7.68,1,2024,3,15,0
4,7,0,1,10455.55,259.73,4.36,9.1,0,0.885,0.61,0,2025,12,6,2
6,8,0,3,2160.07,176.8,2.33,2.0,1,0.99,0.5,0,2024,3,2,2
7,2,1,0,6065.66,117.79,1.55,9.9,2,0.976,51.32,1,2024,6,10,1
2,8,2,2,7115.43,25.84,1.82,0.1,0,0.95,3.58,0,2025,3,26,6
5,5,0,4,5851.27,134.98,2.85,2.6,1,0.579,0.5,1,2025,3,1,2
1,6,3,0,2254.86,327.46,3.82,2.0,3,0.957,3.27,0,2025,5,10,2
3,6,0,2,6574.74,267.27,1.7,0.1,1,0.939,1.32,0,2025,4,20,3
2,7,1,0,11392.08,472.08,3.38,7.3,0,0.688,11.01,1,2024,7,27,2
5,0,1,1,1529.61,198.74,2.27,6.9,3,0.697,1.79,0,2024,12,14,2
4,7,2,4,1662.61,347.24,2.33,7.9,2,0.73,11.79,1,2025,9,13,2
7,5,3,0,5644.18,245.17,3.38,2.6,2,0.828,70.84,1,2024,5,27,1
2,1,3,4,14155.02,256.78,2.74,4.4,0,0.63,24.14,1,2024,11,16,2
2,8,0,0,10194.3,134.62,3.88,6.6,1,0.511,1.12,1,2024,11,22,0
5,2,1,4,10340.71,228.02,1.71,4.4,3,0.571,10.79,0,2024,12,19,4
2,7,0,4,5747.84,235.92,3.81,7.0,1,0.72,0.5,0,2025,2,12,6
1,3,2,3,9108.08,353.61,1.41,6.3,2,0.641,57.01,1,2024,5,13,1
5,4,3,4,646.9,470.38,1.84,1.1,0,0.882,1.36,0,2025,1,14,5
3,8,3,3,9723.39,165.33,3.37,7.8,1,0.553,28.31,0,2025,6,11,6
6,2,0,0,13742.66,22.06,4.02,7.2,2,0.959,7.73,1,2025,7,29,5
7,2,2,2,9382.32,248.65,2.03,6.6,2,0.948,58.63,1,2024,4,18,4
0,6,3,2,13168.63,272.69,2.28,1.6,4,0.954,59.87,1,2024,11,22,0
1,2,0,3,10997.61,85.05,2.97,2.7,1,0.87,0.64,0,2024,9,4,6
5,8,1,2,2248.1,380.47,1.9,3.9,1,0.553,3.3,1,2025,4,22,5
1,0,0,3,13585.57,492.48,3.88,2.8,1,0.719,1.3,0,2024,5,5,3
2,0,2,1,1463.44,472.94,3.75,2.3,3,0.566,0.52,0,2024,9,30,1
5,8,1,4,8242.53,99.36,1.68,8.1,0,0.994,8.66,1,2025,4,5,2
7,7,1,0,2560.99,437.81,2.73,6.4,0,0.667,2.47,0,2024,9,10,5
2,4,1,2,669.75,352.54,3.76,5.7,0,0.793,1.26,0,2024,5,24,0
3,6,2,2,6619.5,227.47,2.31,2.3,4,0.89,13.06,0,2024,4,9,5
1,3,1,3,4778.09,270.76,3.29,9.2,3,0.96,6.16,1,2024,2,21,6
3,7,0,4,7547.01,424.95,1.37,1.9,0,0.878,0.5,0,2024,10,24,4
5,5,0,3,8869.4,240.59,3.21,7.9,4,0.837,1.69,1,2025,1,28,5
1,5,3,0,1134.22,187.23,1.7,9.7,0,0.733,1.7,1,2025,9,22,1
2,8,1,0,2283.55,247.13,3.94,7.3,0,0.803,1.97,0,2025,3,4,5
6,3,3,3,8600.31,289.99,2.37,9.9,1,0.547,27.05,1,2024,9,11,6
1,4,0,0,5475.93,95.35,2.13,6.5,0,0.942,0.5,0,2024,6,12,6
7,0,3,0,11073.02,450.55,3.97,2.2,1,0.772,26.01,1,2024,12,1,3
5,5,0,1,9958.23,337.42,1.37,2.0,0,0.52,0.5,0,2025,8,14,4
6,8,2,4,12761.26,317.0,2.51,3.2,1,0.96,13.69,0,2024,11,16,2
3,5,3,2,10541.15,50.65,2.42,0.1,3,0.745,18.29,0,2024,7,13,2
7,3,2,3,6734.0,302.48,2.14,6.8,4,0.934,16.63,1,2024,6,12,6
0,2,3,4,10258.02,61.36,4.21,2.7,2,0.928,129.12,1,2025,5,25,3
4,7,1,3,4493.03,40.27,3.68,8.2,4,0.908,12.11,1,2025,6,11,6
1,2,0,3,4941.55,264.13,1.41,3.6,0,0.531,0.59,1,2025,4,23,6
2,1,2,3,11940.28,201.99,3.56,4.8,2,0.624,70.44,1,2025,5,25,3
6,5,0,0,6973.08,294.82,2.94,9.7,2,0.938,3.82,1,2024,11,11,1
2,1,2,1,12076.51,45.52,4.17,2.4,4,0.949,23.9,0,2025,5,24,2
7,7,1,1,12425.12,216.06,2.23,7.2,0,0.729,12.46,0,2024,1,24,6
4,7,3,4,12934.65,88.22,3.09,7.6,3,0.72,29.13,0,2024,4,2,5
4,7,0,3,13791.21,493.56,2.85,2.2,3,0.588,1.19,0,2025,2,6,4
3,6,3,0,6749.29,281.01,2.82,5.0,1,0.984,17.69,1,2025,6,1,3
4,7,2,2,5123.57,344.03,2.71,3.5,0,0.607,3.41,1,2025,4,13,3
7,6,3,3,8941.88,163.38,1.88,7.7,2,0.595,138.02,1,2024,9,3,5
6,2,2,0,5882.0,48.27,3.69,6.2,4,0.83,14.59,1,2024,8,8,4
1,8,2,2,9215.58,487.96,2.69,4.8,0,0.621,6.64,1,2025,8,20,6
6,6,3,3,10731.0,143.84,4.36,7.8,0,0.969,20.59,0,2024,12,27,0
0,8,2,4,10481.87,212.48,2.06,2.4,2,0.505,56.09,1,2024,2,19,1
4,5,0,2,5931.02,325.28,3.45,7.5,0,0.503,0.88,0,2024,2,21,6
1,2,0,3,2919.47,13.32,4.3,8.7,2,0.752,1.68,1,2024,10,15,5
2,1,0,4,6742.68,405.32,3.39,8.8,4,0.744,1.36,1,2025,5,21,6
7,7,1,0,2567.62,268.75,4.08,7.8,4,0.582,6.34,1,2025,9,3,6
2,4,3,3,13406.41,139.83,3.93,4.1,4,0.747,66.87,1,2025,10,31,0
0,3,1,1,5515.22,31.74,2.39,9.8,4,0.706,16.56,1,2025,11,19,6
5,4,1,1,2739.67,82.09,3.18,3.8,4,0.945,7.13,1,2025,4,26,2
0,6,1,3,868.99,447.62,1.72,6.4,1,0.505,1.07,0,2024,10,19,2
2,3,0,3,9864.42,343.33,2.97,1.6,2,0.988,4.3,1,2025,7,3,4
0,8,3,3,9735.08,125.7,1.96,9.8,1,0.812,30.22,1,2024,1,9,5
2,0,0,0,5438.76,33.73,3.65,7.0,3,0.576,0.5,0,2024,4,20,2
7,3,1,1,1539.82,345.62,2.94,7.5,2,0.523,12.55,1,2025,3,17,1
3,6,3,0,6439.62,286.63,2.56,0.7,1,0.769,14.51,1,2024,5,17,0
2,3,0,4,5012.65,202.86,2.09,7.6,4,0.617,1.89,1,2024,9,27,0
2,6,3,4,10318.25,182.44,4.5,7.7,4,0.651,59.99,1,2025,1,9,4
3,2,3,3,9283.8,109.19,1.44,6.7,1,0.623,25.82,1,2025,2,16,3
1,0,3,4,5786.61,335.14,1.34,2.9,0,0.825,10.02,1,2025,1,9,4
6,4,1,1,3659.44,485.36,1.92,4.9,2,0.777,24.97,1,2024,2,16,0
4,5,2,1,14826.52,88.68,4.4,1.1,3,0.539,10.74,0,2025,2,14,0
1,3,2,4,7083.02,298.96,4.43,4.7,1,0.763,7.51,0,2024,2,22,4
0,4,2,2,10479.98,212.67,3.36,2.4,1,0.896,10.76,0,2025,8,6,6
1,6,1,2,2538.02,223.9,4.1,3.5,1,0.541,2.72,0,2025,7,29,5
3,5,2,3,7541.05,127.82,1.91,1.6,0,0.945,4.78,0,2024,7,18,4
5,3,1,2,899.28,412.74,4.41,2.3,3,0.789,0.5,1,2025,1,6,1
0,1,3,1,7829.1,243.14,1.67,0.8,1,0.975,17.18,0,2025,7,20,3
0,3,1,3,14478.25,272.16,1.53,9.2,1,0.574,21.26,1,2024,10,22,5
5,7,2,2,6071.0,153.08,1.57,5.3,0,0.997,4.11,0,2024,3,16,2
6,1,1,2,1065.44,91.72,3.09,4.0,2,0.822,7.7,1,2025,1,30,4
5,2,1,1,948.86,43.87,3.78,5.4,2,0.784,7.27,1,2025,5,31,2
4,2,1,0,6125.81,357.35,2.41,6.3,1,0.758,8.57,1,2025,4,6,3
3,2,2,0,2820.36,98.92,4.43,9.2,3,0.512,3.08,1,2025,7,17,4
1,5,0,1,838.61,345.35,2.63,1.8,1,0.97,0.5,1,2024,10,13,3
2,6,0,4,11465.1,195.8,1.7,3.0,3,0.822,0.5,1,2025,9,30,5
6,8,1,0,7148.58,208.47,2.74,9.8,2,0.546,58.91,1,2025,11,27,4
0,5,2,2,4694.05,235.12,3.44,3.7,4,0.51,9.18,1,2025,9,17,6
6,6,3,3,13551.21,184.49,3.95,0.2,1,0.525,28.68,0,2024,5,1,6
7,4,0,3,2184.01,51.21,2.71,1.5,0,0.805,0.5,0,2024,5,11,2
0,5,1,1,14360.82,155.51,3.16,0.3,3,0.807,11.66,0,2024,4,9,5
3,2,2,2,5052.52,332.2,2.08,9.9,1,0.75,7.53,1,2025,2,7,0
0,3,2,0,13381.85,333.23,3.33,2.8,1,0.653,13.92,0,2025,1,17,0
5,4,3,1,9242.67,143.83,4.45,9.2,1,0.766,28.49,1,2024,12,13,0
1,2,3,1,12487.26,230.59,1.36,10.0,2,0.758,207.59,1,2025,7,25,0
5,3,3,3,14768.19,97.53,4.13,6.0,3,0.51,32.0,1,2025,1,9,4
4,7,3,4,4681.88,105.98,3.06,0.3,0,0.641,6.92,1,2024,5,27,1
5,4,3,1,14436.46,12.5,2.03,0.8,4,0.527,62.68,0,2024,7,22,1
0,3,3,1,6147.49,448.48,4.35,4.8,4,0.95,32.58,1,2025,9,8,1
3,4,3,1,6089.92,106.14,2.8,4.1,1,0.863,15.16,0,2025,6,5,4
1,5,0,4,5435.61,114.54,2.29,6.1,3,0.998,0.5,1,2025,2,15,2
7,3,3,3,8350.41,140.52,1.8,4.4,1,0.651,21.53,1,2025,5,27,5
3,8,2,3,2735.1,64.58,2.01,9.3,0,0.939,1.76,1,2024,2,11,3
3,7,0,0,8528.82,319.99,3.95,5.3,3,0.802,1.14,1,2024,2,16,0
1,6,3,3,8354.72,38.5,3.23,6.9,2,0.727,124.38,1,2024,2,9,0
1,5,2,4,11547.58,67.97,4.21,9.0,2,0.611,79.96,1,2024,5,20,1
4,6,2,4,12587.92,322.73,1.97,1.5,1,0.869,11.74,0,2025,12,31,6
7,1,1,3,6886.4,170.49,1.6,2.3,4,0.952,16.23,1,2024,12,7,2
7,2,3,3,4883.83,354.27,1.22,1.1,0,0.618,7.6,0,2025,4,30,6
5,2,2,3,4260.36,279.15,2.88,1.4,3,0.588,3.33,1,2025,6,15,3
3,0,0,0,3322.05,128.75,4.49,5.1,3,0.848,0.5,0,2025,4,12,2
3,8,2,2,1335.89,325.76,3.49,3.2,3,0.988,0.66,0,2024,6,1,2
1,2,3,1,5465.5,59.02,2.22,4.2,4,0.875,27.23,1,2025,9,12,0
6,5,3,1,4418.59,268.67,4.09,9.8,1,0.642,12.78,0,2025,6,11,6
3,2,3,4,14513.05,219.14,3.78,1.6,0,0.71,22.3,0,2024,5,23,4
0,8,1,3,8586.78,134.67,1.25,5.4,4,0.692,22.78,1,2024,12,1,3
5,5,2,2,5535.52,302.4,3.9,1.0,4,0.926,9.81,1,2025,9,19,0
1,0,3,1,8916.78,435.8,2.19,3.2,1,0.886,22.26,0,2024,11,22,0
4,1,0,1,2518.35,499.45,1.69,5.3,1,0.794,0.5,1,2024,6,15,2
7,2,3,2,6938.63,304.27,1.95,9.5,3,0.637,17.16,0,2025,2,6,4
6,2,3,1,9580.4,202.95,2.75,3.9,1,0.969,23.45,0,2025,9,23,5
3,7,1,4,7589.02,113.38,2.6,0.6,1,0.827,7.15,0,2024,11,2,2
1,6,3,3,6325.79,129.29,2.15,3.9,3,0.985,11.91,0,2025,8,30,2
6,2,2,2,14910.8,240.25,1.77,1.5,3,0.79,11.2,0,2024,12,10,5
2,3,3,2,13264.56,184.27,3.72,2.3,0,0.911,20.99,0,2025,6,3,5
1,6,0,1,9539.39,456.99,4.47,6.2,4,0.907,2.12,1,2025,6,5,4
0,1,3,0,8755.97,184.78,3.77,0.7,0,0.669,12.64,1,2025,6,29,3
3,6,2,2,9499.58,187.35,2.18,4.6,0,0.982,5.96,0,2025,5,16,0
1,8,2,0,3419.03,192.38,2.01,6.1,1,0.511,4.62,1,2025,12,26,0
6,1,3,2,6229.5,418.47,1.92,4.2,1,0.884,15.83,0,2025,7,30,6
2,1,0,1,1072.16,325.74,1.65,0.2,0,0.983,0.5,0,2024,11,2,2
7,0,3,2,7395.42,307.47,3.02,9.9,4,0.669,46.56,1,2025,5,1,4
3,0,2,1,8373.86,167.74,3.2,3.7,3,0.824,7.7,1,2024,1,18,4
5,1,0,2,3802.37,409.13,3.53,7.8,0,0.781,0.85,0,2025,1,12,3
7,4,1,2,14478.42,20.14,3.44,3.3,4,0.881,34.95,1,2024,12,5,4
5,3,3,3,13687.09,435.53,2.16,4.8,3,0.933,27.73,0,2025,11,20,4
2,5,3,2,10971.08,256.86,2.29,3.9,4,0.802,55.09,1,2024,4,22,1
1,2,1,0,8234.11,199.73,3.45,3.4,2,0.908,52.9,1,2025,3,2,3
5,1,1,3,13114.55,249.09,2.35,0.2,3,0.656,12.02,0,2025,8,20,6
2,0,1,4,2394.46,334.04,1.9,3.6,0,0.614,1.98,1,2024,11,11,1
5,3,2,0,11962.39,7.37,2.44,8.9,2,0.715,81.77,1,2025,12,5,0
7,5,1,1,2309.9,435.9,2.1,6.9,1,0.839,2.62,0,2025,10,6,1
3,4,0,1,12016.05,223.92,1.49,1.5,2,0.594,4.73,1,2024,1,28,3
2,7,2,4,4498.63,172.14,3.94,5.9,1,0.84,5.27,1,2025,9,3,6
0,5,0,0,13217.81,69.98,4.02,8.9,3,0.697,1.19,0,2025,4,30,6
2,0,3,3,14188.61,220.29,1.93,7.0,1,0.898,39.29,0,2024,9,28,2
7,3,0,2,2657.54,248.67,1.41,1.5,4,0.518,0.5,1,2025,11,2,3
3,0,3,3,7208.8,202.42,3.64,8.7,1,0.834,20.85,0,2025,8,15,0
3,8,3,3,14724.32,339.65,1.9,3.0,0,0.825,23.83,0,2025,8,14,4
6,6,2,0,7509.41,211.03,2.5,4.5,4,0.97,16.43,1,2024,8,21,6
4,6,0,2,13021.44,480.75,1.41,5.3,1,0.857,1.1,0,2024,2,22,4
5,3,1,1,9036.61,300.04,1.95,8.5,4,0.898,26.19,1,2025,8,20,6
6,4,1,2,5942.28,403.93,3.82,9.3,1,0.952,8.92,1,2025,5,6,5
5,5,2,2,4643.86,55.57,3.85,9.3,2,0.838,32.19,1,2024,6,23,3
2,6,2,3,3446.73,199.25,1.88,0.1,2,0.645,16.64,1,2025,6,20,0
2,5,2,3,11546.07,169.09,2.31,9.2,1,0.935,15.14,1,2025,10,6,1
3,8,1,1,6104.84,285.17,1.64,0.5,2,0.874,35.23,1,2025,9,26,0
3,7,2,3,7913.49,430.7,1.44,2.7,2,0.712,42.45,1,2025,1,24,0
2,3,3,3,7638.72,40.09,4.47,5.1,1,0.855,19.08,0,2024,5,31,0
6,6,0,2,8870.55,37.21,3.36,4.8,0,0.934,1.07,0,2025,11,28,0
2,5,3,1,13050.87,425.31,2.99,6.0,3,0.988,27.86,0,2024,9,5,4
5,1,3,1,14720.72,107.21,3.73,4.8,1,0.976,37.47,1,2024,2,2,0
7,0,1,4,6409.97,334.71,3.97,9.3,2,0.663,52.23,1,2025,8,9,2
5,5,0,0,12499.02,271.9,3.86,2.4,2,0.711,5.99,1,2025,12,18,4
3,1,0,0,11585.65,416.61,1.25,2.7,3,0.555,0.56,0,2024,4,22,1
2,8,2,1,8816.17,63.42,1.82,9.2,0,0.624,7.39,0,2024,7,14,3
1,6,0,2,14362.68,65.76,3.36,0.8,0,0.941,0.58,0,2024,1,20,2
0,4,2,0,3406.88,278.85,2.44,6.1,4,0.68,8.65,1,2025,3,27,4
2,6,1,3,2084.33,473.24,4.44,6.8,2,0.81,15.53,1,2024,11,17,3
5,3,2,3,12882.45,208.08,3.4,5.1,3,0.833,11.04,1,2025,3,4,5
6,3,2,1,6867.67,164.14,4.36,6.9,1,0.891,7.78,1,2024,6,4,5
4,7,2,2,12781.05,303.74,1.86,1.7,2,0.591,65.99,1,2025,2,26,6
5,5,0,0,13449.81,465.29,4.05,8.5,3,0.652,1.32,1,2025,12,8,1
4,5,3,0,1405.64,418.63,2.26,1.4,1,0.724,3.38,1,2024,7,27,2
4,5,1,0,13310.24,497.75,4.47,4.0,3,0.682,13.38,0,2025,2,24,1
6,0,3,1,7000.63,12.26,1.72,0.8,0,0.991,9.67,0,2025,5,28,6
0,7,0,3,7901.27,57.32,2.9,5.5,4,0.917,1.36,1,2025,9,18,4
1,4,0,2,9585.59,305.12,3.82,6.7,2,0.74,5.7,1,2025,4,27,3
6,6,2,3,13932.55,410.47,2.63,9.4,3,0.94,14.06,1,2024,3,4,1
6,2,3,2,777.18,143.34,2.74,7.4,3,0.674,1.54,1,2025,12,23,5
5,8,3,2,7414.23,120.37,4.45,5.4,2,0.893,104.97,1,2024,5,21,5
7,1,3,2,10471.97,393.7,2.6,9.3,0,0.612,21.76,1,2025,6,15,3
1,6,1,4,10979.25,29.13,3.19,4.8,3,0.886,11.24,0,2024,7,31,6
2,5,2,0,10541.72,185.32,1.38,5.6,1,0.728,11.85,0,2025,7,28,1
3,7,2,2,2449.31,253.4,3.98,6.0,0,0.554,1.23,0,2024,11,28,4
2,1,2,2,4841.24,280.61,3.34,4.1,1,0.637,5.47,0,2025,11,9,3
5,0,3,1,5701.38,364.58,2.53,8.4,4,0.701,34.37,1,2025,5,4,3
1,4,1,2,12164.34,178.07,1.25,1.9,2,0.875,75.12,1,2025,6,22,3
2,1,1,3,4542.02,306.73,3.15,5.5,3,0.536,5.03,1,2025,1,20,1
5,0,3,0,3555.22,293.1,1.24,7.2,4,0.83,20.14,1,2024,11,17,3
3,1,3,4,14383.0,274.26,1.2,9.0,0,0.858,28.55,1,2024,6,26,6
7,4,3,0,628.52,320.6,3.23,8.8,0,0.827,0.5,0,2025,4,15,5
6,5,3,3,14968.4,130.47,1.82,5.1,4,0.88,78.32,1,2025,6,29,3
4,0,2,4,10313.91,43.24,1.83,6.4,0,0.589,9.29,0,2024,12,16,1
5,5,2,1,12512.8,60.52,3.36,3.9,1,0.794,14.01,1,2025,7,13,3
5,2,2,0,4771.98,113.07,1.38,4.7,3,0.971,4.76,0,2024,12,28,2
4,6,3,2,707.57,250.6,2.23,9.1,2,0.805,11.55,1,2025,11,23,3
3,0,1,1,11199.11,420.38,1.69,9.3,0,0.806,11.58,0,2025,11,28,0
5,2,3,2,12595.1,350.95,3.11,9.0,0,0.868,24.11,1,2025,10,20,1
4,3,3,0,11236.9,394.73,3.38,1.4,2,0.667,133.87,1,2025,12,10,6
5,0,1,0,2571.33,176.14,3.58,8.5,1,0.85,3.53,1,2024,9,27,0
6,0,0,1,11424.7,202.92,2.04,9.5,3,0.958,0.7,1,2025,9,16,5
0,7,3,4,11649.38,197.45,1.49,3.6,3,0.505,22.76,0,2025,5,10,2
6,2,1,4,10048.84,96.74,1.46,5.2,2,0.935,70.13,1,2024,7,15,1
6,1,3,2,11608.68,31.55,2.61,7.8,3,0.609,26.53,1,2024,9,9,1
7,5,1,1,12765.86,295.87,4.32,5.6,4,0.728,34.08,1,2024,10,12,2
1,4,0,1,9397.26,494.62,1.92,9.9,1,0.926,0.82,1,2025,7,25,0
0,6,3,2,1784.77,84.25,2.05,4.6,0,0.912,3.09,1,2024,11,1,0
7,4,1,4,7570.6,24.3,1.53,7.1,2,0.946,56.33,1,2024,8,18,3
4,2,0,4,1625.92,389.99,3.2,7.9,3,0.97,0.5,0,2024,10,31,4
6,2,3,4,6409.37,127.04,3.44,4.9,0,0.724,10.55,0,2024,10,22,5
7,2,1,3,6403.04,414.99,3.32,8.6,0,0.828,6.03,0,2025,12,22,1
7,5,3,3,1457.14,352.26,4.04,5.5,2,0.695,20.68,1,2024,7,31,6
1,0,1,0,5557.9,472.89,2.81,4.1,0,0.675,3.85,1,2025,12,7,3
6,5,2,3,2109.47,205.05,1.64,1.1,1,0.716,1.57,0,2025,12,22,1
3,4,2,1,12219.41,331.32,2.16,3.9,2,0.872,69.92,1,2025,5,15,4
7,6,2,3,14241.48,232.96,3.39,7.3,1,0.751,16.68,1,2024,11,20,6
6,1,0,0,1548.59,315.66,3.22,9.2,0,0.907,1.01,0,2025,5,6,5
3,4,3,4,14349.17,225.35,2.95,2.5,1,0.873,34.26,0,2024,12,23,1
7,5,0,3,8077.36,95.13,3.45,3.6,4,0.51,1.24,1,2025,7,27,3
6,4,2,2,4843.7,254.44,3.3,1.5,1,0.815,4.26,0,2024,10,7,1
6,3,2,0,1614.5,264.76,4.11,6.9,2,0.718,10.44,1,2024,10,21,1
4,0,3,0,7759.05,405.49,3.13,9.6,2,0.728,126.88,1,2024,5,4,2
4,7,2,0,12020.48,368.02,3.77,6.4,2,0.909,74.58,1,2025,8,10,3
5,2,2,1,10752.75,332.23,2.02,6.2,4,0.774,24.9,1,2025,11,23,3
2,0,1,2,1228.28,57.58,3.44,5.5,2,0.943,8.65,1,2025,7,10,4
7,6,3,3,1557.08,360.59,4.18,0.9,1,0.856,3.43,0,2025,1,23,4
6,0,2,3,6341.66,250.65,2.47,7.3,4,0.776,15.15,1,2025,2,8,2
5,5,2,0,4781.71,447.16,3.77,6.0,2,0.877,30.26,1,2024,12,19,4
3,5,3,0,3869.57,460.02,3.59,6.6,2,0.519,56.47,1,2024,5,29,6
2,3,0,2,4574.57,28.52,1.4,9.0,1,0.514,0.5,0,2024,10,24,4
2,0,0,0,12150.5,410.5,3.12,7.8,2,0.542,7.29,1,2024,2,13,5
5,1,2,3,13973.81,19.81,1.63,7.8,2,0.719,91.94,1,2024,10,21,1
4,8,1,4,6373.99,184.22,4.39,9.3,0,0.618,5.88,0,2024,3,21,4
6,3,3,2,13638.61,271.61,3.88,9.9,4,0.992,85.02,0,2024,12,20,0
6,0,2,4,5161.69,74.9,1.56,5.8,3,0.771,4.23,1,2025,3,28,0
7,6,2,0,7408.34,373.41,1.6,1.1,3,0.831,5.51,1,2025,11,2,3
4,6,1,2,3777.42,5.17,3.16,4.6,0,0.639,2.88,0,2024,9,19,4
4,0,0,4,9786.9,85.13,2.34,7.9,1,0.661,0.63,1,2025,5,5,1
3,7,0,1,14695.23,290.82,1.32,0.3,0,0.668,0.5,0,2024,8,7,6
5,1,0,3,9250.65,357.48,2.99,0.6,0,0.849,0.57,0,2024,7,25,4
7,7,1,0,5688.3,458.4,2.48,0.7,4,0.737,11.62,1,2025,7,5,2
6,2,2,0,9893.35,353.04,1.53,7.3,2,0.759,64.25,1,2024,10,4,0
4,7,0,4,2282.35,336.22,3.85,5.0,1,0.796,0.5,1,2025,7,29,5
1,0,0,0,13385.56,197.78,4.22,3.7,4,0.884,2.37,1,2025,12,13,2
2,8,1,3,7794.72,1.64,3.7,1.1,1,0.545,8.47,0,2024,10,5,2
5,5,3,2,7015.57,60.96,3.91,7.3,4,0.888,40.03,1,2024,5,20,1
1,2,2,3,8995.04,267.74,1.91,3.2,2,0.782,49.34,1,2024,4,21,3
6,6,3,2,9559.37,337.89,2.07,2.7,0,0.835,15.66,0,2025,9,22,1
5,0,3,4,1540.75,209.31,1.89,6.5,2,0.664,21.78,1,2025,8,23,2
2,1,1,4,10397.95,365.61,3.72,5.6,2,0.705,73.8,1,2024,9,2,1
0,8,0,1,4008.01,261.41,4.33,3.6,2,0.616,2.39,1,2024,9,5,4
0,1,2,0,10852.31,38.01,3.57,6.4,0,0.99,8.77,1,2024,2,21,6
4,0,0,2,12426.75,96.82,4.11,2.7,0,0.749,0.5,0,2025,11,16,3
4,0,3,3,12157.4,420.16,3.31,7.9,1,0.998,34.99,1,2025,6,27,0
0,8,0,3,8511.26,362.73,2.48,2.3,0,0.745,0.5,0,2024,8,19,1
6,3,2,4,8042.46,447.49,2.61,1.6,1,0.61,8.05,1,2025,10,15,6
2,0,3,2,2571.7,59.66,1.45,7.8,3,0.754,5.59,0,2024,8,26,1
6,3,2,0,11742.52,495.12,1.3,7.1,4,0.52,28.52,1,2024,2,23,0
1,7,0,1,4435.44,105.49,3.5,1.8,1,0.952,0.51,0,2024,4,12,0
6,1,3,1,7702.08,6.88,2.65,1.2,3,0.909,14.77,0,2025,2,27,4
5,2,3,1,4621.97,498.71,3.02,8.4,0,0.863,9.27,1,2024,12,4,6
1,5,2,4,2440.51,141.26,3.04,7.8,1,0.805,2.62,0,2025,4,28,1
2,5,3,0,9628.59,334.34,2.12,3.3,3,0.79,17.94,0,2024,4,12,0
3,2,0,3,1287.81,89.16,2.77,6.6,0,0.998,0.5,0,2025,11,28,0
7,7,3,4,11355.36,290.53,2.75,1.2,3,0.639,20.04,0,2024,5,20,1
6,6,1,0,5105.01,452.11,2.48,5.1,2,0.89,34.45,1,2024,1,6,2
2,0,3,0,501.95,160.77,3.91,0.2,1,0.791,0.7,0,2025,7,17,4
1,0,3,2,7911.37,335.46,2.69,3.9,4,0.988,39.57,1,2024,6,10,1
6,5,0,0,1179.35,94.76,3.19,0.7,4,0.914,0.5,1,2025,2,20,4
0,6,1,3,4504.46,312.77,4.16,4.8,1,0.999,6.29,0,2025,10,30,4
3,8,2,1,10751.16,168.89,4.06,4.2,3,0.794,8.52,0,2025,5,2,0
1,2,0,2,1409.0,106.39,4.14,4.4,1,0.602,0.5,1,2025,5,3,2
3,5,3,0,12670.41,157.28,2.09,0.5,0,0.752,18.45,0,2025,10,28,5
1,4,3,3,555.39,90.24,1.32,3.6,1,0.856,1.84,0,2024,7,23,5
4,1,2,0,4078.95,451.06,2.06,7.6,2,0.887,25.99,1,2024,10,21,1
0,5,3,4,11243.11,199.2,2.12,3.7,4,0.5,55.64,0,2024,11,24,3
3,8,1,4,5085.92,123.39,4.2,7.2,2,0.753,38.02,1,2024,10,19,2
0,1,3,1,1977.44,224.76,3.34,3.7,1,0.618,4.18,1,2025,10,23,4
4,3,3,1,5723.39,160.95,1.47,4.2,3,0.937,11.35,0,2024,3,1,0
6,8,2,4,4420.7,372.47,1.65,5.6,1,0.576,4.61,0,2024,4,1,1
1,7,1,3,12719.32,485.64,1.71,9.5,2,0.833,104.71,1,2025,10,29,6
2,1,1,2,5043.54,219.58,3.28,1.1,2,0.633,29.8,1,2025,8,10,3
5,1,0,4,11939.52,430.66,3.63,0.3,0,0.678,0.5,0,2024,8,25,3
7,2,0,1,13432.15,283.37,4.04,6.1,0,0.97,0.55,0,2025,7,1,5
1,8,3,0,6790.35,79.46,4.3,9.5,2,0.62,111.06,1,2024,2,8,4
6,2,2,2,13694.18,345.62,1.87,9.9,3,0.548,14.59,1,2024,6,28,0
0,3,1,1,5971.11,257.2,2.22,4.8,2,0.535,41.71,1,2025,3,3,1
1,0,0,0,14479.14,325.65,1.99,4.7,2,0.752,7.79,1,2024,6,29,2
6,2,2,2,1794.7,444.95,2.38,6.4,2,0.821,11.33,1,2024,2,7,6
6,3,1,2,10461.78,220.78,4.22,5.6,2,0.664,74.14,1,2025,2,10,1
5,8,2,1,7660.3,450.69,3.1,6.3,0,0.845,5.12,1,2025,5,22,4
0,3,3,0,6120.91,375.58,3.64,8.7,1,0.531,18.97,0,2024,7,9,5
0,6,0,3,9674.32,244.81,2.82,7.5,2,0.929,5.31,1,2024,10,23,6
6,3,3,2,10705.93,302.01,1.3,5.0,3,0.908,23.05,1,2024,2,8,4
5,2,3,4,563.27,163.46,1.41,4.6,0,0.993,1.06,1,2024,1,10,6
6,0,1,4,2920.82,491.82,2.98,6.4,0,0.968,3.69,1,2024,11,1,0
2,8,3,0,10839.17,334.01,3.57,4.6,3,0.678,22.48,1,2025,8,4,1
4,1,2,0,10162.59,22.88,1.91,4.6,0,0.7,6.72,0,2025,9,9,5
2,5,2,3,14507.69,163.98,3.58,0.2,1,0.873,12.75,0,2024,4,19,0
4,3,1,2,11535.05,312.03,3.88,1.7,0,0.567,8.62,0,2024,12,9,1
0,8,2,1,14286.2,29.11,2.56,4.9,1,0.657,15.43,1,2024,10,18,0
6,5,3,2,10686.84,12.92,3.66,8.2,1,0.559,31.23,1,2025,4,10,4
4,2,0,2,4821.76,225.56,2.53,2.8,4,0.727,0.5,1,2025,10,18,2
0,8,0,1,2027.79,167.01,3.44,5.2,3,0.776,0.5,0,2025,7,10,4
1,0,2,4,11836.45,219.71,3.72,3.4,3,0.606,10.03,0,2025,6,20,0
3,4,3,2,9840.16,132.08,4.47,1.0,0,0.513,13.88,1,2025,5,20,5
3,6,1,0,1198.7,83.19,2.34,9.6,1,0.86,2.82,0,2024,5,17,0
0,7,2,2,5720.73,344.88,2.56,8.5,3,0.51,5.86,1,2025,5,31,2
2,7,3,0,14373.6,257.77,1.75,0.8,3,0.987,24.49,1,2025,4,24,4
1,6,3,2,7755.82,100.88,1.87,7.2,1,0.611,21.16,0,2024,10,6,3
0,6,0,2,6774.57,160.48,3.49,3.5,0,0.832,0.5,1,2024,7,16,5
1,5,2,3,7136.64,296.31,4.23,9.9,3,0.717,7.5,1,2024,4,25,4
3,0,1,2,3528.8,37.04,2.5,3.0,0,0.53,3.21,1,2024,12,4,6
5,3,0,3,5846.25,74.58,1.79,2.4,1,0.736,0.5,0,2024,6,15,2
1,2,2,2,5862.29,37.55,2.14,5.7,2,0.758,35.25,1,2025,4,14,1
6,1,0,4,1259.15,406.35,2.7,8.4,2,0.927,1.58,1,2025,10,25,2
6,4,2,1,11629.73,376.45,2.16,1.9,4,0.866,22.98,1,2024,9,20,0
3,1,2,0,6539.31,376.9,1.97,7.1,4,0.54,15.69,1,2024,7,9,5
1,8,2,0,12421.61,358.45,3.63,0.6,2,0.605,61.05,1,2024,1,15,1
1,7,3,1,12830.05,335.02,1.23,9.2,0,0.656,26.24,1,2024,12,11,6
4,2,1,4,3573.91,239.02,2.98,0.8,0,0.558,1.87,1,2024,10,29,5
5,2,3,0,10031.63,321.5,3.82,9.1,4,0.728,60.98,1,2025,8,4,1
7,5,1,4,7348.09,20.14,2.08,4.9,2,0.992,50.62,1,2025,11,21,0
6,6,0,4,13262.27,311.11,3.19,4.5,0,0.757,1.1,0,2024,7,16,5
7,7,3,4,3628.24,389.16,3.41,9.7,3,0.871,8.62,1,2024,6,28,0
6,0,1,1,10328.29,250.68,3.36,9.9,1,0.841,15.78,0,2025,9,17,6
1,7,3,1,9312.41,179.4,2.67,6.5,3,0.925,21.4,0,2025,10,16,4
7,2,2,3,4781.87,139.44,2.34,1.3,2,0.608,24.83,1,2025,2,19,6
5,3,3,2,2480.71,321.76,3.96,5.1,4,0.877,11.3,1,2025,3,13,4
0,5,1,2,9948.78,346.71,3.7,5.3,4,0.941,26.79,1,2025,6,11,6
2,0,2,3,11209.66,435.61,2.26,5.1,4,0.586,25.13,1,2024,12,1,3
5,8,3,4,5076.6,171.82,1.54,5.7,2,0.673,72.11,1,2024,3,29,0
3,6,2,1,9850.07,385.12,1.44,0.2,4,0.985,17.25,0,2025,2,14,0
6,3,0,1,6229.4,281.12,1.51,7.1,2,0.89,3.04,1,2025,11,16,3
6,5,0,4,10841.5,441.54,3.12,7.1,3,0.641,0.58,1,2024,4,7,3
1,0,2,0,3388.62,264.38,1.37,1.2,4,0.782,5.84,0,2024,7,8,1
1,7,1,0,13408.12,259.3,2.31,5.7,1,0.702,17.27,0,2024,5,23,4
4,5,0,1,4667.44,289.36,3.69,5.7,3,0.745,0.5,0,2025,5,3,2
3,5,1,2,5832.9,374.91,2.17,6.8,2,0.678,43.62,1,2024,11,27,6
1,3,2,4,1342.33,482.38,3.72,0.9,2,0.64,6.69,1,2024,9,11,6
1,4,1,2,2116.93,37.71,3.66,6.3,2,0.837,15.72,1,2024,1,7,3
3,8,3,1,7980.0,27.66,2.01,2.8,0,0.889,12.61,0,2024,9,24,5
2,5,2,0,4380.09,468.84,3.61,5.1,3,0.937,3.27,0,2025,1,27,1
7,1,2,3,12614.46,265.41,3.67,7.7,1,0.578,15.87,1,2024,8,29,4
7,4,0,0,713.05,307.84,2.51,7.1,4,0.911,0.5,1,2025,4,2,6
0,5,1,2,5996.86,241.73,1.89,1.2,3,0.627,5.62,1,2024,9,30,1
6,3,3,2,5391.51,47.74,2.92,5.9,2,0.714,77.03,1,2024,12,3,5
0,6,2,1,780.25,384.28,4.24,9.7,3,0.951,0.5,1,2024,11,5,5
1,3,1,0,2303.34,373.87,3.31,1.6,3,0.727,1.89,0,2025,8,19,5
2,8,2,1,6497.82,156.54,1.77,8.5,4,0.599,16.89,1,2025,8,9,2
0,5,2,3,7646.54,153.81,3.45,7.0,4,0.58,18.54,1,2024,1,12,0
1,6,0,3,6362.2,419.08,2.61,7.7,0,0.736,0.5,0,2024,9,24,5
1,3,1,2,8198.6,37.11,3.15,2.8,1,0.881,10.69,0,2025,10,31,0
7,3,2,0,9129.41,440.67,3.62,2.9,4,0.999,17.73,0,2025,1,3,0
7,5,3,2,643.9,129.07,2.9,9.1,0,0.894,0.78,1,2025,12,10,6
5,0,1,4,7229.38,296.9,3.89,3.6,2,0.939,46.85,1,2024,8,29,4
3,4,2,4,14470.74,468.06,3.58,0.6,3,0.874,9.78,1,2024,3,4,1
5,8,1,3,8025.97,339.38,3.23,6.0,4,0.948,21.38,1,2025,11,14,0
1,0,0,3,10324.36,207.8,1.7,1.2,2,0.538,4.91,1,2024,5,1,6
0,6,3,1,5022.03,345.08,3.96,8.0,0,0.965,9.46,0,2025,4,21,1
5,3,2,2,11722.87,172.65,4.29,6.4,4,0.698,27.48,1,2024,11,10,3
3,5,3,2,11707.36,139.35,1.65,8.7,1,0.961,34.2,1,2024,6,12,6
0,1,0,2,8058.79,498.34,2.81,7.8,1,0.538,0.5,1,2025,2,19,6
1,2,1,3,14652.2,375.64,2.05,1.1,3,0.858,12.66,0,2025,12,3,6
6,5,3,1,2320.48,322.72,3.69,3.8,0,0.868,4.16,0,2025,5,29,4
1,4,2,2,745.74,178.29,3.58,7.7,3,0.998,0.5,0,2025,12,21,3
1,4,0,2,11667.29,25.53,1.66,4.2,3,0.884,0.65,1,2024,11,14,4
1,8,0,1,12203.76,16.5,4.09,9.7,1,0.691,1.96,1,2025,12,7,3
5,2,1,4,2243.0,277.54,1.8,7.4,0,0.779,1.91,0,2024,4,30,5
7,4,0,3,4350.95,381.25,3.83,0.2,0,0.683,0.5,0,2025,10,16,4
0,7,2,3,754.51,269.15,2.71,8.8,2,0.598,5.81,1,2024,10,29,5
3,5,1,3,4752.97,420.55,2.28,1.0,1,0.624,5.57,1,2025,1,11,2
1,5,0,2,11710.56,17.68,1.72,1.4,3,0.611,1.22,1,2025,9,21,3
0,5,3,2,8010.43,184.01,1.75,7.3,2,0.774,120.82,1,2024,8,14,6
2,5,0,2,5547.39,119.3,3.38,8.6,2,0.953,4.07,1,2024,8,12,1
3,0,1,4,5890.22,224.19,3.02,5.4,4,0.956,15.18,1,2024,5,16,4
2,1,2,0,519.63,37.12,1.6,2.9,4,0.527,0.81,1,2025,5,4,3
7,5,0,1,4847.11,477.11,1.57,3.5,4,0.54,0.54,1,2024,6,5,6
7,2,3,4,9873.65,112.4,1.44,3.4,0,0.623,16.54,0,2025,4,10,4
7,2,2,1,14625.82,461.23,3.65,3.3,3,0.628,12.06,1,2025,9,12,0
5,2,0,4,12782.38,213.52,3.55,2.4,2,0.547,6.21,1,2025,1,17,0
2,5,1,2,842.13,492.78,1.39,6.1,4,0.694,2.33,1,2025,3,1,2
2,1,2,4,13529.13,277.48,3.05,9.0,4,0.794,34.99,1,2025,12,19,0
7,6,2,4,11856.38,465.49,1.48,3.1,3,0.789,9.3,0,2025,7,16,6
2,1,0,2,11815.45,3.67,4.18,1.9,0,0.772,1.58,0,2025,4,27,3
0,1,2,0,7140.94,374.37,4.19,8.4,4,0.669,17.37,1,2025,7,4,0
6,4,3,3,6271.08,451.62,3.5,7.4,1,0.853,18.12,1,2025,11,11,5
0,6,2,4,4892.28,70.72,4.26,9.3,3,0.913,5.31,1,2024,8,11,3
2,0,3,0,1452.58,48.97,3.88,1.7,0,0.673,2.76,0,2024,9,10,5
2,3,3,4,3809.41,212.86,3.93,1.4,2,0.543,46.07,1,2025,11,27,4
0,5,3,1,4075.75,466.91,3.08,5.4,3,0.648,8.56,1,2025,9,2,5
2,8,1,2,7519.12,271.65,2.21,6.1,0,0.569,7.09,1,2024,3,24,3
7,7,3,2,11337.94,264.2,1.92,4.8,1,0.734,30.17,1,2025,6,22,3
4,1,0,3,7370.24,71.42,2.28,6.0,2,0.578,3.96,1,2025,4,2,6
4,2,3,4,1338.74,1.39,3.27,1.8,1,0.731,2.51,1,2025,6,24,5
4,7,0,2,14387.95,405.26,1.77,4.8,2,0.611,7.24,1,2025,12,21,3
3,4,1,3,14169.5,44.7,2.05,6.6,4,0.869,38.58,1,2025,1,5,3
6,2,0,0,11885.25,317.29,2.74,4.3,2,0.514,6.21,1,2024,3,20,6
6,3,0,3,14874.25,457.39,1.97,6.8,0,0.777,1.57,1,2025,7,31,4
3,5,2,4,8394.99,105.12,3.14,4.5,2,0.585,48.93,1,2024,4,24,6
6,2,3,4,14460.14,332.97,4.25,3.3,1,0.5,34.34,1,2024,3,4,1
2,1,0,4,1596.27,40.27,3.67,3.0,4,0.935,0.8,0,2025,7,14,1
5,1,0,2,5802.37,302.27,3.4,4.1,4,0.836,0.5,0,2025,6,1,3
7,5,2,2,3768.03,82.8,3.12,0.2,2,0.549,17.38,1,2024,7,26,0
2,6,2,1,3339.58,368.24,2.81,6.7,2,0.832,21.13,1,2025,8,9,2
7,6,3,0,2541.64,151.31,1.82,8.5,1,0.806,7.66,0,2025,7,3,4
1,2,1,0,9525.0,232.23,4.15,3.5,3,0.737,9.56,1,2024,6,2,3
0,5,0,1,11829.17,300.12,2.02,0.5,4,0.71,1.86,1,2024,6,17,1
0,5,0,0,8885.33,86.47,1.5,9.9,0,0.944,1.57,1,2024,12,1,3
3,8,3,4,2630.96,371.08,3.68,2.6,2,0.623,33.12,1,2025,6,16,1
7,3,1,3,12261.29,152.02,1.78,1.3,2,0.699,72.95,1,2025,3,28,0
1,5,1,3,9721.34,331.52,2.43,3.7,2,0.665,64.39,1,2024,4,29,1
7,4,3,1,6128.4,79.98,1.29,7.4,3,0.886,13.34,1,2025,11,27,4
2,0,2,2,10274.89,344.37,1.65,2.9,0,0.958,6.93,0,2024,7,29,1
0,6,1,1,4268.62,64.97,1.77,5.7,1,0.925,6.79,0,2025,8,20,6
0,5,3,0,5505.29,213.25,1.38,4.2,1,0.899,13.6,0,2025,5,15,4
2,7,0,4,13803.54,124.36,3.37,1.2,3,0.993,0.58,0,2024,4,3,6
6,5,1,2,4712.32,374.44,3.96,3.3,4,0.849,11.52,0,2025,6,6,0
1,0,1,1,7314.83,131.76,2.43,7.2,0,0.876,6.69,0,2025,4,1,5
6,4,1,4,13407.05,440.98,4.09,6.1,1,0.991,17.84,1,2024,2,26,1
4,5,2,2,10761.96,446.02,1.9,1.2,1,0.503,9.94,1,2025,4,9,6
2,7,0,2,1401.95,99.02,2.27,1.6,2,0.817,1.35,1,2024,5,15,6
1,3,1,1,2635.89,307.31,1.7,6.4,0,0.869,2.35,0,2025,6,9,1
2,6,3,2,613.7,44.77,3.25,8.1,0,0.959,0.53,0,2025,3,1,2
5,5,3,2,9648.37,196.38,2.59,3.5,3,0.942,18.13,0,2025,4,12,2
3,0,2,3,6991.26,356.95,3.22,6.0,3,0.921,7.58,0,2025,7,31,4
2,0,1,3,2446.99,330.05,3.71,1.7,2,0.973,14.64,1,2024,2,29,4
0,2,3,1,14390.04,312.73,3.0,3.1,1,0.769,34.86,0,2025,7,26,2
4,5,0,1,8180.07,141.99,3.27,0.2,3,0.503,0.5,0,2025,4,18,0
1,0,1,2,4007.45,189.63,4.29,7.7,1,0.506,5.94,1,2025,11,19,6
6,3,1,3,7758.75,52.37,2.19,4.0,1,0.772,10.43,0,2024,11,11,1
4,2,3,4,10354.49,359.79,2.39,8.2,0,0.718,19.92,0,2024,1,23,5
3,2,2,1,1605.47,252.44,3.57,7.1,1,0.726,2.17,1,2025,2,9,3
3,7,2,2,4483.21,354.67,3.22,8.3,3,0.7,3.83,1,2024,9,17,5
7,2,3,3,12201.0,125.22,1.79,2.9,0,0.959,20.38,1,2024,1,4,4
3,0,2,4,7165.14,162.89,2.44,1.9,1,0.68,7.12,0,2024,8,11,3
0,4,2,4,8425.37,167.77,2.74,9.7,3,0.928,8.74,1,2025,8,15,0
4,0,3,3,6775.83,13.85,2.58,7.2,4,0.951,38.21,1,2024,3,15,0
6,1,0,4,1136.55,171.18,1.79,8.3,0,0.75,0.5,1,2024,2,16,0
6,1,1,4,2903.37,401.85,4.25,0.1,3,0.723,2.21,0,2025,3,9,3
2,3,3,1,6960.35,448.75,3.72,3.5,4,0.881,32.92,0,2024,12,18,6
3,1,3,4,3533.19,259.59,2.79,7.4,3,0.854,8.03,1,2025,12,18,4
6,6,2,4,1224.7,228.3,3.44,0.8,3,0.664,0.84,0,2024,3,6,6
1,6,2,3,12732.92,16.38,4.16,5.7,3,0.551,11.92,1,2025,7,8,5
0,5,0,2,14727.29,439.72,1.65,4.3,4,0.632,2.53,1,2024,3,2,2
4,3,3,1,12000.57,7.49,2.03,0.2,0,0.566,16.43,1,2024,3,11,1
2,8,1,4,12879.88,472.43,2.99,2.4,2,0.647,79.99,1,2025,4,28,1
6,2,3,3,4008.67,245.12,3.84,2.8,2,0.631,50.08,1,2024,2,2,0
3,1,2,2,14429.09,171.63,1.32,1.1,3,0.819,10.95,0,2024,10,20,3
3,6,1,0,3355.42,462.18,4.45,6.3,0,0.977,2.14,0,2025,2,22,2
0,7,2,3,14295.73,13.17,2.7,2.4,1,0.843,14.87,1,2024,7,3,6
2,0,3,3,14924.88,291.13,2.39,2.8,3,0.963,28.67,1,2024,5,18,2
4,0,0,2,10819.98,274.92,2.17,9.0,3,0.892,0.52,0,2025,10,18,2
0,5,1,1,14726.58,110.44,1.78,4.7,3,0.864,15.47,1,2025,10,23,4
0,5,0,2,8758.33,215.01,3.81,3.9,1,0.707,0.87,1,2025,3,6,4
3,4,2,1,4263.36,326.48,4.35,7.2,4,0.662,9.86,1,2025,1,18,2
1,8,2,4,6836.44,363.84,2.57,9.1,4,0.923,16.75,1,2025,1,26,3
5,4,1,2,9106.63,1.36,4.34,0.3,0,0.953,6.56,1,2025,4,4,0
7,6,2,0,1559.68,468.49,3.92,4.5,0,0.726,0.74,0,2025,1,21,5
5,7,0,4,9523.98,83.1,2.79,6.1,2,0.505,5.73,1,2025,1,19,3
1,0,2,0,14727.08,117.56,3.42,3.2,0,0.896,10.17,0,2024,3,23,2
4,8,2,3,3256.56,132.47,2.64,7.7,4,0.643,7.71,1,2025,11,30,3
1,2,1,2,11992.63,19.87,3.04,9.7,4,0.505,38.02,1,2025,11,8,2
3,4,2,4,13664.53,62.4,1.39,9.4,4,0.902,36.2,1,2025,7,6,3
0,6,1,0,14183.67,493.19,3.5,2.7,3,0.759,11.56,0,2024,5,16,4
7,1,3,3,14421.97,158.29,1.37,2.3,4,0.843,66.65,1,2025,10,31,0
4,7,1,1,8061.16,58.54,3.9,9.6,2,0.957,65.53,1,2024,12,22,3
2,5,1,3,14670.96,54.39,3.92,4.6,4,0.771,37.17,0,2024,5,1,6
1,8,1,4,11481.0,360.01,1.98,2.1,3,0.752,10.49,0,2024,7,1,1
5,0,1,4,2844.24,427.43,2.27,7.1,0,0.645,2.85,0,2025,7,4,0
4,5,3,3,7415.05,129.22,2.79,2.8,3,0.653,14.25,0,2025,2,6,4
5,5,3,1,10915.8,11.43,3.17,2.7,4,0.898,52.1,1,2025,6,25,6
3,1,3,3,4086.43,112.32,2.15,8.8,3,0.725,10.12,1,2024,5,10,0
0,2,0,0,9788.92,29.2,3.16,1.6,4,0.582,1.94,1,2024,8,16,0
0,4,0,0,10165.71,52.59,2.18,0.6,0,0.547,0.65,0,2024,1,4,4
2,6,3,4,2859.15,216.32,1.38,2.7,2,0.736,36.69,1,2024,1,24,6
6,1,2,1,8693.74,115.73,1.21,6.1,4,0.732,20.08,1,2024,11,1,0
4,5,1,1,11688.59,258.46,1.53,1.2,1,0.827,12.78,0,2025,4,19,2
0,2,0,0,7733.99,127.49,3.81,4.7,1,0.736,0.5,1,2025,11,20,4
3,6,2,0,675.5,470.33,4.37,6.3,4,0.572,2.11,1,2025,7,11,0
3,5,3,4,631.06,453.07,2.61,8.5,0,0.754,1.21,0,2025,3,10,1
5,7,1,4,5676.93,283.84,2.89,2.3,0,0.953,5.86,0,2025,6,28,2
3,8,3,2,13929.81,177.86,1.68,8.2,2,0.58,217.83,1,2025,1,23,4
4,5,3,2,3815.81,191.19,3.02,2.3,1,0.845,8.93,0,2024,8,23,0
0,1,2,1,9698.27,206.51,1.68,6.8,0,0.797,8.0,1,2024,9,10,5
4,1,3,2,3720.1,364.06,3.22,4.3,4,0.874,18.29,1,2025,4,16,6
6,4,2,4,5164.21,226.37,4.28,1.1,1,0.575,5.05,1,2024,12,20,0
5,1,3,3,12796.61,428.51,1.85,7.1,4,0.971,72.38,1,2024,6,7,0
4,5,0,1,11068.49,472.1,3.72,2.2,0,0.81,0.5,1,2024,10,9,6
7,6,2,4,1883.29,168.64,1.28,1.8,2,0.924,10.35,1,2024,7,12,0
4,1,0,0,6716.18,280.79,2.44,3.6,2,0.623,2.85,1,2024,4,25,4
3,7,2,4,922.96,48.43,1.57,6.5,4,0.87,2.32,1,2024,2,2,0
1,2,1,2,7472.91,101.03,2.36,2.3,0,0.891,6.52,0,2025,11,7,0
1,6,0,3,10105.29,207.32,1.77,1.8,4,0.699,1.37,1,2025,3,5,6
0,4,2,1,2218.29,103.9,2.43,0.1,1,0.692,1.84,1,2025,9,21,3
0,1,0,0,4688.83,438.4,2.58,4.7,4,0.829,2.08,1,2024,1,17,6
7,7,3,0,6268.63,79.98,2.19,4.3,3,0.547,12.92,0,2024,9,3,5
4,8,1,4,13833.2,228.37,3.37,2.3,2,0.868,85.58,1,2024,7,30,5
5,8,1,4,14902.2,303.24,4.23,0.5,2,0.521,85.41,1,2024,3,9,2
3,0,1,3,1151.21,346.24,2.52,4.3,2,0.595,7.48,1,2024,4,13,2
5,1,3,0,11534.61,192.15,1.83,7.9,0,0.832,21.55,0,2025,8,31,3
7,0,2,3,5890.0,434.68,2.09,7.2,3,0.549,6.4,1,2024,2,4,3
3,7,2,4,6190.64,284.59,4.02,8.6,1,0.986,7.35,1,2025,4,2,6
3,0,3,4,11436.84,220.31,3.09,0.1,0,0.934,17.19,0,2025,9,4,4
5,3,3,0,13817.18,34.55,2.7,9.7,4,0.813,85.15,1,2025,11,19,6
7,7,3,3,14288.46,232.88,1.69,3.4,4,0.91,70.76,0,2025,12,21,3
1,8,1,1,8868.28,410.55,2.68,9.9,3,0.944,10.37,1,2024,2,19,1
7,1,0,3,5678.26,307.66,2.12,2.5,4,0.63,1.51,1,2024,9,7,2
7,1,1,1,11919.46,416.25,4.31,4.7,4,0.925,30.94,1,2024,2,15,4
6,8,1,2,4139.52,247.51,4.12,3.5,0,0.597,3.8,0,2025,2,15,2
2,3,0,4,8679.07,60.11,1.48,3.6,2,0.707,4.74,1,2025,3,25,5
3,0,3,1,5699.39,7.81,2.9,8.4,0,0.779,11.0,1,2024,8,27,5
6,8,1,2,10021.15,152.31,1.94,7.5,2,0.857,75.8,1,2025,7,6,3
0,2,2,2,3985.78,349.3,2.56,9.9,3,0.515,4.23,1,2024,8,10,2
2,0,2,4,3278.1,395.34,4.09,6.1,1,0.645,3.94,0,2024,2,27,5
6,1,1,1,13814.47,148.58,2.94,4.6,0,0.804,11.58,0,2024,5,23,4
0,5,2,2,1976.15,248.33,2.3,0.9,0,0.679,1.37,0,2025,5,30,0
5,7,2,2,7836.39,211.14,1.89,10.0,0,0.888,7.15,0,2024,10,23,6
4,7,2,0,3702.37,205.85,3.84,5.5,3,0.826,2.92,1,2024,8,27,5
6,6,2,3,1064.48,116.44,3.26,7.0,4,0.617,2.76,1,2025,8,12,5
6,3,3,1,1022.27,69.05,2.74,4.1,1,0.573,2.43,0,2024,11,22,0
3,7,1,0,3040.72,99.15,1.92,5.5,4,0.815,7.72,1,2025,8,14,4
1,6,2,4,13068.17,28.61,2.3,9.4,2,0.725,91.95,1,2025,9,4,4
6,2,1,4,4595.94,99.87,4.37,1.7,4,0.584,9.98,1,2025,11,19,6
4,0,0,1,14281.66,5.59,2.92,2.9,3,0.663,0.79,0,2024,11,24,3
6,2,3,1,8933.52,314.0,2.52,1.5,2,0.652,106.84,1,2024,8,30,0
2,6,1,2,6830.91,158.87,2.92,7.9,2,0.554,53.67,1,2024,11,5,5
2,4,1,0,8911.29,486.6,3.77,0.6,3,0.773,7.75,0,2024,5,26,3
0,1,2,4,7992.13,97.66,2.32,0.8,0,0.882,5.22,0,2025,11,7,0
4,5,1,3,11502.26,173.57,1.79,3.0,3,0.788,10.87,0,2025,6,17,5
0,3,2,4,4596.19,179.56,3.13,5.1,3,0.913,4.09,0,2024,8,14,6
4,7,2,1,5619.23,5.22,3.4,4.1,1,0.564,6.01,0,2025,2,27,4
5,2,1,0,13464.37,419.76,3.55,0.4,1,0.718,14.49,0,2024,11,3,3
6,5,3,1,14223.62,16.97,4.11,9.6,1,0.805,43.67,0,2024,10,8,5
5,1,2,3,13442.09,470.15,2.42,9.5,1,0.838,18.39,1,2024,3,3,3
4,1,1,2,6582.0,446.15,1.45,2.8,2,0.848,41.49,1,2025,7,24,4
3,4,1,1,11815.3,268.23,4.36,7.3,1,0.864,15.96,1,2025,8,28,4
1,3,0,1,7406.87,272.25,2.64,5.8,2,0.826,5.35,1,2024,6,28,0
0,2,0,2,7714.33,327.24,3.26,2.4,3,0.547,0.5,1,2025,10,3,0
3,5,3,1,3467.86,194.14,3.4,2.6,3,0.848,7.19,1,2025,11,26,6
7,1,2,4,9071.39,323.96,3.0,4.9,2,0.862,54.51,1,2025,3,13,4
1,2,0,3,3198.97,23.34,1.88,4.2,4,0.997,1.08,1,2025,7,23,6
2,1,0,2,5307.69,27.97,3.69,2.9,3,0.847,0.5,0,2025,5,22,4
6,3,1,0,12897.94,229.16,3.85,8.1,3,0.843,15.23,0,2024,2,18,3
2,3,1,1,3502.6,275.26,3.02,4.8,2,0.757,23.51,1,2024,12,18,6
0,8,2,2,1531.8,444.02,2.81,6.5,1,0.934,2.81,0,2025,10,20,1
1,6,2,1,1500.61,53.23,1.58,1.9,0,0.998,0.55,0,2025,11,18,5
4,6,0,3,14141.38,411.5,1.48,5.3,2,0.89,7.34,1,2025,1,25,2
3,5,0,1,7850.35,105.81,2.32,3.2,4,0.806,1.47,1,2025,6,21,2
5,8,2,4,6436.48,197.65,2.23,5.3,0,0.539,4.79,1,2024,11,22,0
2,4,1,4,12257.74,158.98,4.35,7.8,0,0.863,11.51,0,2025,12,14,3
1,2,1,1,12619.48,200.68,3.79,7.7,2,0.854,97.76,1,2025,3,2,3
2,5,3,4,5316.77,76.1,3.38,3.5,3,0.888,10.91,1,2025,2,22,2
3,5,3,1,10557.46,252.28,2.91,6.9,2,0.562,158.19,1,2024,6,1,2
7,3,2,2,11681.28,401.02,1.75,9.4,0,0.827,10.03,1,2024,11,3,3
7,6,1,3,9992.43,221.33,4.43,6.3,2,0.648,73.41,1,2025,1,20,1
7,3,1,2,2698.13,245.82,2.44,1.5,3,0.88,2.18,0,2024,7,7,3
4,1,0,3,13200.3,424.54,1.55,6.8,4,0.62,3.55,1,2025,7,4,0
3,1,3,4,8316.87,353.32,2.83,1.0,3,0.842,14.64,0,2025,4,29,5
0,3,3,3,4595.85,245.74,4.08,8.7,4,0.647,28.11,1,2024,9,3,5
3,6,2,4,6665.81,129.59,4.13,5.2,3,0.504,5.93,1,2024,8,18,3
2,6,0,2,1044.78,442.58,1.24,3.9,4,0.817,0.5,1,2024,11,3,3
6,6,0,4,2354.07,288.93,4.12,0.6,0,0.557,0.74,0,2025,12,25,4
4,3,3,3,11600.43,111.35,2.1,3.8,1,0.83,29.87,0,2024,5,27,1
1,0,0,0,500.17,135.29,1.33,9.0,1,0.963,0.84,0,2025,4,19,2
0,3,0,0,6540.2,401.76,4.0,0.2,3,0.985,0.85,0,2024,2,29,4
7,4,1,4,8076.4,23.03,4.05,4.7,2,0.618,55.81,1,2025,7,29,5
0,8,0,0,1292.2,496.05,3.17,9.3,3,0.905,0.5,1,2025,2,26,6
3,4,2,1,14609.63,66.05,3.1,3.9,4,0.677,31.39,1,2025,3,2,3
3,5,2,1,3778.82,398.24,3.88,4.3,1,0.95,3.64,0,2025,7,24,4
6,6,2,2,4910.88,197.99,3.79,5.8,3,0.894,4.71,0,2025,6,26,4
4,8,2,3,4907.17,246.62,4.14,4.6,3,0.537,4.54,1,2024,5,17,0
3,5,1,4,3841.04,440.44,3.02,1.7,4,0.704,7.7,0,2025,2,1,2
4,2,2,4,521.37,207.04,4.39,0.2,2,0.669,2.53,1,2024,9,5,4
5,0,0,4,11075.5,269.21,4.49,6.1,2,0.893,6.23,1,2024,9,18,6
1,5,1,0,14519.26,25.6,1.58,9.2,2,0.705,117.76,1,2024,7,27,2
2,6,3,4,3752.26,2.17,4.0,1.1,3,0.842,6.77,0,2024,12,4,6
0,2,2,3,10114.18,123.16,2.85,2.1,3,0.801,7.32,1,2025,10,24,0
7,6,3,2,11257.5,340.61,2.48,3.7,4,0.988,55.2,1,2024,3,21,4
3,2,3,0,12802.17,61.51,3.22,8.1,3,0.969,30.48,1,2025,4,5,2
6,2,3,1,6628.12,57.77,1.38,2.7,1,0.714,15.67,0,2025,1,14,5
1,0,0,1,4892.5,206.07,2.87,8.8,4,0.862,1.27,1,2024,4,4,4
1,5,1,2,5216.78,324.27,4.07,0.5,0,0.915,3.45,0,2025,7,2,6
0,6,3,4,10833.01,356.32,1.9,9.4,2,0.949,177.01,1,2024,7,14,3
2,1,3,1,12343.3,90.05,2.61,5.6,1,0.534,31.77,0,2024,2,22,4
0,6,1,2,3133.4,40.71,4.3,6.6,1,0.651,4.76,0,2024,10,1,5
6,1,1,4,5878.64,470.26,2.61,3.7,2,0.66,39.57,1,2025,1,21,5
5,0,2,1,13578.13,131.07,2.38,7.8,4,0.717,33.19,1,2025,11,20,4
3,8,3,4,12197.06,426.82,2.65,1.7,0,0.585,17.88,0,2025,9,11,4
6,5,3,2,14780.45,431.88,2.91,0.5,2,0.748,168.46,1,2025,9,9,5
2,5,3,1,11436.6,386.49,3.29,4.0,1,0.832,29.28,0,2024,2,10,2
0,4,3,3,6201.33,85.25,3.84,8.5,4,0.749,36.87,1,2024,3,15,0
2,3,2,2,9064.25,411.08,2.69,7.5,4,0.833,21.68,1,2024,7,11,4
1,4,2,2,10084.71,384.86,3.9,5.2,3,0.533,8.96,1,2025,8,24,3
7,4,2,2,1637.61,298.76,2.96,5.7,4,0.938,3.25,1,2025,11,18,5
7,6,2,3,8395.21,169.26,2.32,1.3,3,0.97,6.05,0,2025,7,26,2
5,3,0,1,10785.15,131.99,3.37,8.4,2,0.809,6.23,1,2024,8,10,2
1,7,0,4,2926.16,61.82,3.57,7.9,3,0.941,0.5,0,2025,5,5,1
5,4,3,1,11819.16,255.37,3.04,6.6,1,0.566,32.32,1,2024,8,1,4
7,2,0,4,8964.71,293.05,1.39,4.7,2,0.899,4.64,1,2024,12,6,0
0,1,1,3,14307.22,180.31,1.76,9.6,3,0.56,17.78,0,2024,11,6,6
4,1,2,1,1115.12,238.2,2.14,8.8,2,0.704,6.93,1,2024,1,16,5
3,8,3,3,4347.23,182.39,2.13,6.4,4,0.662,24.15,1,2024,8,4,3
2,4,1,4,9222.53,320.86,3.42,3.7,4,0.793,22.59,0,2024,7,13,2
6,4,2,1,4800.12,450.73,1.26,6.2,0,0.651,4.1,1,2024,4,30,5
6,2,0,2,10859.15,82.8,3.69,5.8,1,0.819,1.48,1,2025,5,5,1
5,8,2,1,11505.58,191.32,2.08,3.9,4,0.684,24.32,1,2024,9,5,4
4,0,1,3,1986.48,71.29,2.22,3.1,3,0.93,2.22,0,2025,12,13,2
5,7,0,2,7950.89,312.85,2.94,4.1,4,0.817,1.08,0,2025,9,10,6
0,2,2,3,7878.91,364.71,1.91,5.7,0,0.608,6.7,0,2025,12,21,3
2,7,3,0,5854.57,466.02,4.12,4.3,2,0.668,78.58,1,2024,7,28,3
1,3,0,0,14027.41,140.16,1.48,2.6,4,0.924,2.66,1,2025,2,10,1
1,7,3,0,12498.84,475.16,2.67,7.6,3,0.693,28.66,1,2024,9,2,1
5,8,0,3,10609.54,32.57,4.0,5.3,2,0.768,5.09,1,2025,7,19,2
3,1,3,0,10857.74,301.9,3.23,0.7,2,0.824,125.17,1,2024,11,25,1
5,4,0,4,7194.88,29.51,2.16,3.7,2,0.674,3.24,1,2024,10,16,6
2,4,1,2,13854.42,446.99,2.59,8.8,4,0.647,40.78,1,2025,1,24,0
3,5,0,3,10571.63,265.37,3.53,7.6,2,0.738,4.63,1,2025,4,22,5
4,6,2,0,11070.23,335.0,4.41,3.2,4,0.607,22.53,1,2025,6,30,1
6,4,1,0,12994.52,415.96,4.15,9.4,1,0.642,20.57,1,2025,10,26,3
0,4,0,4,4474.04,76.01,2.33,0.8,0,0.531,0.87,0,2025,1,2,4
2,1,2,2,12202.53,20.26,4.49,9.6,3,0.652,12.55,0,2024,11,11,1
5,5,1,1,3330.99,439.56,1.21,2.5,2,0.66,20.59,1,2024,9,24,5
0,8,2,1,5507.46,158.15,1.29,0.1,1,0.981,4.71,0,2025,1,3,0
0,3,3,3,5366.35,65.36,3.92,4.3,2,0.795,71.89,1,2025,6,9,1
4,3,2,1,14688.62,234.76,1.86,3.6,1,0.894,14.99,0,2025,5,24,2
7,7,1,0,12919.79,299.55,1.4,5.4,4,0.523,34.66,1,2025,4,22,5
7,4,0,3,10666.96,16.45,1.98,8.0,4,0.553,2.58,1,2024,4,10,6
4,7,1,0,11042.32,138.17,2.61,8.4,3,0.907,13.21,0,2025,4,25,0
6,6,1,3,8650.06,17.37,3.61,4.0,4,0.812,20.97,0,2024,11,23,2
1,3,0,0,14232.81,210.75,3.26,4.3,2,0.595,7.26,1,2024,7,27,2
4,8,1,3,7695.75,447.65,1.98,1.5,0,0.702,4.59,0,2025,1,14,5
3,4,0,2,6017.51,491.34,2.86,0.5,1,0.769,0.9,0,2024,11,16,2
5,4,3,4,2864.01,318.89,4.26,6.4,1,0.922,8.01,0,2025,2,27,4
7,4,0,1,11899.98,81.66,3.89,0.6,4,0.53,1.25,1,2024,2,16,0
0,1,1,4,11149.44,453.02,2.27,7.3,0,0.798,11.39,0,2025,7,30,6
0,1,1,1,6073.15,258.61,4.44,5.4,4,0.859,15.16,1,2024,8,14,6
3,7,1,3,865.3,77.72,3.54,2.0,1,0.989,1.26,0,2024,5,29,6
5,8,1,3,12665.46,460.94,1.41,5.4,0,0.904,11.45,0,2024,1,17,6
6,2,3,2,665.56,378.98,1.32,1.8,2,0.638,7.45,1,2024,9,24,5
2,7,3,0,10703.65,366.12,1.76,4.4,2,0.855,145.0,1,2025,7,20,3
5,4,2,3,14568.73,354.88,3.6,8.0,3,0.882,13.75,1,2025,8,21,4
6,1,1,1,6846.09,100.97,1.81,4.6,0,0.865,4.43,0,2025,8,16,2
7,7,1,3,3907.11,106.29,2.89,1.5,0,0.91,2.38,0,2025,3,3,1
0,1,1,4,10720.63,344.46,1.51,7.2,2,0.952,80.81,1,2024,10,29,5
1,7,1,0,12348.36,110.64,4.24,1.9,2,0.549,75.33,1,2024,6,5,6
1,5,2,4,8423.24,219.9,2.34,7.4,4,0.552,20.63,1,2024,7,19,0
6,4,1,2,14522.01,391.22,4.2,4.8,4,0.898,37.55,1,2024,12,3,5
4,7,0,2,1249.2,392.19,4.32,4.5,3,0.626,0.5,0,2024,8,23,0
4,5,0,1,7819.54,227.18,1.22,8.5,2,0.529,4.38,1,2025,1,23,4
4,1,3,3,10917.58,396.3,2.73,7.1,2,0.701,163.82,1,2025,8,6,6
3,5,3,4,13008.29,419.47,1.28,0.3,1,0.91,26.93,0,2024,9,8,3
3,8,0,2,3099.21,327.73,4.2,3.0,3,0.563,0.5,0,2025,5,26,1
1,0,0,2,12100.05,114.98,2.91,8.7,4,0.836,2.75,0,2025,7,17,4
0,7,0,1,8514.25,137.73,1.45,0.2,4,0.502,1.06,1,2025,11,1,2
5,1,2,3,6250.03,158.11,1.56,5.5,2,0.555,37.71,1,2025,12,2,5
0,4,1,0,2409.87,59.29,2.47,7.3,1,0.675,3.77,0,2024,12,11,6
4,1,2,3,13046.79,137.31,4.3,6.2,1,0.542,15.02,0,2024,9,20,0
4,8,3,2,2780.46,105.55,3.49,7.6,2,0.923,41.97,1,2025,5,15,4
3,5,2,0,4991.92,228.21,4.06,7.3,1,0.932,6.36,0,2025,10,19,3
4,0,2,3,4705.66,454.31,2.41,6.9,1,0.878,5.79,1,2025,5,17,2
0,3,2,0,13135.5,53.14,1.34,8.2,1,0.621,16.71,0,2025,4,16,6
5,1,0,1,10254.19,360.41,4.42,6.5,2,0.762,5.96,1,2024,6,21,0
0,6,0,0,12051.88,343.95,1.26,4.0,2,0.592,6.26,1,2024,12,26,4
5,2,1,0,4131.78,48.78,4.33,4.7,2,0.641,28.38,1,2024,6,22,2
7,1,0,3,9560.67,461.36,2.42,7.2,2,0.758,6.61,1,2024,5,23,4
3,5,2,2,8790.32,284.67,1.23,8.8,4,0.868,21.93,1,2025,7,13,3
3,5,0,0,12576.04,182.5,3.47,2.7,1,0.547,0.82,0,2025,5,15,4
4,3,3,4,13638.26,378.51,4.44,3.4,0,0.648,22.67,0,2024,7,7,3
1,4,0,1,676.27,129.43,4.39,9.3,1,0.963,0.5,0,2025,7,9,6
4,2,2,4,10273.29,347.06,1.73,5.8,0,0.715,8.26,1,2025,10,19,3
2,3,0,2,1251.62,20.82,1.8,1.8,1,0.969,0.5,0,2024,3,1,0
1,3,3,0,8458.45,419.86,3.07,6.6,0,0.996,16.33,0,2025,6,20,0
6,1,2,0,4670.67,224.64,3.3,9.9,1,0.763,5.73,0,2024,2,4,3
7,7,1,1,4948.26,318.71,3.64,8.2,2,0.644,39.48,1,2024,3,17,3
1,6,3,3,5617.9,111.4,1.8,7.5,0,0.895,11.3,1,2025,11,15,2
5,1,3,2,9508.74,338.86,4.36,2.1,0,0.58,13.98,1,2024,2,19,1
2,8,3,0,5343.72,386.35,3.31,8.8,4,0.626,32.33,1,2024,1,7,3
0,2,2,4,11124.14,237.13,4.0,5.3,2,0.892,66.88,1,2025,2,26,6
4,1,0,4,6365.65,309.25,2.98,8.9,1,0.717,0.5,0,2024,5,20,1
0,1,3,3,1491.12,228.71,2.57,3.3,0,0.601,1.47,0,2025,10,7,5
0,6,1,1,11864.52,447.15,4.42,0.6,0,0.826,7.99,0,2024,8,24,2
3,6,1,0,4643.5,249.44,3.12,4.8,0,0.866,4.35,1,2024,3,10,3
6,5,0,4,6775.12,421.06,4.06,2.7,3,0.563,0.89,0,2025,12,25,4
6,0,3,2,10438.94,400.87,4.35,7.2,2,0.638,157.36,1,2024,6,3,1
7,3,2,2,5320.61,205.84,3.43,9.6,4,0.611,14.46,1,2024,1,10,6
7,7,0,3,1320.49,115.81,3.01,6.9,1,0.69,0.61,0,2024,8,11,3
2,1,1,4,5921.86,203.63,1.21,8.9,0,0.882,6.01,1,2025,6,1,3
4,2,0,0,14194.5,413.28,1.33,4.5,4,0.857,2.36,1,2025,4,11,0
1,6,1,0,9805.15,114.59,1.86,7.7,1,0.831,14.37,1,2025,1,17,0
2,4,0,2,10236.45,262.69,1.81,8.4,1,0.503,1.38,1,2024,3,2,2
7,7,1,2,9668.09,403.24,2.04,7.1,4,0.571,27.64,1,2025,9,24,6
7,4,0,3,3385.39,177.39,2.21,5.1,1,0.612,0.76,1,2025,10,15,6
3,4,1,3,6565.84,321.46,2.39,6.3,1,0.636,8.3,0,2025,11,13,4
0,3,3,3,11388.63,123.57,2.59,7.0,4,0.573,63.82,0,2025,9,23,5
3,5,3,3,1969.91,55.53,1.53,2.5,0,0.705,2.13,1,2025,5,9,0
0,2,3,2,4528.87,397.4,1.34,8.1,4,0.538,26.88,1,2025,11,6,4
2,1,3,1,4506.63,50.39,3.42,9.5,0,0.875,9.13,0,2025,5,14,6
5,7,2,2,6764.27,136.42,2.97,4.7,2,0.894,39.92,1,2024,1,17,6
7,3,2,2,14715.35,427.7,2.67,7.0,2,0.787,93.9,1,2024,1,7,3
5,4,2,2,1478.79,173.89,3.29,7.4,1,0.545,2.51,0,2025,6,28,2
3,6,1,4,8021.16,486.55,3.93,6.6,0,0.945,6.82,0,2025,7,18,0
5,2,3,4,3100.79,489.89,2.61,5.5,0,0.983,5.87,0,2025,2,25,5
1,6,2,4,14574.81,134.87,3.32,8.8,1,0.601,18.81,1,2024,1,13,2
2,4,1,2,2142.9,21.45,4.35,4.5,1,0.852,2.64,0,2024,1,18,4
1,0,0,0,6352.21,352.83,3.97,0.6,4,0.921,0.89,1,2025,6,26,4
5,5,1,4,11199.33,226.04,2.61,8.4,4,0.77,32.87,1,2024,10,8,5
6,6,1,1,10716.04,51.28,3.33,6.7,2,0.662,80.24,1,2025,7,2,6
2,6,1,3,6629.57,354.05,1.78,8.5,3,0.739,7.88,0,2024,10,20,3
0,2,1,0,5524.6,16.56,3.05,1.4,3,0.756,4.29,0,2024,1,18,4
5,1,1,4,6265.38,435.23,4.44,0.3,4,0.7,13.06,0,2025,5,29,4
3,0,1,0,4332.01,70.19,2.91,9.3,3,0.965,5.36,1,2025,12,15,1
6,3,2,4,3477.33,64.53,4.26,1.5,4,0.872,7.12,1,2025,11,21,0
2,4,3,2,7504.08,88.66,2.54,8.1,2,0.621,116.83,1,2025,3,16,3
7,3,0,3,4393.74,480.17,4.5,8.2,1,0.793,0.5,1,2024,7,2,5
5,1,1,3,4668.19,346.89,3.11,7.1,2,0.844,35.14,1,2024,4,19,0
1,3,3,1,10022.96,400.88,1.34,1.3,2,0.57,119.11,1,2024,4,8,1
3,2,2,0,14543.79,199.42,3.14,6.7,4,0.679,33.95,1,2025,6,20,0
2,6,0,3,9252.74,168.82,2.11,8.9,0,0.953,0.95,1,2024,6,1,2
0,3,2,4,1616.2,118.01,1.31,4.3,4,0.784,3.27,1,2024,9,3,5
3,2,3,4,1595.96,240.84,3.91,4.1,4,0.608,7.86,1,2024,7,15,1
3,2,3,2,14295.64,276.36,2.11,4.4,0,0.561,25.25,0,2025,9,26,0
3,2,1,3,4810.72,316.26,3.83,0.8,4,0.759,10.34,1,2025,6,23,1
2,1,0,3,1834.97,129.3,2.15,8.9,1,0.774,0.58,0,2024,9,15,3
0,3,3,2,9186.15,474.38,1.84,8.7,1,0.667,27.81,1,2024,12,28,2
5,0,0,4,9542.91,85.71,4.41,10.0,2,0.815,5.37,1,2024,9,30,1
2,0,2,4,9903.32,482.86,2.39,5.9,3,0.534,8.22,0,2025,2,10,1
1,0,1,3,4377.33,8.41,3.18,7.5,1,0.573,6.68,1,2024,3,21,4
5,8,2,1,719.1,241.08,3.21,2.0,4,0.773,0.87,0,2025,1,17,0
1,0,2,2,14492.72,167.35,3.05,6.7,4,0.531,33.69,1,2025,2,19,6
7,5,0,2,4137.95,225.11,4.22,6.5,0,0.94,0.8,0,2025,4,15,5
4,0,3,2,10302.38,285.76,3.43,9.0,3,0.571,24.4,1,2025,8,1,0
5,2,1,1,10746.13,218.36,2.53,8.3,4,0.837,31.3,0,2024,9,6,0
7,6,1,2,9345.11,208.01,4.05,9.4,3,0.696,12.43,1,2025,12,14,3
4,1,2,4,5037.16,366.63,1.8,8.7,2,0.7,33.58,1,2024,8,19,1
5,3,0,4,4430.9,343.25,3.0,8.7,1,0.882,0.5,1,2024,11,3,3
7,5,2,2,9166.19,416.8,4.34,0.6,0,0.75,5.4,0,2025,12,1,1
1,4,3,3,13058.39,125.73,3.26,8.5,1,0.863,38.59,0,2024,3,23,2
3,4,1,3,14227.64,305.15,3.9,6.1,2,0.753,102.6,1,2025,10,31,0
5,3,2,0,2035.63,293.01,3.36,3.8,2,0.796,10.96,1,2025,10,27,1
1,3,0,2,2745.01,185.5,3.97,0.6,3,0.88,0.93,0,2024,2,2,0
0,2,1,4,14198.68,243.54,4.32,6.8,4,0.804,39.74,1,2024,4,5,0
6,8,2,4,11179.76,157.58,2.1,3.3,1,0.808,11.91,0,2025,2,19,6
1,2,0,4,13303.41,71.78,1.76,4.7,0,0.895,0.79,0,2025,1,23,4
7,0,3,3,3438.17,107.69,2.8,6.8,4,0.975,19.35,1,2025,1,21,5
1,0,3,4,9020.0,53.65,3.52,9.1,0,0.688,18.71,0,2025,7,19,2
2,5,2,4,10666.52,341.85,1.95,8.3,3,0.789,10.27,1,2025,5,2,0
1,4,1,4,10361.62,330.7,1.21,4.5,4,0.543,26.58,1,2024,2,27,5
1,4,0,3,6418.2,475.35,2.33,3.9,0,0.679,0.75,1,2025,10,14,5
1,5,1,3,723.23,365.11,4.4,2.4,3,0.706,1.45,1,2024,1,10,6
6,3,0,0,8952.43,26.97,3.49,3.7,2,0.918,5.4,1,2025,12,20,2
5,7,0,4,4169.97,442.24,2.52,1.1,4,0.757,0.72,0,2024,6,24,1
6,5,0,2,7028.69,431.47,1.84,9.7,1,0.866,1.39,0,2024,3,25,1
2,4,2,2,14384.92,222.22,2.38,5.7,1,0.51,15.19,0,2025,5,26,1
6,6,0,4,6286.01,293.35,1.76,1.3,3,0.732,1.19,0,2025,3,20,4
4,2,0,4,12677.12,488.06,1.55,3.5,1,0.951,0.8,1,2025,10,22,6
3,1,0,2,3233.84,266.62,4.19,5.5,4,0.612,0.52,1,2024,12,5,4
5,1,3,2,10250.68,452.76,4.49,5.3,2,0.516,144.46,1,2025,8,2,2
5,8,0,2,14666.6,42.44,1.74,0.4,0,0.717,0.7,0,2024,4,7,3
3,0,3,4,1977.45,96.33,1.38,9.5,1,0.852,6.18,0,2025,6,24,5
4,1,2,3,620.64,220.94,2.29,2.8,3,0.727,1.3,1,2024,2,13,5
7,4,3,0,6786.95,292.79,2.72,0.2,2,0.73,75.83,1,2024,8,23,0
5,3,2,2,1843.07,408.3,1.88,0.8,4,0.835,2.87,0,2024,8,4,3
0,5,0,1,11351.57,494.14,2.19,5.8,2,0.627,7.01,1,2025,12,9,5
6,8,0,0,13760.96,195.04,1.86,1.4,3,0.876,1.18,0,2025,8,3,3
4,7,0,1,6793.3,24.66,3.76,0.4,1,0.577,1.5,0,2025,5,1,4
1,8,3,3,4251.32,400.78,3.55,3.8,2,0.698,56.63,1,2024,10,4,0
6,2,0,0,6798.85,302.59,3.3,6.2,0,0.828,0.5,0,2024,2,17,2
2,3,0,4,10989.99,100.07,2.48,1.1,1,0.914,1.23,0,2024,3,17,3
7,2,0,3,631.29,247.92,4.2,3.1,3,0.896,0.5,0,2025,12,1,1
3,1,3,1,9047.08,371.41,4.4,4.2,4,0.861,45.57,0,2024,10,14,1
6,3,3,4,9392.73,385.44,1.77,1.6,2,0.68,112.65,1,2025,7,10,4
0,7,3,0,9746.48,250.31,1.94,5.1,4,0.561,50.08,1,2025,7,31,4
2,1,3,4,4009.32,153.3,2.93,0.9,3,0.608,6.56,0,2025,11,4,5
6,6,0,3,10853.76,486.9,1.5,0.5,0,0.932,1.68,0,2024,2,3,2
2,7,0,1,1825.18,332.02,2.64,5.2,0,0.929,0.5,0,2024,7,2,5
5,2,0,0,3389.42,204.71,3.12,2.5,0,0.976,0.5,0,2024,11,18,1
7,0,3,3,13223.32,140.95,2.92,1.0,0,0.538,20.15,0,2024,1,17,6
6,6,3,4,11211.49,365.82,2.29,4.2,3,0.768,22.45,0,2024,7,31,6
1,6,3,4,699.31,121.85,2.99,9.2,1,0.824,2.08,0,2025,8,24,3
1,3,2,3,4101.46,86.68,4.36,7.2,2,0.855,27.1,1,2024,5,27,1
1,4,2,4,3608.89,265.39,1.88,8.2,2,0.822,23.99,1,2025,12,30,5
3,7,2,1,4426.69,145.7,3.36,8.7,1,0.885,5.3,1,2025,2,11,5
7,1,2,3,4089.62,314.82,1.34,9.7,2,0.68,27.82,1,2024,3,19,5
2,4,3,3,1406.63,59.85,1.42,7.6,4,0.59,7.63,1,2024,11,2,2
7,2,3,2,7154.64,327.82,3.02,6.1,0,0.602,12.49,0,2024,6,15,2
1,3,3,1,11124.64,142.36,1.55,3.7,2,0.506,146.27,1,2025,7,31,4
2,3,2,1,9297.61,1.12,1.27,1.8,3,0.675,6.94,0,2024,9,3,5
5,8,2,1,10256.64,64.34,1.77,6.9,0,0.546,9.28,1,2025,8,3,3
4,6,3,1,1676.66,466.87,3.06,9.9,4,0.661,9.93,1,2025,2,2,3
7,7,3,0,14296.62,433.81,3.52,4.7,2,0.814,196.67,1,2025,11,24,1
3,2,3,0,12658.13,117.57,1.87,7.2,4,0.947,71.94,1,2025,7,7,1
2,5,1,1,12173.81,389.41,3.41,5.0,3,0.92,13.06,0,2024,12,5,4
7,1,0,2,12433.27,304.68,1.8,4.3,1,0.626,1.55,0,2025,1,28,5
6,4,1,2,14024.3,485.48,3.22,4.1,1,0.567,16.5,0,2024,5,23,4
0,6,2,3,8391.68,187.43,2.56,5.0,4,0.597,18.76,1,2025,12,6,2
6,2,3,4,3404.09,341.05,3.36,3.7,2,0.985,44.63,1,2024,3,21,4
0,1,1,1,9443.36,32.7,4.48,7.5,1,0.775,12.95,0,2025,5,27,5
3,4,3,0,11271.78,198.73,4.29,8.7,1,0.591,33.98,1,2024,12,20,0
5,1,0,3,11199.8,481.95,1.21,8.8,0,0.92,1.7,1,2024,2,24,2
4,2,1,1,8061.01,269.95,4.12,2.3,3,0.698,6.15,0,2024,4,10,6
0,2,1,0,1492.65,144.65,1.42,9.0,1,0.95,1.98,0,2025,3,23,3
6,4,0,4,5881.14,61.02,4.35,3.4,4,0.63,0.5,1,2024,8,25,3
7,3,3,1,13851.12,352.06,2.13,3.1,1,0.697,33.36,0,2024,3,18,1
4,3,3,3,8974.51,322.78,2.46,7.3,3,0.752,20.23,0,2024,12,14,2
5,8,2,0,8305.81,187.6,1.5,3.0,0,0.946,5.39,1,2025,9,11,4
0,6,1,1,4398.38,475.52,1.57,0.5,3,0.934,4.11,0,2025,9,20,2
0,7,2,1,5842.51,12.08,3.6,3.7,1,0.787,7.01,0,2025,9,1,1
3,0,0,3,13482.52,152.56,4.32,7.2,3,0.611,2.48,0,2025,2,10,1
5,0,0,4,10163.71,460.61,3.22,3.3,4,0.702,1.48,1,2024,11,30,2
6,0,1,4,11917.11,161.15,3.56,6.3,4,0.988,31.73,1,2024,1,31,6
3,1,1,2,7088.01,126.87,3.71,6.6,4,0.804,19.92,1,2025,10,11,2
1,8,2,0,9638.58,267.58,2.07,7.3,3,0.891,10.22,0,2024,10,6,3
0,8,1,3,4101.56,412.08,1.35,9.0,2,0.725,33.41,1,2025,4,6,3
3,2,3,4,10729.18,52.47,1.21,4.3,4,0.766,55.18,1,2025,5,17,2
5,8,3,2,6700.22,471.57,2.36,1.7,1,0.714,15.01,1,2024,8,21,6
2,0,3,3,6916.91,397.74,2.0,3.2,2,0.851,88.81,1,2024,12,30,1
6,8,0,1,9915.17,91.44,1.41,4.3,2,0.926,5.08,1,2025,7,20,3
2,5,3,4,14076.07,356.29,1.79,7.1,1,0.754,39.63,0,2025,1,19,3
4,1,2,4,1428.09,193.09,1.61,0.1,3,0.74,1.36,0,2025,3,18,5
1,3,2,4,12458.78,201.75,4.22,3.2,3,0.67,10.79,1,2024,7,9,5
1,2,0,2,4739.56,391.86,1.66,7.8,0,0.589,0.87,0,2025,11,27,4
0,7,3,0,6936.83,481.43,2.97,6.7,2,0.97,103.18,1,2025,8,22,0
1,7,1,2,817.74,64.2,3.16,7.3,0,0.658,0.9,1,2025,11,7,0
3,7,1,0,4865.17,210.89,2.99,8.1,3,0.9,6.1,1,2025,1,24,0
0,7,1,3,7788.15,240.99,1.53,7.8,3,0.858,8.05,1,2024,3,28,4
6,6,2,3,1314.55,188.78,2.25,6.8,3,0.895,1.36,0,2025,9,25,4
0,7,2,0,7620.89,182.23,1.37,4.4,4,0.968,16.63,1,2024,10,29,5
2,1,3,1,13943.1,27.08,2.51,9.8,1,0.812,43.44,0,2024,9,9,1
5,4,1,0,2028.2,343.08,1.82,5.7,1,0.949,2.67,1,2025,12,31,6
0,7,3,4,11584.39,218.67,3.05,2.0,0,0.584,17.94,0,2024,3,16,2
0,5,3,3,6440.23,98.2,3.49,2.9,1,0.813,15.09,1,2024,3,25,1
6,3,2,1,10000.02,408.2,2.96,6.9,0,0.886,8.58,0,2024,10,1,5
7,1,2,4,4273.43,401.48,2.63,9.2,1,0.636,5.82,1,2024,6,6,4
2,1,2,3,2812.64,243.71,2.48,1.8,3,0.87,2.26,0,2025,1,24,0
1,6,2,3,2826.71,149.93,3.98,0.8,0,0.889,1.4,0,2025,12,29,1
4,2,1,0,1522.13,319.41,1.92,8.8,1,0.916,2.69,1,2025,10,11,2
5,7,3,3,3191.88,144.79,3.62,9.2,4,0.656,19.49,1,2024,6,6,4
1,6,3,1,10131.18,118.77,3.7,2.8,4,0.841,47.67,1,2025,2,2,3
6,2,3,4,13284.51,365.53,2.58,3.8,4,0.652,65.77,1,2024,11,20,6
3,1,2,2,12304.82,21.12,2.18,6.6,1,0.87,14.93,0,2025,1,4,2
1,0,1,2,10434.45,48.29,2.75,3.3,1,0.731,12.94,1,2024,4,19,0
0,8,1,2,2101.26,4.39,1.51,8.8,1,0.799,3.39,1,2024,4,3,6
6,0,3,4,4693.22,77.32,1.35,1.1,3,0.708,8.29,0,2024,1,6,2
1,3,3,1,4992.2,35.43,1.57,0.4,1,0.581,11.11,0,2024,11,11,1
3,8,0,4,4124.38,497.91,1.82,2.1,3,0.589,0.9,0,2025,3,31,1
5,0,1,0,7967.58,145.12,2.86,2.9,1,0.539,9.86,0,2025,1,3,0
5,8,3,4,8265.53,75.48,4.0,1.1,3,0.809,14.26,0,2024,10,3,4
3,8,2,4,5674.85,121.26,1.98,0.7,1,0.924,4.7,0,2024,4,14,3
4,5,1,2,5629.94,468.13,4.29,7.6,1,0.51,7.81,1,2024,5,15,6
0,2,3,3,12514.06,260.56,4.35,1.6,2,0.533,151.44,1,2024,3,30,2
3,0,2,4,11944.75,183.04,4.36,9.1,4,0.729,31.22,1,2024,7,10,6
7,6,1,4,4963.04,436.82,3.96,3.7,0,0.869,5.14,0,2025,3,17,1
6,3,2,1,13749.93,198.1,2.4,6.7,2,0.579,87.37,1,2025,4,4,0
7,4,3,0,14315.82,168.17,1.44,2.3,2,0.636,176.86,1,2025,7,24,4
6,2,3,2,5237.77,104.43,3.08,2.4,2,0.616,65.15,1,2025,7,22,5
0,1,1,4,5639.16,189.52,3.04,5.7,2,0.7,40.29,1,2025,6,8,3
0,4,0,3,7831.7,159.03,4.0,5.6,1,0.612,0.5,1,2025,2,21,0
6,2,2,1,14146.25,338.97,4.49,7.7,1,0.676,16.91,1,2024,4,15,1
1,6,2,1,13206.63,145.5,2.88,7.6,4,0.864,32.77,1,2024,1,27,2
3,4,0,2,1987.24,289.02,2.34,6.7,1,0.806,0.73,0,2024,4,1,1
2,6,1,0,6194.6,33.88,1.81,4.5,4,0.541,17.03,1,2024,12,28,2
3,4,0,3,8523.88,96.45,1.22,8.9,2,0.819,4.92,1,2025,7,21,1
6,3,2,1,7795.42,204.3,2.88,6.2,4,0.739,18.08,1,2024,4,5,0
7,6,2,2,3311.01,468.54,3.03,9.9,4,0.967,8.45,1,2025,9,3,6
6,5,0,4,12952.84,189.25,3.92,8.2,3,0.645,1.7,1,2025,9,4,4
1,8,2,2,10315.64,332.37,2.87,0.4,4,0.863,19.24,1,2024,11,28,4
5,8,2,2,12649.67,128.29,4.22,3.2,2,0.865,69.45,1,2025,1,29,6
5,5,3,1,12952.08,64.39,3.27,5.7,4,0.611,68.95,1,2024,1,13,2
0,2,0,4,11351.16,30.21,3.97,7.2,3,0.952,1.44,0,2024,10,25,0
7,7,2,2,6868.55,153.4,1.69,5.5,2,0.746,41.9,1,2025,2,27,4
6,2,3,4,9352.93,79.67,4.02,7.9,4,0.839,54.67,1,2025,2,1,2
0,2,2,0,2825.3,87.83,3.43,2.8,3,0.573,1.86,0,2024,3,27,6
3,4,2,2,10267.86,380.62,1.76,1.8,1,0.629,9.07,0,2025,7,26,2
2,4,3,3,3099.17,8.9,1.83,0.5,1,0.793,6.19,1,2024,9,5,4
1,4,1,0,10562.27,279.35,4.26,5.7,4,0.66,28.66,1,2025,8,8,0
1,3,3,1,3829.17,190.35,1.31,6.9,0,0.75,8.2,0,2025,6,17,5
3,6,1,0,2204.49,253.77,2.73,3.3,3,0.687,1.92,0,2024,6,22,2
2,0,2,3,2896.63,281.85,2.23,6.1,1,0.82,4.52,0,2025,12,2,5
5,3,0,0,528.89,157.37,3.39,0.5,1,0.744,0.5,0,2025,1,24,0
4,5,1,2,10921.72,148.26,3.97,1.0,1,0.502,11.25,0,2024,6,22,2
5,4,2,0,11119.82,366.97,2.39,7.0,1,0.825,13.52,1,2024,5,22,6
6,2,3,1,7966.53,435.77,2.61,3.7,2,0.711,105.24,1,2024,10,2,6
3,8,2,3,2839.76,97.1,4.44,6.7,1,0.671,2.17,1,2024,11,4,1
6,6,2,0,1711.54,49.71,3.79,8.3,4,0.547,4.65,1,2024,10,1,5
0,1,3,3,777.37,449.0,4.16,8.5,0,0.61,2.13,0,2025,5,19,1
7,7,0,1,2903.35,175.6,2.65,1.7,4,0.612,0.69,1,2024,5,29,6
7,0,0,3,13417.41,276.11,1.97,4.9,3,0.968,1.01,1,2024,3,5,5
0,8,3,2,4002.28,180.41,2.56,7.3,0,0.716,7.51,0,2024,6,20,4
6,1,3,4,5636.93,63.78,3.56,7.7,1,0.521,16.17,1,2025,3,21,0
7,4,0,0,2027.51,295.08,1.56,7.8,1,0.569,0.5,1,2024,10,9,6
5,0,2,2,3724.24,263.05,2.09,2.3,1,0.54,3.36,0,2025,3,7,0
1,8,1,1,8028.76,102.29,1.35,1.9,4,0.794,18.13,0,2024,11,2,2
1,5,2,1,9312.41,226.48,2.63,5.9,0,0.593,7.24,0,2025,5,10,2
0,1,0,1,4057.61,398.68,3.93,7.4,4,0.749,0.59,1,2024,3,19,5
1,0,2,2,1337.12,295.62,1.28,3.2,2,0.685,6.95,1,2025,1,4,2
3,4,3,2,6169.98,49.36,3.43,1.0,1,0.902,13.91,1,2024,9,14,2
2,4,1,2,3895.95,274.46,4.28,7.2,4,0.66,11.21,1,2024,9,9,1
0,5,3,3,3683.53,351.67,1.98,3.0,3,0.729,6.79,1,2025,10,2,4
3,7,3,3,14418.01,396.56,3.49,1.7,4,0.861,65.33,1,2025,5,22,4
6,5,1,1,9436.36,314.93,4.42,1.5,0,0.717,6.81,1,2025,8,31,3
5,5,0,2,8574.74,77.18,4.38,3.1,0,0.897,0.55,0,2025,9,23,5
5,7,3,0,6528.74,355.38,1.98,5.9,4,0.831,35.75,1,2024,7,19,0
7,6,2,1,6719.69,338.99,1.53,3.6,1,0.705,6.77,0,2025,4,13,3
4,5,1,3,8343.12,13.19,1.69,0.2,3,0.752,6.44,0,2024,4,19,0
6,5,1,2,10598.23,206.46,3.52,1.0,3,0.984,9.19,0,2024,5,18,2
7,1,1,1,10681.12,167.14,3.6,2.9,0,0.831,7.81,1,2024,11,7,4
4,2,3,4,2989.56,335.04,3.42,6.6,2,0.952,44.04,1,2024,1,7,3
7,2,2,3,7751.63,108.85,2.31,1.0,2,0.589,38.59,1,2025,2,9,3
4,0,2,1,6473.39,295.85,1.76,5.6,0,0.742,3.7,0,2024,12,6,0
1,4,2,3,13122.64,456.69,3.12,1.2,0,0.954,8.54,0,2025,9,27,2
5,4,1,0,9655.57,399.1,2.8,2.1,0,0.661,7.32,0,2025,1,24,0
4,7,3,4,8221.31,460.81,3.61,1.7,2,0.984,99.8,1,2024,12,3,5
0,2,0,4,2173.22,489.27,2.66,0.7,4,0.549,0.5,1,2025,3,26,6
4,1,2,4,9281.75,6.32,2.32,6.7,0,0.951,7.75,1,2024,12,8,3
6,3,1,1,2199.46,311.75,2.17,4.6,1,0.723,3.42,0,2025,3,16,3
3,7,2,4,5389.5,207.01,1.9,8.3,4,0.537,13.56,1,2025,10,28,5
1,5,0,3,2571.21,430.07,2.08,1.0,1,0.94,0.5,0,2025,8,31,3
5,8,3,4,10535.07,126.66,1.51,1.4,4,0.626,46.29,1,2024,5,19,3
1,8,3,2,3490.66,490.53,2.34,3.1,2,0.511,45.35,1,2024,11,3,3
0,5,0,3,6181.96,307.24,1.32,7.7,3,0.568,0.5,0,2024,11,24,3
7,0,1,3,13487.28,396.98,1.82,3.1,3,0.83,12.45,0,2025,9,9,5
6,0,3,2,3462.59,43.71,3.66,4.1,4,0.989,17.74,1,2025,12,12,0
5,7,2,1,7863.17,92.55,2.27,3.0,4,0.556,15.07,0,2024,7,24,6
5,2,0,3,6579.44,379.44,3.41,0.8,4,0.731,0.85,0,2025,5,5,1
1,2,2,0,762.8,11.97,3.57,9.4,3,0.59,1.25,1,2024,11,17,3
1,3,1,3,11994.99,408.62,3.12,5.5,2,0.873,84.7,1,2024,6,30,3
1,7,0,0,1501.17,7.96,4.36,7.9,4,0.559,0.5,1,2025,2,11,5
7,0,0,0,7376.7,328.9,1.27,6.6,1,0.62,0.56,0,2024,11,22,0
1,3,0,0,8629.84,183.18,3.64,5.1,4,0.598,0.69,1,2024,10,25,0
4,5,2,2,9612.18,306.14,4.36,0.9,3,0.776,7.53,0,2025,12,12,0
4,7,1,0,10485.16,348.32,4.05,6.4,4,0.937,28.8,1,2025,10,10,0
3,0,3,4,4172.45,171.9,1.75,1.6,3,0.756,7.36,0,2025,5,17,2
0,1,2,4,644.69,54.87,2.28,4.1,3,0.529,0.5,0,2025,8,12,5
7,5,3,1,10989.93,35.75,1.77,6.3,3,0.782,24.09,1,2024,9,5,4
2,3,1,0,8267.02,294.88,3.18,7.8,1,0.899,12.31,0,2024,11,29,0
7,2,1,2,12623.71,260.81,3.55,6.9,1,0.566,17.63,1,2025,1,20,1
6,8,1,2,12410.13,371.36,2.25,6.7,0,0.536,10.83,1,2024,10,14,1
0,6,0,1,12728.23,255.36,2.98,1.5,0,0.594,1.0,0,2025,2,6,4
0,4,3,2,7533.87,211.8,3.48,3.5,0,0.873,12.52,1,2025,1,8,6
1,6,1,4,5337.61,199.65,2.59,0.4,4,0.796,11.46,0,2024,4,26,0
3,8,1,2,11977.59,14.2,4.02,7.2,1,0.77,17.5,0,2025,7,31,4
7,6,1,3,7043.76,168.44,3.75,9.5,0,0.625,7.24,0,2024,7,23,5
1,6,2,3,3159.91,488.03,1.41,2.6,2,0.666,17.59,1,2025,8,29,0
0,6,3,0,12897.12,436.9,3.25,0.9,0,0.983,19.4,1,2025,7,12,2
1,5,1,1,13297.12,165.36,1.98,4.8,0,0.62,11.72,0,2024,7,3,6
1,8,2,1,7261.49,294.31,3.04,8.6,0,0.951,5.8,0,2025,11,29,2
4,8,0,2,1597.65,423.8,4.36,5.5,3,0.79,0.5,0,2025,7,17,4
7,4,3,2,6123.48,221.2,4.1,0.5,4,0.562,26.73,0,2024,1,28,3
7,3,0,0,12151.3,9.96,2.53,9.7,2,0.734,6.78,1,2025,4,17,4
0,2,0,1,13575.72,38.18,2.16,8.3,4,0.974,2.8,1,2025,12,26,0
2,0,1,4,3450.35,255.69,1.97,1.3,1,0.709,3.66,1,2024,8,2,0
6,6,2,1,1471.12,484.75,2.96,9.2,0,0.932,0.85,1,2025,3,24,1
3,0,3,2,13221.58,346.91,1.58,4.5,0,0.628,22.94,1,2024,10,25,0
0,6,3,1,6146.37,36.39,3.01,3.7,2,0.785,81.18,1,2025,12,10,6
1,6,3,4,8355.53,95.49,1.2,4.6,2,0.922,113.89,1,2024,3,11,1
6,6,3,0,14536.95,385.89,2.27,8.3,2,0.96,229.23,1,2025,2,22,2
1,6,2,1,1465.19,420.88,1.93,6.6,2,0.743,9.2,1,2025,11,20,4
2,5,0,2,9900.61,309.23,4.41,0.6,2,0.82,3.8,1,2025,5,26,1
1,7,1,3,1574.53,322.57,3.6,9.6,1,0.501,2.07,1,2024,5,22,6
0,6,2,3,5944.3,15.14,2.35,1.5,4,0.627,11.62,1,2025,10,10,0
7,5,1,4,12155.31,414.44,1.51,7.5,0,0.639,12.06,1,2024,11,6,6
5,1,3,4,6785.35,394.35,2.91,6.4,0,0.547,12.18,1,2024,9,4,6
3,4,2,0,14959.14,130.26,1.9,1.9,2,0.64,78.19,1,2024,9,15,3
4,3,0,1,8606.36,354.63,2.97,1.7,0,0.661,1.28,1,2025,11,5,6
1,0,0,0,5156.85,108.21,3.96,8.7,4,0.984,0.53,1,2024,6,6,4
2,5,0,0,3691.61,21.12,3.23,4.2,2,0.834,2.04,1,2025,3,9,3
1,3,1,2,5582.55,101.37,3.29,6.5,3,0.713,6.59,1,2025,1,21,5
4,2,2,3,5901.73,90.14,2.99,5.0,1,0.994,6.55,0,2024,3,16,2
4,8,0,0,1496.35,169.54,4.26,7.3,4,0.577,0.94,1,2025,4,4,0
2,8,0,1,5858.83,209.81,4.28,4.8,1,0.738,1.67,0,2025,9,4,4
1,2,1,4,7231.46,254.76,2.89,2.9,1,0.824,8.79,0,2025,5,5,1
5,8,1,1,10979.7,238.9,2.21,3.6,0,0.528,8.89,1,2025,8,19,5
3,1,3,4,10022.58,136.07,2.72,8.6,4,0.858,60.19,0,2025,2,14,0
0,8,3,0,10777.1,15.56,1.82,4.7,4,0.55,55.83,1,2025,7,1,5
0,6,3,4,621.27,302.95,3.3,2.1,1,0.57,0.5,1,2025,6,2,1
2,0,2,1,3656.18,198.48,2.85,9.3,1,0.58,4.79,0,2025,12,9,5
1,8,0,0,10094.42,150.04,1.54,8.0,1,0.964,0.91,0,2025,3,4,5
5,0,0,0,7517.85,433.6,1.85,0.6,0,0.842,0.6,0,2025,7,10,4
4,6,1,4,577.05,373.62,2.78,10.0,2,0.828,4.71,1,2024,2,7,6
3,6,2,1,12165.17,429.03,4.13,6.9,1,0.778,14.59,0,2025,1,3,0
6,5,0,1,11705.74,248.0,3.07,1.6,2,0.646,4.84,1,2025,12,19,0
1,8,3,0,8452.08,66.33,3.45,2.4,1,0.81,20.06,0,2025,7,3,4
5,2,0,2,1463.72,348.41,2.32,6.9,0,0.705,0.93,1,2025,8,31,3
5,4,2,0,11614.47,103.83,3.09,7.8,4,0.573,28.4,1,2025,10,15,6
4,7,3,0,8963.85,221.17,2.68,2.4,1,0.845,20.21,1,2024,3,28,4
5,0,2,4,11838.42,33.44,3.38,2.6,2,0.565,63.63,1,2024,4,21,3
1,7,1,2,11400.33,412.83,1.37,3.1,1,0.595,13.68,1,2024,9,11,6
6,5,3,0,12143.53,63.84,2.83,6.0,1,0.909,33.45,1,2025,11,4,5
0,1,2,3,8011.12,451.65,2.18,1.7,1,0.83,7.15,1,2025,11,11,5
1,5,3,4,2534.71,432.25,2.28,1.0,2,0.815,29.36,1,2024,12,29,3
3,0,3,1,10231.78,232.83,4.37,6.8,3,0.709,21.77,1,2024,6,19,6
4,1,1,2,9496.87,372.44,1.8,7.8,2,0.698,74.0,1,2025,10,24,0
4,6,3,1,11262.67,310.1,2.23,5.0,0,0.845,19.69,0,2025,9,19,0
7,5,3,2,2963.27,401.73,2.88,3.6,4,0.87,14.36,0,2024,2,15,4
7,3,3,2,3327.14,216.47,4.05,4.3,3,0.755,6.08,1,2025,7,30,6
2,1,1,1,13410.94,393.12,2.58,3.9,4,0.985,32.75,0,2025,10,22,6
3,1,3,1,11374.68,231.77,3.65,9.6,1,0.978,35.28,0,2025,11,24,1
2,3,0,0,13669.31,470.54,4.03,7.7,4,0.706,2.4,1,2025,10,24,0
5,5,2,1,11501.37,243.7,2.22,2.1,2,0.91,60.52,1,2025,2,13,4
5,2,3,4,9158.75,231.85,2.5,3.8,2,0.772,122.33,1,2024,12,5,4
7,2,3,3,9984.92,392.75,2.38,5.4,4,0.756,52.75,1,2025,3,16,3
6,5,1,1,13392.35,410.97,3.95,6.1,0,0.527,11.67,1,2024,4,18,4
2,1,0,0,8892.7,277.69,1.35,4.7,2,0.787,4.76,1,2024,1,11,4
0,1,2,0,9669.67,90.72,2.22,8.1,2,0.95,64.08,1,2024,4,10,6
6,4,3,0,2768.91,234.41,3.44,7.7,0,0.89,6.18,0,2024,9,21,2
4,6,3,1,7371.86,484.07,3.07,5.1,4,0.893,39.18,1,2024,8,15,4
6,4,1,4,10887.76,376.74,2.64,8.5,3,0.58,12.87,1,2025,6,6,0
4,6,0,0,4428.67,405.77,2.98,7.5,3,0.679,0.5,1,2025,6,15,3
1,6,2,1,3432.69,17.38,1.85,7.8,3,0.617,3.19,1,2025,7,25,0
3,4,3,3,5050.49,234.46,2.62,9.6,0,0.658,10.22,1,2025,8,17,3
2,7,0,4,4001.76,323.66,2.86,2.7,3,0.79,0.5,1,2025,12,5,0
2,7,0,4,3616.23,415.19,4.17,2.7,2,0.682,2.23,1,2025,8,12,5
7,0,3,3,6660.34,25.59,2.06,8.9,3,0.78,15.52,1,2024,8,14,6
3,5,3,3,13663.66,426.37,4.06,7.7,1,0.719,39.96,1,2025,4,1,5
5,7,2,1,7852.36,274.65,3.33,9.3,1,0.643,10.57,1,2025,1,18,2
6,4,3,4,3224.85,99.46,1.27,0.6,4,0.548,13.61,1,2025,2,4,5
7,4,2,1,1616.09,159.31,3.59,6.3,0,0.946,0.72,0,2025,4,19,2
1,3,1,3,10594.26,141.68,1.32,1.4,4,0.506,23.73,1,2025,11,26,6
1,6,3,4,6050.58,265.9,4.49,5.0,4,0.501,31.03,1,2025,8,25,1
6,3,3,2,12416.55,26.79,4.08,1.6,1,0.913,28.39,0,2025,12,8,1
6,2,2,2,10062.91,80.11,2.18,1.3,3,0.998,7.09,0,2025,5,27,5
6,1,1,3,12045.5,406.53,2.05,0.1,2,0.864,67.6,1,2024,6,3,1
7,3,3,1,4443.22,67.17,2.46,6.3,2,0.508,64.89,1,2024,12,19,4
6,6,1,3,10539.2,117.46,2.38,3.6,1,0.613,12.67,1,2024,1,26,0
5,2,1,4,4328.9,227.23,2.43,1.1,3,0.986,3.75,1,2025,5,9,0
6,0,1,0,14116.49,259.04,2.25,3.2,3,0.904,14.2,0,2024,4,17,6
4,2,0,4,9727.43,382.04,3.25,1.7,0,0.783,0.5,1,2024,10,29,5
2,6,0,4,5205.42,224.22,1.74,9.4,4,0.618,0.99,1,2025,3,1,2
5,8,2,2,4407.92,395.14,3.99,3.2,0,0.507,2.67,0,2024,3,28,4
3,0,2,0,3268.44,309.55,3.88,3.3,4,0.51,6.79,0,2024,4,28,3
1,8,0,1,10572.29,57.44,2.77,8.4,0,0.806,0.5,1,2024,5,25,2
1,4,2,2,3671.38,79.01,4.01,6.5,3,0.511,2.59,1,2024,12,22,3
6,6,1,4,9131.9,219.08,2.02,7.1,0,0.997,8.07,1,2024,11,15,0
5,8,0,4,4337.21,199.05,1.26,6.4,2,0.592,3.2,1,2024,12,17,5
2,6,1,1,10098.55,372.03,3.24,9.5,1,0.855,15.62,1,2025,4,11,0
2,8,1,3,12316.63,290.79,2.71,2.1,1,0.578,14.26,1,2024,7,30,5
5,4,2,2,11781.37,194.68,3.07,9.9,0,0.77,10.34,0,2025,6,17,5
6,6,3,0,11532.34,86.21,4.17,8.3,4,0.54,67.99,1,2025,5,9,0
4,0,2,3,3221.97,114.19,4.4,5.9,1,0.883,3.51,0,2024,12,22,3
1,2,3,4,1781.58,288.18,3.29,6.6,4,0.792,10.15,1,2025,5,2,0
0,8,0,0,10634.76,212.3,3.72,6.5,1,0.543,1.15,0,2024,4,9,5
7,1,2,1,5841.03,257.95,1.48,0.6,3,0.924,3.71,0,2025,3,24,1
4,1,0,2,6769.02,86.17,1.73,2.2,3,0.774,0.6,0,2025,12,14,3
1,2,1,0,951.66,331.79,3.62,9.6,2,0.961,6.6,1,2025,4,8,5
2,4,3,2,4263.86,426.42,2.62,5.3,2,0.958,60.24,1,2024,11,22,0
3,0,0,4,988.31,129.71,2.67,3.8,0,0.96,0.5,0,2024,3,9,2
5,1,3,3,13248.19,246.27,2.22,7.6,4,0.539,76.19,1,2024,11,3,3
6,4,3,3,4029.25,487.79,3.2,5.2,1,0.56,10.0,0,2024,2,15,4
3,1,1,3,8581.39,167.29,1.81,0.1,2,0.994,47.99,1,2025,12,28,3
2,3,1,0,1065.2,297.93,3.27,7.4,4,0.744,3.33,1,2024,4,27,2
0,1,3,2,10169.29,46.01,1.77,7.3,3,0.619,23.91,1,2024,1,24,6
2,7,0,3,5183.9,303.4,1.41,1.7,4,0.885,0.5,1,2024,12,17,5
4,3,1,3,13519.83,45.73,2.29,9.6,1,0.632,21.31,0,2025,10,25,2
5,2,2,1,13377.71,479.66,1.96,2.2,4,0.864,26.63,0,2024,4,21,3
0,2,0,3,5216.71,358.12,4.13,4.6,4,0.919,0.78,0,2025,11,24,1
4,6,0,4,13563.93,394.29,1.38,1.1,3,0.892,1.28,0,2024,6,17,1
5,3,3,2,14944.29,352.35,1.78,6.0,0,0.637,26.9,0,2024,9,6,0
0,2,2,0,12468.53,295.27,3.01,3.8,3,0.701,10.94,0,2025,6,12,4
0,1,1,0,12750.63,225.51,2.79,3.5,4,0.707,30.76,1,2024,6,27,4
0,1,0,1,4110.63,429.33,1.35,8.3,2,0.746,2.1,1,2025,7,19,2
1,7,1,4,8862.18,478.46,1.22,0.1,4,0.584,19.02,1,2024,6,12,6
2,5,2,4,1475.21,250.02,4.46,8.0,4,0.726,4.43,1,2024,12,4,6
7,3,1,1,1876.31,465.84,3.37,5.7,0,0.755,1.66,0,2025,7,27,3
1,7,0,2,14983.94,292.08,2.41,9.9,0,0.766,0.5,1,2025,3,12,6
5,2,1,2,5236.27,269.65,2.75,5.9,3,0.91,5.55,0,2025,4,18,0
7,0,0,1,11348.67,227.79,2.08,0.6,3,0.759,0.75,0,2024,8,25,3
6,8,2,4,12196.64,105.43,2.34,0.5,2,0.615,59.43,1,2025,2,18,5
6,6,3,4,12941.34,2.86,3.34,8.8,1,0.832,39.03,1,2025,10,6,1
2,7,2,4,14965.61,121.51,4.11,8.4,3,0.899,14.95,0,2024,7,7,3
2,4,1,2,4001.7,255.35,1.81,3.5,4,0.66,10.2,1,2024,7,9,5
0,1,2,1,1085.09,190.6,3.97,6.2,0,0.823,0.5,0,2025,10,17,0
5,7,3,4,6462.28,224.79,1.6,4.9,2,0.573,90.0,1,2025,11,4,5
0,7,2,3,2386.17,490.34,1.91,9.7,1,0.671,3.94,0,2025,3,18,5
7,3,2,1,825.18,175.79,1.32,9.5,1,0.955,0.63,1,2025,2,9,3
0,6,0,1,5726.19,226.64,1.66,9.8,4,0.956,0.88,1,2024,1,30,5
7,2,0,4,11864.2,67.62,4.23,8.7,1,0.788,1.53,1,2025,9,20,2
5,3,1,4,8709.62,24.93,2.72,9.1,1,0.851,12.6,0,2024,7,21,3
7,1,1,1,5035.28,387.93,1.46,2.2,4,0.927,11.38,0,2025,4,5,2
3,0,0,4,9987.96,285.77,4.37,8.3,0,0.979,1.29,0,2025,8,29,0
0,7,1,0,3864.26,380.59,4.1,7.1,3,0.745,4.73,0,2025,3,15,2
0,6,0,3,708.53,75.78,3.69,9.6,0,0.781,1.04,0,2025,2,2,3
3,0,1,1,11583.12,286.34,4.28,5.7,3,0.708,12.5,0,2024,1,5,0
2,4,0,1,9544.27,127.57,1.93,0.9,4,0.536,1.25,0,2025,12,22,1
2,6,2,3,11553.39,114.8,3.96,6.0,0,0.711,8.96,0,2024,8,7,6
7,4,1,3,1064.6,6.75,3.48,6.9,2,0.895,7.87,1,2024,7,29,1
3,8,2,2,12638.23,66.04,4.07,2.2,3,0.902,9.95,1,2024,10,12,2
5,4,0,2,9483.13,155.32,3.83,3.9,0,0.946,0.58,0,2025,12,21,3
0,2,3,1,8669.23,59.32,2.34,6.0,3,0.526,18.31,0,2024,3,5,5
1,6,1,1,9556.9,492.94,3.76,3.7,4,0.764,23.78,1,2025,8,14,4
4,8,1,0,13034.28,155.01,2.07,3.7,2,0.554,85.28,1,2024,4,14,3
1,2,3,4,9010.58,66.03,2.28,1.3,4,0.6,39.68,1,2025,7,3,4
2,4,2,0,8923.78,100.34,1.56,9.4,3,0.95,9.31,0,2024,7,10,6
0,6,2,4,14864.85,294.26,4.29,7.5,4,0.748,35.38,1,2025,1,9,4
4,2,1,0,11472.59,32.96,2.16,0.0,1,0.879,12.34,0,2024,11,29,0
3,6,3,4,6913.26,431.35,2.92,7.7,4,0.532,38.81,1,2024,7,20,2
6,5,2,1,10757.26,480.79,2.49,7.4,2,0.708,70.51,1,2025,4,13,3
7,6,1,0,6143.84,124.13,4.37,0.1,0,0.837,3.64,0,2024,4,26,0
2,4,2,3,3818.69,225.6,2.31,3.7,4,0.567,7.88,1,2024,9,25,6
0,6,1,2,9154.35,12.05,3.77,6.1,3,0.663,10.2,0,2025,11,17,1
5,0,1,3,13958.64,320.71,4.02,4.5,2,0.532,96.2,1,2025,5,16,0
3,4,3,3,13972.52,207.55,2.64,7.8,2,0.826,215.7,1,2025,6,24,5
4,3,1,1,5457.63,135.76,2.45,4.3,2,0.985,35.78,1,2025,10,16,4
6,8,2,1,8151.32,104.21,3.67,1.5,4,0.914,16.15,1,2024,11,16,2
3,0,0,4,3568.72,327.36,4.21,9.8,3,0.987,0.5,1,2025,9,3,6
2,3,0,2,14936.65,208.69,3.69,2.4,0,0.923,0.91,0,2025,2,1,2
5,0,0,1,14726.21,90.65,1.95,7.2,1,0.928,1.84,0,2025,9,17,6
7,0,3,0,9917.88,344.87,4.13,1.4,2,0.789,116.97,1,2025,2,5,6
7,1,3,2,12164.0,282.97,2.48,3.3,2,0.759,157.39,1,2025,8,24,3
3,1,1,3,10868.95,429.48,3.1,4.4,4,0.703,27.44,1,2024,4,26,0
4,2,1,3,9100.79,59.62,3.94,1.9,4,0.909,21.39,0,2024,12,22,3
3,6,3,1,1273.55,393.05,1.82,4.5,2,0.591,17.7,1,2024,12,26,4
0,3,3,0,7094.08,337.08,3.79,1.6,2,0.528,84.2,1,2025,4,13,3
6,8,2,3,10284.4,58.39,3.17,5.6,0,0.974,8.46,0,2025,9,24,6
7,7,1,4,10324.21,347.72,4.15,6.6,2,0.502,76.62,1,2024,6,25,5
2,3,3,2,5910.28,221.33,1.77,0.6,2,0.988,66.95,1,2025,11,20,4
3,5,3,1,14154.53,472.55,2.59,8.7,4,0.864,84.69,1,2025,12,23,5
2,4,0,2,2926.68,71.66,3.95,1.9,0,0.664,0.68,0,2024,10,31,4
6,5,3,2,7755.21,321.77,1.26,2.3,3,0.849,13.77,0,2025,9,21,3
7,5,3,0,10517.82,191.61,1.57,6.6,2,0.909,156.2,1,2025,8,27,6
6,0,3,0,10608.47,478.45,4.47,4.7,1,0.623,26.52,1,2024,3,27,6
1,6,2,0,9905.26,165.66,2.13,5.0,4,0.885,21.71,0,2025,11,19,6
3,6,2,0,4491.68,481.13,4.42,1.3,4,0.902,8.06,1,2024,5,17,0
7,1,3,2,2765.0,450.84,1.8,8.1,2,0.625,43.79,1,2024,11,16,2
1,6,3,1,9721.13,135.92,2.39,6.2,0,0.521,17.42,1,2024,4,30,5
2,4,0,4,9189.88,401.97,3.68,1.4,1,0.602,0.5,1,2024,9,1,3
4,0,1,3,3100.66,497.81,3.37,3.7,1,0.6,4.06,1,2024,11,8,0
4,6,1,3,10724.52,127.08,3.12,8.1,4,0.533,31.73,1,2024,4,29,1
2,0,2,1,7099.99,218.95,2.95,5.7,2,0.863,43.75,1,2024,7,6,2
3,0,2,2,10182.53,260.57,3.98,1.1,3,0.69,7.53,0,2025,1,17,0
3,4,3,1,12641.82,148.17,1.98,3.7,3,0.942,25.12,0,2025,12,11,4
5,4,0,0,2961.06,8.62,2.66,2.4,2,0.626,1.06,1,2024,5,24,0
0,2,0,2,777.6,110.84,1.71,5.2,3,0.727,0.9,0,2025,6,7,2
4,7,3,1,11796.99,141.69,3.17,8.4,0,0.82,23.87,1,2025,2,1,2
6,4,2,4,9340.61,222.36,2.03,4.4,2,0.939,54.72,1,2025,3,4,5
2,3,1,4,10644.77,86.38,2.3,4.3,3,0.762,11.19,0,2025,9,2,5
4,6,0,0,12653.25,436.75,2.76,9.1,4,0.687,3.13,1,2024,5,21,5
2,0,1,3,12140.76,352.75,1.29,5.8,2,0.934,86.26,1,2025,8,11,1
1,7,1,4,14433.34,43.52,1.5,5.7,2,0.655,103.2,1,2025,1,27,1
6,6,3,0,8271.06,325.4,3.46,2.6,0,0.54,13.05,0,2025,3,9,3
5,4,0,2,7583.19,327.17,2.62,6.1,2,0.723,4.75,1,2024,7,9,5
0,1,3,2,6327.36,478.15,4.05,5.8,0,0.893,11.72,0,2025,5,13,5
0,6,3,2,2728.52,2.51,3.49,4.0,0,0.515,4.82,0,2025,10,12,3
6,3,0,2,8802.8,124.72,1.23,9.9,3,0.793,0.5,1,2025,7,4,0
6,2,0,3,4516.68,463.97,3.24,8.8,2,0.797,2.67,1,2025,12,11,4
7,5,2,2,13858.96,466.13,1.51,7.5,0,0.964,11.06,1,2025,10,22,6
0,7,1,3,8956.27,360.57,3.78,5.4,4,0.643,23.8,1,2024,6,26,6
5,3,1,3,9096.18,383.12,4.47,4.6,1,0.639,11.46,1,2025,7,22,5
1,7,3,0,5646.41,46.65,2.95,1.8,3,0.72,10.14,1,2024,6,19,6
4,1,3,4,1253.85,257.42,3.45,3.1,4,0.678,6.25,1,2025,5,16,0
1,4,0,2,960.28,116.56,1.98,7.7,3,0.868,0.5,0,2024,10,22,5
6,1,2,1,6638.36,91.43,2.64,4.5,2,0.821,38.84,1,2024,5,23,4
2,3,3,0,1726.2,405.34,4.03,8.8,3,0.879,3.39,0,2024,7,10,6
0,7,3,3,9299.28,68.38,1.75,1.5,4,0.91,41.2,1,2024,11,18,1
0,1,1,1,13274.11,234.86,2.08,5.1,3,0.961,14.2,0,2025,4,6,3
3,6,3,3,13302.26,469.35,2.67,6.5,0,0.715,23.84,0,2025,9,26,0
1,7,1,2,10056.16,93.73,3.55,5.2,2,0.992,70.93,1,2024,2,24,2
0,2,0,1,3562.86,489.02,2.44,8.9,4,0.608,1.29,1,2025,1,2,4
1,3,0,4,13013.45,497.15,4.26,9.9,2,0.857,7.97,1,2024,1,10,6
1,8,1,0,13348.35,278.25,1.51,1.2,1,0.767,16.21,0,2025,5,11,3
0,5,1,1,3351.48,85.9,2.42,1.3,3,0.908,3.6,0,2024,5,19,3
5,3,2,3,11192.68,158.74,3.54,1.3,0,0.738,6.62,0,2024,7,18,4
5,7,1,0,4654.53,212.82,1.95,6.8,2,0.892,35.04,1,2025,1,28,5
5,1,3,2,12138.28,155.35,3.37,3.7,0,0.965,20.03,0,2025,7,29,5
1,0,2,4,14959.95,141.04,1.74,7.3,3,0.866,14.22,0,2025,6,1,3
1,6,1,2,935.38,486.14,1.38,4.1,0,0.888,0.5,0,2025,10,30,4
5,1,3,1,13511.81,77.53,1.6,6.3,2,0.534,197.74,1,2025,5,21,6
6,3,2,3,9528.14,366.93,4.27,7.7,4,0.602,23.26,1,2025,2,22,2
4,5,3,2,14614.05,1.2,3.02,5.5,3,0.987,30.98,0,2025,12,2,5
1,7,2,4,7242.64,298.5,3.83,5.4,1,0.847,7.75,1,2025,5,18,3
1,7,0,2,12787.12,458.06,2.3,0.9,3,0.781,0.5,0,2025,3,1,2
7,2,0,1,1404.71,144.68,3.16,4.1,4,0.683,0.5,1,2025,12,28,3
5,4,2,0,5361.55,93.58,2.83,5.5,0,0.522,4.26,0,2025,3,30,3
2,1,3,1,1471.74,326.19,4.32,4.6,0,0.685,1.22,1,2025,5,15,4
6,0,1,2,14642.48,356.59,3.67,9.0,4,0.749,44.25,1,2024,6,20,4
0,5,1,3,12346.12,344.33,3.61,9.1,1,0.606,18.32,0,2024,3,25,1
6,8,3,1,12861.94,160.34,1.35,8.2,0,0.587,25.91,1,2025,8,1,0
6,5,0,2,14100.5,126.85,3.01,3.8,3,0.754,2.52,0,2024,2,1,4
2,3,3,2,1734.0,478.0,2.74,7.2,3,0.793,3.75,0,2024,8,13,5
3,5,3,3,6091.17,461.73,4.26,4.0,0,0.62,9.27,0,2024,10,26,2
7,3,3,2,1530.01,229.2,2.05,2.3,4,0.794,7.17,1,2024,2,3,2
5,2,2,1,3556.5,423.25,2.09,3.4,4,0.95,7.34,0,2024,10,8,5
6,0,1,0,3825.8,226.71,2.56,0.7,4,0.737,9.24,1,2024,8,18,3
2,3,0,1,7302.05,212.77,2.0,3.3,3,0.929,1.37,0,2025,7,4,0
3,2,1,3,4394.15,79.22,1.63,4.6,0,0.964,4.19,0,2024,10,22,5
2,7,3,4,1964.18,213.78,4.03,9.6,0,0.546,3.74,0,2024,6,21,0
3,8,0,1,2928.62,269.17,3.04,3.1,4,0.548,0.87,1,2025,4,13,3
3,7,3,2,2635.5,12.23,4.04,9.0,3,0.738,6.51,0,2025,8,2,2
1,5,3,0,14609.61,222.61,3.94,2.3,0,0.794,22.73,0,2025,5,22,4
7,4,1,1,11509.74,390.9,2.13,1.9,3,0.713,9.73,0,2025,7,16,6
5,1,1,4,14532.54,340.34,3.01,5.2,0,0.663,13.24,1,2025,6,7,2
5,4,0,4,6876.24,317.94,1.47,6.7,4,0.82,1.49,0,2024,4,25,4
0,5,3,4,4536.34,454.87,4.22,0.4,4,0.501,19.27,0,2025,8,9,2
7,3,0,1,12075.25,10.0,2.53,2.2,0,0.984,0.5,0,2024,4,26,0
3,7,2,1,5230.68,278.97,2.5,4.6,1,0.616,5.34,0,2024,10,1,5
3,1,3,3,4841.06,393.89,2.2,3.3,1,0.959,11.91,0,2025,7,10,4
4,0,1,4,3871.34,271.13,2.72,7.1,2,0.555,28.3,1,2025,1,10,0
5,0,3,1,2380.35,162.62,2.03,5.1,0,0.619,4.55,1,2025,7,9,6
1,8,3,4,4218.71,68.99,2.44,1.6,0,0.617,5.8,0,2024,2,12,1
7,7,1,1,5652.14,443.89,3.84,8.9,0,0.998,4.65,1,2025,3,27,4
6,5,3,3,10272.92,235.91,3.95,2.9,2,0.502,131.77,1,2025,7,13,3
2,7,0,1,1407.19,439.18,2.2,7.3,1,0.82,0.5,0,2024,8,11,3
6,5,1,3,3552.35,293.34,2.75,7.8,4,0.935,9.93,1,2025,3,11,5
7,4,0,1,12230.84,337.42,4.08,9.6,2,0.836,8.12,1,2024,4,14,3
0,2,1,3,2630.37,402.33,1.37,5.0,2,0.681,19.18,1,2025,10,31,0
1,0,1,0,5468.35,329.92,4.13,6.2,4,0.979,14.13,1,2024,9,10,5
3,0,0,3,13037.55,199.63,1.92,3.3,4,0.947,1.9,1,2024,10,31,4
1,8,1,1,2746.42,257.3,3.44,6.8,4,0.717,7.22,1,2024,2,3,2
2,5,1,4,1699.68,401.72,3.12,4.6,1,0.787,2.65,1,2025,4,5,2
0,1,0,0,7525.8,187.45,3.02,4.4,1,0.984,1.54,0,2024,9,26,4
1,5,3,0,4885.08,194.67,4.04,8.6,1,0.991,13.99,1,2024,12,22,3
5,8,1,3,8669.42,48.75,1.54,0.5,3,0.725,8.11,0,2024,3,30,2
5,0,2,3,12155.17,457.38,2.35,8.8,4,0.924,30.92,1,2025,3,25,5
1,0,3,2,2488.65,46.43,2.98,8.5,4,0.651,14.96,1,2024,4,30,5
1,8,3,0,8920.14,324.46,3.88,5.1,4,0.686,45.94,1,2024,8,30,0
1,4,3,4,7829.88,207.18,1.91,4.9,0,0.582,13.48,0,2024,8,2,0
5,5,2,2,2589.14,203.4,3.85,3.6,2,0.605,14.5,1,2025,8,25,1
2,8,2,4,9547.98,340.1,2.52,9.9,3,0.828,10.05,1,2025,12,6,2
6,2,3,0,4467.79,34.48,1.82,1.1,2,0.755,52.59,1,2024,12,25,6
0,7,3,3,7573.6,297.26,3.7,5.9,2,0.616,108.48,1,2025,12,28,3
0,3,2,1,1692.95,386.24,1.5,6.8,0,0.701,0.91,1,2025,9,16,5
4,0,2,4,7163.97,414.28,2.9,9.3,3,0.687,7.73,1,2025,10,9,4
0,8,3,3,4943.72,86.09,1.41,7.8,1,0.994,14.99,1,2025,3,14,0
2,1,3,2,12424.53,448.81,2.38,6.4,2,0.927,182.48,1,2024,6,18,5
7,3,2,1,1326.19,328.42,3.18,1.2,2,0.694,6.94,1,2025,9,22,1
1,2,2,1,6569.81,441.05,3.04,3.7,4,0.957,14.3,1,2024,5,22,6
3,2,2,4,7147.26,243.16,2.54,1.4,4,0.671,14.06,0,2024,7,30,5
6,2,1,4,11012.59,271.47,2.62,8.8,3,0.834,12.74,0,2024,7,30,5
5,4,3,2,8827.17,459.6,1.95,7.5,0,0.983,16.47,0,2024,3,1,0
7,3,0,1,10174.58,450.05,2.7,7.6,1,0.695,0.75,1,2025,8,6,6
3,1,2,3,11767.21,224.63,4.35,6.5,4,0.84,28.83,1,2024,12,25,6
6,8,1,2,13001.94,137.93,4.01,5.1,0,0.648,11.57,1,2025,6,29,3
6,2,0,0,5051.19,197.19,1.68,1.5,2,0.633,2.49,1,2024,10,14,1
4,1,0,2,8301.33,194.49,1.3,3.3,0,0.787,0.69,0,2025,9,3,6
7,3,0,0,12681.57,144.15,4.28,1.4,0,0.99,0.5,0,2025,7,5,2
4,6,1,0,14847.04,135.02,2.94,7.2,1,0.727,22.04,0,2024,6,21,0
1,4,1,0,13398.03,430.67,2.97,1.6,0,0.969,10.29,0,2024,11,27,6
7,2,1,0,5886.28,35.86,3.78,7.0,1,0.957,8.65,1,2025,12,21,3
6,0,0,4,3329.91,339.13,2.24,6.9,1,0.627,0.5,1,2024,10,26,2
5,2,3,3,7596.19,87.24,2.79,4.6,2,0.701,104.18,1,2024,10,23,6
7,6,3,1,11253.8,172.91,4.4,1.4,0,0.822,16.51,0,2025,8,9,2
3,1,2,0,7642.25,31.71,3.42,3.1,0,0.759,4.6,1,2024,9,30,1
4,7,2,0,7506.12,135.72,1.71,3.2,0,0.548,4.71,0,2025,6,10,5
4,2,2,4,12654.34,384.44,1.64,7.0,2,0.997,80.73,1,2025,11,26,6
1,2,2,4,5740.35,442.62,1.87,1.1,3,0.876,3.69,0,2024,4,7,3
6,4,0,0,12967.02,111.54,3.73,8.3,3,0.719,1.18,1,2024,5,18,2
2,5,1,0,6398.67,232.31,2.17,7.6,4,0.809,18.21,1,2025,2,25,5
0,3,1,0,5259.38,235.69,1.27,1.9,3,0.544,4.96,0,2024,3,1,0
7,7,3,3,7082.85,436.91,4.32,7.2,0,0.748,14.21,1,2024,10,10,4
1,7,0,4,11555.48,381.64,1.76,6.7,1,0.965,1.14,1,2025,11,2,3
7,0,0,1,2327.03,257.03,1.23,7.5,2,0.948,0.5,1,2024,5,9,4
2,5,1,1,3348.08,335.7,1.98,1.9,3,0.669,2.93,0,2025,12,19,0
0,1,3,4,14295.95,423.83,1.98,1.6,1,0.766,32.73,1,2024,5,15,6
5,5,3,1,3044.63,5.76,2.59,2.4,2,0.849,37.79,1,2024,9,12,4
0,5,2,4,8732.05,202.04,4.24,3.7,3,0.67,8.14,0,2024,5,29,6
7,4,0,1,8900.06,453.71,4.1,7.9,3,0.532,1.0,0,2025,12,29,1
2,3,2,4,7599.55,370.42,2.71,7.4,0,0.753,5.27,1,2024,11,25,1
0,1,1,4,9848.81,271.88,2.56,9.3,1,0.801,15.06,0,2024,9,10,5
3,2,1,2,3832.49,265.29,3.03,0.6,4,0.503,8.37,0,2025,11,23,3
6,2,0,0,8513.6,174.54,2.0,0.1,1,0.548,1.21,0,2025,2,6,4
6,1,2,0,5896.51,260.74,1.37,7.0,3,0.604,6.59,0,2025,5,16,0
6,2,0,4,10094.18,328.04,4.3,2.8,1,0.674,1.35,1,2024,5,25,2
5,5,1,3,2547.74,209.76,1.82,3.3,2,0.771,16.74,1,2025,8,14,4
3,6,3,0,8777.72,357.36,1.85,5.5,2,0.647,124.53,1,2025,10,9,4
5,2,2,0,3186.42,430.75,2.76,1.0,1,0.638,2.91,1,2024,10,2,6
5,8,1,0,4540.32,78.19,2.82,6.4,3,0.935,4.27,1,2025,10,4,2
3,7,0,2,3671.29,226.32,1.26,3.3,0,0.573,0.5,1,2025,2,28,0
6,4,3,2,3151.15,204.6,1.69,6.3,2,0.748,46.27,1,2025,1,19,3
5,3,0,3,12472.81,344.04,2.45,8.3,3,0.976,0.5,0,2025,4,7,1
3,5,0,3,4642.76,125.68,3.46,1.7,4,0.813,1.45,0,2024,3,18,1
0,6,0,4,13943.29,320.49,1.95,9.3,1,0.859,2.1,0,2025,10,10,0
5,0,0,0,14563.93,438.87,2.6,5.3,2,0.716,6.99,1,2024,4,5,0
7,7,1,3,8783.28,209.65,3.04,9.2,0,0.51,9.6,1,2025,2,16,3
2,4,1,1,2573.52,455.6,4.13,2.1,0,0.823,1.82,1,2025,6,11,6
5,7,3,2,5930.95,496.59,2.28,6.0,0,0.816,10.34,1,2024,10,11,0
7,7,3,4,12067.12,53.94,1.64,4.0,4,0.555,60.97,1,2025,12,12,0
7,0,3,2,5827.17,117.29,2.81,7.7,2,0.731,89.78,1,2025,1,12,3
3,5,3,1,1761.75,475.24,3.66,6.1,3,0.958,4.78,1,2025,4,10,4
0,6,3,0,8573.38,479.21,1.56,4.9,3,0.603,17.4,1,2025,5,14,6
6,2,2,2,12754.25,49.76,2.6,9.1,4,0.731,32.31,1,2024,12,1,3
2,5,3,2,12040.93,8.48,1.26,3.8,1,0.731,29.68,0,2025,8,18,1
5,0,1,1,3039.29,81.39,1.31,2.2,3,0.905,3.21,0,2024,1,3,6
0,6,0,3,10255.09,498.01,2.79,6.1,3,0.912,0.5,1,2024,4,5,0
2,0,3,2,3697.31,90.82,2.18,6.2,2,0.88,53.23,1,2025,4,14,1
3,7,2,1,3664.01,251.77,3.99,4.4,1,0.683,4.1,1,2025,10,12,3
0,3,1,2,13174.04,424.36,3.19,4.9,0,0.536,10.64,1,2025,11,11,5
6,5,0,3,4120.2,11.18,2.7,9.6,3,0.675,0.53,1,2025,12,15,1
7,2,3,0,4317.09,302.64,2.55,7.3,3,0.84,9.66,0,2025,1,1,6
4,5,0,4,509.47,139.24,2.84,1.1,3,0.851,0.5,0,2024,3,5,5
4,1,3,2,13124.7,431.31,1.33,2.1,0,0.983,19.47,0,2025,7,1,5
4,8,3,1,11992.62,142.45,4.15,9.8,0,0.727,25.43,1,2025,2,11,5
1,4,2,2,9596.27,343.69,4.49,7.3,1,0.816,11.59,0,2024,8,11,3
0,6,2,1,11378.85,337.44,1.8,9.2,4,0.77,30.0,1,2025,3,15,2
6,3,2,0,2704.7,111.53,1.6,3.0,2,0.575,15.32,1,2024,8,4,3
3,8,0,2,7145.69,18.36,1.67,7.4,4,0.731,0.95,1,2025,5,21,6
7,1,0,3,5592.68,205.22,3.38,7.1,2,0.772,3.6,1,2024,10,1,5
2,4,3,2,1859.76,145.31,3.38,2.9,1,0.975,3.73,1,2024,11,26,5
1,4,1,2,7548.89,404.68,4.0,5.5,3,0.683,7.34,0,2024,10,17,4
0,4,1,1,13850.72,400.38,3.68,6.3,4,0.99,38.89,1,2024,12,11,6
6,4,2,3,1080.86,229.05,2.68,4.8,3,0.771,1.51,0,2025,7,14,1
1,5,1,3,4726.18,303.65,3.22,8.3,2,0.621,38.15,1,2025,8,14,4
7,4,2,0,3509.34,302.53,3.47,8.3,1,0.596,4.25,0,2024,5,13,1
0,6,1,1,3953.13,413.75,2.89,8.5,0,0.571,3.96,1,2025,8,2,2
4,8,0,0,13672.3,213.08,2.77,8.0,3,0.726,1.46,1,2025,5,11,3
7,3,3,4,7287.0,138.45,3.33,4.9,2,0.511,100.72,1,2024,12,17,5
3,4,0,0,7261.34,133.25,3.04,3.8,4,0.723,0.98,1,2025,11,29,2
6,8,2,1,11528.35,268.56,3.33,8.3,0,0.994,9.27,1,2024,2,19,1
4,1,1,1,2740.14,225.12,3.22,4.9,4,0.835,7.21,1,2024,2,17,2
5,1,0,0,7565.35,220.62,3.57,2.5,4,0.88,0.79,1,2024,4,11,4
3,0,2,3,6734.79,46.48,3.32,5.1,3,0.56,5.48,1,2025,10,3,0
0,4,3,1,9155.21,359.58,2.92,1.4,0,0.737,13.81,0,2025,4,15,5
1,0,0,1,14993.59,107.65,3.45,6.9,4,0.643,3.11,1,2024,1,17,6
6,6,0,2,11657.01,99.28,2.68,3.4,2,0.947,6.14,1,2024,5,7,5
4,0,2,3,6269.05,206.97,2.0,2.6,0,0.591,4.01,0,2024,6,10,1
5,0,0,1,12499.52,114.66,1.2,9.6,3,0.729,0.86,1,2025,3,27,4
2,3,3,2,2975.27,292.35,3.05,7.8,2,0.794,46.11,1,2025,4,12,2
5,2,0,2,941.72,186.36,3.15,7.9,1,0.757,0.5,0,2024,1,1,1
4,3,2,1,3464.5,225.01,4.41,6.2,0,0.915,2.38,1,2025,3,14,0
0,5,1,0,5435.97,269.05,2.39,8.4,1,0.616,7.73,0,2024,7,26,0
1,2,1,2,7903.42,102.56,2.5,7.6,0,0.689,7.47,1,2025,12,6,2
7,2,0,1,9419.37,78.72,1.87,6.0,4,0.896,2.8,1,2024,5,15,6
7,4,3,0,13703.78,440.33,1.43,9.6,2,0.764,224.75,1,2025,10,27,1
1,2,1,4,7892.88,217.43,3.75,1.9,0,0.701,6.65,0,2024,11,5,5
3,2,2,2,7768.5,206.63,2.02,9.4,3,0.515,8.54,1,2024,6,11,5
5,7,2,4,1228.52,18.77,3.21,4.0,3,0.877,1.84,0,2024,10,7,1
7,6,3,1,1006.22,249.49,3.47,5.3,4,0.986,6.87,1,2024,4,5,0
7,2,0,0,8491.82,277.53,2.76,1.2,0,0.81,1.19,0,2025,11,1,2
1,4,3,3,6853.59,279.86,4.09,5.4,1,0.928,18.6,0,2025,1,4,2
3,6,2,3,12668.12,353.81,2.66,6.1,4,0.758,28.88,1,2024,9,13,0
3,7,3,0,2829.85,89.56,2.14,10.0,4,0.616,17.08,1,2024,3,25,1
0,1,3,0,862.09,126.86,4.16,9.8,1,0.507,2.85,1,2025,1,15,6
2,5,1,1,7011.06,405.55,4.04,9.7,4,0.827,20.82,1,2025,11,11,5
4,7,0,3,3943.44,473.64,1.74,3.5,1,0.747,0.67,1,2025,10,26,3
3,4,0,3,1219.41,68.83,1.29,9.9,1,0.891,0.5,1,2024,6,18,5
7,2,3,4,11006.68,249.33,1.5,4.6,2,0.847,150.72,1,2024,2,23,0
5,4,0,0,2118.1,107.87,2.15,8.5,4,0.994,0.5,1,2025,2,9,3
6,1,0,0,9320.63,30.98,4.41,2.2,0,0.755,0.6,0,2025,10,2,4
3,5,2,2,4575.22,163.43,3.04,5.1,2,0.714,26.92,1,2024,11,8,0
6,8,0,4,3015.69,72.7,2.43,9.7,0,0.643,0.5,1,2025,12,17,6
0,1,3,0,6006.4,355.26,4.13,9.5,4,0.738,37.49,1,2024,8,27,5
6,1,0,1,12120.96,267.33,2.7,6.8,0,0.936,1.51,1,2025,3,15,2
5,1,3,2,6185.36,72.77,2.24,8.0,2,0.521,95.97,1,2025,11,2,3
3,0,1,0,11386.16,5.61,4.31,1.8,2,0.989,69.17,1,2024,4,3,6
0,7,3,0,2319.55,404.27,4.0,7.2,2,0.997,34.88,1,2025,12,21,3
4,6,2,3,11705.19,88.92,3.98,6.2,4,0.799,27.51,1,2024,4,7,3
2,8,3,1,3935.53,303.5,2.89,0.9,1,0.666,8.95,1,2024,1,2,5
2,1,1,0,10322.2,169.12,3.81,1.1,1,0.612,11.64,1,2024,8,6,5
3,8,3,2,8703.83,293.16,1.79,1.1,4,0.638,38.9,1,2025,5,3,2
1,2,2,4,13972.6,158.51,3.09,7.2,3,0.525,13.85,0,2024,3,20,6
3,1,3,1,6116.18,44.38,4.45,1.4,0,0.738,9.11,0,2024,5,15,6
4,6,3,0,1459.4,112.25,2.16,4.7,0,0.529,2.12,0,2025,8,30,2
2,7,2,2,777.75,94.84,3.82,3.6,1,0.859,0.58,1,2024,8,19,1
2,5,0,1,12489.45,214.58,2.82,5.5,4,0.686,2.89,0,2025,6,15,3
4,7,1,4,8108.67,329.48,1.33,7.1,4,0.6,22.11,1,2025,11,27,4
1,3,1,1,11741.04,132.64,3.72,6.8,1,0.772,16.97,1,2025,3,31,1
2,3,3,4,3899.17,7.02,1.76,5.2,3,0.987,8.03,1,2024,1,10,6
7,5,1,4,5503.71,259.95,3.28,4.6,3,0.848,5.24,1,2024,1,9,5
5,1,2,4,936.51,303.27,1.48,4.0,2,0.746,4.8,1,2025,12,13,2
7,0,2,2,14441.64,481.47,4.32,8.6,2,0.888,98.74,1,2024,12,17,5
1,6,0,2,10184.08,295.15,2.16,3.3,1,0.869,0.92,1,2024,5,3,0
7,0,3,0,14031.47,236.12,1.95,2.6,2,0.946,176.92,1,2025,3,8,2
7,4,2,2,4349.7,287.13,1.63,7.4,2,0.602,27.78,1,2025,12,11,4
5,1,3,4,9366.22,464.02,4.32,3.6,2,0.929,122.5,1,2024,5,15,6
0,3,3,3,10338.25,414.36,3.55,8.5,1,0.651,30.61,1,2025,5,4,3
1,3,1,2,5104.47,162.17,3.65,3.3,1,0.97,5.81,0,2024,3,13,6
0,2,0,0,12797.58,119.39,2.85,7.0,4,0.641,2.7,1,2024,8,22,4
6,4,2,2,14233.84,132.05,2.77,0.5,1,0.963,13.16,0,2025,1,27,1
6,0,0,1,13330.4,252.71,1.56,3.9,2,0.982,6.87,1,2024,4,1,1
7,6,3,4,11216.47,372.28,3.05,3.4,2,0.573,146.77,1,2024,4,14,3
1,2,2,3,4523.24,252.11,2.01,8.2,3,0.987,3.9,0,2024,4,15,1
6,8,0,3,4583.43,34.83,4.42,9.7,0,0.543,0.52,1,2024,11,16,2
2,8,2,0,14468.72,362.07,3.83,4.6,3,0.609,12.39,1,2025,1,11,2
0,2,0,4,649.13,403.18,2.56,8.2,1,0.722,0.5,0,2024,11,2,2
2,7,1,2,10882.72,145.46,1.7,7.0,0,0.997,10.42,0,2024,5,20,1
0,7,1,0,10740.57,332.4,3.79,9.7,1,0.744,16.11,1,2025,1,26,3
5,7,1,4,9529.0,213.87,1.6,8.1,3,0.775,10.71,0,2024,5,16,4
7,0,3,2,14856.58,444.67,1.82,0.8,3,0.847,25.98,0,2025,10,18,2
6,6,3,2,5022.25,422.77,1.9,7.1,2,0.984,75.72,1,2025,11,24,1
1,4,0,4,5429.59,263.19,3.04,5.4,0,0.892,0.5,0,2024,5,26,3
2,4,0,1,1644.62,346.06,3.8,0.2,0,0.612,0.5,0,2024,3,11,1
4,6,2,0,6920.57,441.79,2.24,2.5,0,0.651,5.0,0,2025,6,27,0
1,6,0,2,4285.2,248.36,1.48,9.2,3,0.549,0.5,1,2025,7,30,6
7,5,3,1,5479.11,157.31,2.73,9.3,2,0.822,88.64,1,2024,1,9,5
4,1,3,3,12601.29,377.08,3.67,8.0,1,0.59,36.11,1,2025,9,16,5
7,7,0,3,14064.53,110.81,1.93,9.8,0,0.629,1.11,0,2025,10,27,1
3,2,0,2,3193.13,194.88,1.93,8.1,4,0.944,0.5,1,2024,6,17,1
2,7,1,2,5901.38,433.0,4.33,0.1,1,0.663,6.23,0,2025,3,26,6
4,7,0,1,13965.14,362.49,4.35,2.9,2,0.783,7.26,1,2024,12,25,6
6,0,0,4,1396.22,202.5,4.47,0.3,4,0.699,0.5,1,2024,8,6,5
3,0,0,0,1839.23,108.16,3.87,0.9,1,0.537,0.5,0,2025,10,5,3
4,0,0,3,2860.47,178.63,1.82,2.2,0,0.681,1.16,1,2024,6,4,5
4,0,3,1,9130.59,142.77,1.9,5.0,2,0.704,127.75,1,2025,2,25,5
1,5,1,1,2681.85,88.87,2.32,8.5,2,0.948,20.83,1,2025,9,22,1
2,6,3,4,14537.11,371.92,2.25,8.6,0,0.662,28.96,0,2025,12,4,4
7,2,1,3,6977.36,126.78,4.36,6.2,3,0.69,7.77,1,2025,3,29,2
3,6,1,3,7772.01,227.63,3.8,9.3,2,0.891,63.32,1,2024,8,10,2
1,7,2,1,4076.55,193.54,3.59,5.0,0,0.879,3.94,1,2024,3,29,0
4,3,1,4,7328.92,491.06,1.81,8.9,3,0.899,8.87,0,2024,4,12,0
7,2,0,0,10097.75,196.16,4.2,4.5,4,0.977,2.05,1,2024,5,23,4
4,6,0,2,11392.07,40.91,3.93,2.8,0,0.898,1.02,1,2024,5,6,1
0,5,3,2,11431.09,45.82,1.74,9.2,4,0.704,70.05,1,2025,8,26,5
6,3,3,3,8879.42,295.79,4.07,3.9,2,0.911,118.27,1,2025,1,28,5
3,1,2,3,13613.22,300.08,2.1,5.0,2,0.754,81.41,1,2024,12,25,6
1,7,1,3,12352.41,209.96,1.47,3.3,4,0.639,29.19,0,2025,3,15,2
5,5,0,3,11477.2,216.49,3.37,6.6,3,0.651,0.71,1,2024,11,18,1
4,3,3,4,1306.28,27.91,3.36,10.0,2,0.612,22.14,1,2024,5,23,4
5,0,0,2,599.73,258.76,1.51,0.3,3,0.572,0.5,0,2024,9,10,5
6,4,3,3,3580.49,252.86,2.25,9.0,2,0.592,58.1,1,2024,10,10,4
5,4,0,3,10121.09,75.63,4.48,0.0,4,0.532,2.53,0,2025,10,22,6
6,2,3,3,6462.36,52.82,3.44,3.6,4,0.944,31.24,0,2024,3,27,6
5,7,0,4,6334.89,62.66,3.61,1.7,0,0.966,0.93,0,2024,9,11,6
3,2,3,2,13326.51,51.41,1.9,7.6,2,0.793,203.98,1,2025,7,20,3
4,1,1,0,13485.66,305.24,1.46,0.5,0,0.92,10.07,0,2025,9,7,3
3,7,0,0,13683.04,99.04,2.11,5.5,4,0.592,2.71,1,2025,9,6,2
4,3,0,1,5051.23,126.46,2.02,2.9,1,0.951,1.52,0,2025,9,14,3
7,5,0,3,10520.31,87.61,1.97,1.3,2,0.753,4.74,1,2024,10,18,0
3,8,0,4,4438.68,478.96,1.84,7.7,0,0.534,0.5,0,2025,12,8,1
1,8,2,3,3263.84,427.45,3.1,2.2,4,0.571,6.67,1,2024,1,28,3
7,2,2,0,3177.17,116.02,2.28,2.2,3,0.654,2.69,0,2025,11,5,6
0,7,1,3,5460.56,164.46,3.91,2.8,4,0.522,13.51,1,2024,11,4,1
7,6,0,3,6734.39,105.74,1.81,5.9,1,0.655,0.9,1,2024,7,29,1
2,8,3,2,12548.76,246.45,2.73,6.6,3,0.53,29.05,1,2025,6,14,2
0,8,0,2,2238.42,10.79,1.25,0.2,2,0.618,0.89,1,2025,9,13,2
0,8,1,2,11156.42,336.01,2.79,2.4,3,0.633,10.37,0,2025,6,5,4
3,2,0,4,8206.1,262.06,1.38,4.3,2,0.997,3.85,1,2024,7,12,0
6,0,3,4,4675.21,449.42,4.43,3.3,4,0.618,22.76,1,2025,2,5,6
1,3,0,3,7645.88,83.03,3.81,8.8,0,0.62,0.69,1,2024,10,29,5
1,8,3,0,4849.16,402.25,2.82,7.9,1,0.843,14.22,0,2025,10,23,4
2,5,2,3,9143.19,396.19,1.49,6.3,1,0.93,10.75,0,2024,2,25,3
7,7,1,2,6790.74,64.46,3.16,3.4,3,0.694,6.31,0,2024,9,2,1
4,6,3,2,2883.88,199.88,3.7,7.0,0,0.938,4.97,0,2025,5,21,6
7,4,2,3,2190.45,85.91,1.83,8.4,2,0.67,14.64,1,2025,1,30,4
3,1,1,4,8427.09,128.11,3.08,5.9,4,0.599,23.35,1,2024,4,25,4
0,6,2,3,13584.99,132.36,3.89,7.8,3,0.665,14.19,1,2024,9,3,5
1,4,0,3,5487.39,278.56,3.74,7.5,3,0.805,0.5,0,2025,5,26,1
2,5,3,4,11128.5,206.29,3.85,5.7,1,0.684,29.34,1,2025,10,15,6
7,7,3,0,10050.59,473.92,4.1,3.1,1,0.836,24.17,0,2025,8,31,3
0,6,1,3,14007.55,64.06,4.29,7.5,0,0.618,14.4,0,2024,3,13,6
4,2,0,1,12404.22,486.87,2.54,2.1,2,0.85,6.2,1,2025,6,24,5
2,6,2,3,8715.78,116.09,3.08,7.8,4,0.674,21.91,0,2024,1,13,2
6,1,2,3,10026.94,386.66,3.81,8.0,2,0.728,67.44,1,2025,1,4,2
7,6,2,3,13526.6,170.15,3.5,8.2,2,0.779,91.66,1,2024,11,20,6
4,6,1,1,6293.02,72.4,4.49,4.7,1,0.843,7.53,1,2024,5,15,6
0,1,2,4,5238.52,429.09,1.25,1.9,2,0.619,27.15,1,2025,1,31,0
6,8,3,1,656.76,155.12,2.37,1.0,1,0.918,1.17,0,2025,8,5,5
4,8,0,0,12484.99,329.77,2.13,7.4,4,0.861,2.97,1,2025,3,6,4
4,7,0,1,12114.22,283.66,2.07,8.9,1,0.617,1.45,0,2025,1,9,4
5,3,3,1,2014.59,236.41,1.93,6.5,3,0.987,4.83,0,2025,7,13,3
2,3,3,2,8864.43,248.41,3.54,1.4,2,0.832,105.34,1,2025,11,30,3
3,7,0,4,7227.73,366.39,1.48,9.3,3,0.726,1.35,0,2024,6,25,5
6,2,3,3,2221.28,44.8,3.65,9.9,4,0.579,13.8,1,2025,4,27,3
6,6,2,3,14718.24,334.42,3.49,4.3,2,0.767,85.62,1,2024,3,15,0
7,6,3,3,3613.09,448.01,2.03,5.9,3,0.582,8.41,0,2024,1,18,4
1,7,2,4,1474.9,29.84,2.03,7.8,3,0.715,2.02,1,2025,8,24,3
0,1,1,0,9125.29,71.19,3.28,7.4,2,0.704,69.54,1,2024,3,10,3
7,4,2,0,11213.57,358.6,3.72,9.7,3,0.86,12.3,1,2024,1,15,1
2,6,3,3,970.43,219.2,4.09,1.1,2,0.596,12.27,1,2024,9,25,6
3,2,0,3,10051.41,202.37,4.01,5.8,0,0.911,0.93,1,2024,8,8,4
4,1,0,0,8218.23,69.35,4.38,6.9,0,0.663,0.5,1,2024,2,10,2
6,0,3,2,1997.34,253.88,3.12,8.9,2,0.722,32.36,1,2024,3,2,2
1,5,3,1,3001.6,64.15,4.2,8.7,3,0.886,7.17,1,2025,2,11,5
4,7,1,4,8735.63,238.83,3.87,9.8,3,0.813,9.67,1,2025,6,2,1
2,7,0,4,4797.19,382.04,4.15,5.1,3,0.654,0.61,1,2024,10,20,3
7,2,1,4,14105.58,129.87,1.24,8.3,4,0.693,41.65,1,2025,10,5,3
2,4,3,3,12371.73,240.91,4.39,4.3,3,0.653,25.6,0,2025,12,30,5
4,2,2,4,14761.72,496.02,2.76,4.2,0,0.797,10.27,1,2025,5,28,6
6,6,2,1,4265.23,343.64,3.83,2.5,1,0.666,3.54,0,2025,3,1,2
1,4,0,2,14560.99,420.84,1.62,8.2,2,0.863,8.63,1,2025,3,9,3
6,1,0,0,6752.89,208.01,2.51,9.9,2,0.79,4.39,1,2025,12,19,0
1,4,3,0,5539.02,384.16,2.1,2.6,4,0.573,26.08,1,2025,2,15,2
6,0,0,1,1230.07,21.21,2.16,0.6,1,0.655,0.5,0,2024,3,25,1
6,8,3,0,1265.1,62.33,1.61,8.2,2,0.611,19.25,1,2025,10,17,0
7,2,2,0,10534.16,102.33,3.86,6.2,4,0.695,24.58,1,2025,7,3,4
7,5,2,0,7139.97,201.57,1.23,9.6,1,0.758,9.26,0,2025,7,4,0
0,1,3,3,3784.56,423.03,2.23,2.5,1,0.753,9.42,1,2025,9,22,1
2,7,3,2,9402.57,173.79,1.78,0.7,1,0.877,20.47,0,2024,6,5,6
6,5,1,1,4166.44,327.66,3.14,4.9,1,0.595,5.27,0,2024,10,11,0
5,2,2,2,8875.66,354.95,2.04,0.9,2,0.973,44.93,1,2024,3,26,5
7,0,1,0,5708.53,293.5,2.05,2.6,0,0.671,4.35,1,2024,11,13,6
1,4,2,2,12441.51,179.26,2.81,1.3,2,0.65,63.26,1,2024,3,21,4
7,3,2,4,12400.09,288.95,3.35,2.2,1,0.843,12.23,1,2025,6,7,2
3,2,2,4,7421.58,171.79,1.6,1.1,4,0.903,14.77,1,2024,7,27,2
0,6,3,4,5586.88,42.85,1.78,9.5,4,0.689,34.42,1,2024,6,8,2
6,1,2,1,5757.12,496.41,2.02,2.8,2,0.873,31.29,1,2025,7,3,4
6,4,0,3,12182.86,64.46,4.41,4.4,3,0.942,0.86,1,2024,11,30,2
7,3,2,4,5258.6,37.1,2.51,9.0,1,0.883,6.9,1,2025,2,4,5
7,0,0,3,3531.36,439.39,3.18,6.8,4,0.517,1.34,1,2025,8,23,2
3,0,3,1,1727.98,151.62,2.0,6.2,4,0.914,9.85,1,2025,10,11,2
0,5,2,1,7267.05,325.5,2.82,7.1,2,0.887,46.83,1,2025,10,27,1
0,5,1,1,7490.92,165.17,1.44,8.3,4,0.835,22.92,1,2025,11,28,0
6,5,1,2,12693.18,196.34,1.31,8.8,2,0.88,101.9,1,2025,10,20,1
0,1,3,0,3707.96,131.79,2.75,6.4,1,0.99,9.99,0,2024,3,8,0
4,8,1,3,6024.37,172.18,2.52,8.9,4,0.716,17.45,1,2024,11,13,6
7,1,1,3,12221.88,205.94,1.65,5.4,3,0.534,12.7,0,2025,12,16,5
1,7,1,3,12442.54,360.49,3.47,2.8,0,0.73,10.05,0,2025,3,23,3
0,2,1,3,6076.86,256.26,4.48,8.8,3,0.523,7.59,1,2024,9,1,3
1,5,3,2,7157.3,471.84,2.51,5.4,4,0.647,38.58,1,2024,2,29,4
0,5,2,3,4897.65,21.9,3.26,9.1,3,0.793,4.54,1,2024,9,7,2
6,3,2,3,14022.05,252.03,4.38,0.4,0,0.655,8.29,1,2024,3,29,0
2,1,2,2,2220.33,292.53,3.94,4.0,1,0.843,1.79,1,2025,3,20,4
7,3,0,2,14039.37,460.18,2.73,9.5,4,0.911,2.56,1,2024,4,28,3
1,8,1,2,10416.06,25.53,3.63,2.5,4,0.71,24.09,0,2025,4,9,6
2,8,0,2,8207.8,287.18,1.62,9.4,4,0.95,2.07,1,2025,9,18,4
4,5,0,3,973.56,426.96,2.89,9.5,2,0.54,0.98,1,2025,9,15,1
6,5,2,3,7396.14,121.72,2.12,8.8,3,0.92,7.14,1,2024,2,26,1
6,3,1,1,6412.35,438.27,1.73,5.6,2,0.914,45.26,1,2024,11,12,5
7,6,3,2,2837.67,10.5,2.61,6.5,2,0.661,40.84,1,2025,11,13,4
6,2,1,4,10017.94,366.49,1.63,8.7,1,0.649,15.08,0,2025,11,4,5
4,8,2,1,14581.69,466.62,3.51,7.8,4,0.653,35.77,1,2024,6,28,0
5,8,0,2,8651.74,328.94,2.71,6.3,2,0.906,5.57,1,2024,5,2,4
3,8,2,2,10863.92,220.08,2.95,9.8,1,0.916,14.67,1,2024,1,13,2
2,3,0,0,1492.53,23.4,1.68,6.9,4,0.665,0.5,0,2025,12,25,4
0,5,0,2,6556.17,460.14,1.66,9.8,0,0.796,0.5,1,2024,5,20,1
1,4,0,1,2187.2,235.68,3.13,0.6,0,0.569,0.5,0,2025,12,19,0
1,2,2,2,9385.54,15.47,4.45,1.4,4,0.734,17.24,1,2024,1,12,0
5,8,0,1,14107.99,345.22,1.52,4.5,2,0.999,6.89,1,2024,6,16,3
4,0,2,3,10095.78,241.44,2.14,3.8,1,0.579,10.4,0,2025,5,23,0
5,5,3,4,1613.64,63.05,4.07,7.8,3,0.974,3.24,1,2024,12,21,2
7,2,3,0,5642.66,107.92,1.44,1.6,1,0.912,12.89,0,2025,6,19,4
7,5,1,1,8484.62,33.18,4.09,9.8,1,0.986,13.41,1,2025,6,13,0
5,4,0,3,6346.51,287.57,2.93,3.2,4,0.59,0.92,1,2024,9,22,3
3,7,1,2,12587.84,311.39,2.55,4.3,0,0.607,11.58,0,2024,6,19,6
0,1,0,1,12312.73,253.37,2.22,2.7,0,0.508,0.5,1,2025,1,15,6
2,6,2,0,9371.55,408.73,2.18,5.8,2,0.862,57.58,1,2024,5,9,4
3,4,0,4,5915.14,430.64,2.21,0.6,2,0.822,2.43,1,2024,10,2,6
5,2,1,0,4202.38,308.2,4.12,1.5,1,0.589,4.43,1,2024,4,30,5
5,7,1,3,2035.18,7.37,3.59,7.5,1,0.896,2.56,0,2024,1,31,6
1,4,1,4,5646.02,347.92,3.41,1.9,4,0.65,12.86,1,2024,12,9,1
3,1,0,4,6491.0,209.58,3.84,2.4,4,0.567,1.02,1,2025,3,15,2
2,4,3,0,10299.43,283.21,2.05,7.9,3,0.711,23.78,0,2024,10,5,2
3,8,3,3,10043.32,324.89,3.24,0.9,4,0.545,43.15,0,2025,6,20,0
2,8,2,0,1516.57,175.77,2.72,4.4,2,0.632,7.99,1,2024,3,6,6
7,0,3,1,6231.26,458.63,3.78,0.2,1,0.686,12.99,0,2024,9,26,4
5,4,2,1,3135.79,67.85,2.22,3.5,4,0.926,6.37,1,2025,12,30,5
7,7,0,2,2773.78,336.08,3.32,7.0,4,0.896,0.5,0,2025,8,13,6
4,3,0,0,12495.88,3.18,4.11,0.9,0,0.721,0.63,0,2025,10,4,2
7,5,1,1,1107.77,462.4,2.53,8.9,4,0.862,3.07,1,2024,3,19,5
0,4,3,3,6578.15,57.14,1.42,9.1,1,0.784,19.83,0,2025,5,23,0
2,5,2,2,2938.95,48.35,2.9,1.0,4,0.67,5.1,1,2025,4,11,0
4,6,1,0,13250.29,167.17,2.34,9.9,0,0.863,14.52,1,2025,6,7,2
4,0,0,1,8577.09,187.41,3.42,3.0,2,0.842,3.71,1,2025,1,3,0
4,5,0,2,3855.02,107.94,4.34,0.8,1,0.81,0.5,0,2024,2,26,1
6,2,1,2,7785.2,292.98,2.8,0.1,1,0.809,7.77,0,2025,5,26,1
2,0,0,0,11106.55,222.01,2.74,4.1,2,0.841,5.2,1,2025,8,3,3
4,8,0,4,14392.71,18.05,3.36,6.3,2,0.692,7.9,1,2024,6,19,6
1,6,1,3,3696.47,160.51,1.54,3.3,1,0.935,4.44,0,2025,1,11,2
1,6,2,2,13349.64,405.41,2.04,8.4,3,0.581,13.29,0,2024,6,10,1
2,4,0,2,14047.41,345.16,4.23,7.2,0,0.942,0.85,1,2024,9,18,6
2,3,1,2,13788.1,362.71,3.41,3.5,0,0.671,10.89,1,2024,4,15,1
3,0,3,3,9713.51,349.36,1.24,7.3,2,0.563,147.75,1,2025,8,10,3
0,3,1,0,9632.4,156.18,1.88,9.4,3,0.8,12.83,1,2025,11,21,0
2,4,0,4,6346.55,50.73,3.45,0.9,4,0.688,0.6,1,2024,4,28,3
5,3,0,1,11409.77,136.96,3.72,3.1,2,0.908,5.68,1,2024,8,21,6
6,0,0,2,8203.76,416.06,3.97,4.6,3,0.715,0.65,1,2025,6,5,4
1,8,1,3,10322.85,490.25,2.16,5.0,0,0.834,9.29,1,2024,1,3,6
7,0,0,1,6712.64,247.43,4.27,5.4,0,0.654,0.79,0,2024,2,15,4
1,0,3,1,11106.7,5.84,3.02,3.0,1,0.605,26.72,1,2024,1,13,2
4,0,0,3,12454.84,70.88,3.5,6.7,3,0.694,1.02,1,2024,9,7,2
7,3,3,2,2623.33,161.72,3.17,6.5,0,0.803,4.6,0,2024,2,17,2
4,5,3,3,12577.48,289.71,1.61,5.8,0,0.828,22.13,0,2025,4,28,1
4,1,1,4,8334.3,38.47,4.38,1.1,4,0.789,18.3,1,2025,1,7,5
1,3,2,0,12747.66,471.74,1.61,4.8,2,0.994,74.54,1,2025,1,27,1
4,8,2,2,6753.87,183.18,2.04,3.6,1,0.846,6.81,0,2024,6,2,3
4,0,3,0,5996.09,456.38,3.88,4.9,3,0.966,13.0,0,2024,7,2,5
1,8,1,2,13768.38,390.48,3.24,9.2,3,0.559,16.81,0,2024,2,6,5
2,1,1,1,4141.95,377.96,3.97,4.8,4,0.531,11.15,1,2025,7,20,3
0,6,1,0,12741.08,303.75,2.9,0.1,3,0.655,11.43,0,2025,11,2,3
4,5,2,4,7518.3,313.77,2.44,4.4,3,0.568,6.46,1,2025,3,5,6
0,7,2,2,7954.38,319.36,4.24,8.2,2,0.763,53.52,1,2024,8,17,2
5,7,1,0,4972.79,314.73,1.32,7.8,4,0.759,14.25,1,2024,11,25,1
7,7,2,0,8809.11,277.31,4.03,5.1,2,0.788,52.31,1,2024,9,11,6
2,6,1,4,5215.56,493.22,1.96,2.5,3,0.873,4.41,1,2025,3,2,3
7,1,2,2,1069.41,366.41,4.0,4.7,4,0.986,2.78,1,2024,11,23,2
6,5,2,4,4443.98,388.7,1.66,5.6,2,0.939,27.23,1,2024,10,4,0
2,6,1,3,592.5,436.36,3.11,10.0,3,0.559,1.66,1,2024,3,20,6
7,2,1,1,14686.14,108.6,4.13,6.4,1,0.669,20.71,1,2025,8,8,0
6,6,0,4,14503.33,42.82,2.76,6.9,1,0.628,1.16,1,2025,1,16,4
5,3,1,3,6229.75,241.96,3.66,4.9,1,0.588,8.5,1,2024,5,2,4
3,0,0,4,11061.38,257.53,3.86,3.5,2,0.772,5.27,1,2025,5,29,4
1,3,2,4,5514.19,414.76,3.63,8.1,0,0.777,5.22,1,2025,11,20,4
4,3,1,2,10230.85,222.45,4.25,4.9,2,0.614,70.66,1,2024,2,23,0
2,3,2,4,12178.74,285.86,2.67,9.9,2,0.856,86.31,1,2024,7,2,5
7,3,1,4,14227.97,264.01,1.77,4.6,4,0.866,36.02,1,2024,8,16,0
7,7,2,0,6303.08,20.06,1.36,0.7,1,0.51,5.45,0,2025,6,12,4
4,7,2,4,11857.82,307.99,2.01,6.8,0,0.698,9.05,0,2024,2,17,2
4,0,2,1,4355.96,414.19,1.67,0.5,0,0.945,2.37,0,2025,2,14,0
3,4,3,0,14859.82,79.59,3.04,2.5,2,0.76,186.22,1,2024,3,11,1
5,7,2,4,873.66,297.57,1.81,3.5,0,0.674,1.51,0,2025,4,21,1
4,1,0,4,9251.17,297.21,1.33,7.4,4,0.627,1.31,1,2024,10,16,6
3,4,1,2,10062.84,82.93,1.32,4.9,0,0.622,9.35,1,2024,11,14,4
5,5,0,1,10476.66,62.61,3.94,0.3,3,0.55,0.5,0,2024,12,1,3
2,8,3,4,2245.62,490.05,3.15,6.2,3,0.909,5.07,1,2024,3,29,0
4,1,0,4,14108.68,197.47,2.38,4.1,4,0.543,1.83,1,2025,7,20,3
5,1,1,0,3127.16,114.48,4.15,9.2,2,0.646,25.64,1,2025,4,12,2
4,7,1,0,9529.92,86.49,1.43,5.0,0,0.523,7.27,0,2024,1,9,5
7,7,1,1,3728.8,334.13,4.44,7.1,0,0.891,3.66,1,2025,1,12,3
5,4,3,0,4954.64,305.11,3.23,2.2,4,0.52,23.03,0,2024,7,24,6
3,8,3,4,8423.65,322.13,1.81,7.6,3,0.654,19.48,0,2024,10,25,0
6,0,1,3,6549.3,44.92,3.44,7.2,1,0.787,8.91,1,2025,7,31,4
7,6,1,3,2823.27,446.87,3.72,9.0,3,0.705,3.69,1,2024,11,7,4
5,7,3,2,2978.58,195.24,2.62,0.3,4,0.641,12.82,1,2025,9,29,1
0,7,1,2,6563.1,157.37,4.04,4.5,2,0.638,44.51,1,2024,9,5,4
6,4,0,0,11480.6,231.72,1.7,6.8,1,0.899,1.54,0,2025,4,20,3
2,0,2,3,13520.49,195.64,2.12,1.0,1,0.987,12.6,1,2025,1,12,3
4,2,0,3,1719.85,431.92,1.51,4.1,1,0.674,0.5,0,2025,8,28,4
3,1,1,3,6200.01,464.7,1.9,9.4,0,0.52,6.27,0,2025,5,20,5
1,6,1,3,1953.56,152.42,1.99,4.4,4,0.518,5.07,1,2024,7,19,0
4,1,2,4,740.59,432.1,4.23,9.9,4,0.88,2.26,1,2025,7,13,3
2,8,2,0,10094.92,390.98,1.46,0.6,4,0.776,18.34,0,2024,9,8,3
2,4,1,2,9235.52,465.47,2.61,7.2,4,0.892,25.53,1,2024,6,3,1
5,4,2,1,2863.78,123.63,2.96,5.8,1,0.849,3.44,1,2024,1,7,3
0,2,0,3,3890.29,288.9,4.17,5.0,0,0.954,0.85,0,2025,2,23,3
6,8,3,1,843.76,138.0,4.49,9.7,4,0.943,5.37,1,2024,1,25,4
6,8,0,3,12606.73,412.22,3.69,1.3,3,0.894,1.0,0,2024,8,26,1
5,5,3,4,14633.01,3.66,4.4,9.0,2,0.738,235.41,1,2025,7,8,5
5,2,2,4,2464.16,282.84,3.8,6.9,3,0.654,2.74,1,2024,12,20,0
4,3,1,4,3856.39,170.26,4.38,2.6,1,0.754,4.44,0,2025,10,13,1
4,6,0,1,13091.94,162.02,3.53,9.0,0,0.751,0.76,0,2025,12,11,4
0,2,0,1,13933.73,322.81,1.46,4.3,2,0.805,7.6,1,2024,1,10,6
2,1,1,0,6584.6,425.89,2.53,8.1,1,0.593,9.39,1,2024,12,9,1
2,4,3,4,1234.03,304.99,3.33,3.9,1,0.828,3.52,1,2024,1,2,5
0,8,1,0,1071.18,426.73,2.36,8.5,4,0.728,3.73,1,2025,11,4,5
4,0,0,4,8822.27,133.03,2.1,6.4,1,0.81,1.19,1,2025,1,20,1
7,0,2,0,6196.98,260.23,3.11,1.4,3,0.62,4.11,0,2024,11,10,3
4,6,3,3,915.46,225.82,4.28,6.5,1,0.717,2.54,0,2024,4,16,5
3,5,1,0,8957.16,6.81,1.32,1.9,3,0.605,8.08,0,2024,7,29,1
5,7,3,1,663.89,278.85,3.74,4.1,0,0.938,0.86,0,2025,6,26,4
2,4,1,1,11916.89,331.1,3.59,1.7,4,0.744,27.01,1,2024,8,31,2
4,6,0,1,4943.28,296.37,4.38,0.2,3,0.612,0.7,0,2025,3,5,6
7,4,0,3,1083.74,368.4,4.27,2.1,1,0.521,0.5,0,2025,5,18,3
3,2,0,2,9031.11,286.1,3.72,5.4,4,0.838,1.7,0,2024,3,2,2
5,1,2,2,6266.42,34.31,2.92,4.8,2,0.607,36.9,1,2024,5,25,2
1,8,3,3,14620.11,59.11,1.87,5.0,2,0.995,203.76,1,2025,12,29,1
4,1,1,3,8390.88,298.64,3.0,2.5,0,0.767,6.42,0,2024,10,13,3
6,5,1,3,4490.97,138.21,3.73,6.9,0,0.644,3.57,1,2024,4,5,0
1,4,1,4,10786.86,40.74,4.16,7.0,2,0.829,80.24,1,2024,2,14,6
6,3,0,4,4436.63,215.37,3.81,3.6,3,0.638,0.51,0,2024,8,25,3
5,5,3,0,13611.53,277.61,1.84,8.8,2,0.91,217.49,1,2025,6,16,1
0,6,2,2,5933.47,165.04,3.18,6.4,4,0.654,14.34,1,2025,2,26,6
2,5,2,0,8473.09,360.5,2.3,7.1,1,0.994,9.6,1,2025,12,18,4
1,8,0,3,1233.31,322.24,1.23,2.8,1,0.803,0.5,0,2025,1,16,4
1,7,2,3,6678.76,167.08,1.86,0.0,3,0.922,4.11,0,2025,4,14,1
5,7,0,0,12569.27,377.68,1.57,8.7,2,0.536,7.72,1,2024,3,27,6
2,0,3,2,12181.91,324.7,3.98,8.2,4,0.674,71.95,0,2025,8,17,3
2,8,3,2,3752.62,319.09,2.05,1.2,0,0.869,5.7,0,2024,4,7,3
1,6,3,4,3778.15,277.16,2.14,3.7,3,0.828,6.93,0,2025,6,1,3
1,2,3,2,12350.93,6.68,4.37,6.6,0,0.597,22.45,0,2024,5,16,4
1,2,2,1,13990.78,348.56,2.45,6.5,4,0.678,33.25,1,2025,10,14,5
3,8,1,4,1882.73,188.64,1.23,8.6,4,0.632,4.77,1,2025,2,7,0
0,6,0,4,7025.85,471.36,2.14,1.4,3,0.807,0.5,0,2024,3,17,3
7,7,0,4,5393.09,409.17,1.59,4.3,2,0.672,3.49,1,2025,8,29,0
4,5,3,3,13124.98,294.26,1.54,1.0,3,0.655,22.85,0,2025,8,4,1
4,8,3,3,1711.11,126.84,1.46,3.9,0,0.604,2.1,1,2024,3,4,1
4,0,1,3,3561.33,102.65,3.16,0.2,1,0.705,3.43,0,2025,3,21,0
1,8,2,2,11410.79,170.85,1.82,9.0,1,0.598,14.45,1,2025,11,9,3
4,8,3,4,1243.76,238.81,2.39,5.3,4,0.981,7.62,1,2024,5,13,1
0,5,1,4,7641.76,148.74,4.04,8.5,4,0.577,23.52,1,2024,8,30,0
4,7,1,2,6910.55,257.95,2.6,0.6,2,0.957,39.91,1,2024,10,25,0
3,4,0,1,5348.82,83.52,4.22,2.3,3,0.714,0.5,1,2024,9,24,5
0,8,0,0,6221.3,488.88,2.84,2.6,0,0.689,0.97,1,2024,11,18,1
0,7,1,4,8184.14,54.85,2.52,3.9,3,0.616,7.57,1,2025,2,6,4
5,8,1,0,2839.83,466.04,3.68,8.0,1,0.818,4.68,1,2025,12,18,4
2,1,0,1,8793.94,456.88,1.44,3.9,3,0.843,1.12,0,2024,11,30,2
3,0,2,2,12178.77,263.15,1.5,2.0,1,0.734,11.91,0,2024,11,21,4
6,3,2,4,11522.33,362.73,3.35,0.6,4,0.528,21.81,0,2025,4,8,5
5,0,1,1,2731.55,218.59,2.81,0.8,3,0.959,2.14,0,2024,10,5,2
6,1,1,2,2664.12,315.39,3.81,7.6,2,0.99,19.79,1,2024,8,27,5
3,4,2,1,4388.53,170.95,4.22,4.4,4,0.716,10.07,0,2024,3,17,3
1,5,3,3,5735.58,151.28,2.48,7.3,1,0.807,16.25,1,2024,7,26,0
2,3,3,0,6422.61,289.54,3.17,6.8,1,0.725,18.25,1,2024,5,19,3
4,2,2,4,10355.61,249.57,2.85,1.4,2,0.661,53.56,1,2025,8,21,4
7,1,0,0,1321.87,290.19,4.44,1.4,4,0.539,0.5,0,2024,4,21,3
1,5,0,2,1002.75,144.04,3.94,7.6,4,0.728,0.5,1,2024,6,8,2
2,6,3,0,6182.7,184.11,4.21,7.2,1,0.909,18.31,1,2024,4,18,4
0,1,2,2,10608.87,42.87,2.04,3.8,0,0.509,7.84,1,2024,6,17,1
1,2,1,4,3304.81,27.09,3.75,0.8,1,0.791,3.23,1,2025,4,5,2
1,4,0,4,9801.81,127.48,2.08,0.1,2,0.94,3.63,1,2025,4,22,5
0,6,0,4,4267.51,38.05,1.89,2.9,2,0.609,1.77,1,2024,11,17,3
0,3,2,0,13348.25,52.78,4.32,0.1,0,0.592,7.61,0,2025,2,20,4
2,6,2,2,13487.5,406.65,1.26,2.3,1,0.886,13.55,0,2024,5,3,0
1,0,2,1,4810.66,20.4,4.39,4.2,4,0.628,10.43,0,2025,7,2,6
2,3,0,0,3834.91,329.81,1.69,1.2,0,0.596,0.5,0,2025,1,1,6
3,6,2,4,6463.91,137.01,3.9,1.0,2,0.689,31.96,1,2024,7,31,6
0,2,2,2,3987.71,435.9,2.11,9.0,2,0.696,27.46,1,2025,4,7,1
7,5,1,2,10249.57,243.01,2.36,5.9,0,0.937,8.17,1,2024,11,11,1
5,0,2,4,12477.94,153.48,1.92,9.3,2,0.809,87.25,1,2025,4,19,2
1,3,0,0,10259.84,259.3,3.13,3.5,2,0.703,5.6,1,2024,9,28,2
4,6,0,4,12453.08,191.6,2.35,6.8,0,0.767,0.5,0,2024,5,2,4
3,8,2,2,6256.39,282.59,3.37,2.0,1,0.977,6.4,1,2024,4,2,5
6,1,3,3,2766.6,58.15,1.25,6.2,1,0.557,7.24,1,2024,6,10,1
2,0,3,4,11200.29,498.5,1.41,1.3,4,0.604,50.09,0,2025,12,3,6
6,4,1,3,5726.88,213.35,1.53,0.0,4,0.981,12.02,0,2024,11,7,4
3,0,3,1,10233.43,174.77,2.58,9.3,0,0.979,21.04,0,2025,12,22,1
6,6,3,4,4424.34,355.39,3.89,5.5,3,0.589,9.45,1,2025,12,14,3
3,2,1,2,1677.83,182.59,4.13,9.3,2,0.573,14.31,1,2025,9,9,5
4,5,0,3,14892.44,416.8,2.01,3.3,4,0.711,2.89,1,2024,2,11,3
6,0,2,3,2764.92,227.68,3.1,3.3,4,0.525,5.39,0,2024,8,8,4
6,0,3,2,14832.1,360.06,3.74,4.0,0,0.827,24.78,0,2024,12,1,3
6,0,3,1,14670.56,54.62,2.15,7.1,4,0.539,82.52,1,2024,5,31,0
2,1,1,1,12010.36,423.21,2.55,5.7,2,0.529,85.68,1,2024,4,3,6
7,1,1,4,10061.63,368.12,2.93,9.3,3,0.743,12.05,0,2025,12,29,1
4,1,3,1,8878.2,106.65,1.65,0.3,4,0.979,37.12,1,2024,9,11,6
2,0,3,4,13058.47,73.5,1.29,7.1,3,0.713,29.57,0,2024,12,30,1
4,1,3,3,4696.87,158.83,1.7,3.3,0,0.678,7.63,0,2025,2,9,3
2,5,0,2,7281.38,488.06,3.27,1.8,1,0.999,1.15,0,2025,6,9,1
3,2,2,1,9481.15,129.16,1.44,5.1,4,0.766,21.04,1,2024,2,20,5
3,2,0,2,6462.26,228.61,1.83,5.1,2,0.688,2.38,1,2025,11,24,1
3,0,0,2,6698.55,15.98,2.31,1.4,2,0.693,2.8,1,2024,11,2,2
4,6,3,3,5289.13,199.22,1.46,2.0,3,0.597,8.89,1,2024,9,23,1
5,4,1,1,8681.36,286.09,1.83,4.1,2,0.756,58.28,1,2024,6,27,4
3,4,0,1,12833.33,476.61,4.21,4.1,3,0.719,0.5,0,2024,2,1,4
7,4,1,2,3422.16,258.85,1.26,3.2,2,0.635,21.54,1,2025,2,18,5
3,4,2,0,14049.28,409.73,3.36,1.5,4,0.58,26.77,0,2025,4,8,5
3,4,0,0,10491.77,274.02,2.47,0.0,2,0.656,5.15,1,2025,7,23,6
2,5,3,0,12437.46,21.35,3.42,9.7,1,0.754,37.94,1,2025,7,17,4
0,1,2,2,8564.77,158.19,3.14,9.4,4,0.529,22.52,1,2024,9,12,4
0,5,3,4,11802.99,288.2,1.94,4.8,1,0.577,30.83,0,2024,4,6,2
7,2,1,2,734.91,475.35,4.0,10.0,1,0.974,1.89,0,2025,4,18,0
1,3,0,0,12366.52,429.71,2.82,6.7,1,0.771,1.68,0,2024,4,14,3
5,4,3,0,1082.01,114.95,3.91,0.7,4,0.532,5.21,1,2024,5,23,4
0,5,0,2,13403.74,110.83,2.54,1.2,1,0.847,1.54,0,2024,5,4,2
4,6,2,4,14883.46,101.39,4.45,9.2,4,0.531,38.15,1,2024,1,13,2
4,1,3,2,4763.98,461.33,3.74,6.3,2,0.869,69.79,1,2024,3,4,1
4,7,2,0,3549.62,426.48,4.39,8.4,0,0.875,3.43,0,2024,8,15,4
1,5,0,0,11597.77,387.67,2.9,9.0,1,0.826,0.83,0,2024,5,13,1
4,3,3,0,4168.88,196.97,2.76,4.5,0,0.866,6.8,1,2024,7,21,3
1,0,0,2,13050.65,252.69,3.69,0.5,4,0.544,1.69,0,2025,2,14,0
1,8,3,0,1991.22,232.7,4.1,1.9,4,0.863,9.46,1,2025,1,16,4
2,4,0,1,2326.35,127.45,4.38,0.7,4,0.568,0.5,1,2025,12,3,6
6,4,2,3,14697.7,253.01,2.27,1.9,2,0.67,76.43,1,2025,10,7,5
2,5,1,0,10270.66,16.22,3.84,4.1,4,0.971,25.15,0,2025,10,22,6
4,6,1,2,12779.86,66.77,1.9,1.2,3,0.751,11.25,0,2024,3,27,6
0,5,0,2,5202.78,443.41,3.0,1.7,4,0.984,0.6,0,2025,8,19,5
0,5,2,0,10309.01,376.09,1.79,4.5,3,0.544,9.13,1,2025,8,23,2
4,6,0,1,9116.51,212.01,2.35,3.4,1,0.739,0.5,0,2024,9,22,3
1,5,3,1,9245.68,259.06,4.27,4.7,2,0.531,126.84,1,2024,3,17,3
1,8,0,1,10396.72,185.63,1.68,4.3,1,0.815,0.77,0,2024,1,23,5
7,4,2,2,8842.71,370.65,3.29,6.4,1,0.539,9.81,1,2024,3,7,4
2,0,0,4,6721.4,392.31,3.16,9.4,0,0.588,0.5,0,2024,7,21,3
5,5,1,2,4500.88,381.88,1.6,1.1,4,0.629,9.29,1,2025,10,23,4
5,3,0,0,11644.43,361.58,2.28,1.0,1,0.874,0.85,0,2025,3,30,3
3,6,1,4,3780.95,103.05,3.06,8.5,2,0.582,30.02,1,2024,5,11,2
7,0,1,2,10539.14,169.65,1.82,5.1,3,0.923,11.14,0,2024,4,4,4
1,4,0,4,3883.33,235.45,3.84,7.7,3,0.566,0.5,0,2024,12,5,4
2,6,0,3,9567.29,166.07,4.41,2.2,0,0.518,0.5,0,2024,5,5,3
2,0,0,0,11332.63,377.72,1.91,8.3,2,0.698,7.21,1,2024,2,13,5
4,2,0,1,3671.35,165.35,1.82,9.2,4,0.99,0.62,1,2025,4,17,4
0,1,0,0,1369.18,69.98,2.7,6.4,2,0.555,0.98,1,2024,2,21,6
0,4,2,1,2399.12,200.12,3.67,1.1,0,0.551,1.42,0,2024,6,21,0
0,6,0,2,9286.96,489.98,2.13,9.0,1,0.876,1.24,1,2025,8,10,3
3,1,0,2,12816.97,113.71,1.27,7.9,1,0.656,1.29,1,2025,3,19,6
2,5,0,0,1152.45,306.47,2.99,7.5,3,0.859,0.5,0,2025,2,8,2
7,5,3,0,11145.19,217.05,4.36,0.4,4,0.6,47.29,1,2025,5,23,0
7,7,1,0,5449.12,36.44,2.49,8.0,0,0.73,5.7,1,2024,1,31,6
5,7,1,1,7438.66,244.45,2.59,1.4,4,0.633,16.16,1,2025,1,26,3
5,7,2,3,13968.46,351.38,4.4,2.2,3,0.726,10.2,1,2025,11,30,3
2,8,0,3,5313.59,257.1,3.49,5.8,4,0.885,0.58,1,2025,3,12,6
0,8,1,0,7247.39,436.18,3.57,2.6,2,0.881,46.13,1,2024,6,25,5
0,8,0,0,698.4,145.18,3.06,6.6,1,0.758,0.5,0,2024,12,28,2
4,2,0,0,1683.18,44.04,4.42,6.1,1,0.964,0.5,0,2024,8,7,6
0,7,0,1,4249.58,468.35,3.47,1.1,0,0.632,0.5,0,2024,7,10,6
6,2,2,4,903.86,189.72,4.15,6.6,0,0.62,0.75,1,2024,10,8,5
0,2,2,4,9654.94,288.63,3.51,9.2,0,0.807,7.89,1,2024,10,13,3
4,5,3,4,6682.78,396.21,3.63,1.6,0,0.811,9.59,0,2025,4,1,5
1,6,1,2,8448.11,162.83,2.16,6.0,0,0.523,7.42,1,2024,6,1,2
6,4,3,0,3032.38,358.37,2.2,3.4,4,0.804,15.02,1,2024,2,5,1
2,3,2,1,4791.01,68.57,3.78,4.6,4,0.687,10.8,0,2025,9,20,2
1,7,2,3,10125.45,146.36,2.18,2.9,1,0.874,10.63,1,2025,9,26,0
3,2,3,3,14496.89,73.21,3.06,3.5,1,0.904,34.76,0,2025,9,23,5
6,2,3,3,1231.04,405.8,2.02,0.3,3,0.776,2.08,0,2024,9,8,3
5,1,2,4,13410.57,112.1,3.9,9.8,4,0.501,35.6,1,2025,10,24,0
6,1,3,2,8864.78,358.98,1.56,6.2,2,0.818,128.5,1,2024,10,29,5
5,2,0,4,8676.83,471.71,3.94,5.0,4,0.874,1.7,1,2025,5,25,3
7,6,2,2,7754.04,264.36,3.19,3.8,3,0.624,6.48,1,2025,2,25,5
1,3,2,1,1506.21,270.47,1.82,5.4,0,0.732,1.39,0,2025,7,17,4
7,3,3,4,1803.21,231.06,2.99,3.8,4,0.983,8.98,0,2025,5,5,1
5,7,0,3,9213.22,163.62,2.13,3.6,2,0.649,4.25,1,2024,3,3,3
4,6,0,0,5443.9,238.35,2.27,4.6,1,0.612,0.99,0,2024,3,30,2
6,6,2,2,13800.39,301.8,2.36,2.8,3,0.605,10.11,0,2024,10,13,3
0,6,3,1,6395.56,493.01,1.41,1.8,3,0.779,11.59,0,2025,1,27,1
3,0,3,1,2577.58,468.94,4.45,5.6,4,0.975,12.85,1,2024,5,20,1
4,7,3,2,10863.42,431.21,1.3,8.4,4,0.804,63.88,1,2025,3,5,6
4,0,2,1,4753.62,444.68,3.39,1.5,1,0.652,4.83,1,2024,7,23,5
3,6,3,3,8119.32,234.46,2.43,0.3,2,0.819,91.05,1,2025,10,20,1
6,1,0,2,10618.58,329.06,3.33,2.5,4,0.812,1.15,1,2025,6,22,3
1,3,2,3,13553.83,447.64,2.38,9.8,1,0.798,19.22,0,2024,9,12,4
7,4,3,1,11986.77,197.08,3.42,8.3,4,0.58,69.96,1,2025,10,7,5
2,7,1,4,10307.24,480.92,3.61,6.0,0,0.817,10.12,0,2025,7,10,4
7,6,0,0,10354.68,208.48,3.48,9.3,3,0.715,0.86,0,2024,1,20,2
5,1,0,0,14215.91,300.94,1.58,4.5,4,0.509,2.45,1,2025,1,26,3
2,7,3,3,4789.45,355.19,3.37,9.8,4,0.77,30.05,1,2025,12,31,6
0,8,2,3,516.13,475.35,2.12,3.0,1,0.995,1.2,1,2025,1,2,4
0,6,2,4,4443.34,123.06,1.3,2.4,4,0.675,8.31,0,2025,5,6,5
5,0,1,2,3659.43,373.32,2.57,6.4,0,0.983,3.1,1,2025,7,11,0
6,1,1,1,10096.6,260.89,2.63,3.8,1,0.548,12.93,0,2025,5,11,3
5,0,2,3,9688.82,135.01,2.74,6.3,2,0.866,60.73,1,2024,12,18,6
0,1,2,1,9105.19,388.53,3.53,3.0,4,0.557,19.29,1,2025,8,2,2
1,6,0,0,735.53,276.56,2.22,6.2,4,0.637,0.5,1,2025,5,29,4
6,8,1,1,11067.28,330.83,2.24,2.8,1,0.785,14.02,0,2024,11,25,1
0,2,2,4,5191.19,162.13,1.4,0.5,3,0.796,3.89,1,2025,2,1,2
4,1,1,4,10143.31,241.16,3.47,9.1,2,0.888,82.16,1,2024,10,3,4
5,5,0,4,8570.39,309.06,3.07,8.8,4,0.808,2.09,1,2024,7,3,6
4,1,0,3,5469.6,203.05,2.35,9.7,3,0.797,0.5,0,2024,1,27,2
3,8,0,1,2451.36,99.99,3.53,7.2,3,0.956,0.63,0,2024,11,22,0
0,1,0,4,1869.07,480.86,2.97,6.8,3,0.726,0.5,0,2025,9,3,6
1,2,0,0,12557.02,256.22,2.75,5.6,2,0.613,7.09,1,2024,8,12,1
5,2,0,1,13816.76,367.23,2.89,1.3,4,0.581,2.77,0,2024,1,31,6
3,7,0,3,9921.93,206.11,3.3,1.9,4,0.7,1.91,1,2024,10,14,1
4,2,3,0,1999.79,178.21,3.38,2.9,4,0.856,9.79,0,2024,2,29,4
1,7,3,4,6329.39,204.17,2.15,8.9,2,0.521,101.12,1,2025,4,28,1
3,6,1,1,11069.62,205.19,1.66,1.7,0,0.565,8.08,0,2025,6,26,4
4,6,1,4,11807.4,272.55,1.72,9.2,2,0.553,96.29,1,2025,1,1,6
7,3,0,2,2214.17,272.19,3.31,5.2,4,0.793,1.15,1,2025,8,21,4
5,0,1,1,500.45,249.08,4.08,7.2,1,0.621,0.5,1,2024,8,26,1
1,6,0,4,10825.99,68.26,2.55,1.1,2,0.583,4.48,1,2024,6,12,6
6,5,0,2,5670.64,248.54,1.76,2.7,4,0.796,1.02,1,2024,4,12,0
0,4,0,4,4189.98,85.38,3.7,9.6,1,0.881,0.5,1,2024,9,10,5
4,2,1,2,687.01,63.94,3.95,2.7,4,0.666,1.21,1,2025,11,3,1
2,3,2,4,8334.34,466.39,4.11,3.0,2,0.789,45.81,1,2024,9,3,5
1,7,3,2,12841.69,302.87,3.2,2.0,0,0.549,20.39,0,2024,9,29,3
1,2,2,3,14385.66,330.09,4.04,1.3,1,0.968,12.66,0,2025,6,30,1
1,5,0,0,8703.3,201.5,1.25,2.3,1,0.668,0.67,0,2024,2,27,5
7,5,1,0,7959.69,454.58,1.55,6.4,0,0.999,7.53,1,2024,8,12,1
6,0,0,3,1733.32,319.33,1.51,4.6,3,0.989,0.52,0,2025,8,12,5
3,6,1,4,8458.66,384.82,3.55,5.5,2,0.889,60.16,1,2025,2,1,2
1,2,3,0,6009.7,184.91,1.43,1.2,4,0.51,27.45,0,2024,12,29,3
2,3,2,1,9303.46,480.05,2.84,8.0,0,0.772,7.77,0,2024,6,26,6
3,4,0,3,6136.53,410.41,2.76,7.8,3,0.543,1.19,1,2024,6,29,2
0,3,2,0,3984.34,427.12,2.23,0.2,1,0.948,3.27,0,2024,8,30,0
5,8,0,2,1877.0,86.92,4.07,3.8,3,0.895,0.5,0,2025,8,29,0
0,1,3,4,5066.32,136.21,1.76,0.7,3,0.986,8.13,1,2024,11,21,4
4,2,3,0,1901.35,143.53,2.36,7.9,3,0.804,4.87,1,2025,12,15,1
5,5,3,4,3065.01,136.18,3.75,7.4,4,0.761,17.42,1,2025,1,2,4
0,8,1,1,14816.37,427.85,1.3,9.0,1,0.759,22.57,1,2025,8,28,4
1,4,2,0,6939.5,16.91,3.42,2.4,0,0.693,4.46,0,2024,1,29,1
0,3,2,0,8212.14,38.97,3.89,4.6,4,0.734,18.3,0,2025,12,21,3
5,3,1,1,13167.47,137.68,4.28,1.8,0,0.818,10.19,0,2025,12,18,4
6,1,3,2,14935.75,100.74,4.09,3.7,1,0.966,36.39,1,2024,12,26,4
0,5,0,3,8949.36,116.7,2.25,5.2,0,0.798,0.5,0,2025,8,4,1
7,2,3,0,12280.87,399.17,3.14,0.5,4,0.929,52.52,0,2025,7,31,4
4,8,2,2,5240.64,282.0,1.46,7.1,1,0.931,6.68,1,2024,5,25,2
5,3,1,2,4933.29,3.88,2.05,5.4,2,0.759,35.78,1,2025,7,30,6
3,1,0,0,6339.2,215.23,1.51,8.3,1,0.674,0.85,0,2024,7,11,4
3,7,1,4,10251.36,204.53,2.24,2.7,0,0.82,8.59,0,2025,5,19,1
6,2,3,1,10391.78,57.86,4.09,9.0,4,0.723,62.05,1,2025,7,9,6
4,8,1,4,5070.97,338.39,2.35,10.0,1,0.541,8.93,1,2024,11,12,5
1,6,0,0,2431.54,351.35,3.05,9.2,2,0.689,1.78,1,2024,6,28,0
0,8,3,2,9669.75,360.73,2.63,7.8,1,0.997,27.96,0,2025,5,17,2
6,8,3,3,2360.73,364.51,2.71,8.1,3,0.524,5.45,1,2024,2,8,4
2,3,0,4,8888.14,1.03,4.4,5.7,4,0.848,1.23,1,2024,4,2,5
6,0,2,0,10554.62,477.01,2.18,1.9,0,0.921,6.47,0,2024,2,27,5
6,4,0,1,10658.87,407.29,3.27,6.8,2,0.824,6.9,1,2024,8,26,1
2,1,2,0,11425.35,452.09,2.59,7.1,4,0.785,27.18,1,2025,9,8,1
0,5,3,4,13156.46,8.81,1.4,9.9,4,0.854,81.32,1,2024,8,12,1
1,0,1,4,7749.41,467.0,2.81,5.4,2,0.715,54.35,1,2024,1,21,3
5,8,2,1,11088.61,405.08,3.88,2.7,4,0.546,21.89,1,2025,6,23,1
3,5,0,3,9478.0,418.77,1.53,6.8,0,0.981,0.67,1,2025,5,4,3
4,0,2,2,3206.28,47.55,1.43,9.8,2,0.716,23.29,1,2024,1,1,1
7,2,1,1,872.5,369.65,1.71,1.8,3,0.833,0.5,0,2024,12,5,4
1,2,2,3,4625.85,480.0,3.72,3.3,1,0.766,4.12,0,2025,9,20,2
7,0,3,4,6923.99,339.6,3.59,5.4,4,0.527,36.81,1,2024,7,25,4
6,0,1,0,9448.04,285.71,3.06,1.7,4,0.976,21.33,0,2024,5,13,1
1,2,1,0,12824.41,472.87,2.75,0.2,1,0.896,14.01,0,2024,12,14,2
0,6,2,3,3345.56,222.03,4.13,3.4,0,0.575,2.1,0,2024,6,30,3
2,5,3,1,2320.47,300.05,3.73,8.7,0,0.991,4.49,0,2024,11,27,6
0,3,1,3,14470.46,238.69,3.88,0.4,1,0.868,15.33,0,2024,3,1,0
4,5,1,1,2066.65,466.49,3.88,4.3,0,0.736,1.79,1,2024,1,23,5
0,1,1,0,7438.12,38.97,3.32,7.6,3,0.806,8.36,0,2024,5,31,0
7,3,3,4,8990.67,251.06,2.71,9.5,2,0.553,147.23,1,2025,8,23,2
7,3,0,4,8349.93,343.79,4.05,9.9,1,0.78,0.5,1,2025,12,22,1
3,7,3,3,1747.47,396.16,4.26,4.2,0,0.537,2.66,1,2024,5,25,2
6,1,1,0,1326.89,291.93,1.28,9.5,0,0.772,1.72,0,2024,4,23,5
5,7,3,4,2029.51,454.55,1.37,0.4,0,0.776,3.29,0,2025,6,22,3
2,5,2,0,8991.02,471.05,4.36,7.5,1,0.937,10.79,0,2025,1,8,6
1,7,1,4,8393.0,33.1,2.11,6.4,4,0.863,23.75,1,2024,3,15,0
1,8,3,1,3889.24,201.78,4.08,2.5,2,0.625,48.59,1,2025,1,17,0
1,6,3,2,9747.73,12.71,2.48,5.1,0,0.944,16.3,0,2025,12,22,1
6,5,1,3,12390.98,165.38,1.59,1.3,0,0.787,8.34,1,2025,11,9,3
6,4,1,0,1102.89,268.9,1.47,8.7,0,0.803,1.71,0,2025,2,9,3
4,7,2,3,7722.88,455.49,1.72,3.6,1,0.584,7.94,0,2025,8,23,2
1,6,1,1,10495.0,423.43,2.02,6.3,0,0.929,8.96,1,2024,4,13,2
5,2,3,3,4158.52,64.62,2.81,1.6,1,0.965,8.22,0,2024,12,10,5
1,7,3,1,4962.68,47.42,3.51,2.1,1,0.887,11.21,1,2024,11,5,5
3,6,2,4,9397.75,295.04,4.46,9.9,2,0.97,67.15,1,2024,11,26,5
5,4,0,2,13520.06,266.53,2.66,7.5,4,0.651,2.56,1,2024,5,19,3
5,7,1,2,12243.9,133.92,2.91,9.6,2,0.931,100.21,1,2024,6,10,1
7,7,2,2,8955.39,449.83,2.92,3.0,0,0.744,5.84,0,2025,3,23,3
6,8,2,0,11088.21,463.76,2.98,1.6,1,0.582,11.34,1,2025,10,16,4
5,8,1,4,5789.93,201.9,2.91,5.0,2,0.834,39.56,1,2025,5,13,5
3,2,0,2,9794.0,445.26,1.23,4.9,1,0.842,0.63,0,2025,10,26,3
6,5,3,2,7259.63,192.59,1.21,1.7,2,0.643,88.32,1,2024,11,20,6
0,6,2,0,3254.07,368.67,1.52,7.3,3,0.514,3.42,1,2024,6,27,4
5,1,3,4,10675.2,238.5,1.54,3.6,2,0.6,140.16,1,2025,12,25,4
6,2,0,0,8568.74,62.17,3.53,1.9,4,0.7,1.14,0,2025,7,29,5
7,7,3,1,5700.01,464.04,1.88,3.3,4,0.584,27.71,1,2025,12,11,4
3,7,1,0,13714.42,227.59,4.15,5.6,0,0.597,11.94,0,2025,9,20,2
5,8,0,1,803.54,367.51,4.26,7.3,1,0.696,0.5,0,2024,12,31,5
1,6,2,4,5078.71,184.22,4.42,4.8,3,0.981,3.96,1,2024,8,16,0
2,4,0,2,1324.78,10.42,4.3,5.3,0,0.882,0.5,1,2025,11,12,6
5,7,3,0,11614.65,51.16,2.1,1.4,4,0.66,51.73,0,2025,8,26,5
4,6,3,4,10680.56,248.61,2.88,9.1,2,0.976,173.1,1,2024,6,28,0
7,7,2,3,5304.61,345.29,1.78,9.3,3,0.823,5.62,0,2025,1,22,6
4,7,3,3,10297.11,168.03,3.86,6.8,2,0.728,153.73,1,2024,11,10,3
1,8,0,1,6241.09,348.05,4.13,0.2,2,0.734,2.5,1,2025,12,6,2
7,0,3,4,11465.68,349.62,4.01,5.4,1,0.705,30.06,1,2024,10,28,1
6,4,0,4,7085.66,352.26,2.63,6.3,1,0.616,0.5,1,2024,5,10,0
0,4,1,3,6478.06,246.77,3.7,9.9,1,0.693,9.4,1,2024,6,30,3
3,8,3,4,14053.58,457.53,1.52,10.0,3,0.764,34.53,1,2024,1,2,5
1,7,0,0,4137.75,245.11,1.33,8.6,4,0.764,0.74,1,2025,12,19,0
7,0,0,4,2246.49,225.68,3.69,0.6,3,0.881,0.5,1,2025,8,9,2
7,2,2,2,8975.88,100.49,2.6,9.5,1,0.679,11.14,1,2025,2,4,5
7,4,2,4,14555.17,154.52,4.49,6.1,1,0.858,17.5,1,2025,8,4,1
0,1,2,0,5978.67,22.12,1.52,8.0,3,0.789,6.09,0,2024,2,3,2
4,5,2,1,1399.53,317.13,4.02,4.1,4,0.981,2.78,1,2024,7,5,0
4,1,2,4,5419.93,125.02,2.78,3.2,4,0.693,12.36,1,2025,9,8,1
2,6,3,2,7836.01,152.77,3.93,4.6,2,0.951,106.41,1,2024,11,21,4
4,1,2,3,2847.88,385.64,3.9,1.5,2,0.91,15.05,1,2025,9,18,4
4,3,0,3,10042.48,164.28,4.22,3.6,1,0.819,0.87,1,2024,8,14,6
6,8,3,3,14967.37,121.86,2.18,8.6,0,0.827,30.09,1,2025,10,16,4
7,1,0,3,7050.22,85.36,4.33,0.4,1,0.542,0.62,0,2025,8,2,2
0,6,2,2,5643.56,387.65,1.7,1.5,0,0.975,2.68,0,2024,4,16,5
7,5,2,1,6310.21,65.72,1.47,1.3,1,0.553,6.03,0,2025,5,23,0
7,7,2,0,2169.62,227.42,2.62,4.0,3,0.782,2.03,1,2024,5,24,0
2,6,0,4,13307.47,253.96,3.93,10.0,3,0.665,0.5,1,2024,12,5,4
4,5,3,2,6514.97,344.01,2.76,1.7,2,0.715,79.64,1,2024,3,20,6
6,3,0,4,6115.48,317.01,3.94,1.5,2,0.805,2.89,1,2024,8,31,2
4,6,0,0,10065.51,405.55,3.61,9.2,3,0.954,1.25,0,2024,12,21,2
6,4,2,3,6909.48,23.33,1.89,8.8,4,0.729,17.2,1,2024,11,23,2
5,7,2,2,9899.39,148.92,4.33,0.3,0,0.994,6.33,0,2024,6,20,4
5,7,3,2,1390.97,140.79,1.4,7.5,3,0.796,3.73,0,2025,10,13,1
7,4,2,2,12298.99,73.86,4.16,6.6,3,0.58,11.79,0,2024,3,31,3
0,6,1,0,14137.31,145.3,2.2,7.7,4,0.595,40.75,1,2025,12,26,0
6,2,2,4,9907.1,155.57,2.85,4.9,0,0.858,6.91,0,2025,11,17,1
2,4,2,3,14341.21,261.42,2.59,9.9,3,0.525,15.21,0,2025,10,16,4
2,6,1,1,2695.77,332.19,1.77,0.4,2,0.74,15.05,1,2024,12,9,1
4,0,0,2,7422.53,191.17,2.38,2.3,0,0.574,0.72,1,2025,4,2,6
4,3,0,3,9226.2,360.02,1.84,4.0,0,0.717,0.5,0,2024,1,12,0
0,5,1,1,8935.18,168.75,1.87,4.5,4,0.875,23.08,1,2024,9,28,2
0,3,0,2,6321.2,145.85,1.82,9.2,3,0.729,0.5,1,2024,8,2,0
6,4,3,2,5402.22,271.05,2.81,5.6,0,0.582,9.47,0,2024,9,12,4
4,0,3,3,2338.95,12.83,3.83,0.5,2,0.626,26.88,1,2025,12,10,6
4,3,2,4,6180.27,40.81,3.08,4.1,1,0.684,6.29,0,2024,3,10,3
6,2,1,3,2858.58,209.57,4.15,4.2,4,0.535,7.52,1,2024,12,24,5
2,4,1,1,11148.3,471.51,3.3,9.7,3,0.792,14.05,1,2024,9,19,4
2,8,0,0,3528.05,361.03,3.47,6.0,1,0.804,0.5,1,2024,4,20,2
5,3,3,1,1349.2,44.98,3.4,6.4,4,0.531,7.99,1,2024,1,2,5
7,3,1,4,8509.31,423.31,2.68,7.1,2,0.701,64.17,1,2024,2,19,1
0,6,0,1,9130.83,366.42,3.47,7.7,3,0.707,1.34,1,2025,1,30,4
2,7,0,2,13142.74,305.86,1.43,6.4,1,0.667,2.25,1,2025,3,24,1
7,5,3,4,8866.23,410.33,4.04,2.4,1,0.779,20.54,0,2025,3,5,6
0,7,0,4,5509.47,202.65,3.77,8.7,3,0.673,0.82,1,2024,6,19,6
4,1,3,3,12143.67,111.53,2.01,7.3,4,0.708,68.8,1,2025,2,27,4
1,2,0,0,8334.04,256.5,3.73,7.4,1,0.899,0.5,0,2025,5,19,1
4,8,3,3,1649.56,274.87,1.24,10.0,2,0.581,27.36,1,2025,1,22,6
6,0,3,2,8704.83,269.62,1.92,8.0,1,0.81,24.73,1,2024,12,25,6
3,7,1,0,13666.27,282.97,1.41,8.3,1,0.753,19.67,1,2025,7,13,3
2,1,3,0,6246.53,474.4,3.77,9.5,0,0.653,13.1,0,2025,1,19,3
7,5,1,4,4796.72,451.22,3.69,1.5,4,0.864,10.49,1,2024,4,13,2
6,5,2,0,2580.31,437.98,3.88,5.0,2,0.776,15.7,1,2025,5,5,1
4,2,2,2,2695.96,400.91,1.21,5.8,0,0.739,2.22,1,2025,8,14,4
0,2,1,4,6775.19,471.77,2.85,3.3,3,0.834,7.5,0,2025,10,28,5
3,7,1,4,9137.36,50.15,3.53,8.4,0,0.901,9.27,1,2025,12,4,4
1,3,2,4,1668.92,133.3,1.71,7.6,0,0.986,1.93,1,2024,8,18,3
6,2,1,1,14123.74,248.03,3.34,7.2,1,0.815,20.22,0,2024,6,15,2
5,1,2,2,11449.44,423.42,1.48,10.0,3,0.937,12.41,0,2025,4,7,1
3,2,3,3,9006.05,253.08,1.8,2.6,4,0.501,42.97,1,2024,3,16,2
6,1,3,3,12512.36,374.27,2.77,7.4,1,0.765,35.99,0,2024,2,4,3
2,5,3,3,1662.71,70.34,3.36,5.5,4,0.607,8.94,1,2024,10,28,1
0,1,0,2,7414.16,126.95,1.68,3.1,2,0.547,3.68,1,2024,1,21,3
5,3,2,3,9636.35,366.16,1.81,1.6,3,0.766,7.7,0,2024,11,22,0
2,1,2,3,12515.47,83.2,1.87,9.0,1,0.873,15.84,1,2024,9,24,5
5,2,2,2,11860.31,176.33,1.99,6.0,0,0.706,8.8,0,2024,4,17,6
2,4,1,1,4517.5,133.17,1.95,8.2,2,0.835,36.16,1,2024,3,16,2
1,4,1,2,14142.76,175.58,2.5,5.5,3,0.745,15.93,0,2024,12,16,1
6,6,2,4,2303.01,354.45,3.36,2.2,4,0.719,4.1,0,2024,6,23,3
2,8,2,4,13189.44,184.56,2.65,3.4,3,0.645,10.68,1,2025,1,19,3
7,2,2,4,14578.63,278.08,3.76,3.8,1,0.691,16.07,1,2024,6,13,4
1,0,1,1,3068.73,50.87,3.57,9.7,3,0.675,4.07,1,2024,3,17,3
0,1,2,3,10969.96,402.7,1.62,0.1,1,0.823,10.16,0,2025,7,14,1
4,1,2,3,1084.14,185.57,1.36,9.9,2,0.558,8.16,1,2024,4,5,0
7,2,1,3,6378.63,324.62,4.1,9.8,4,0.546,19.68,1,2024,12,12,4
4,0,3,2,7986.11,362.97,1.46,10.0,0,0.83,16.78,0,2025,8,31,3
7,1,2,4,8919.36,105.62,1.69,4.8,3,0.773,8.02,0,2025,9,20,2
6,1,0,1,14071.09,442.45,1.27,9.6,2,0.715,8.26,1,2025,5,9,0
3,1,2,1,10247.63,308.5,3.27,4.0,2,0.576,58.61,1,2025,12,22,1
4,6,1,2,7478.53,214.93,3.12,0.3,1,0.706,8.51,0,2024,2,1,4
0,6,2,0,12240.29,91.99,4.46,2.2,1,0.895,11.99,0,2025,3,17,1
4,0,3,0,14282.73,471.21,4.13,9.5,2,0.945,233.78,1,2025,10,31,0
6,0,1,4,819.96,377.78,2.56,0.1,0,0.851,0.68,0,2024,6,17,1
7,5,1,2,14746.56,104.8,2.43,5.5,0,0.53,12.89,1,2025,9,13,2
5,5,3,1,1748.92,169.52,2.18,0.8,3,0.835,3.36,0,2025,3,20,4
2,5,3,4,12308.61,405.03,1.7,2.9,3,0.62,23.11,1,2024,6,9,3
1,0,2,0,4564.85,348.14,1.66,0.9,3,0.658,4.07,0,2024,2,24,2
3,6,0,2,2416.61,383.13,1.64,8.6,3,0.598,0.53,1,2024,4,13,2
4,0,1,2,6877.91,221.16,1.58,5.9,0,0.888,5.72,1,2024,12,5,4
5,2,1,4,9837.37,358.52,1.99,9.0,4,0.824,30.59,1,2024,7,29,1
0,8,0,0,6023.8,193.86,2.21,6.9,3,0.806,0.59,0,2024,7,13,2
4,0,2,0,1291.2,106.42,4.37,9.7,4,0.834,3.06,1,2025,2,23,3
7,6,0,1,9192.19,316.71,3.11,5.1,3,0.618,1.27,0,2025,12,14,3
4,6,3,2,13584.85,488.03,4.46,6.4,1,0.722,37.59,0,2025,7,21,1
1,6,2,2,6056.62,155.99,2.43,5.8,0,0.817,3.76,0,2025,7,7,1
2,4,1,2,3636.83,231.02,2.71,4.8,0,0.818,2.87,1,2024,9,28,2
5,7,2,0,6917.37,337.33,2.27,8.5,2,0.896,47.01,1,2025,11,7,0
3,8,0,0,1201.26,271.21,1.8,6.4,1,0.644,0.5,0,2024,10,15,5
2,0,2,3,12397.07,421.87,1.67,8.0,2,0.885,82.73,1,2024,10,31,4
7,1,2,4,12481.94,381.11,4.32,7.9,2,0.72,82.89,1,2024,8,31,2
0,6,3,4,9026.01,30.09,4.46,1.9,3,0.835,15.89,1,2024,4,8,1
3,5,3,1,5619.99,499.21,1.35,6.5,4,0.728,31.16,1,2024,2,20,5
7,2,1,4,12096.86,376.45,1.7,2.0,2,0.974,73.92,1,2025,2,6,4
4,5,0,4,8542.96,432.09,2.6,5.8,4,0.59,1.13,1,2025,8,8,0
2,8,2,4,12476.02,325.95,1.81,6.8,1,0.838,15.37,1,2025,7,16,6
2,1,0,1,9656.15,428.29,2.4,10.0,4,0.788,2.68,1,2025,5,17,2
4,0,1,2,11873.88,57.08,1.63,0.3,1,0.586,12.41,0,2024,6,6,4
4,6,0,3,9179.16,174.52,2.71,0.9,4,0.533,1.4,1,2024,2,25,3
7,3,3,2,6505.05,438.33,2.1,0.8,4,0.9,28.51,1,2025,1,4,2
4,3,1,4,14390.21,101.63,2.36,4.0,1,0.579,17.88,0,2024,1,4,4
4,5,2,1,8346.15,40.04,1.51,8.2,4,0.593,20.06,1,2025,3,13,4
0,4,3,0,9273.8,394.27,2.61,8.4,3,0.989,22.22,1,2024,3,30,2
2,1,0,4,3697.07,417.91,4.44,7.4,3,0.859,0.5,0,2024,10,28,1
5,1,1,1,9571.94,82.16,2.29,9.0,4,0.625,28.69,1,2025,11,8,2
1,0,1,0,8788.31,427.32,4.09,3.2,4,0.795,21.99,1,2025,10,2,4
7,0,3,2,3180.16,343.7,3.98,0.9,4,0.767,13.77,1,2025,9,6,2
6,6,0,4,1364.01,260.52,4.34,0.6,4,0.922,0.5,0,2025,5,6,5
1,5,0,1,9263.21,415.29,3.81,8.5,0,0.865,0.94,0,2024,7,23,5
6,8,2,4,11573.54,210.21,3.38,7.3,0,0.916,9.66,1,2024,4,9,5
4,2,2,4,8089.32,97.8,4.03,7.0,2,0.606,51.52,1,2024,1,27,2
7,7,0,0,3788.2,143.14,1.45,3.4,0,0.82,0.5,0,2024,7,30,5
5,7,2,0,10164.57,253.08,2.73,3.8,2,0.52,57.62,1,2024,6,23,3
4,2,1,4,1661.53,266.13,4.46,9.6,4,0.534,5.26,1,2025,10,15,6
5,1,0,4,6906.59,402.98,3.74,0.6,0,0.857,0.52,0,2024,10,25,0
6,3,3,2,2868.82,395.89,4.37,7.7,3,0.512,7.92,0,2024,3,24,3
5,5,1,3,3174.66,291.1,3.77,3.1,1,0.79,3.23,0,2025,4,29,5
4,5,1,2,3433.26,390.61,4.09,0.4,1,0.92,4.14,0,2024,4,28,3
4,1,1,4,6107.25,96.69,3.53,7.4,3,0.69,7.57,1,2024,11,11,1
6,4,2,3,1241.68,25.98,3.71,3.3,2,0.522,7.14,1,2025,2,11,5
0,5,1,4,6268.0,436.94,2.93,7.2,0,0.857,5.6,1,2025,4,27,3
1,5,1,0,7919.76,38.7,4.25,7.1,4,0.965,23.17,1,2025,5,15,4
3,8,2,4,7507.77,124.1,3.92,5.3,3,0.859,5.7,0,2025,11,7,0
5,3,2,4,6050.37,347.96,3.98,7.8,0,0.789,4.66,0,2024,9,28,2
4,6,0,2,12667.63,205.31,3.42,5.8,3,0.615,1.61,1,2024,4,3,6
4,2,1,2,2607.24,438.28,2.21,2.9,2,0.508,16.38,1,2025,10,19,3
0,3,1,3,7832.6,149.69,1.32,7.3,2,0.847,60.29,1,2025,7,11,0
5,0,1,4,1399.6,6.92,4.29,5.9,0,0.616,0.5,0,2025,1,31,0
4,7,1,1,1531.76,151.03,3.13,0.1,2,0.929,8.01,1,2024,7,8,1
3,6,0,3,8821.05,289.46,2.18,9.0,3,0.733,0.53,1,2025,1,14,5
3,5,1,1,8707.27,188.59,1.69,5.5,1,0.765,11.75,1,2025,1,25,2
1,2,1,2,13231.49,267.9,3.94,8.7,1,0.877,19.66,1,2025,1,13,1
4,2,3,2,8589.17,438.42,3.96,8.8,2,0.89,137.31,1,2024,7,10,6
3,6,1,1,14416.97,456.33,3.89,4.4,4,0.821,37.43,1,2025,4,1,5
1,2,3,3,1206.08,133.72,3.33,5.1,0,0.969,2.86,0,2024,2,15,4
6,1,2,3,1921.11,231.61,2.41,4.2,2,0.991,10.84,1,2024,9,26,4
2,7,0,4,1138.95,275.02,2.2,4.5,4,0.973,0.5,0,2025,3,26,6
0,8,0,2,3186.51,474.61,1.23,9.0,1,0.912,0.5,1,2025,4,21,1
0,1,1,1,8348.42,499.31,3.95,7.9,0,0.853,8.2,0,2024,9,26,4
5,2,1,3,9860.8,118.47,1.49,1.3,4,0.832,22.17,0,2024,8,19,1
1,0,2,1,1160.98,363.76,3.28,6.1,1,0.552,1.38,1,2024,10,2,6
1,4,1,4,14216.58,189.64,2.86,10.0,3,0.636,17.71,0,2025,7,31,4
0,4,0,1,12711.4,5.05,2.94,6.0,3,0.503,0.63,1,2024,3,4,1
0,2,1,0,4800.88,5.62,4.26,7.9,0,0.569,4.97,0,2024,6,3,1
5,4,2,1,1619.22,230.82,1.3,7.7,0,0.72,2.17,0,2025,12,14,3
1,2,1,4,2963.36,244.68,3.75,3.5,4,0.573,6.15,1,2025,11,14,0
7,1,3,4,2340.69,12.26,1.37,3.7,2,0.951,30.8,1,2024,4,9,5
0,3,0,1,2287.61,343.78,1.33,7.2,3,0.903,0.5,0,2024,3,28,4
0,2,0,3,8019.14,147.71,2.62,5.0,3,0.536,0.5,1,2025,11,15,2
6,2,0,4,4064.79,280.39,1.41,5.7,3,0.624,0.5,1,2024,12,18,6
3,4,3,4,5693.03,151.16,3.8,7.1,4,0.91,32.37,1,2025,7,8,5
5,5,1,4,14847.83,84.4,2.95,7.8,4,0.902,43.16,1,2025,2,27,4
5,2,2,2,10422.56,204.18,1.3,2.7,0,0.973,7.78,0,2025,8,26,5
3,4,0,1,14260.22,116.9,1.33,1.5,0,0.999,0.8,0,2024,8,20,5
0,4,2,4,2567.07,267.87,3.22,2.9,0,0.988,0.87,0,2025,7,20,3
1,4,0,3,6041.02,100.22,3.86,5.1,3,0.705,0.5,0,2024,3,3,3
3,1,1,1,8543.61,254.69,2.64,3.4,1,0.625,9.73,0,2025,1,31,0
1,5,3,2,1612.99,79.53,3.03,5.7,3,0.879,2.85,1,2025,6,19,4
3,8,0,1,560.72,335.82,3.84,0.5,2,0.65,0.53,1,2025,3,4,5
0,2,0,2,10221.3,377.21,3.21,5.1,3,0.903,0.9,0,2025,7,2,6
1,7,3,2,9806.38,56.09,1.94,3.7,1,0.767,24.48,1,2025,12,4,4
6,0,3,4,6456.44,234.43,3.22,5.3,0,0.897,11.19,1,2025,5,1,4
2,6,2,1,7599.84,36.36,3.27,4.2,3,0.638,6.97,0,2025,8,9,2
5,2,0,1,6523.92,299.49,3.62,2.8,0,0.754,0.5,0,2024,8,29,4
1,7,3,1,848.07,132.94,3.25,9.0,2,0.782,14.24,1,2025,5,2,0
4,1,0,2,5362.89,264.28,4.4,1.8,1,0.972,0.63,0,2024,11,2,2
5,1,3,4,3067.69,259.21,1.85,6.8,1,0.633,8.46,0,2024,3,21,4
4,3,2,3,1927.15,462.25,4.34,9.2,4,0.968,5.14,1,2025,2,8,2
7,7,3,3,14372.45,274.99,2.98,5.4,1,0.902,38.0,0,2024,2,5,1
7,1,2,2,9190.72,291.92,3.42,8.8,1,0.865,12.6,1,2025,5,29,4
2,0,1,3,11065.52,201.42,1.53,1.2,0,0.893,8.29,0,2025,8,7,4
1,4,1,4,5072.77,474.59,2.46,4.9,2,0.803,35.14,1,2025,6,13,0
0,3,1,4,6200.63,388.82,3.74,4.6,0,0.622,5.17,0,2025,8,8,0
0,6,0,3,3935.4,143.42,3.53,0.1,1,0.595,0.73,0,2025,11,24,1
0,2,1,2,1906.0,422.26,1.33,4.4,1,0.933,2.78,1,2025,9,27,2
2,8,2,4,3095.96,216.77,3.0,3.7,1,0.863,3.14,1,2024,5,30,4
0,1,1,4,12063.95,414.5,1.49,6.7,0,0.607,10.61,1,2024,5,3,0
1,4,1,3,10324.41,411.62,4.49,9.4,2,0.808,83.82,1,2025,4,4,0
3,4,2,3,8430.47,95.25,4.16,0.9,3,0.724,6.19,0,2024,6,26,6
6,8,0,0,7388.8,350.87,1.27,3.3,1,0.579,1.35,0,2024,6,20,4
0,2,0,4,13875.3,146.03,4.03,4.4,1,0.766,1.2,0,2024,8,4,3
7,2,3,2,1554.66,149.45,4.23,4.6,3,0.641,2.88,0,2024,7,16,5
6,1,0,0,4568.71,148.88,2.37,7.7,2,0.548,1.76,1,2024,5,9,4
0,6,3,4,5574.1,363.06,3.57,4.4,4,0.733,29.13,1,2024,2,13,5
5,3,3,2,11845.17,115.68,2.66,0.3,0,0.795,16.96,0,2025,3,9,3
4,2,1,1,14891.46,1.45,3.36,7.1,1,0.523,21.42,1,2024,3,21,4
0,1,1,3,3989.72,357.9,2.32,8.8,1,0.701,6.48,0,2025,11,30,3
3,2,2,0,13177.46,86.42,2.26,5.1,1,0.629,14.71,0,2025,3,21,0
2,4,1,1,12544.03,53.14,2.6,5.8,0,0.515,11.28,0,2024,7,25,4
1,4,2,2,3757.53,119.52,1.68,1.6,1,0.563,4.37,1,2025,10,4,2
2,7,3,2,6290.32,190.57,3.94,2.2,3,0.57,11.73,1,2024,5,31,0
7,3,0,0,6440.26,238.48,2.35,2.4,0,0.591,0.67,0,2025,9,1,1
0,8,0,2,14684.2,23.24,2.52,4.3,1,0.902,1.83,0,2024,9,21,2
0,4,3,4,3122.93,485.32,4.15,9.3,3,0.72,7.94,1,2024,11,23,2
4,3,3,4,12087.79,358.32,2.84,5.2,0,0.574,21.1,0,2024,3,9,2
4,5,0,2,5345.79,162.27,3.0,1.9,4,0.55,0.9,1,2024,3,30,2
1,0,1,4,11097.62,160.03,4.36,2.7,2,0.649,70.24,1,2025,2,1,2
7,0,3,3,6590.16,224.82,4.13,3.8,2,0.899,87.67,1,2025,7,23,6
2,8,0,3,8886.22,313.5,1.76,6.2,2,0.682,5.44,1,2025,2,10,1
7,3,3,0,12572.87,74.04,2.76,4.4,1,0.58,32.23,0,2025,7,19,2
5,3,0,0,12160.4,95.28,4.41,3.9,2,0.702,6.36,1,2024,11,29,0
3,4,2,2,13063.14,429.86,2.43,5.6,0,0.778,9.75,0,2024,10,9,6
1,6,1,1,1364.45,128.87,2.43,2.4,4,0.515,2.9,1,2025,6,16,1
5,3,2,2,10534.73,190.72,1.84,0.8,0,0.814,6.91,0,2025,4,14,1
3,8,1,2,2529.82,435.76,1.58,0.2,2,0.698,13.94,1,2024,1,13,2
4,8,2,3,6529.37,331.91,3.64,2.5,1,0.505,6.55,0,2025,12,18,4
5,0,0,1,8454.53,171.51,3.74,0.9,2,0.837,4.37,1,2025,9,30,5
7,7,1,3,6339.72,342.17,4.4,3.4,3,0.856,6.78,0,2025,8,24,3
6,2,1,3,8034.37,10.82,3.75,7.7,0,0.814,7.89,0,2025,6,19,4
6,1,2,1,14949.63,368.09,2.0,7.2,3,0.671,14.35,1,2025,3,5,6
0,6,3,0,2460.65,244.02,1.33,6.1,3,0.765,5.29,1,2024,4,25,4
0,1,2,0,10294.11,406.78,4.45,8.5,1,0.694,13.54,1,2025,2,28,0
6,0,3,0,6242.01,477.36,2.32,2.8,4,0.85,29.66,0,2024,6,2,3
4,6,0,1,2428.64,462.97,2.23,8.9,4,0.792,0.5,1,2024,5,31,0
0,1,3,0,2801.68,454.72,4.19,4.0,1,0.541,7.61,0,2025,8,3,3
5,2,1,2,14264.46,256.57,3.13,4.0,4,0.822,35.77,0,2025,8,25,1
0,7,1,1,13254.22,180.71,1.91,4.1,2,0.844,88.27,1,2025,8,19,5
3,5,1,0,13652.11,233.05,4.13,1.0,1,0.685,15.16,0,2024,4,12,0
3,1,0,3,14877.23,345.26,4.48,9.8,1,0.938,2.21,1,2024,4,18,4
0,3,1,1,3520.57,442.11,1.49,1.4,4,0.922,7.34,1,2025,7,30,6
3,4,1,4,5653.87,104.29,4.05,3.4,0,0.588,4.5,0,2024,4,13,2
0,1,2,2,10203.68,459.18,2.49,3.2,2,0.952,56.22,1,2024,10,19,2
6,3,2,4,7515.14,407.77,2.93,0.7,2,0.72,37.35,1,2025,7,2,6
6,6,0,4,6566.65,489.45,4.22,1.5,0,0.862,0.68,0,2024,12,18,6
2,6,3,3,5688.26,440.25,4.41,0.4,1,0.907,11.84,0,2025,2,24,1
5,2,3,4,9109.82,140.69,2.07,2.9,0,0.753,13.76,0,2024,9,27,0
3,8,0,0,8846.1,53.87,1.9,8.7,4,0.7,2.5,1,2025,1,27,1
4,7,1,0,2841.14,57.01,1.47,3.4,3,0.958,2.21,0,2025,11,1,2
0,8,3,0,7340.23,146.32,3.05,1.2,2,0.615,86.74,1,2025,5,12,1
3,2,0,1,8525.34,307.48,1.24,6.5,0,0.628,0.52,1,2025,8,8,0
7,1,1,0,8769.16,402.36,2.56,10.0,1,0.681,13.77,1,2025,9,15,1
5,2,0,0,3546.55,449.73,1.44,2.3,4,0.93,1.44,0,2025,4,29,5
1,6,0,4,11262.94,312.25,2.54,2.8,2,0.969,6.87,1,2024,2,8,4
7,2,2,4,865.39,3.81,1.33,9.7,0,0.61,0.5,1,2024,6,25,5
6,0,0,3,5645.06,93.97,3.96,1.8,2,0.932,3.05,1,2024,10,9,6
6,8,0,1,11813.08,50.76,1.89,5.1,1,0.629,1.08,1,2025,2,16,3
0,5,3,1,8676.45,182.3,2.28,2.4,0,0.985,14.02,0,2024,5,27,1
0,2,0,0,4286.86,251.17,4.07,9.3,3,0.799,0.87,1,2025,9,25,4
3,0,0,1,10576.82,22.66,3.66,9.8,4,0.504,3.17,1,2025,9,15,1
0,6,1,0,8727.17,174.89,1.92,8.1,3,0.517,10.38,0,2025,11,28,0
5,2,2,2,12045.53,90.41,1.44,3.1,4,0.574,24.45,1,2025,12,11,4
5,8,1,1,11157.87,323.89,3.56,4.0,0,0.594,9.78,0,2025,2,15,2
2,3,0,1,9346.56,232.67,2.49,2.4,2,0.884,4.43,1,2024,2,9,0
5,2,1,3,7578.58,248.16,3.73,8.9,1,0.611,11.29,1,2025,2,9,3
5,8,2,3,2431.14,214.42,2.67,9.1,0,0.985,1.87,0,2024,12,5,4
4,8,0,0,4289.33,478.05,2.34,4.2,0,0.818,0.77,0,2025,12,8,1
1,6,3,1,6576.94,108.15,2.69,6.6,2,0.846,97.87,1,2024,8,31,2
5,1,3,3,9189.84,258.82,3.67,1.7,0,0.609,13.22,0,2024,2,20,5
6,5,1,2,7948.76,368.27,4.18,4.3,4,0.946,20.47,1,2025,5,1,4
1,7,0,4,4678.68,278.87,1.36,6.3,2,0.834,2.38,1,2024,10,2,6
4,6,2,2,593.73,464.58,2.93,3.9,2,0.932,2.64,1,2025,1,16,4
5,5,2,1,7695.47,189.61,1.31,3.6,0,0.978,5.47,1,2024,1,21,3
4,7,2,0,4641.58,232.37,2.75,0.0,3,0.563,2.9,0,2024,12,11,6
7,6,3,2,11151.82,45.17,4.12,8.0,1,0.548,31.79,1,2024,11,6,6
5,4,3,4,847.22,304.89,2.39,8.9,2,0.902,13.21,1,2024,11,14,4
4,7,1,4,8980.0,144.82,4.28,9.7,3,0.933,10.6,1,2024,10,14,1
3,2,0,1,14151.38,80.99,3.28,7.2,2,0.792,7.69,1,2025,5,18,3
0,2,1,1,3028.93,272.72,4.28,5.5,1,0.683,3.36,1,2025,12,13,2
1,2,2,4,7338.92,266.62,3.7,2.7,1,0.826,7.24,0,2025,12,2,5
6,5,3,2,1825.62,38.86,1.54,10.0,0,0.653,3.45,1,2024,4,10,6
5,0,0,2,9572.39,349.41,1.96,5.9,1,0.619,1.16,0,2024,8,21,6
6,2,3,4,8482.71,312.26,2.5,6.8,4,0.744,47.68,1,2024,5,17,0
3,7,2,2,6406.8,95.32,1.76,6.8,3,0.608,6.27,0,2024,11,3,3
6,1,2,4,8059.97,235.25,2.83,8.5,0,0.742,6.71,1,2025,3,29,2
0,5,1,1,13500.33,360.44,2.76,0.1,4,0.978,28.13,1,2024,11,24,3
6,8,3,3,3346.27,265.19,4.36,2.2,3,0.92,5.77,0,2024,10,2,6
3,0,2,3,827.19,198.35,2.63,6.7,0,0.971,0.5,0,2025,3,2,3
6,0,1,0,12994.14,161.85,3.79,9.0,2,0.903,104.85,1,2025,9,11,4
2,6,0,0,8868.2,305.59,4.31,6.9,3,0.677,0.5,0,2025,10,23,4
7,7,3,0,13414.55,469.62,4.09,4.1,1,0.906,33.68,0,2024,4,1,1
4,5,1,2,9155.71,336.2,1.89,3.6,3,0.961,8.85,1,2024,7,11,4
1,5,0,4,12247.34,38.3,2.84,7.4,4,0.974,2.92,0,2025,3,28,0
1,6,1,0,6730.26,230.88,2.35,7.4,3,0.842,6.97,1,2024,8,4,3
6,5,3,0,11372.97,445.52,2.52,6.1,1,0.606,30.89,1,2025,2,20,4
7,3,0,2,13739.1,48.14,2.39,2.9,0,0.52,0.99,1,2025,5,11,3
7,4,0,2,8795.78,494.45,3.93,9.3,3,0.574,0.5,1,2025,6,12,4
3,4,1,4,3121.38,474.59,2.69,5.5,3,0.983,2.78,0,2025,1,17,0
7,5,3,0,4397.57,40.06,2.93,7.9,0,0.731,8.48,1,2024,2,27,5
7,5,0,1,3380.35,466.77,4.44,2.1,1,0.927,0.55,0,2025,6,11,6
6,8,0,3,4079.43,182.2,1.4,3.4,2,0.733,2.08,1,2024,6,11,5
4,5,1,2,4943.02,422.51,2.81,8.7,0,0.83,5.21,1,2024,3,8,0
7,1,2,2,8549.44,209.77,3.75,0.5,2,0.512,41.19,1,2024,11,14,4
0,8,2,0,9025.88,220.99,1.7,5.1,2,0.625,53.2,1,2025,12,27,2
3,8,1,1,6684.25,317.49,3.22,4.8,1,0.718,8.68,0,2025,6,2,1
1,4,0,1,9423.6,387.46,1.99,7.5,4,0.815,1.41,1,2025,2,17,1
1,4,2,2,1682.84,17.86,4.06,2.8,4,0.586,3.0,0,2024,5,18,2
2,6,1,3,1772.93,296.98,2.28,2.2,2,0.882,11.39,1,2025,6,20,0
0,6,0,3,2991.53,94.18,2.29,9.3,0,0.682,0.5,0,2025,8,5,5
2,5,0,4,8012.12,173.63,3.17,5.7,3,0.909,0.5,0,2024,1,30,5
2,5,0,0,3602.92,174.64,1.81,1.0,2,0.549,1.23,1,2024,6,26,6
2,0,0,2,4607.62,235.06,2.14,1.9,3,0.84,0.63,1,2024,7,16,5
2,0,0,3,6304.54,167.73,2.57,10.0,3,0.647,0.7,1,2024,7,24,6
4,8,0,2,12272.06,54.57,2.37,2.0,4,0.898,1.5,1,2024,2,29,4
2,3,3,4,701.0,73.67,2.93,6.1,2,0.701,9.19,1,2024,9,12,4
0,1,0,3,9915.99,17.69,3.18,4.2,3,0.833,1.69,1,2024,2,3,2
0,8,3,1,10198.71,235.65,3.07,8.9,2,0.967,162.89,1,2025,4,12,2
7,0,0,0,12080.51,477.27,3.36,7.6,4,0.51,2.86,1,2024,2,21,6
2,7,1,4,14024.92,58.72,2.22,6.0,3,0.506,15.93,1,2025,1,4,2
2,8,2,2,792.0,473.19,1.62,0.1,2,0.885,3.87,1,2025,12,22,1
6,4,3,0,2729.86,366.95,3.71,8.8,0,0.823,5.16,0,2024,7,22,1
7,5,0,2,13349.48,319.11,4.01,4.4,0,0.646,0.5,0,2024,10,7,1
1,4,0,3,7148.52,322.99,2.05,9.3,1,0.747,0.5,0,2025,1,12,3
0,4,3,4,8686.56,413.54,2.54,5.0,4,0.521,45.35,1,2025,4,20,3
5,1,0,3,10113.89,54.35,2.85,6.9,1,0.596,1.79,0,2025,6,1,3
7,5,3,2,10346.47,252.87,2.96,0.7,3,0.712,17.64,0,2025,2,10,1
6,2,0,3,14010.24,348.85,3.38,7.5,4,0.917,2.73,1,2025,10,12,3
3,7,0,1,14955.77,293.82,1.34,3.4,0,0.74,1.26,0,2024,5,6,1
4,2,1,4,10942.28,416.56,3.58,3.5,1,0.793,13.06,1,2025,11,28,0
2,6,2,2,4664.71,37.06,1.4,1.2,4,0.937,8.96,1,2024,2,1,4
1,0,2,4,13256.41,345.66,2.75,1.5,4,0.654,25.43,1,2024,9,4,6
1,4,2,3,1213.7,267.48,3.93,1.9,4,0.85,2.16,0,2025,1,16,4
0,6,3,1,3850.67,190.2,2.69,3.3,1,0.931,9.33,1,2025,5,15,4
4,8,3,3,13512.09,170.8,1.69,8.9,2,0.601,217.97,1,2025,8,31,3
7,3,2,4,4214.78,310.8,4.45,3.7,3,0.678,3.87,1,2025,4,1,5
2,3,2,1,3699.44,445.61,4.13,7.2,4,0.99,9.55,0,2024,6,30,3
7,2,1,0,2502.82,248.59,3.75,0.8,0,0.992,1.35,0,2025,4,30,6
2,0,3,4,12957.12,412.54,2.56,5.9,0,0.612,23.86,1,2025,8,23,2
7,6,2,0,7750.84,201.68,1.81,4.8,3,0.533,7.19,0,2025,7,18,0
2,4,2,0,10285.95,52.09,4.31,9.8,0,0.635,8.37,0,2024,12,24,5
1,3,0,3,3966.46,31.69,2.96,8.5,4,0.699,1.15,1,2024,12,18,6
4,2,2,3,11491.59,26.62,4.01,4.5,0,0.721,8.14,0,2024,6,16,3
1,4,1,3,11520.08,190.69,2.33,7.8,0,0.809,10.33,0,2024,9,21,2
0,2,1,3,5032.67,169.28,2.31,1.9,3,0.95,4.66,0,2025,12,6,2
6,3,0,0,6454.9,359.25,4.45,5.6,2,0.665,3.72,1,2024,4,2,5
2,0,3,1,3540.51,371.67,2.92,0.7,3,0.925,6.2,1,2024,10,18,0
0,7,0,2,14660.13,26.38,1.66,3.5,3,0.547,1.02,0,2024,1,29,1
1,3,1,0,9861.24,111.34,1.92,2.3,0,0.521,7.46,0,2025,1,30,4
6,1,1,1,14050.89,137.86,2.79,7.2,2,0.752,107.35,1,2024,2,20,5
0,8,0,4,4899.09,274.26,1.34,4.9,4,0.53,0.5,1,2024,6,15,2
3,1,3,0,11837.42,73.11,2.73,7.5,4,0.696,68.28,1,2025,8,8,0
4,0,3,0,11604.95,67.84,2.58,5.2,2,0.948,162.17,1,2024,8,7,6
5,4,0,4,10529.01,471.95,3.77,0.9,2,0.621,4.15,1,2024,8,14,6
7,6,0,3,14501.77,402.3,2.37,7.4,1,0.853,1.53,1,2025,10,24,0
5,7,1,4,6206.55,91.15,4.44,8.3,2,0.651,48.15,1,2024,8,18,3
1,8,2,2,2395.4,203.88,1.8,9.0,2,0.522,16.26,1,2025,11,24,1
6,0,0,2,10239.78,178.46,3.15,5.7,0,0.778,0.66,1,2024,7,30,5
3,7,0,1,11074.99,395.71,1.5,7.5,3,0.917,0.5,1,2024,10,2,6
1,4,3,2,8838.38,255.6,3.62,7.5,4,0.705,50.93,1,2025,10,29,6
5,4,0,3,3498.86,64.8,4.48,1.6,2,0.809,1.09,1,2025,2,23,3
1,3,1,0,7814.61,369.76,3.9,1.6,1,0.95,8.08,0,2025,6,9,1
6,4,0,0,5026.75,199.05,3.03,0.7,0,0.895,0.5,0,2024,1,21,3
1,3,3,2,6698.26,132.2,2.8,3.2,1,0.597,17.27,1,2025,11,29,2
4,2,0,2,9855.67,188.37,3.96,4.7,1,0.867,0.5,0,2024,1,10,6
4,1,1,0,11305.61,249.38,4.29,10.0,0,0.751,11.99,1,2025,4,30,6
4,8,2,2,3867.26,172.21,4.46,4.3,1,0.873,3.82,0,2024,5,15,6
5,4,3,3,6377.22,121.71,2.51,7.3,0,0.747,11.9,1,2025,10,24,0
6,3,3,1,4402.84,199.85,4.47,6.9,3,0.564,10.18,1,2024,6,26,6
6,4,3,0,3380.16,10.57,1.71,2.0,0,0.785,5.45,1,2025,9,7,3
0,8,2,4,11859.11,386.48,2.04,0.6,4,0.746,21.46,0,2024,1,9,5
7,3,0,0,13684.16,86.3,1.49,5.5,1,0.759,0.68,1,2024,8,17,2
5,8,0,4,5868.37,22.91,2.1,7.0,2,0.939,3.61,1,2024,9,15,3
2,4,0,0,11393.54,327.2,3.73,10.0,1,0.947,1.61,1,2025,9,14,3
0,6,1,1,13506.43,387.19,4.01,3.6,0,0.727,10.92,0,2024,11,8,0
3,2,3,2,12768.8,407.1,3.77,9.0,2,0.728,205.68,1,2025,12,30,5
4,5,1,0,3150.79,247.26,3.28,3.8,4,0.758,7.59,1,2025,12,27,2
3,1,3,4,14366.23,103.48,2.9,6.9,0,0.76,26.42,1,2025,10,20,1
1,0,2,1,5961.81,368.88,3.54,6.0,3,0.975,5.53,1,2024,10,8,5
6,2,2,2,5418.99,350.16,2.49,0.5,4,0.825,10.19,0,2025,3,9,3
5,1,1,1,1405.25,123.89,3.98,0.8,1,0.639,1.68,0,2025,1,20,1
1,0,2,2,7549.52,451.8,3.43,0.2,0,0.766,4.79,0,2024,12,23,1
6,6,3,1,2080.7,53.08,3.5,3.7,4,0.814,9.9,1,2025,4,15,5
2,1,2,0,4103.83,491.36,2.97,7.5,0,0.82,4.14,1,2024,9,15,3
4,1,2,1,5095.67,430.26,4.12,1.7,1,0.793,4.77,1,2024,8,11,3
6,3,1,3,12227.98,344.26,2.03,6.1,4,0.589,33.13,1,2025,4,22,5
2,4,1,3,13194.59,469.44,2.46,2.9,2,0.517,83.23,1,2024,11,5,5
0,7,2,1,4885.76,361.43,3.77,8.0,3,0.669,4.78,1,2025,11,24,1
0,7,3,4,12951.12,96.04,2.83,8.0,2,0.714,201.61,1,2025,6,17,5
0,8,0,1,12929.85,221.64,4.13,7.8,2,0.531,7.86,1,2025,9,30,5
4,8,1,2,11587.44,36.68,2.34,5.2,4,0.907,31.26,1,2025,2,10,1
4,8,3,4,2627.08,195.44,2.42,2.8,3,0.672,5.26,1,2025,8,21,4
3,8,2,4,10509.68,371.06,4.13,8.1,3,0.957,10.68,0,2024,4,14,3
6,3,1,1,14202.85,193.84,2.73,1.9,1,0.577,15.95,0,2024,1,8,1
3,8,0,0,10396.84,165.82,2.9,2.9,1,0.528,0.6,0,2025,6,7,2
6,3,2,1,5308.44,298.08,2.3,1.8,2,0.741,28.09,1,2025,11,9,3
6,1,0,3,7758.4,436.23,2.11,6.7,4,0.595,2.1,1,2025,1,18,2
6,0,2,0,9863.01,24.74,3.36,6.9,0,0.969,7.35,0,2025,7,28,1
2,6,0,0,7903.27,193.35,1.6,6.5,2,0.505,4.73,1,2025,10,24,0
4,7,1,2,2239.32,79.96,4.1,4.2,1,0.706,3.14,0,2025,8,31,3
6,8,3,2,5024.93,347.98,3.77,1.0,1,0.963,10.44,0,2025,9,15,1
2,5,0,1,12134.74,53.76,1.83,9.1,1,0.692,1.65,1,2024,10,16,6
5,4,0,4,12990.56,332.74,3.49,5.1,1,0.547,0.75,0,2024,11,1,0
2,4,1,0,2490.85,143.8,3.19,4.1,1,0.651,1.91,1,2025,12,1,1
0,5,3,4,14309.61,100.26,1.81,5.9,0,0.749,25.65,0,2024,4,20,2
7,2,1,3,5267.93,468.24,2.1,1.9,0,0.593,4.14,0,2025,5,8,4
3,7,2,2,10103.55,10.24,2.55,1.3,1,0.733,9.56,0,2024,3,6,6
7,3,2,2,11401.46,219.45,3.51,4.1,4,0.918,25.92,1,2024,12,10,5
4,0,1,0,12273.22,11.79,3.31,2.3,3,0.936,11.58,1,2024,10,10,4
0,8,1,1,14213.37,242.31,2.96,2.4,4,0.525,33.3,0,2025,10,17,0
0,3,0,3,5037.33,251.02,3.74,8.9,4,0.58,1.35,1,2024,11,28,4
2,8,0,4,12948.34,161.51,3.7,5.3,2,0.638,6.61,1,2024,10,10,4
2,7,2,3,2409.46,66.95,3.24,4.8,1,0.797,3.14,1,2024,9,24,5
5,3,0,4,10723.09,188.82,3.8,6.9,3,0.68,1.08,0,2025,11,2,3
4,6,0,2,11258.68,336.46,2.3,9.5,0,0.922,1.02,0,2025,12,29,1
6,3,2,0,10326.99,391.42,4.11,1.1,1,0.858,9.43,0,2025,10,29,6
0,1,3,3,4158.56,265.84,3.23,8.3,3,0.55,9.04,0,2024,11,1,0
7,4,0,3,13159.13,295.33,3.91,5.8,0,0.812,0.63,0,2024,7,11,4
1,7,3,1,2948.45,101.11,3.0,1.5,3,0.557,5.41,0,2024,6,2,3
2,8,0,3,1277.7,144.38,1.92,3.0,3,0.628,0.5,0,2025,6,13,0
5,1,3,2,10903.24,81.79,2.99,4.8,3,0.589,22.7,0,2024,9,3,5
3,6,3,0,7394.4,125.4,2.42,6.9,4,0.587,41.34,1,2024,2,28,6
4,8,3,1,12811.92,113.22,3.5,2.4,2,0.808,159.84,1,2025,9,6,2
1,7,3,4,6059.26,260.2,2.77,5.3,1,0.782,15.51,0,2025,2,17,1
1,7,2,4,2940.04,281.78,3.96,6.8,1,0.588,3.62,1,2025,11,7,0
5,4,3,2,12628.41,472.53,3.44,4.5,4,0.995,64.1,0,2024,11,23,2
3,1,0,3,8459.19,98.59,3.46,8.6,1,0.711,0.5,1,2025,11,28,0
5,3,1,1,3243.34,321.2,1.92,8.7,4,0.549,9.61,1,2024,5,23,4
7,3,2,4,10945.57,408.81,4.45,4.7,4,0.56,24.91,1,2024,1,27,2
2,8,3,3,7911.15,280.56,3.98,9.7,0,0.792,15.6,0,2025,11,2,3
3,1,3,2,9262.54,128.25,3.8,0.8,0,0.99,13.41,0,2025,5,24,2
6,5,2,2,7183.03,132.01,2.29,0.0,4,0.786,13.25,1,2024,10,29,5
3,6,3,2,12516.28,20.59,2.97,3.8,2,0.975,166.69,1,2024,9,22,3
1,4,2,2,12528.66,153.42,1.65,6.0,4,0.722,28.85,1,2025,3,4,5
4,7,1,1,10786.14,372.56,2.98,6.3,2,0.718,78.46,1,2025,2,18,5
1,0,3,4,2028.32,24.71,1.68,4.8,0,0.75,2.9,1,2025,2,1,2
3,0,0,2,12663.38,110.43,3.03,1.2,2,0.849,6.18,1,2024,2,6,5
0,8,0,2,10229.69,353.41,3.34,1.7,4,0.684,1.3,1,2025,8,20,6
7,5,1,2,10606.85,391.54,2.49,8.5,1,0.932,15.57,0,2025,12,26,0
2,1,3,2,5763.25,228.2,2.85,8.7,3,0.515,12.85,1,2025,8,8,0
5,0,1,1,13249.55,349.34,4.09,6.7,0,0.72,12.74,0,2024,7,13,2
4,1,1,1,11017.89,194.59,1.56,6.6,2,0.755,82.12,1,2024,12,17,5
4,0,0,3,2132.56,80.8,3.81,6.0,0,0.804,0.57,0,2025,12,31,6
7,6,1,0,6412.78,199.68,1.76,2.0,4,0.638,13.91,1,2024,8,15,4
5,8,3,2,13352.52,290.4,1.32,4.3,1,0.714,34.08,0,2025,12,3,6
1,8,2,3,1184.35,474.08,1.81,7.0,0,0.742,0.5,1,2025,7,1,5
0,7,3,0,14440.54,35.31,3.72,5.4,4,0.843,76.36,0,2025,10,15,6
3,5,0,3,10347.86,254.19,2.54,0.2,4,0.887,1.73,0,2025,5,2,0
5,3,0,1,9654.95,165.13,4.08,9.5,3,0.869,1.05,0,2025,11,18,5
7,1,0,3,4423.11,254.65,2.93,8.4,1,0.671,0.76,0,2025,1,2,4
0,4,2,3,4107.48,12.96,1.27,2.6,0,1.0,2.76,0,2025,6,3,5
2,3,2,3,14159.84,157.2,3.57,6.2,1,0.924,15.56,1,2024,11,3,3
0,8,1,3,4824.95,410.11,1.56,9.2,2,0.63,39.45,1,2024,6,23,3
1,3,0,0,11744.83,277.42,3.8,1.0,2,0.598,5.18,1,2025,11,4,5
2,4,0,4,6200.27,225.84,1.75,5.0,4,0.657,0.76,0,2025,7,25,0
0,4,2,4,2519.18,143.48,2.34,4.6,2,0.726,13.95,1,2024,7,4,4
0,1,0,4,655.37,149.72,3.71,4.1,4,0.925,0.89,1,2024,10,27,3
6,8,0,1,8391.73,192.17,4.35,8.4,1,0.889,1.55,1,2024,4,9,5
3,8,3,1,14648.79,417.95,2.43,3.8,1,0.926,36.68,1,2025,4,27,3
3,0,1,3,5852.47,483.64,3.94,0.6,0,0.636,3.86,0,2024,5,11,2
4,1,1,2,5679.29,219.89,1.83,0.7,0,0.797,2.82,0,2024,9,21,2
0,4,0,2,5489.33,197.28,3.86,0.4,0,0.642,0.67,0,2025,7,26,2
6,8,0,4,8047.89,423.43,3.37,4.1,0,0.555,0.69,0,2024,7,6,2
5,3,3,3,6889.64,214.03,1.84,7.2,1,0.842,19.32,1,2025,11,27,4
2,5,2,2,13258.76,276.46,2.2,2.0,2,0.571,70.13,1,2024,12,9,1
7,7,0,2,7830.05,116.24,1.63,6.5,1,0.834,1.23,1,2025,11,1,2
3,2,2,0,7862.49,372.01,2.46,6.9,1,0.824,9.52,1,2024,4,1,1
1,5,1,4,2506.39,266.46,1.87,2.6,4,0.905,5.91,1,2024,8,15,4
5,1,1,1,14749.72,404.71,3.33,6.0,1,0.57,20.0,1,2024,12,29,3
5,5,2,1,4124.61,390.59,4.48,6.8,4,0.892,10.23,0,2024,8,16,0
1,2,0,2,1563.78,108.29,1.24,4.7,4,1.0,0.5,1,2024,11,10,3
1,2,0,2,10115.62,358.1,2.99,3.4,4,0.926,2.06,1,2025,3,6,4
3,6,3,4,9132.81,400.23,3.09,6.2,1,0.876,24.46,1,2024,12,5,4
5,2,0,1,6519.61,173.71,4.22,9.8,4,0.831,2.19,1,2025,1,15,6
4,2,0,0,6621.79,87.13,2.87,4.3,1,0.711,0.89,0,2024,9,23,1
4,0,1,3,11883.43,2.31,2.99,3.9,3,0.865,11.5,0,2025,8,22,0
4,6,1,0,3337.83,226.0,2.76,4.6,2,0.862,22.89,1,2024,10,28,1
7,0,1,0,12393.67,176.86,2.09,0.8,2,0.816,71.05,1,2025,4,19,2
2,5,2,2,9906.83,277.9,1.38,5.5,1,0.898,12.04,1,2024,4,30,5
6,1,3,1,6575.06,94.83,2.55,3.3,3,0.724,13.57,0,2025,4,26,2
5,2,1,0,7141.41,429.97,1.37,1.2,3,0.561,6.66,0,2024,2,24,2
0,3,2,0,4221.38,129.62,3.02,4.7,1,0.78,5.43,1,2025,10,11,2
0,6,1,1,11405.66,113.99,2.21,0.0,2,0.633,63.55,1,2025,8,20,6
5,1,3,4,7936.68,240.88,2.96,4.0,3,0.692,16.27,1,2025,8,17,3
7,0,1,3,5152.39,249.93,1.64,1.1,4,0.509,11.91,1,2025,9,27,2
6,2,2,3,9142.73,108.33,4.28,0.2,2,0.691,44.06,1,2024,3,13,6
2,0,3,3,14938.15,136.66,4.15,8.2,4,0.904,87.94,1,2025,4,28,1
1,7,0,0,6811.3,85.68,1.83,9.2,4,0.771,2.02,1,2024,7,18,4
5,3,3,1,13850.03,359.51,2.33,2.1,0,0.505,21.56,0,2025,5,27,5
7,6,1,2,5502.74,385.27,3.22,5.4,3,0.735,5.44,1,2024,5,2,4
6,2,2,0,1293.62,231.7,1.52,2.8,2,0.646,5.92,1,2025,11,28,0
2,5,1,2,3461.51,357.33,2.37,4.9,0,0.739,2.91,1,2025,1,25,2
0,1,3,0,6571.08,368.23,2.03,4.4,2,0.702,87.9,1,2025,6,26,4
5,1,1,2,3684.71,70.0,4.22,2.7,2,0.966,22.73,1,2024,11,1,0
0,6,0,0,503.29,483.12,4.01,7.0,4,0.521,0.5,1,2025,2,27,4
4,8,2,3,13767.52,410.69,3.11,1.3,1,0.842,12.79,0,2024,2,25,3
7,2,2,2,12736.25,103.04,2.92,0.5,2,0.926,62.67,1,2024,6,3,1
6,6,1,1,11263.24,93.9,4.27,7.7,4,0.98,32.99,1,2024,5,20,1
4,2,0,1,2933.31,63.7,4.28,6.7,1,0.589,0.56,1,2024,7,24,6
0,6,2,4,2245.27,70.05,4.4,5.0,0,0.766,1.99,1,2024,12,16,1
1,6,2,2,1480.27,374.33,1.61,4.7,1,0.522,1.96,1,2025,2,23,3
3,4,0,3,10998.42,235.36,1.73,5.0,1,0.75,0.5,0,2025,8,6,6
5,0,0,2,13967.72,391.68,3.43,4.4,2,0.563,7.1,1,2025,4,13,3
0,7,1,3,6742.77,373.38,2.99,3.9,2,0.919,43.92,1,2024,5,26,3
6,0,2,2,2227.54,302.7,1.26,5.0,3,0.557,2.24,1,2024,11,19,5
1,7,0,3,7929.7,343.5,1.4,5.3,1,0.757,0.5,1,2024,7,3,6
0,8,1,1,5558.06,10.16,4.13,6.9,0,0.761,5.1,1,2024,3,23,2
3,7,0,4,5934.96,156.58,4.07,7.1,3,0.986,0.78,0,2025,5,14,6
1,8,2,4,9509.29,319.27,2.38,3.8,2,0.827,53.27,1,2024,12,6,0
2,3,2,0,10921.41,5.66,4.14,4.1,3,0.644,9.89,0,2025,10,8,6
7,6,2,2,2103.75,17.46,3.16,3.7,1,0.62,2.48,1,2024,6,30,3
6,4,1,4,1016.06,426.09,3.86,5.4,2,0.564,7.35,1,2024,11,16,2
6,2,0,0,14917.79,342.33,2.61,4.5,1,0.878,1.78,1,2025,10,11,2
6,1,0,0,3874.56,133.42,1.57,8.9,0,0.845,0.5,1,2024,2,29,4
6,5,1,4,1280.54,344.29,2.63,7.0,2,0.805,9.67,1,2024,1,5,0
1,2,0,3,3253.19,396.44,2.71,9.0,1,0.52,0.5,1,2025,4,7,1
4,2,3,3,1064.89,154.09,3.02,7.1,1,0.881,3.0,1,2024,10,7,1
7,0,2,2,6181.26,18.98,1.55,9.7,1,0.821,7.86,1,2024,8,2,0
1,0,3,2,12134.83,466.46,4.47,6.4,1,0.982,32.7,0,2024,6,21,0
3,4,2,2,5448.04,173.24,2.01,9.6,2,0.794,38.27,1,2025,8,13,6
6,2,1,0,6940.66,54.13,1.86,1.6,4,0.652,15.41,0,2024,6,11,5
5,0,3,1,10296.01,246.44,2.94,0.5,1,0.691,21.64,0,2025,5,16,0
0,7,0,0,7878.96,384.47,2.97,5.8,0,0.588,0.96,0,2024,3,31,3
1,4,0,4,12990.96,111.6,2.65,9.8,3,0.861,0.63,1,2024,5,12,3
0,1,3,1,13057.52,135.48,3.75,4.2,2,0.854,175.29,1,2025,9,21,3
3,6,1,1,643.71,122.11,2.9,2.1,2,0.6,4.54,1,2025,3,20,4
5,4,0,3,11781.67,495.84,3.21,5.2,1,0.579,1.62,1,2025,10,10,0
6,8,0,4,7180.64,99.5,3.59,6.5,3,0.539,1.2,0,2025,3,15,2
2,7,1,0,14838.19,288.18,1.28,3.2,1,0.956,17.6,0,2025,2,17,1
6,1,3,1,7506.87,462.71,3.08,7.1,3,0.617,17.37,1,2025,3,15,2
5,5,3,3,14809.99,74.3,4.12,9.8,1,0.672,45.37,1,2025,5,3,2
0,7,1,0,11441.26,485.46,1.26,9.0,1,0.64,17.13,0,2025,1,27,1
7,3,2,0,4104.77,473.79,2.54,2.9,2,0.707,22.31,1,2024,1,5,0
0,4,0,1,8306.73,442.4,4.26,3.3,3,0.857,0.5,0,2024,2,8,4
1,0,3,3,14885.97,108.06,2.37,3.7,1,0.935,36.59,1,2025,6,30,1
6,3,0,0,12934.19,317.39,2.71,3.9,0,0.591,0.56,0,2024,7,23,5
6,4,1,0,1911.82,380.68,4.44,1.0,0,0.843,0.9,0,2025,1,17,0
4,7,1,0,10742.39,493.03,1.86,7.6,0,0.676,10.73,0,2024,1,15,1
6,4,2,4,5510.9,91.03,1.42,3.7,1,0.99,5.73,1,2024,11,25,1
5,8,0,2,601.24,383.25,4.04,8.8,3,0.649,0.5,1,2025,6,27,0
5,8,2,2,6350.47,170.06,4.07,9.3,4,0.504,16.68,1,2024,7,14,3
7,5,0,3,3903.94,88.64,2.76,0.2,0,0.758,0.5,0,2024,1,19,0
1,3,2,3,12373.6,211.27,2.9,9.9,3,0.575,13.25,0,2025,11,23,3
2,7,0,4,5391.29,397.12,3.96,7.1,2,0.522,2.89,1,2024,1,5,0
6,4,2,4,12499.09,232.96,3.64,5.2,2,0.849,75.72,1,2025,10,3,0
7,6,0,3,508.67,269.22,2.07,3.9,1,0.866,0.5,0,2024,9,11,6
5,7,1,4,4963.38,497.58,1.26,5.2,3,0.73,5.22,0,2024,8,19,1
4,7,0,1,3996.9,200.16,2.78,3.2,3,0.838,0.5,0,2025,12,11,4
5,3,3,0,3886.73,308.08,4.03,6.2,0,0.769,7.02,1,2024,12,18,6
6,1,2,2,1488.71,183.26,4.16,0.9,1,0.815,1.6,1,2024,11,15,0
3,7,2,3,3213.3,197.0,4.36,6.2,2,0.798,20.8,1,2024,5,12,3
7,0,3,3,8555.47,348.12,4.1,2.8,3,0.833,15.54,1,2024,4,15,1
6,2,1,1,4724.74,469.01,3.11,0.2,4,0.6,10.26,0,2025,1,27,1
6,0,1,0,6552.22,271.64,2.67,5.5,3,0.634,7.53,0,2025,5,30,0
3,8,3,0,5964.57,384.43,3.76,5.8,3,0.72,12.07,1,2025,8,25,1
2,3,1,0,13200.62,45.51,3.64,4.3,3,0.723,13.26,1,2024,11,9,2
5,2,3,2,13626.84,106.37,2.98,0.7,3,0.887,23.0,0,2024,6,20,4
0,5,0,1,7647.88,251.56,1.49,8.9,3,0.684,0.91,1,2024,3,7,4
7,2,0,0,5287.26,10.99,4.26,6.1,0,0.581,0.5,1,2024,2,16,0
4,5,3,2,2048.61,127.17,2.7,1.2,3,0.626,3.55,0,2024,11,1,0
3,5,0,0,14324.34,259.18,2.4,5.1,3,0.607,0.92,1,2024,10,24,4
7,0,3,4,1373.29,8.47,3.28,5.0,2,0.866,19.41,1,2025,4,11,0
3,1,3,3,4815.93,133.01,3.42,0.6,2,0.735,55.24,1,2025,6,16,1
1,8,1,3,4821.96,257.5,1.9,6.1,3,0.854,5.35,0,2025,9,2,5
5,1,0,0,5145.82,287.0,3.96,8.1,4,0.708,1.21,1,2025,6,20,0
1,8,0,1,2882.16,462.95,2.16,7.5,4,0.945,0.91,1,2024,12,11,6
2,1,3,1,11855.84,323.03,1.82,2.0,1,0.992,27.08,0,2025,3,20,4
2,5,3,0,2276.22,207.95,2.54,8.6,0,0.835,5.37,1,2025,12,4,4
4,2,0,4,9706.15,465.25,3.61,3.4,1,0.932,0.5,0,2024,5,17,0
6,8,0,2,2295.77,392.66,4.39,9.5,0,0.754,0.5,1,2024,12,16,1
7,3,3,4,1522.77,100.8,3.87,0.7,1,0.967,2.38,0,2025,5,16,0
4,1,0,4,13686.73,66.29,4.3,4.9,2,0.916,6.05,1,2025,1,2,4
7,0,3,2,3256.87,338.23,1.66,6.0,4,0.996,17.96,1,2024,7,11,4
4,7,1,4,12408.13,280.38,1.43,2.5,3,0.812,11.9,0,2024,6,17,1
5,0,1,0,8397.15,395.05,3.04,7.7,0,0.89,8.68,0,2025,2,17,1
3,2,3,3,1628.92,369.66,2.16,6.3,1,0.771,3.93,0,2024,1,20,2
4,1,1,1,14354.0,312.98,3.93,0.2,2,0.63,80.84,1,2024,8,21,6
5,8,0,3,4080.94,493.2,3.42,6.1,4,0.677,0.86,1,2024,8,17,2
4,0,2,1,12964.86,267.26,4.4,4.9,3,0.947,11.62,0,2024,5,14,5
2,8,2,0,2947.75,57.44,2.04,2.0,3,0.528,2.62,1,2024,8,4,3
3,1,2,1,12882.17,414.31,2.8,10.0,4,0.796,34.08,1,2024,1,23,5
5,7,2,4,691.82,126.67,2.85,9.0,1,0.686,2.19,0,2025,8,26,5
0,1,1,0,7920.82,388.87,1.99,2.9,2,0.693,51.11,1,2025,5,31,2
6,3,3,0,11656.92,478.6,3.15,5.4,1,0.942,30.59,0,2024,6,22,2
3,7,3,3,14054.54,348.7,2.66,3.2,4,0.927,67.28,1,2024,5,6,1
3,7,3,2,13683.43,298.42,2.67,7.8,3,0.799,31.6,0,2025,1,10,0
0,4,1,2,12384.56,230.73,2.4,9.3,2,0.636,100.9,1,2025,12,29,1
5,7,1,2,13378.77,182.84,1.26,3.6,4,0.738,33.41,1,2025,10,28,5
0,1,3,2,3388.69,177.15,2.92,8.1,0,0.704,6.02,1,2024,2,8,4
1,0,2,1,4620.67,318.55,2.31,5.0,3,0.677,4.27,1,2025,1,19,3
6,2,1,4,4690.04,375.89,1.2,4.0,2,0.551,30.46,1,2025,10,17,0
3,4,1,3,5967.28,339.58,2.22,9.4,4,0.772,18.48,1,2024,9,18,6
0,1,0,1,6203.15,100.01,2.12,5.1,3,0.651,0.5,0,2025,7,1,5
5,8,3,4,8396.05,247.5,2.5,4.7,1,0.83,22.55,0,2025,9,30,5
4,2,3,0,2818.26,396.03,1.64,6.7,0,0.66,4.46,1,2024,2,19,1
6,3,2,4,10523.08,238.38,2.88,2.6,0,0.716,7.77,0,2025,8,31,3
3,1,0,1,2929.71,268.78,3.49,3.2,1,0.526,0.5,0,2024,2,19,1
4,5,2,1,4999.47,385.8,3.28,9.3,4,0.996,12.42,1,2025,11,8,2
2,0,2,1,7798.5,330.97,3.85,6.8,4,0.754,17.81,1,2024,4,20,2
5,7,2,4,12048.39,205.26,2.69,8.3,2,0.512,81.21,1,2025,10,31,0
0,8,0,2,11222.3,447.81,2.91,2.7,2,0.771,4.72,1,2024,1,21,3
5,5,1,3,9860.25,82.12,3.87,5.4,4,0.935,25.45,1,2024,2,19,1
2,8,1,1,2758.71,497.76,2.61,9.7,4,0.886,8.64,1,2025,12,7,3
0,1,2,0,8432.16,60.31,3.52,3.2,2,0.85,46.78,1,2024,4,28,3
0,7,2,3,1767.97,8.46,2.63,1.6,1,0.57,1.73,0,2025,3,2,3
7,6,1,4,5971.77,445.12,2.58,5.1,4,0.829,15.54,1,2025,3,30,3
4,1,2,1,6495.99,123.23,3.71,3.9,3,0.883,6.45,0,2025,1,24,0
6,3,1,0,1077.27,365.12,1.78,1.6,0,0.786,0.88,0,2024,5,6,1
3,0,3,1,4472.83,405.7,2.32,8.9,0,0.946,9.38,1,2025,7,14,1
6,8,2,1,14356.92,429.63,1.94,9.9,2,0.638,102.3,1,2024,9,15,3
6,3,0,0,14327.67,495.81,2.39,5.7,2,0.621,7.12,1,2025,4,30,6
0,7,0,3,5608.74,147.73,1.96,7.7,0,0.935,0.68,1,2025,12,19,0
6,1,1,2,1124.95,355.41,3.11,8.6,4,0.813,3.02,1,2024,6,5,6
2,6,0,2,3096.88,58.58,3.83,7.0,3,0.501,0.5,0,2024,7,29,1
6,1,3,4,6187.16,204.0,3.8,0.4,4,0.677,26.5,1,2025,12,12,0
2,3,0,2,14242.81,424.14,2.4,1.6,4,0.929,1.43,1,2025,12,3,6
2,6,2,3,2547.39,184.46,4.46,0.7,4,0.514,3.91,1,2025,10,7,5
3,8,0,1,11570.98,295.96,3.16,0.1,3,0.502,1.18,0,2024,1,10,6
5,3,0,1,2075.9,252.38,2.52,3.1,2,0.641,0.67,1,2024,11,4,1
4,2,3,2,14728.23,323.33,3.96,3.9,0,0.957,24.16,0,2025,3,6,4
3,0,0,4,6033.44,486.47,3.61,2.4,4,0.951,1.14,0,2025,11,8,2
7,7,0,1,11740.9,28.81,3.67,0.6,3,0.759,0.56,1,2024,4,13,2
6,6,3,4,5467.57,287.41,1.85,5.3,1,0.777,14.62,1,2025,11,9,3
0,7,1,2,9601.2,431.65,2.75,2.7,1,0.666,11.34,0,2025,6,16,1
4,5,3,1,3284.23,241.21,4.04,8.0,4,0.622,19.23,1,2024,10,3,4
0,1,3,1,2617.3,40.19,2.86,0.1,3,0.908,4.03,0,2025,9,29,1
6,1,1,4,14101.93,280.71,3.46,8.4,4,0.553,41.85,1,2025,9,12,0
6,4,0,2,13805.89,166.7,3.14,9.5,4,0.744,3.74,1,2025,12,18,4
5,8,1,4,13368.3,78.32,3.98,7.2,0,0.817,12.32,0,2024,5,20,1
3,0,0,0,9568.79,424.67,2.14,7.3,1,0.552,1.48,1,2025,3,4,5
1,6,3,2,12219.89,261.28,3.1,9.3,2,0.76,199.13,1,2024,4,17,6
6,0,1,0,1501.04,466.7,1.61,2.1,1,0.789,2.09,0,2025,6,7,2
2,8,2,3,5354.44,403.2,3.48,9.9,2,0.871,38.24,1,2025,9,24,6
3,5,3,0,5048.7,346.79,3.62,7.7,2,0.617,77.77,1,2024,4,30,5
3,6,3,2,9716.86,3.51,1.34,7.3,1,0.647,27.77,1,2024,10,16,6
6,4,2,1,5661.39,214.48,3.43,3.6,2,0.785,32.43,1,2024,4,26,0
7,2,2,2,2653.35,99.55,2.57,5.5,1,0.992,3.13,1,2024,4,18,4
5,1,0,4,9148.77,455.49,1.61,6.5,0,0.609,0.87,0,2025,5,24,2
2,4,2,1,12308.57,88.12,2.59,6.2,3,0.993,11.33,0,2024,7,22,1
0,1,1,3,6040.79,143.74,1.84,7.0,0,0.857,6.46,0,2025,9,15,1
5,7,3,2,2417.9,258.9,2.57,0.8,3,0.913,4.52,0,2024,7,23,5
2,7,0,4,3351.98,132.42,2.47,3.6,2,0.545,1.68,1,2024,9,26,4
0,6,0,3,3943.51,105.72,3.64,4.3,3,0.65,0.5,0,2025,6,19,4
1,6,3,3,4848.52,299.95,3.75,2.6,3,0.529,9.62,0,2024,7,25,4
5,5,3,1,9820.53,45.38,3.2,1.7,0,0.686,14.51,1,2025,1,1,6
3,8,3,0,9213.71,30.03,1.27,1.4,3,0.991,15.53,0,2025,12,21,3
7,1,0,0,10593.16,186.75,4.27,3.7,0,0.553,0.69,0,2025,2,23,3
5,1,2,3,5756.28,360.61,3.46,4.9,1,0.781,7.0,1,2024,10,29,5
5,2,2,3,12447.97,277.85,1.31,0.6,0,0.503,8.44,0,2024,6,13,4
5,0,2,1,3459.27,212.02,3.9,9.5,0,0.856,2.98,1,2024,2,10,2
0,8,3,2,7301.09,283.31,1.86,7.7,2,0.599,112.18,1,2025,7,15,5
3,2,0,1,12113.61,183.36,3.11,7.3,4,0.565,2.84,1,2025,5,23,0
7,7,3,1,3112.3,468.14,2.74,1.7,2,0.669,37.44,1,2024,7,31,6
2,0,3,3,2093.02,28.4,2.59,6.0,1,0.886,5.94,0,2025,12,5,0
4,1,3,3,13313.42,337.02,4.14,5.3,1,0.553,35.04,1,2025,5,7,6
0,8,1,1,5472.48,445.75,2.64,9.8,3,0.615,7.31,0,2024,12,4,6
1,3,0,3,10416.12,402.14,1.45,7.5,2,0.504,6.32,1,2024,8,28,6
5,0,0,4,867.55,92.84,4.32,5.8,2,0.984,0.87,1,2024,1,3,6
1,0,1,2,10505.68,148.67,4.24,8.5,3,0.796,12.38,0,2024,1,14,3
2,7,0,0,5083.47,358.81,3.46,1.6,2,0.86,3.25,1,2025,11,18,5
1,7,2,0,1308.24,43.05,2.74,0.2,1,0.826,1.42,1,2024,4,1,1
3,7,0,1,9342.29,406.12,1.51,6.9,2,0.572,5.36,1,2024,4,23,5
3,5,3,0,3991.66,359.73,3.81,1.0,2,0.797,46.15,1,2025,8,10,3
0,2,3,3,6108.71,365.07,1.45,1.2,1,0.566,13.41,0,2025,11,16,3
4,1,1,3,1668.42,51.02,1.43,7.4,3,0.701,1.97,1,2025,5,20,5
3,0,3,0,2633.87,359.16,2.97,2.7,2,0.784,32.83,1,2024,6,1,2
6,4,1,1,4820.67,340.23,1.73,6.3,1,0.779,6.45,0,2024,4,2,5
3,6,0,1,1801.51,415.63,1.23,9.2,3,0.56,0.5,1,2025,6,7,2
0,7,1,0,13706.98,21.76,2.6,3.2,0,0.517,11.05,0,2024,3,17,3
2,8,0,3,587.68,12.53,1.65,2.2,4,0.899,0.5,0,2024,4,13,2
6,6,0,1,7515.97,187.13,1.73,1.1,3,0.863,0.5,0,2024,9,19,4
6,5,3,2,2287.09,75.25,1.45,1.3,4,0.541,9.96,1,2025,10,21,5
6,6,1,2,4961.35,279.63,1.88,0.6,2,0.564,28.41,1,2024,8,24,2
4,5,0,2,13927.86,458.76,3.56,0.9,4,0.946,2.79,0,2025,4,12,2
6,1,2,1,2844.57,196.35,3.87,4.3,1,0.885,4.11,1,2024,10,30,6
5,2,0,1,14504.57,422.63,2.69,3.2,3,0.998,1.39,0,2024,9,27,0
7,3,3,0,3484.02,1.12,2.87,7.1,2,0.627,51.77,1,2025,4,20,3
6,1,3,1,11252.71,85.09,1.31,8.7,0,0.744,22.26,1,2024,2,21,6
3,7,2,0,8426.82,16.18,1.43,7.8,1,0.618,10.77,1,2024,4,12,0
1,6,2,0,13324.94,164.75,2.05,5.3,2,0.811,80.53,1,2024,6,27,4
7,0,2,4,8532.9,454.19,2.99,1.0,1,0.558,8.5,0,2024,2,10,2
0,7,0,4,8251.11,49.38,3.64,7.1,4,0.564,1.7,1,2024,10,24,4
5,8,2,3,3334.14,303.6,3.2,3.6,4,0.536,6.85,1,2025,1,3,0
1,4,2,1,2910.33,226.3,2.49,0.9,0,0.847,2.68,0,2025,11,24,1
1,4,0,1,13789.09,469.3,1.59,8.4,1,0.747,1.56,1,2024,11,16,2
6,6,0,2,5253.65,62.14,3.78,3.4,0,0.809,0.5,1,2025,3,12,6
0,3,0,2,5895.19,106.8,2.4,2.2,3,0.94,1.15,1,2024,4,28,3
7,6,0,3,11517.44,15.74,3.63,8.7,3,0.87,0.5,1,2024,4,7,3
4,0,2,3,5412.94,217.53,2.89,9.0,3,0.731,3.86,1,2024,2,16,0
7,5,0,4,14304.91,139.64,3.64,3.4,2,0.992,7.36,1,2024,1,10,6
0,2,0,3,11199.95,435.08,4.19,3.5,2,0.728,5.95,1,2024,5,21,5
2,8,2,3,9162.72,302.87,4.24,5.8,2,0.556,56.48,1,2025,11,10,1
4,8,2,3,13272.98,307.43,2.97,7.3,0,0.996,10.15,0,2025,10,24,0
7,7,3,3,1219.29,266.42,2.89,0.6,1,0.511,2.59,1,2024,6,23,3
1,3,1,0,4227.41,46.83,2.08,5.9,0,0.775,3.67,0,2024,12,2,1
5,8,3,1,7243.03,223.06,4.29,9.5,0,0.655,14.58,0,2025,1,1,6
4,3,2,1,3791.19,499.75,2.71,2.6,4,0.752,8.36,1,2025,3,24,1
5,5,0,0,11286.63,417.78,1.62,9.1,0,0.779,0.5,0,2025,9,28,3
6,2,2,3,13828.52,446.84,2.63,9.5,0,0.62,12.3,0,2024,10,1,5
2,4,2,4,6644.67,411.79,1.62,2.7,3,0.778,5.98,0,2024,4,5,0
5,1,3,3,5460.92,52.42,2.86,7.5,2,0.878,83.75,1,2025,1,16,4
2,4,0,3,14442.49,114.5,3.05,2.4,1,0.633,1.88,0,2024,12,16,1
7,4,2,3,6950.36,2.56,2.31,7.4,4,0.692,17.27,1,2024,7,6,2
0,1,1,1,7591.2,152.45,1.44,8.0,4,0.634,22.34,1,2024,4,26,0
1,5,3,0,5598.92,55.2,4.31,2.5,0,0.91,8.92,1,2025,2,14,0
0,1,3,2,13688.45,236.92,3.75,7.2,3,0.862,31.29,0,2025,2,13,4
5,4,3,3,8749.85,338.89,3.97,8.1,0,0.936,16.89,0,2025,4,12,2
2,7,0,1,11551.53,437.38,2.41,3.6,3,0.585,0.5,0,2024,10,5,2
6,6,0,1,12271.2,374.86,3.71,1.7,3,0.537,1.31,0,2025,1,29,6
2,0,0,4,5456.81,469.35,2.8,0.9,0,0.56,0.88,0,2025,12,7,3
4,7,0,1,6788.57,27.9,1.86,5.8,0,0.581,0.58,0,2025,5,4,3
6,6,0,1,12802.84,7.08,1.61,9.8,1,0.767,1.22,0,2025,3,7,0
3,6,0,1,5767.2,331.01,2.34,8.2,4,0.985,0.5,1,2025,10,26,3
3,6,3,3,12012.06,145.39,1.65,4.4,4,0.679,61.0,1,2024,6,19,6
1,7,0,0,14144.39,127.5,4.49,5.4,4,0.979,2.13,1,2024,4,25,4
3,1,1,4,9536.55,166.11,1.36,2.8,4,0.519,21.9,1,2024,5,15,6
3,7,0,0,11253.6,135.63,2.66,1.6,0,0.963,0.62,0,2025,12,13,2
4,6,2,3,12173.91,256.21,2.69,4.8,1,0.591,13.11,1,2024,3,1,0
7,4,3,3,12753.07,220.63,2.19,4.6,4,0.956,65.63,1,2024,6,12,6
0,5,2,4,6228.27,256.7,3.09,5.2,2,0.528,37.32,1,2024,4,16,5
4,2,1,1,1243.32,336.68,1.69,9.5,1,0.974,1.61,1,2025,3,2,3
3,4,3,3,6327.21,194.18,3.79,6.0,2,0.6,90.68,1,2025,8,27,6
7,3,2,3,10269.47,126.4,2.3,6.1,3,0.651,9.13,0,2025,5,9,0
1,0,2,3,7030.08,83.93,3.15,1.3,0,0.745,4.04,0,2025,8,5,5
1,8,2,0,11359.97,175.39,3.56,10.0,0,0.69,9.52,1,2025,11,25,5
7,0,2,3,5676.25,371.16,4.13,7.7,4,0.834,13.89,1,2025,3,24,1
2,8,3,4,9703.79,378.6,3.96,8.8,1,0.987,28.51,1,2024,7,4,4
7,2,3,2,3203.09,333.79,3.21,4.1,1,0.803,7.97,1,2025,9,17,6
1,0,2,1,11365.86,117.78,2.48,5.0,3,0.861,10.28,0,2025,1,23,4
2,8,1,3,8412.59,294.46,2.86,5.2,1,0.544,10.64,1,2025,1,2,4
3,4,0,3,3458.93,285.77,3.74,1.9,4,0.814,0.81,1,2025,9,18,4
2,5,3,3,4732.71,242.65,4.1,6.9,0,0.727,8.16,0,2024,1,30,5
6,0,3,4,11354.83,275.44,1.54,9.0,0,0.943,22.33,0,2025,12,1,1
7,1,1,0,7497.72,246.4,2.47,1.6,4,0.694,16.84,1,2024,5,13,1
2,4,0,0,3632.46,283.16,3.76,0.9,3,0.84,0.58,0,2025,5,9,0
5,5,3,2,14525.43,358.04,2.62,7.4,1,0.614,41.86,1,2025,5,14,6
0,1,0,0,10869.31,55.7,2.3,2.7,2,0.63,5.95,1,2024,4,25,4
2,0,2,0,14378.46,375.06,2.56,6.2,1,0.688,16.65,1,2025,2,25,5
7,6,2,3,6693.02,68.81,3.19,7.0,4,0.652,16.05,1,2025,3,27,4
6,4,2,3,7388.95,34.25,4.5,3.2,4,0.627,14.8,1,2024,2,17,2
0,3,3,0,13520.35,488.06,2.83,8.2,3,0.525,31.09,1,2024,3,5,5
1,5,2,3,8113.22,478.54,1.89,5.5,0,0.918,6.27,1,2024,9,24,5
4,7,3,4,10755.54,31.16,1.74,8.7,3,0.532,25.33,1,2025,11,1,2
6,0,1,2,4156.51,222.18,1.34,7.6,1,0.944,6.6,1,2024,11,17,3
5,8,2,0,6977.53,93.94,3.04,8.7,0,0.563,5.23,1,2024,1,13,2
0,5,0,0,2290.02,243.19,3.0,0.2,1,0.533,0.5,0,2025,12,22,1
6,5,1,4,3486.71,415.26,1.88,2.4,2,0.782,21.23,1,2025,11,25,5
1,7,1,2,513.68,475.36,3.49,0.9,4,0.751,0.71,0,2025,6,21,2
7,6,2,2,1069.34,317.49,3.65,4.4,4,0.746,2.6,1,2025,8,13,6
5,8,0,1,14670.62,177.6,2.06,8.9,2,0.787,8.49,1,2025,8,1,0
3,2,3,3,4014.13,302.06,2.34,4.7,3,0.644,8.0,1,2024,8,17,2
4,3,0,0,10118.01,156.69,4.47,8.5,3,0.831,0.5,1,2025,11,16,3
1,0,2,4,12666.95,455.0,2.44,3.3,0,0.751,9.67,1,2024,12,12,4
0,3,2,4,8484.58,435.33,3.71,3.4,2,0.667,46.95,1,2025,6,15,3
2,1,1,2,2720.6,279.56,2.69,9.0,4,0.913,8.23,1,2025,6,19,4
3,2,2,2,11057.69,163.07,3.82,4.3,2,0.864,63.77,1,2025,12,5,0
2,3,2,3,9203.65,147.4,3.74,7.9,1,0.697,11.57,1,2025,12,18,4
0,2,0,0,11103.13,17.68,3.4,2.4,3,0.924,0.5,0,2025,9,25,4
5,3,1,3,11661.33,408.09,4.02,9.5,3,0.96,14.23,1,2024,4,7,3
3,1,3,1,14643.45,225.74,4.3,5.7,2,0.768,209.65,1,2025,3,19,6
6,1,0,4,8816.67,163.24,3.11,7.6,3,0.607,0.5,1,2025,11,8,2
1,0,1,0,5453.8,236.08,1.98,0.9,1,0.958,6.48,0,2024,9,11,6
1,6,2,3,9902.74,409.55,2.52,4.9,2,0.595,59.36,1,2025,5,8,4
5,1,0,2,1492.39,63.18,3.7,9.0,0,0.524,0.5,1,2024,12,20,0
5,2,1,2,13512.26,428.97,3.35,8.8,1,0.664,20.28,0,2025,11,10,1
2,7,0,2,2231.02,448.86,1.79,0.5,0,0.863,0.5,0,2025,11,23,3
0,1,1,3,5253.72,473.41,1.37,3.0,0,0.962,4.41,0,2025,10,18,2
7,2,1,0,12328.31,199.35,3.45,4.4,4,0.819,31.18,1,2025,1,29,6
2,7,0,4,9161.03,109.35,2.03,1.7,4,0.976,1.43,1,2024,6,1,2
