Origin_Port,Destination_Port,Transport_Mode,Product_Category,Distance_km,Weight_MT,Fuel_Price_Index,Geopolitical_Risk_Score,Weather_Condition,Carrier_Reliability_Score,Lead_Time_Days,Disruption_Occurred,Year,Month,Day,DayOfWeek,Cost_Per_KM,Risk_LeadTime,Weight_Per_KM,Risk_Reliability,High_Risk,Prediction,Probability,Recommended_Action
7,4,1,4,5930.83,197.42,2.43,5.0,2,0.865,41.39,1,2025,10,16,4,0.0004097234282554,206.95,0.0332870778626263,0.675,0,1,0.963058,Prioritize Shipment
7,7,1,0,14285.36,237.24,2.3,7.5,4,0.592,40.92,1,2024,4,24,6,0.000161003992899,306.90000000000003,0.0166072118588541,3.06,1,1,0.90539044,Prioritize Shipment
1,3,1,1,9180.55,170.66,3.2,0.8,2,0.832,53.13,1,2024,10,8,5,0.0003485629945918,42.504000000000005,0.0185893002053253,0.1344,0,1,0.9458379,Prioritize Shipment
0,7,1,4,3136.46,99.05,2.86,8.7,4,0.671,9.4,1,2024,1,31,6,0.0009118560415245,81.78,0.0315801891304209,2.8622999999999994,1,1,0.86630094,Prioritize Shipment
0,5,1,2,3159.37,106.66,1.25,8.5,2,0.95,25.5,1,2024,4,5,0,0.0003956484995426,216.75,0.0337598951689735,0.4250000000000004,1,1,0.9355003,Prioritize Shipment
6,0,1,4,2522.66,218.26,1.29,8.3,4,0.66,6.61,1,2025,7,28,1,0.000511364987751,54.86300000000001,0.0865197846717353,2.822,1,1,0.8677056,Prioritize Shipment
1,7,0,2,5812.25,359.9,1.23,7.7,2,0.836,3.3,1,2025,10,27,1,0.0002116220052475,25.41,0.061920942836251,1.2628000000000004,1,1,0.9176385,Prioritize Shipment
6,8,0,1,11885.05,264.27,1.7,8.8,2,0.693,6.86,1,2025,7,12,2,0.0001430368404003,60.36800000000001,0.0222354975368214,2.7016000000000004,1,1,0.9314838,Prioritize Shipment
6,2,0,4,9090.01,363.32,3.36,4.9,4,0.609,2.04,1,2025,4,4,0,0.0003696365570554,9.996,0.0399691529492266,1.9159,0,1,0.8158039,Prioritize Shipment
1,5,2,4,4916.9,308.98,4.15,3.8,2,0.79,27.96,1,2024,10,11,0,0.0008440277410563,106.248,0.0628404075738778,0.7979999999999998,0,1,0.9121067,Prioritize Shipment
2,6,3,4,4252.31,312.07,3.72,7.2,4,0.531,25.25,1,2025,1,2,4,0.0008748186279927,181.8,0.0733883465692764,3.3768,1,1,0.8483246,Prioritize Shipment
4,3,3,2,8427.3,167.89,3.7,3.6,2,0.758,110.18,1,2024,2,14,6,0.0004390492803151,396.648,0.0199221577492197,0.8712,0,1,0.96886975,Prioritize Shipment
7,4,0,2,3180.39,260.14,4.45,5.0,2,0.955,1.85,1,2025,4,15,5,0.0013991994692474,9.25,0.0817949999842786,0.2250000000000002,0,1,0.88948447,Prioritize Shipment
3,1,2,2,14122.73,93.7,4.18,0.8,2,0.786,70.01,1,2025,1,22,6,0.0002959767693639,56.00800000000001,0.0066346945668436,0.1712,0,1,0.9469097,Prioritize Shipment
2,7,1,4,13475.0,43.4,2.55,8.9,2,0.713,107.82,1,2024,3,21,4,0.0001892393320964,959.598,0.0032207792207792,2.5543000000000005,1,1,0.96684766,Prioritize Shipment
1,4,3,4,3341.75,139.1,3.76,6.7,4,0.572,18.83,0,2025,9,25,4,0.0011251589735916,126.161,0.0416248971347347,2.8676000000000004,0,1,0.8356264,Prioritize Shipment
3,8,2,2,4434.56,461.4,1.32,1.5,2,0.787,23.3,1,2025,12,22,1,0.0002976620002886,34.95,0.1040463991918025,0.3194999999999999,0,1,0.8650933,Prioritize Shipment
0,5,3,1,8369.09,19.32,3.36,6.9,4,0.713,47.52,1,2024,8,21,6,0.0004014773410251,327.88800000000003,0.0023084947108944,1.9803000000000004,0,1,0.89590895,Prioritize Shipment
7,3,3,4,580.07,243.02,3.3,6.1,2,0.735,8.4,1,2025,4,9,6,0.0056889685727584,51.24,0.4189494371368972,1.6165,0,1,0.90864974,Prioritize Shipment
1,4,3,1,10749.43,486.26,4.44,9.3,4,0.9,66.01,1,2025,1,8,6,0.0004130451568129,613.8930000000001,0.0452358869260974,0.9299999999999998,1,1,0.87885845,Prioritize Shipment
7,0,0,3,2180.1,215.15,4.43,3.9,2,0.706,0.8,1,2025,11,17,1,0.0020320168799596,3.12,0.0986881335718545,1.1466,0,1,0.88779527,Prioritize Shipment
0,8,3,2,13015.0,38.37,3.14,6.7,4,0.848,71.68,1,2024,9,30,1,0.0002412600845178,480.2560000000001,0.0029481367652708,1.0184000000000002,0,1,0.8763393,Prioritize Shipment
1,3,3,3,9537.82,53.97,3.04,4.7,2,0.754,130.77,1,2025,12,19,0,0.0003187311146572,614.619,0.0056585257427797,1.1562,0,1,0.9688338,Prioritize Shipment
5,2,1,2,5009.24,98.28,1.31,2.4,2,0.542,31.75,1,2024,3,14,4,0.0002615167171067,76.2,0.0196197427154618,1.0992,0,1,0.9021911,Prioritize Shipment
0,2,0,1,7347.12,60.49,1.95,3.4,2,0.75,3.66,1,2024,9,7,2,0.0002654101198837,12.444,0.0082331580265464,0.85,0,1,0.8825137,Prioritize Shipment
0,8,1,3,11531.38,417.25,2.43,4.6,2,0.864,78.49,1,2025,1,23,4,0.0002107293316151,361.054,0.0361838739162181,0.6256,0,1,0.9681681,Prioritize Shipment
3,8,0,4,11679.02,23.53,3.93,5.9,2,0.816,6.92,1,2025,10,17,0,0.0003365008365427,40.828,0.0020147238381302,1.0856000000000003,0,1,0.9008622,Prioritize Shipment
5,4,1,0,8079.63,422.15,3.14,3.0,2,0.711,50.51,1,2025,7,24,4,0.0003886316576377,151.53,0.0522486797043924,0.8670000000000001,0,1,0.9552605,Prioritize Shipment
5,3,0,4,6699.34,131.94,3.58,5.6,2,0.799,3.61,1,2024,8,12,1,0.0005343809987252,20.216,0.0196944773664271,1.1255999999999995,0,1,0.9050798,Prioritize Shipment
0,1,0,1,868.58,211.43,2.0,6.7,2,0.974,0.93,1,2025,12,2,5,0.0023026088558336,6.231000000000001,0.2434202951944553,0.1742000000000001,0,1,0.90018857,Prioritize Shipment
3,1,1,4,13659.71,158.45,3.52,8.7,2,0.813,108.49,1,2025,2,14,0,0.0002576921471978,943.8629999999998,0.0115998070237215,1.6269000000000005,1,1,0.9666068,Prioritize Shipment
2,7,0,2,3817.57,383.53,2.25,5.8,2,0.826,3.01,1,2025,8,3,3,0.0005893801554391,17.458,0.100464431562486,1.0092000000000003,0,1,0.9042737,Prioritize Shipment
3,4,3,1,12361.21,273.66,2.83,6.4,2,0.848,182.19,1,2025,2,12,6,0.0002289419886888,1166.016,0.0221386094079786,0.9728000000000002,0,1,0.9678587,Prioritize Shipment
5,1,3,1,12980.59,125.62,3.99,4.7,2,0.535,177.59,1,2025,1,5,3,0.0003073820219265,834.673,0.0096775262141397,2.1855,0,1,0.96644795,Prioritize Shipment
4,2,2,1,6552.46,280.05,4.48,2.7,2,0.655,35.77,1,2025,6,5,4,0.0006837126819545,96.579,0.042739673344057,0.9315,0,1,0.9308647,Prioritize Shipment
2,1,2,2,2238.05,50.69,3.26,9.1,2,0.916,15.06,1,2024,4,3,6,0.0014566251871048,137.046,0.0226491812068541,0.7643999999999996,1,1,0.92193496,Prioritize Shipment
0,6,0,4,8022.46,302.0,1.59,0.3,2,0.626,3.33,1,2025,10,4,2,0.0001981935715478,0.999,0.0376443135895972,0.1122,0,1,0.8211443,Prioritize Shipment
0,2,3,2,4150.84,63.93,2.75,9.8,4,0.587,25.66,1,2024,3,6,6,0.0006625165026837,251.468,0.015401701824209,4.0474000000000006,1,1,0.8953063,Prioritize Shipment
7,0,2,4,4630.19,203.8,3.26,7.0,2,0.826,29.71,1,2025,9,2,5,0.0007040747787887,207.97,0.0440154723672246,1.2180000000000004,1,1,0.9389098,Prioritize Shipment
7,7,0,0,1034.86,440.04,3.77,10.0,4,0.801,0.99,1,2025,4,24,4,0.0036430048508977,9.9,0.425216937556771,1.9899999999999995,1,1,0.87253106,Prioritize Shipment
2,3,0,0,13669.86,155.54,4.13,7.0,4,0.539,3.36,0,2025,11,27,4,0.0003021245279761,23.52,0.0113783169688643,3.227,1,1,0.84190017,Prioritize Shipment
4,3,0,2,2600.98,454.5,2.12,9.5,2,0.617,1.27,1,2025,11,29,2,0.0008150773939053,12.065,0.1747418280801851,3.6385,1,1,0.9334259,Prioritize Shipment
5,4,1,4,4009.8,151.18,2.58,6.8,4,0.595,12.07,1,2025,10,18,2,0.0006434236121502,82.076,0.0377026285600279,2.754,0,1,0.84229857,Prioritize Shipment
0,1,0,2,5832.86,308.69,3.03,4.4,2,0.807,1.3,1,2024,6,10,1,0.0005194707227672,5.720000000000001,0.0529225800036345,0.8491999999999998,0,1,0.8992635,Prioritize Shipment
3,5,0,1,1809.2,74.83,4.22,3.0,2,0.683,0.72,1,2025,5,27,5,0.00233252266195,2.16,0.041360822462967,0.9509999999999998,0,1,0.8813709,Prioritize Shipment
5,4,3,1,12611.89,492.34,1.61,1.6,2,0.636,151.28,1,2024,7,1,1,0.0001276573138522,242.048,0.0390377651565308,0.5824,0,1,0.95513666,Prioritize Shipment
1,8,1,1,10324.68,213.33,2.91,1.7,2,0.994,62.57,1,2025,10,16,4,0.000281848928974,106.369,0.0206621415869547,0.0102,0,1,0.9441981,Prioritize Shipment
7,3,3,0,7925.35,11.48,2.89,7.5,2,0.523,121.68,1,2025,9,15,1,0.0003646526651819,912.6,0.0014485164693041,3.5775,1,1,0.9677557,Prioritize Shipment
6,4,1,1,2494.05,456.7,3.6,0.8,2,0.592,14.44,1,2024,1,1,1,0.0014434353761953,11.552,0.1831158156412261,0.3264,0,1,0.8632815,Prioritize Shipment
5,3,1,0,13908.06,67.71,2.48,7.7,2,0.956,107.19,1,2025,5,15,4,0.0001783138697992,825.363,0.0048684000500429,0.3388000000000003,1,1,0.96533793,Prioritize Shipment
6,3,0,0,8550.41,182.34,4.09,5.1,2,0.611,3.97,1,2024,9,2,1,0.0004783396351753,20.247,0.0213252931730759,1.9839,0,1,0.913907,Prioritize Shipment
4,5,3,1,1849.99,166.75,3.28,9.8,4,0.526,12.16,1,2025,8,3,3,0.0017729825566624,119.168,0.0901356223547154,4.6452,1,1,0.8749637,Prioritize Shipment
2,8,1,3,13556.06,382.89,1.26,2.8,2,0.821,85.86,1,2024,3,28,4,9.29473608113272e-05,240.408,0.0282449325246421,0.5012000000000001,0,1,0.95769584,Prioritize Shipment
1,3,3,2,9809.46,152.94,2.92,6.4,2,0.53,143.34,1,2025,7,16,6,0.0002976718392245,917.376,0.0155910722914411,3.008,0,1,0.9707346,Prioritize Shipment
0,4,0,3,633.36,189.22,1.88,4.0,2,0.642,0.5,1,2025,3,9,3,0.0029682960717443,2.0,0.2987558418592901,1.432,0,1,0.8883144,Prioritize Shipment
6,3,2,3,1971.34,401.12,3.8,8.0,2,0.892,13.64,1,2024,8,4,3,0.0019276228352288,109.12,0.2034758083334178,0.8639999999999999,1,1,0.9218984,Prioritize Shipment
0,6,1,1,10120.78,217.83,1.75,7.6,4,0.835,29.43,1,2025,7,6,3,0.0001729115740091,223.668,0.0215230446665177,1.2540000000000002,1,1,0.84472036,Prioritize Shipment
3,5,0,4,573.39,434.9,1.29,1.3,2,0.799,0.5,1,2025,12,7,3,0.0022497776382566,0.65,0.7584715464169239,0.2613,0,1,0.8459681,Prioritize Shipment
7,1,0,0,8740.47,237.68,3.59,9.4,4,0.931,1.36,1,2024,8,18,3,0.0004107330612655,12.784,0.027193045682898,0.6485999999999995,1,1,0.8164963,Prioritize Shipment
6,4,0,4,1858.28,84.84,4.38,9.9,2,0.811,1.43,1,2024,3,6,6,0.0023570183180145,14.157,0.0456551219407193,1.8710999999999995,1,1,0.93516296,Prioritize Shipment
6,1,3,4,14608.65,292.07,3.53,1.5,2,0.614,174.33,1,2025,7,21,1,0.0002416376598795,261.495,0.0199929493827287,0.579,0,1,0.9599853,Prioritize Shipment
4,7,3,3,6199.92,442.29,3.81,3.5,2,0.535,80.05,1,2024,8,23,0,0.0006145240583749,280.175,0.0713380172647389,1.6275,0,1,0.96756494,Prioritize Shipment
0,1,1,4,13434.68,76.72,1.84,8.3,4,0.768,38.63,1,2025,8,25,1,0.0001369589748322,320.6290000000001,0.0057105937767032,1.9256,1,1,0.89234704,Prioritize Shipment
7,1,0,4,3331.02,252.81,3.84,1.0,2,0.641,1.13,1,2024,3,1,0,0.00115280004323,1.13,0.0758956715960876,0.359,0,1,0.8603369,Prioritize Shipment
3,6,0,1,3068.1,184.76,2.11,0.2,2,0.648,0.89,1,2024,3,13,6,0.0006877220429581,0.178,0.0602196799322055,0.0704,0,1,0.8242906,Prioritize Shipment
1,7,0,1,13960.62,291.45,4.39,1.9,2,0.621,7.54,1,2024,8,7,6,0.0003144559482315,14.326,0.0208765799799722,0.7201,0,1,0.88102394,Prioritize Shipment
0,5,3,3,6708.67,399.1,1.73,8.1,2,0.763,104.57,1,2025,7,6,3,0.0002578752569436,847.0169999999999,0.0594901821076308,1.9197,1,1,0.9687918,Prioritize Shipment
7,0,0,1,2957.64,431.62,4.29,6.4,2,0.72,1.5,1,2024,7,13,2,0.0014504807887369,9.6,0.145933920287797,1.7920000000000005,0,1,0.9130867,Prioritize Shipment
6,0,2,1,8573.62,240.8,1.24,9.2,2,0.808,59.8,1,2024,4,6,2,0.000144629689676,550.16,0.0280861526403082,1.7663999999999993,1,1,0.9675386,Prioritize Shipment
6,6,3,2,9417.6,102.79,3.45,6.7,2,0.92,139.45,1,2025,3,9,3,0.0003663353720693,934.315,0.0109146704043493,0.5359999999999997,0,1,0.9694499,Prioritize Shipment
0,3,0,0,8015.78,28.25,4.31,4.7,2,0.964,3.64,1,2024,2,25,3,0.0005376894076434,17.108,0.0035242983215607,0.1692000000000001,0,1,0.8851514,Prioritize Shipment
0,6,3,4,13221.91,485.95,3.92,6.4,2,0.532,193.11,1,2025,11,20,4,0.0002964775890926,1235.9040000000002,0.0367533888825442,2.9952,0,1,0.9653404,Prioritize Shipment
5,7,2,4,10686.02,235.23,2.51,6.2,4,0.677,25.24,1,2024,4,10,6,0.0002348863281184,156.488,0.0220128728937434,2.0026,0,1,0.82611775,Prioritize Shipment
3,6,1,0,12246.64,65.41,2.63,6.1,4,0.911,32.91,0,2024,4,21,3,0.0002147527811709,200.751,0.0053410568123175,0.5428999999999998,0,1,0.80062777,Prioritize Shipment
5,1,2,4,13072.55,149.63,4.43,3.6,2,0.797,73.88,1,2024,9,11,6,0.0003388780306826,265.968,0.011446121835449,0.7307999999999999,0,1,0.9601001,Prioritize Shipment
3,1,1,0,13741.99,390.24,1.49,7.5,4,0.999,39.87,1,2024,7,15,1,0.000108426799903,299.025,0.0283976338215935,0.0075,1,1,0.8386193,Prioritize Shipment
7,3,0,3,7771.99,114.51,2.78,4.9,2,0.637,4.1,1,2025,7,3,4,0.0003576947474199,20.09,0.0147336782471413,1.7787000000000002,0,1,0.90533346,Prioritize Shipment
0,8,3,3,13405.08,494.07,2.55,9.4,4,0.615,81.56,1,2024,10,12,2,0.0001902263917858,766.6640000000001,0.0368569228978864,3.619,1,1,0.90240586,Prioritize Shipment
0,3,2,0,7251.17,491.87,2.61,7.0,2,0.947,46.91,1,2024,4,10,6,0.0003599419128223,328.37,0.0678331910574431,0.3710000000000003,1,1,0.9660601,Prioritize Shipment
5,5,3,4,9067.08,360.51,1.67,10.0,2,0.917,151.27,1,2025,7,7,1,0.0001841827799026,1512.7,0.039760319750129,0.8299999999999996,1,1,0.9673267,Prioritize Shipment
4,8,0,1,12427.71,20.64,2.24,7.0,2,0.759,7.05,1,2024,8,30,0,0.0001802423777188,49.35,0.0016608047661234,1.6869999999999998,1,1,0.9098983,Prioritize Shipment
1,6,0,4,11664.91,234.39,4.08,9.0,4,0.854,3.66,1,2025,5,7,6,0.0003497669506237,32.94,0.0200935969501693,1.314,1,1,0.83116317,Prioritize Shipment
2,4,2,0,14649.86,268.24,3.59,0.8,2,0.859,72.6,1,2025,4,10,4,0.0002450535363477,58.08,0.0183100725877243,0.1128,0,1,0.94695336,Prioritize Shipment
5,7,1,0,7986.36,239.01,4.2,6.0,4,0.684,22.52,1,2024,10,19,2,0.0005258966537947,135.12,0.0299272760055895,1.896,0,1,0.82706827,Prioritize Shipment
1,7,2,0,14458.4,481.07,1.38,0.1,2,0.975,68.95,1,2024,7,13,2,9.544624578099928e-05,6.8950000000000005,0.0332726996071487,0.0025,0,1,0.93074405,Prioritize Shipment
1,8,0,2,12621.71,254.97,3.54,1.7,2,0.68,4.71,1,2024,10,30,6,0.0002804691281926,8.007,0.0202009078009239,0.5439999999999999,0,1,0.87600005,Prioritize Shipment
0,5,1,0,8463.79,141.99,3.02,7.8,2,0.804,65.13,1,2024,11,17,3,0.0003568141459086,508.014,0.0167761723766775,1.5287999999999995,1,1,0.9691233,Prioritize Shipment
2,3,1,4,4559.04,499.4,1.29,8.9,4,0.949,13.7,1,2025,8,21,4,0.0002829543061697,121.93,0.1095406050396574,0.4539000000000004,1,1,0.8076164,Prioritize Shipment
3,1,3,0,9369.95,78.11,1.97,1.7,2,0.88,113.8,1,2024,6,10,1,0.000210246586161,193.46,0.008336223779209,0.204,0,1,0.96114045,Prioritize Shipment
1,8,3,0,11488.77,158.91,3.11,9.4,2,0.826,187.31,1,2024,7,9,5,0.0002706991261901,1760.7140000000002,0.0138317678916019,1.6356000000000004,1,1,0.9678632,Prioritize Shipment
3,6,1,4,1090.57,472.41,3.8,8.3,4,0.674,2.77,1,2025,11,22,2,0.0034844164060995,22.991000000000003,0.4331771458961828,2.7058,1,1,0.8685457,Prioritize Shipment
5,1,0,3,7375.52,454.89,2.36,4.7,2,0.776,3.58,1,2024,5,2,4,0.0003199774388788,16.826,0.0616756513439052,1.0528,0,1,0.9031462,Prioritize Shipment
5,0,0,3,7365.34,474.24,3.07,3.9,2,0.641,3.91,1,2025,8,15,0,0.0004168171462552,15.249,0.0643880662671377,1.4001,0,1,0.8950148,Prioritize Shipment
6,2,0,3,9429.83,269.23,2.63,8.3,4,0.784,2.16,0,2024,3,24,3,0.0002789021647261,17.928000000000004,0.0285508858590239,1.7928,1,1,0.83629787,Prioritize Shipment
7,6,1,3,9708.86,8.08,2.81,4.0,2,0.693,65.2,1,2025,3,5,6,0.0002894263590164,260.8,0.0008322295305525,1.2280000000000002,0,1,0.96292245,Prioritize Shipment
7,2,1,2,7795.48,366.85,3.11,0.1,2,0.641,42.23,1,2025,6,19,4,0.0003989491346267,4.223,0.0470593215555681,0.0359,0,1,0.93063986,Prioritize Shipment
3,4,3,4,8993.75,488.75,2.44,9.3,4,0.913,54.03,1,2024,9,28,2,0.000271299513551,502.479,0.0543432939541348,0.8090999999999997,1,1,0.8875082,Prioritize Shipment
4,7,2,3,14151.24,258.07,1.21,8.4,4,0.567,36.32,1,2024,11,19,5,8.550487448449747e-05,305.088,0.0182365644282762,3.6372,1,1,0.89492434,Prioritize Shipment
1,7,1,4,13627.58,186.12,2.41,4.5,2,0.756,91.73,1,2025,4,14,1,0.0001768472465397,412.785,0.0136575973136829,1.098,0,1,0.9667594,Prioritize Shipment
7,2,1,3,10403.6,391.11,2.73,4.9,2,0.719,71.01,1,2024,8,6,5,0.0002624091660579,347.94900000000007,0.0375937175593063,1.3769000000000002,0,1,0.96886295,Prioritize Shipment
4,7,3,0,12750.69,288.67,1.79,8.4,4,0.791,75.56,1,2024,5,15,6,0.0001403845595806,634.7040000000001,0.0226395591140557,1.7555999999999998,1,1,0.8990851,Prioritize Shipment
3,2,1,0,12309.79,405.18,3.89,8.3,4,0.654,36.66,1,2024,3,11,1,0.0003160086402773,304.278,0.0329152650045207,2.8718,1,1,0.9003934,Prioritize Shipment
1,4,0,1,12150.47,256.04,1.84,6.6,4,0.615,2.36,1,2025,12,21,3,0.0001514344712591,15.576,0.0210724358810811,2.541,0,1,0.8443176,Prioritize Shipment
6,5,3,2,14862.32,70.59,4.13,1.5,2,0.671,176.04,1,2024,1,9,5,0.0002778839373664,264.06,0.004749594948837,0.4934999999999999,0,1,0.9600081,Prioritize Shipment
3,6,0,2,6482.96,285.03,2.99,8.3,2,0.511,4.41,1,2025,11,14,0,0.000461209077335,36.603,0.0439660278638152,4.0587,1,1,0.93202335,Prioritize Shipment
3,0,3,3,5894.26,434.12,3.33,2.9,2,0.636,75.93,1,2025,7,21,1,0.0005649564152243,220.197,0.0736513150081604,1.0556,0,1,0.96542394,Prioritize Shipment
5,8,1,0,11757.99,291.97,3.0,8.1,2,0.931,91.43,1,2024,11,2,2,0.0002551456498942,740.583,0.0248316251332072,0.5588999999999996,1,1,0.9689891,Prioritize Shipment
0,5,2,0,5441.65,359.29,1.37,9.2,4,0.518,13.66,1,2025,11,10,1,0.0002517618736963,125.672,0.0660259296353128,4.434399999999999,1,1,0.8636538,Prioritize Shipment
0,2,3,2,13995.98,186.65,3.66,4.3,2,0.718,188.68,1,2024,4,16,5,0.0002615036603367,811.324,0.0133359721862992,1.2126,0,1,0.96444917,Prioritize Shipment
2,8,0,2,12946.98,47.13,2.87,3.7,2,0.559,6.29,1,2024,5,17,0,0.0002216733168661,23.273,0.0036402311581542,1.6317,0,1,0.88834065,Prioritize Shipment
6,5,2,1,6720.41,229.49,3.34,8.0,4,0.708,17.31,1,2024,9,27,0,0.0004969934870045,138.48,0.0341482141714568,2.3360000000000003,1,1,0.8671715,Prioritize Shipment
4,6,3,2,1995.3,122.75,1.77,6.2,2,0.868,28.41,1,2025,7,20,3,0.0008870846489249,176.142,0.0615195709918308,0.8184,0,1,0.9211347,Prioritize Shipment
2,6,2,4,7826.16,479.11,1.72,8.4,2,0.972,53.31,1,2024,10,5,2,0.0002197757265376,447.804,0.0612190397334069,0.2352000000000002,1,1,0.96228415,Prioritize Shipment
2,5,1,2,12483.63,124.57,1.85,2.0,2,0.855,76.67,1,2024,10,15,5,0.0001481940749605,153.34,0.0099786680636962,0.29,0,1,0.9554976,Prioritize Shipment
1,6,1,4,5140.72,174.68,4.41,9.3,2,0.711,41.39,1,2025,9,11,4,0.000857856487029,384.927,0.0339796759986927,2.6877000000000004,1,1,0.9623528,Prioritize Shipment
4,6,1,3,5130.05,344.2,3.82,7.5,2,0.612,39.94,1,2024,9,27,0,0.0007446321185953,299.54999999999995,0.0670948626231713,2.91,1,1,0.9664641,Prioritize Shipment
4,8,2,1,11409.43,161.05,3.05,3.6,2,0.661,64.07,1,2024,2,15,4,0.000267322732161,230.652,0.0141155167260765,1.2204,0,1,0.9616097,Prioritize Shipment
5,3,1,2,9464.16,338.76,3.32,6.0,4,0.734,26.13,1,2024,4,24,6,0.0003507971124748,156.78,0.0357939848861388,1.596,0,1,0.8010593,Prioritize Shipment
1,5,2,0,11423.98,310.5,3.43,3.1,2,0.574,62.72,1,2024,2,10,2,0.0003002456236793,194.432,0.0271796694321943,1.3206000000000002,0,1,0.9612901,Prioritize Shipment
5,5,1,4,6651.22,107.56,3.96,9.9,2,0.825,55.56,1,2025,11,13,4,0.0005953794942882,550.0440000000001,0.016171469294355,1.7325000000000006,1,1,0.9692992,Prioritize Shipment
4,7,2,0,2222.86,477.38,2.93,5.5,2,0.721,12.62,1,2024,8,30,0,0.0013181216990723,69.41,0.214759364062514,1.5345000000000002,0,1,0.9030721,Prioritize Shipment
0,7,0,2,2204.13,400.27,2.87,1.7,2,0.762,1.68,1,2024,6,15,2,0.0013021010557453,2.856,0.18159999637045,0.4045999999999999,0,1,0.86967963,Prioritize Shipment
0,6,0,4,4642.83,389.09,2.6,9.0,2,0.629,2.71,1,2025,2,25,5,0.0005600032738652,24.39,0.0838044899339411,3.339,1,1,0.93248886,Prioritize Shipment
6,4,3,1,13421.58,351.08,1.64,0.7,2,0.526,153.96,1,2025,1,26,3,0.0001221912770329,107.772,0.0261578741102016,0.3318,0,1,0.95093215,Prioritize Shipment
7,3,0,1,1570.05,165.36,2.17,7.4,4,0.793,0.5,1,2024,8,15,4,0.0013821215884844,3.7,0.1053214865768606,1.5317999999999998,1,1,0.8120713,Prioritize Shipment
0,8,3,4,10588.36,147.66,3.49,2.1,2,0.544,130.6,1,2024,8,21,6,0.0003296072290704,274.26,0.0139455024196381,0.9576,0,1,0.9657353,Prioritize Shipment
2,8,3,4,13566.79,493.7,4.0,8.2,2,0.659,212.15,1,2024,7,16,5,0.0002948376144983,1739.63,0.0363903325694582,2.7962,1,1,0.9633718,Prioritize Shipment
3,4,1,2,13408.82,457.63,2.26,6.9,2,0.615,100.41,1,2024,3,12,5,0.0001685457780774,692.8290000000001,0.0341290285051182,2.6565000000000003,0,1,0.9688523,Prioritize Shipment
1,2,3,1,7107.02,79.02,2.01,5.0,4,0.986,37.44,1,2024,10,12,2,0.0002828189592825,187.2,0.0111185841604498,0.07,0,1,0.81483674,Prioritize Shipment
6,2,0,1,4522.03,284.57,1.98,5.5,4,0.534,0.98,1,2025,10,18,2,0.0004378564494264,5.39,0.0629297019259049,2.563,0,1,0.827059,Prioritize Shipment
0,7,1,4,7223.63,237.74,3.22,3.9,2,0.861,48.31,1,2025,2,13,4,0.0004457592650786,188.409,0.0329114309564581,0.5421,0,1,0.9606083,Prioritize Shipment
4,0,3,0,8963.01,290.08,2.94,4.1,4,0.702,44.53,1,2025,7,3,4,0.0003280148075255,182.573,0.0323641276758588,1.2218,0,1,0.8122536,Prioritize Shipment
7,7,3,0,1627.15,444.61,3.15,0.3,2,0.513,17.77,1,2024,12,5,4,0.00193590019359,5.331,0.2732446301816059,0.1460999999999999,0,1,0.8441202,Prioritize Shipment
7,6,3,0,14628.72,285.08,2.18,0.6,2,0.801,167.07,1,2024,1,29,1,0.000149021923996,100.242,0.0194876927031209,0.1193999999999999,0,1,0.9476194,Prioritize Shipment
6,8,3,1,14800.06,316.23,1.32,8.6,2,0.645,234.84,1,2024,4,28,3,8.918882761286104e-05,2019.624,0.0213668052697083,3.053,1,1,0.9644162,Prioritize Shipment
7,0,0,0,10623.34,259.86,1.32,9.6,4,0.716,2.34,1,2024,9,24,5,0.0001242547070883,22.464,0.0244612334727119,2.7264000000000004,1,1,0.86691576,Prioritize Shipment
2,3,2,2,12300.03,246.51,2.25,9.4,4,0.743,32.14,1,2024,9,28,2,0.0001829263831063,302.11600000000004,0.0200414145331352,2.4158,1,1,0.8865558,Prioritize Shipment
6,1,1,2,13708.44,252.56,2.69,7.7,2,0.823,104.15,1,2025,9,2,5,0.0001962294761475,801.955,0.0184236864296739,1.3629000000000004,1,1,0.96708804,Prioritize Shipment
5,7,3,4,12426.79,162.08,2.89,3.8,4,0.593,61.34,0,2025,3,20,4,0.0002325620695288,233.092,0.0130427890066541,1.5466,0,1,0.80761105,Prioritize Shipment
3,4,0,1,11022.93,232.53,2.1,1.9,2,0.626,4.85,1,2024,11,17,3,0.0001905119600686,9.214999999999998,0.0210951171784634,0.7106,0,1,0.87596136,Prioritize Shipment
2,6,1,1,14024.56,433.98,2.28,8.9,4,0.997,42.61,1,2025,6,7,2,0.0001625719452161,379.229,0.0309442863091605,0.0267,1,1,0.84540254,Prioritize Shipment
5,2,3,4,14815.5,57.87,3.64,4.6,4,0.985,76.23,1,2024,2,15,4,0.0002456886369005,350.658,0.003906044345449,0.069,0,1,0.8365425,Prioritize Shipment
0,7,1,2,12655.77,264.82,2.56,5.3,2,0.909,89.58,1,2025,12,4,4,0.0002022792765671,474.774,0.0209248429767607,0.4822999999999998,0,1,0.96824497,Prioritize Shipment
5,5,1,4,7296.05,18.15,3.72,1.3,2,0.562,43.18,1,2025,11,17,1,0.0005098649269125,56.134,0.0024876474256618,0.5693999999999999,0,1,0.9509937,Prioritize Shipment
4,7,1,1,14995.91,67.57,3.7,6.6,4,0.791,41.67,1,2024,12,4,6,0.0002467339427884,275.022,0.0045058952741114,1.3793999999999995,0,1,0.8631108,Prioritize Shipment
2,7,0,4,8553.76,397.71,1.38,0.9,2,0.603,3.83,1,2024,11,17,3,0.000161332560184,3.447,0.046495342399132,0.3573,0,1,0.8461295,Prioritize Shipment
5,2,0,1,14199.1,53.05,2.61,9.0,2,0.832,8.43,1,2024,5,7,5,0.0001838144671141,75.87,0.0037361522913424,1.5120000000000005,1,1,0.92124546,Prioritize Shipment
7,3,3,2,4086.55,438.69,1.5,6.5,2,0.667,60.7,1,2025,6,3,5,0.0003670577871309,394.55,0.1073497204243188,2.1645,0,1,0.96833986,Prioritize Shipment
0,2,0,0,9289.53,325.13,3.22,3.0,2,0.531,2.85,1,2024,11,30,2,0.0003466267938205,8.55,0.0349996178493422,1.407,0,1,0.8870696,Prioritize Shipment
6,3,1,3,10237.81,25.61,4.06,2.4,2,0.517,64.07,1,2024,7,15,1,0.0003965691881369,153.76799999999997,0.0025015115537404,1.1592,0,1,0.95597064,Prioritize Shipment
0,3,1,0,11698.62,68.7,1.73,8.1,4,0.959,34.04,1,2025,11,11,5,0.000147880690201,275.724,0.0058724875241695,0.3321000000000003,1,1,0.8525231,Prioritize Shipment
5,1,2,4,8633.6,305.58,3.13,0.6,2,0.781,41.5,1,2025,9,22,1,0.0003625370644922,24.9,0.0353942735359525,0.1314,0,1,0.94069016,Prioritize Shipment
1,8,3,1,13211.48,417.65,3.67,3.5,4,0.705,64.01,1,2025,8,5,5,0.0002777887110301,224.03500000000005,0.0316126580822133,1.0325000000000002,0,1,0.807974,Prioritize Shipment
7,3,0,1,2443.22,57.14,1.55,9.2,2,0.702,1.41,1,2025,2,19,6,0.0006344086901711,12.971999999999998,0.0233871693912132,2.7416,1,1,0.9328225,Prioritize Shipment
3,0,3,3,11449.49,138.27,2.22,9.2,4,0.551,69.65,1,2024,1,1,1,0.0001938950992576,640.78,0.0120765204389016,4.130799999999999,1,1,0.90855616,Prioritize Shipment
4,6,1,3,9494.49,319.91,4.41,9.1,4,0.566,29.34,1,2024,11,7,4,0.000464479924672,266.994,0.0336942795242293,3.9494,1,1,0.89618003,Prioritize Shipment
4,2,2,1,3587.98,498.84,4.36,2.2,2,0.523,19.23,1,2024,8,3,2,0.0012151684234583,42.306,0.1390308753114565,1.0494,0,1,0.88542175,Prioritize Shipment
7,1,3,4,6187.54,348.65,4.01,5.1,2,0.84,87.17,1,2024,11,25,1,0.0006480766184945,444.567,0.0563471104833261,0.8160000000000001,0,1,0.9686858,Prioritize Shipment
0,4,2,4,7952.85,487.83,3.28,8.7,2,0.856,54.82,1,2025,11,22,2,0.0004124307638142,476.934,0.0613402742413097,1.2528,1,1,0.966354,Prioritize Shipment
2,8,2,3,11862.97,33.57,3.99,5.7,2,0.581,71.46,1,2024,8,6,5,0.0003363407308625,407.322,0.0028298141190612,2.3883,0,1,0.9684364,Prioritize Shipment
0,6,2,4,6249.87,411.1,2.18,8.8,2,0.507,42.3,1,2025,6,7,2,0.0003488072551909,372.24,0.0657773681692579,4.3384,1,1,0.9656123,Prioritize Shipment
6,0,2,0,13935.52,491.26,4.18,6.6,4,0.836,32.97,1,2024,10,17,4,0.0002999529260479,217.602,0.0352523623086903,1.0824000000000005,0,1,0.8067565,Prioritize Shipment
2,4,0,3,4244.54,220.13,3.92,7.5,2,0.859,2.29,1,2025,11,10,1,0.0009235394176989,17.175,0.0518619214331823,1.0575,1,1,0.91926587,Prioritize Shipment
4,2,2,1,5266.9,351.05,3.03,5.5,2,0.612,31.31,1,2024,4,5,0,0.0005752909681216,172.20499999999998,0.0666521103495414,2.134,0,1,0.92529356,Prioritize Shipment
1,5,3,4,9684.31,230.21,2.95,1.1,2,0.726,114.07,1,2024,8,28,6,0.0003046164362768,125.477,0.023771440608572,0.3014,0,1,0.9543806,Prioritize Shipment
0,6,0,1,2702.59,320.9,1.66,0.3,2,0.758,0.88,1,2024,5,30,4,0.000614225613208,0.264,0.1187379513725722,0.0726,0,1,0.82294655,Prioritize Shipment
6,0,0,3,13503.43,180.67,4.04,1.1,2,0.543,6.26,1,2025,9,17,6,0.0002991832445534,6.886,0.0133795635627392,0.5027,0,1,0.87830514,Prioritize Shipment
3,2,2,0,7372.44,239.46,3.51,2.9,2,0.589,39.25,1,2024,3,15,0,0.0004760974656965,113.825,0.032480427104188,1.1919,0,1,0.94946504,Prioritize Shipment
1,2,3,2,2998.64,341.57,3.21,8.4,4,0.747,17.22,1,2025,2,28,0,0.0010704852866632,144.648,0.1139083050983112,2.1252,1,1,0.86384696,Prioritize Shipment
1,5,1,2,1092.59,357.95,2.76,2.0,2,0.985,6.89,1,2025,8,12,5,0.002526107689069,13.78,0.3276160316312615,0.03,0,1,0.8519749,Prioritize Shipment
2,1,1,0,4539.56,158.52,1.89,9.7,4,0.658,14.2,1,2025,12,14,3,0.0004163399095947,137.73999999999998,0.0349196838460115,3.3174,1,1,0.8700039,Prioritize Shipment
1,3,3,2,1786.19,328.1,4.21,8.0,4,0.845,10.11,1,2025,5,21,6,0.0023569721026318,80.88,0.18368706576568,1.2400000000000002,1,1,0.8279594,Prioritize Shipment
7,1,2,3,2249.22,20.86,2.53,2.6,2,0.696,12.68,1,2025,2,13,4,0.0011248343870319,32.968,0.0092743262108642,0.7904000000000001,0,1,0.8819812,Prioritize Shipment
1,8,0,2,7181.29,299.24,1.89,2.1,2,0.851,4.34,1,2024,9,6,0,0.0002631839126396,9.114,0.0416693936604704,0.3129,0,1,0.85869676,Prioritize Shipment
6,6,0,2,3491.84,434.98,3.34,7.8,4,0.508,0.83,1,2024,5,31,0,0.0009565157624633,6.473999999999999,0.1245704270527859,3.8376,1,1,0.8691038,Prioritize Shipment
6,6,1,2,7799.55,225.07,3.67,6.8,2,0.915,58.26,1,2025,12,5,0,0.0004705399670493,396.168,0.0288567930201101,0.5779999999999997,0,1,0.9686252,Prioritize Shipment
4,8,0,0,12091.45,335.71,3.68,7.4,2,0.75,6.65,1,2025,3,11,5,0.0003043472867191,49.21000000000001,0.0277642466370865,1.85,1,1,0.9254369,Prioritize Shipment
2,5,2,2,13166.89,211.23,2.49,8.7,2,0.699,89.62,1,2025,12,13,2,0.0001891107163498,779.694,0.01604251269662,2.6187,1,1,0.9660801,Prioritize Shipment
3,1,2,3,1385.63,438.68,4.27,5.5,2,0.647,8.15,1,2025,4,20,3,0.0030816307383644,44.825,0.3165924525306178,1.9415,0,1,0.91040707,Prioritize Shipment
3,8,1,0,12189.92,275.73,1.64,10.0,4,0.719,37.3,1,2025,7,24,4,0.0001345373882683,373.0,0.0226195085775788,2.8100000000000005,1,1,0.8993414,Prioritize Shipment
2,0,2,1,3535.57,455.65,2.16,8.4,2,0.942,23.87,1,2025,4,12,2,0.000610934021954,200.508,0.128875966251552,0.4872000000000004,1,1,0.93766385,Prioritize Shipment
6,3,3,1,5871.85,410.43,3.23,8.1,2,0.802,91.82,1,2024,5,16,4,0.0005500821717176,743.742,0.0698979027052802,1.6037999999999994,1,1,0.9702232,Prioritize Shipment
5,3,2,0,7525.58,380.26,4.18,7.3,2,0.847,48.32,1,2025,4,20,3,0.000555438916336,352.736,0.0505289957717544,1.1169000000000002,1,1,0.96854794,Prioritize Shipment
6,6,0,0,3566.0,164.04,2.77,9.0,4,0.526,1.09,1,2025,6,17,5,0.0007767807066741,9.81,0.0460011217049915,4.266,1,1,0.8747465,Prioritize Shipment
2,0,2,4,7727.41,290.8,3.44,1.4,2,0.848,39.58,1,2025,12,31,6,0.0004451685622996,55.41199999999999,0.0376322726502152,0.2128,0,1,0.9418907,Prioritize Shipment
3,8,3,4,9009.2,103.74,3.99,7.7,2,0.687,139.21,1,2024,10,5,2,0.000442880610931,1071.917,0.0115148958842072,2.4100999999999995,1,1,0.969463,Prioritize Shipment
1,4,2,3,11308.87,176.89,3.08,2.4,2,0.604,60.49,1,2024,12,9,1,0.0002723525869516,145.176,0.0156417042551554,0.9504,0,1,0.9549504,Prioritize Shipment
7,6,1,3,8776.29,314.55,3.06,3.8,2,0.584,58.16,1,2024,8,24,2,0.0003486666917342,221.008,0.0358408849297368,1.5808,0,1,0.96378297,Prioritize Shipment
0,7,3,2,1975.85,309.52,3.14,6.9,2,0.983,29.9,1,2024,8,7,6,0.0015891894627628,206.31,0.1566515676797327,0.1173000000000001,0,1,0.9289676,Prioritize Shipment
5,0,1,1,2716.46,390.95,1.66,8.2,2,0.924,22.33,1,2024,3,6,6,0.0006110894325703,183.106,0.1439189238935968,0.6231999999999996,1,1,0.92435914,Prioritize Shipment
6,8,2,3,2829.88,417.39,2.01,0.3,2,0.73,13.3,1,2025,2,21,0,0.0007102774675957,3.99,0.1474938866665724,0.081,0,1,0.8227943,Prioritize Shipment
7,1,0,4,3013.92,425.58,4.2,6.2,4,0.539,1.62,1,2025,4,22,5,0.0013935340022296,10.044,0.1412048096830705,2.8582,0,1,0.84589773,Prioritize Shipment
7,7,1,1,13503.1,143.78,1.91,6.9,4,0.701,37.6,1,2025,3,1,2,0.0001414490005998,259.44,0.0106479252912294,2.0631000000000004,0,1,0.87750316,Prioritize Shipment
2,0,2,1,14744.49,17.68,3.75,8.1,4,0.576,37.82,1,2025,2,2,3,0.0002543322963357,306.342,0.0011990919997911,3.4344,1,1,0.8913567,Prioritize Shipment
3,0,2,1,6268.91,84.09,3.23,5.9,2,0.562,39.2,1,2025,12,13,2,0.0005152410865684,231.28000000000003,0.0134138151608493,2.5842,0,1,0.9604826,Prioritize Shipment
5,4,0,1,14557.32,356.4,1.82,9.1,4,0.702,3.38,1,2024,1,21,3,0.0001250230124775,30.758,0.024482528377476,2.7118,1,1,0.87003547,Prioritize Shipment
5,8,3,4,8573.06,379.73,2.18,7.9,4,0.762,48.98,1,2025,2,3,1,0.0002542849344341,386.942,0.0442934028223294,1.8802,1,1,0.90818834,Prioritize Shipment
1,3,0,0,8788.38,250.81,2.7,9.3,2,0.755,6.14,1,2025,3,5,6,0.0003072238569565,57.102,0.0285388205789918,2.2785,1,1,0.93122935,Prioritize Shipment
0,1,0,1,3212.13,323.32,2.0,9.0,4,0.773,0.5,1,2025,9,9,5,0.0006226398059854,4.5,0.1006559510356056,2.043,1,1,0.87006235,Prioritize Shipment
5,2,3,1,4685.14,224.54,4.39,8.5,4,0.64,28.11,1,2024,1,30,5,0.0009370050841597,238.935,0.0479259958080228,3.06,1,1,0.89279187,Prioritize Shipment
3,1,2,3,7476.53,146.83,2.42,5.0,2,0.813,43.65,1,2025,11,15,2,0.0003236795679279,218.25,0.0196387896524189,0.9350000000000004,0,1,0.9622498,Prioritize Shipment
0,6,1,3,5380.76,282.73,1.75,4.1,2,0.703,35.67,1,2024,6,18,5,0.0003252328667325,146.247,0.0525446219493157,1.2177,0,1,0.9345689,Prioritize Shipment
7,0,0,3,12243.18,52.63,2.98,0.4,2,0.724,5.57,1,2024,1,28,3,0.0002434008158011,2.228,0.0042987197770513,0.1104,0,1,0.80536765,Prioritize Shipment
2,7,0,0,7337.85,226.99,4.3,1.0,2,0.718,2.69,1,2024,1,28,3,0.000586002711966,2.69,0.030934129206784,0.282,0,1,0.85116214,Prioritize Shipment
1,0,0,1,12706.52,322.07,2.5,0.5,2,0.936,5.73,1,2024,11,30,2,0.0001967493853549,2.865,0.0253468298165036,0.0319999999999999,0,1,0.80355746,Prioritize Shipment
3,4,0,2,12031.38,49.71,2.7,7.2,2,0.616,6.83,1,2025,1,23,4,0.0002244131595876,49.176,0.0041316956159642,2.7648,1,1,0.9215649,Prioritize Shipment
6,8,1,3,5703.04,338.89,2.4,5.1,2,0.667,40.12,1,2025,7,6,3,0.0004208281898776,204.612,0.0594226938615194,1.6982999999999997,0,1,0.9631013,Prioritize Shipment
4,5,0,4,6190.45,314.74,3.76,2.6,2,0.726,2.75,1,2024,12,24,5,0.0006073871850996,7.15,0.0508428304888982,0.7124,0,1,0.88223785,Prioritize Shipment
6,8,3,0,7789.45,495.82,2.94,6.7,2,0.978,115.41,1,2024,9,10,5,0.0003774335800345,773.247,0.0636527611063682,0.1474000000000001,0,1,0.96112484,Prioritize Shipment
5,8,3,4,8381.52,490.0,4.06,0.6,2,0.593,95.46,1,2024,6,5,6,0.0004843990111578,57.276,0.0584619496225028,0.2442,0,1,0.9488901,Prioritize Shipment
5,5,1,2,13643.85,492.81,2.69,1.0,2,0.702,79.36,1,2024,9,1,3,0.0001971584266904,79.36,0.0361195703558746,0.298,0,1,0.9487914,Prioritize Shipment
5,4,0,3,2519.45,455.19,1.71,9.1,4,0.753,0.5,1,2024,8,11,3,0.0006787195618091,4.55,0.1806703844092957,2.2477,1,1,0.87070566,Prioritize Shipment
4,5,2,2,9491.05,315.69,1.8,6.7,2,0.788,60.49,1,2025,12,17,6,0.0001896523566939,405.283,0.0332618624915051,1.4204,0,1,0.9682189,Prioritize Shipment
2,5,1,3,986.22,437.5,3.82,1.4,2,0.68,5.6,1,2024,11,14,4,0.003873375109002,7.839999999999999,0.4436129869603131,0.4479999999999999,0,1,0.88024294,Prioritize Shipment
5,4,3,4,13213.1,34.58,2.37,6.2,4,0.911,71.57,1,2024,1,27,2,0.0001793674459437,443.734,0.0026170996965133,0.5517999999999998,0,1,0.86831707,Prioritize Shipment
7,6,0,4,12408.23,456.19,3.17,2.5,2,0.568,4.75,1,2025,8,12,5,0.0002554755996624,11.875,0.0367651147665702,1.08,0,1,0.8806877,Prioritize Shipment
6,6,1,3,6260.67,359.97,1.87,9.0,2,0.558,49.9,1,2024,7,22,1,0.0002986900763017,449.1,0.0574970410515168,3.978,1,1,0.9687873,Prioritize Shipment
6,8,1,2,13672.53,454.87,1.48,4.4,2,0.567,92.84,1,2025,8,2,2,0.0001082462426485,408.496,0.0332688975632161,1.9052000000000004,0,1,0.9657886,Prioritize Shipment
5,1,0,0,6312.35,410.02,1.23,3.3,2,0.89,2.5,1,2024,12,21,2,0.0001948561153928,8.25,0.0649552068564005,0.3629999999999999,0,1,0.8664419,Prioritize Shipment
0,6,0,3,14235.61,106.5,2.34,9.6,4,0.936,2.88,0,2025,3,14,0,0.0001643765177607,27.648,0.0074812389493671,0.6143999999999995,1,1,0.8092736,Prioritize Shipment
3,4,3,1,2723.6,133.32,3.8,8.0,2,0.526,42.14,1,2025,11,8,2,0.0013952122191217,337.12,0.0489499192245557,3.792,1,1,0.9657164,Prioritize Shipment
7,3,0,2,10601.44,482.21,3.72,1.3,2,0.843,5.11,1,2025,5,16,0,0.0003508957273728,6.643000000000001,0.0454853302947524,0.2041,0,1,0.84264374,Prioritize Shipment
2,8,0,4,2711.82,50.98,3.96,2.8,2,0.945,1.21,1,2025,1,5,3,0.0014602739119853,3.388,0.0187991828366189,0.1540000000000001,0,1,0.8421665,Prioritize Shipment
5,7,1,0,14048.32,171.77,2.16,1.4,2,0.954,83.64,1,2025,3,21,0,0.0001537550397485,117.096,0.0122270848044463,0.0644,0,1,0.9493786,Prioritize Shipment
0,3,2,0,2141.95,208.66,3.17,2.3,2,0.907,11.76,1,2025,10,28,5,0.0014799598496696,27.048,0.0974159060669016,0.2138999999999999,0,1,0.85663575,Prioritize Shipment
1,7,2,3,2307.61,410.6,1.59,6.1,2,0.501,13.72,1,2025,7,5,2,0.0006890245752098,83.692,0.1779330129441283,3.0439,0,1,0.9194563,Prioritize Shipment
0,1,3,2,1294.04,464.45,1.87,0.6,2,0.734,15.26,1,2024,11,26,5,0.0014450867052023,9.156,0.3589147167011839,0.1596,0,1,0.84360874,Prioritize Shipment
1,2,3,4,5530.82,36.28,4.25,5.6,4,0.641,28.71,0,2025,11,15,2,0.000768421319081,160.77599999999998,0.0065596059897085,2.0104,0,1,0.8114185,Prioritize Shipment
1,6,0,4,3756.77,498.12,1.96,7.3,2,0.941,2.55,1,2024,1,30,5,0.0005217247795313,18.615,0.1325926261123252,0.4307000000000003,1,1,0.9159828,Prioritize Shipment
0,6,0,0,3057.61,216.6,2.04,1.3,2,0.851,0.69,1,2024,7,5,0,0.0006671877708406,0.8969999999999999,0.0708396427274897,0.1937,0,1,0.83421504,Prioritize Shipment
3,8,0,0,7726.33,398.4,2.87,8.0,4,0.604,2.86,1,2025,5,14,6,0.0003714570824699,22.88,0.0515639378592423,3.168,1,1,0.8727561,Prioritize Shipment
2,5,2,1,5754.71,206.06,4.14,5.0,2,0.672,33.37,1,2024,9,21,2,0.0007194107087933,166.85,0.0358071909792152,1.6399999999999997,0,1,0.9375967,Prioritize Shipment
4,1,0,1,8918.53,302.55,3.35,9.4,2,0.88,5.44,1,2024,12,14,2,0.0003756224400209,51.136,0.0339237520084587,1.128,1,1,0.92294455,Prioritize Shipment
3,8,2,4,11374.43,479.91,2.44,6.6,2,0.805,72.31,1,2025,7,22,5,0.0002145162438909,477.246,0.0421920043465914,1.2869999999999997,0,1,0.9688722,Prioritize Shipment
3,6,1,3,13521.79,432.03,3.82,9.0,4,0.985,41.04,1,2025,12,8,1,0.0002825069757776,369.36,0.0319506515039798,0.1350000000000001,1,1,0.8613647,Prioritize Shipment
6,6,2,4,1029.97,72.79,3.54,8.5,4,0.758,2.55,1,2025,12,29,1,0.0034369933104847,21.675,0.0706719613192617,2.057,1,1,0.8659246,Prioritize Shipment
3,5,1,2,6891.06,211.92,2.87,2.6,2,0.98,43.17,1,2025,2,18,5,0.0004164816443333,112.242,0.0307528885251325,0.052,0,1,0.94937044,Prioritize Shipment
1,5,2,0,6311.06,359.32,1.48,5.6,4,0.588,14.17,1,2025,12,9,5,0.0002345089414456,79.35199999999999,0.0569349681353053,2.3072,0,1,0.8151298,Prioritize Shipment
7,0,2,0,3137.96,117.28,3.69,9.3,2,0.948,21.95,1,2025,11,10,1,0.0011759232112582,204.135,0.0373746000586368,0.4836000000000005,1,1,0.93362767,Prioritize Shipment
5,3,3,4,2764.21,129.89,2.2,9.1,4,0.662,16.75,1,2025,7,17,4,0.0007958874325756,152.42499999999998,0.0469899175532973,3.0758,1,1,0.86156964,Prioritize Shipment
2,7,3,1,12098.78,240.61,2.9,7.5,2,0.941,185.62,1,2024,5,3,0,0.0002396935889403,1392.15,0.0198871291154975,0.4425000000000004,1,1,0.96828204,Prioritize Shipment
3,0,0,3,9964.82,283.36,1.38,6.9,2,0.961,6.35,1,2024,11,19,5,0.0001384871979624,43.815,0.0284360379816193,0.2691000000000002,0,1,0.89828014,Prioritize Shipment
7,7,3,3,10972.87,359.63,4.02,0.4,2,0.916,123.86,1,2024,7,8,1,0.0003663581177941,49.544,0.0327744701249536,0.0335999999999999,0,1,0.94275916,Prioritize Shipment
7,3,0,3,10187.23,232.5,3.22,2.8,2,0.623,3.79,1,2024,10,10,4,0.0003160819967743,10.612,0.0228226907608839,1.0556,0,1,0.8872463,Prioritize Shipment
7,0,0,2,8954.1,188.53,3.37,2.2,2,0.856,3.62,1,2025,1,4,2,0.0003763639003361,7.964000000000001,0.0210551590891323,0.3168000000000001,0,1,0.8630417,Prioritize Shipment
4,2,2,4,9059.28,203.76,1.22,9.3,4,0.855,23.98,1,2024,10,7,1,0.0001346685387801,223.014,0.0224918536572442,1.3485000000000005,1,1,0.8515864,Prioritize Shipment
2,5,2,4,14252.57,333.54,2.83,5.8,2,0.86,86.42,1,2025,10,15,6,0.0001985606806351,501.236,0.023402095201076,0.812,0,1,0.96664256,Prioritize Shipment
5,4,2,0,11572.28,143.42,3.21,8.2,4,0.779,29.12,1,2025,5,17,2,0.0002773869972036,238.784,0.0123934090775542,1.8122,1,1,0.8519339,Prioritize Shipment
7,1,0,1,2531.64,293.32,2.11,7.8,2,0.612,1.64,1,2024,4,15,1,0.000833451833594,12.792,0.1158616548956407,3.0264,1,1,0.93130803,Prioritize Shipment
4,3,0,3,6665.6,123.48,3.68,0.1,2,0.961,2.8,1,2025,5,5,1,0.0005520883341334,0.2799999999999999,0.018524963994239,0.0039,0,1,0.81943214,Prioritize Shipment
2,4,2,0,825.8,359.06,1.91,8.8,4,0.944,2.19,1,2025,3,27,4,0.0023129086945991,19.272,0.4348026156454347,0.4928000000000004,1,1,0.8117924,Prioritize Shipment
7,4,3,4,4395.82,388.63,3.95,1.5,2,0.703,51.57,1,2024,12,14,2,0.0008985809246056,77.355,0.0884089885391121,0.4455,0,1,0.95377505,Prioritize Shipment
4,7,1,1,8353.7,337.04,2.59,8.6,4,0.519,25.23,1,2024,7,7,3,0.0003100422567245,216.978,0.0403461939021032,4.1366,1,1,0.8919818,Prioritize Shipment
6,4,3,1,4448.46,366.57,1.83,0.3,2,0.553,49.79,1,2024,3,16,2,0.0004113783196881,14.937,0.0824037981683548,0.1340999999999999,0,1,0.9408557,Prioritize Shipment
5,5,1,1,659.44,171.44,3.44,5.5,2,0.636,5.5,1,2024,9,11,6,0.005216547373529,30.25,0.2599781632900643,2.002,0,1,0.91055596,Prioritize Shipment
1,2,0,4,2484.84,169.91,1.39,2.4,2,0.997,0.7,1,2024,5,1,6,0.0005593921540219,1.68,0.0683786481222131,0.0072,0,1,0.83849925,Prioritize Shipment
6,0,2,2,13550.27,4.54,4.27,6.8,2,0.592,86.9,1,2025,7,25,0,0.0003151228720903,590.9200000000001,0.0003350486743068,2.7744,0,1,0.96500534,Prioritize Shipment
4,0,0,0,8024.31,155.15,2.53,7.6,2,0.848,4.64,1,2025,3,29,2,0.0003152919067184,35.264,0.0193349957815687,1.1552000000000002,1,1,0.918612,Prioritize Shipment
2,8,3,0,1181.01,184.99,3.52,4.8,2,0.972,16.27,1,2024,10,31,4,0.0029804997417464,78.09599999999999,0.1566371156891135,0.1344000000000001,0,1,0.88904375,Prioritize Shipment
4,8,1,2,1700.58,200.78,2.24,5.6,2,0.927,12.0,1,2024,11,8,0,0.0013171976619741,67.19999999999999,0.1180656011478436,0.4087999999999997,0,1,0.9000887,Prioritize Shipment
5,0,2,4,4686.06,242.45,4.14,6.7,2,0.963,29.59,1,2025,9,16,5,0.0008834714024148,198.253,0.0517385607525298,0.2479000000000002,0,1,0.9319076,Prioritize Shipment
1,2,0,2,8712.87,468.31,3.37,3.8,2,0.813,4.91,1,2024,8,4,3,0.0003867841480476,18.658,0.0537492238493171,0.7106000000000002,0,1,0.8909645,Prioritize Shipment
5,1,0,2,11122.3,402.75,2.01,9.3,4,0.626,2.42,1,2024,6,9,3,0.0001807180169569,22.506,0.0362110354872643,3.4782,1,1,0.86942655,Prioritize Shipment
2,8,2,1,3616.64,425.22,3.41,5.1,2,0.955,22.35,1,2024,9,2,1,0.0009428640948504,113.985,0.1175732171297115,0.2295000000000001,0,1,0.89276373,Prioritize Shipment
1,3,0,3,4302.83,476.18,2.68,8.6,4,0.686,1.49,1,2025,7,19,2,0.0006228458944462,12.814,0.1106667007527604,2.7003999999999992,1,1,0.87375844,Prioritize Shipment
5,1,1,0,1245.67,75.8,3.63,8.3,2,0.95,9.21,1,2024,6,9,3,0.0029140944230815,76.44300000000001,0.0608507871266065,0.4150000000000004,1,1,0.92142993,Prioritize Shipment
3,4,0,1,2045.67,480.22,4.1,8.9,4,0.571,1.09,1,2025,8,31,3,0.0020042333318668,9.701,0.2347494952753865,3.8181000000000007,1,1,0.8734943,Prioritize Shipment
4,8,2,4,5734.12,37.03,4.07,9.4,4,0.728,14.93,1,2024,8,27,5,0.0007097863316428,140.342,0.0064578348552175,2.5568000000000004,1,1,0.86160237,Prioritize Shipment
0,8,1,3,6967.08,75.54,3.06,9.0,4,0.714,20.95,1,2024,7,21,3,0.0004392083914638,188.55,0.0108424189186861,2.5740000000000003,1,1,0.8652364,Prioritize Shipment
6,5,3,3,7596.66,127.35,2.38,3.8,2,0.578,99.82,1,2024,3,2,2,0.0003132955798995,379.316,0.0167639462605934,1.6036,0,1,0.968977,Prioritize Shipment
7,0,3,1,1071.69,251.43,2.04,9.9,2,0.536,16.94,1,2025,8,5,5,0.0019035355373288,167.70600000000002,0.2346107549757859,4.5936,1,1,0.93069655,Prioritize Shipment
1,7,2,4,13916.1,376.98,4.25,5.4,2,0.65,84.12,1,2025,3,25,5,0.0003054016570734,454.2480000000001,0.0270894862784831,1.89,0,1,0.9668478,Prioritize Shipment
3,4,2,0,3118.34,67.1,3.41,9.9,4,0.813,7.91,1,2024,5,7,5,0.0010935305322703,78.309,0.0215178588608041,1.8513000000000008,1,1,0.8640741,Prioritize Shipment
7,1,3,4,8735.21,273.91,4.27,7.9,2,0.843,135.33,1,2025,4,24,4,0.0004888262560373,1069.1070000000002,0.0313570022930187,1.2403000000000002,1,1,0.96848583,Prioritize Shipment
4,5,0,0,13903.74,428.22,4.19,1.1,2,0.762,6.03,1,2024,10,5,2,0.0003013577641699,6.633000000000001,0.0307989073443548,0.2618,0,1,0.85375375,Prioritize Shipment
6,3,1,4,14191.86,46.27,2.72,8.1,4,0.923,40.25,1,2025,7,6,3,0.0001916591623649,326.025,0.0032603196480235,0.6236999999999996,1,1,0.8833675,Prioritize Shipment
2,5,1,2,12745.97,65.32,2.75,7.5,4,0.794,36.3,1,2024,3,23,2,0.0002157544698441,272.25,0.0051247570800809,1.5449999999999997,1,1,0.86861277,Prioritize Shipment
6,8,0,1,2248.22,117.61,3.6,4.2,2,0.507,1.63,1,2024,9,13,0,0.0016012667799414,6.846,0.0523124961080321,2.0706,0,1,0.90522873,Prioritize Shipment
6,8,1,4,10596.19,118.61,4.32,5.5,2,0.596,75.52,1,2024,4,3,6,0.0004076937087764,415.36,0.0111936460180498,2.222,0,1,0.9690345,Prioritize Shipment
6,1,3,1,11009.12,436.97,2.04,8.1,4,0.602,65.08,1,2025,11,21,0,0.0001853009141511,527.1479999999999,0.0396916374787448,3.2238,1,1,0.91000116,Prioritize Shipment
4,5,1,2,5071.71,433.43,3.76,3.9,2,0.621,33.75,1,2025,8,24,3,0.0007413673100394,131.625,0.0854603279761658,1.4781,0,1,0.9352475,Prioritize Shipment
6,4,3,4,13183.17,257.25,1.28,7.6,2,0.769,202.42,1,2024,10,11,0,9.709349117093993e-05,1538.3919999999998,0.0195135160966596,1.7555999999999998,1,1,0.96547884,Prioritize Shipment
2,4,3,2,14970.04,424.25,4.46,8.4,2,0.788,235.7,1,2025,10,12,3,0.0002979283956489,1979.88,0.0283399376354371,1.7807999999999995,1,1,0.96156174,Prioritize Shipment
1,4,1,1,11624.23,236.48,3.18,3.5,2,0.98,75.89,1,2024,4,3,6,0.0002735665072009,265.615,0.0203437130889529,0.07,0,1,0.9596915,Prioritize Shipment
2,6,1,0,6557.62,286.81,3.88,2.8,2,0.69,41.84,1,2024,4,17,6,0.0005916780783271,117.152,0.0437369045476865,0.8680000000000001,0,1,0.9538908,Prioritize Shipment
7,5,0,4,1110.35,85.26,2.42,9.6,4,0.521,0.6,1,2025,7,17,4,0.0021794929526725,5.76,0.0767865988201918,4.5984,1,1,0.8740017,Prioritize Shipment
7,2,2,0,6702.71,18.54,2.95,1.8,2,0.51,34.78,1,2024,3,31,3,0.0004401204885785,62.604000000000006,0.0027660453756764,0.882,0,1,0.9288358,Prioritize Shipment
7,7,0,3,3664.68,276.3,1.63,7.8,4,0.531,1.48,1,2024,11,27,6,0.0004447864479299,11.544,0.0753953960509512,3.6582,1,1,0.8711188,Prioritize Shipment
4,0,3,2,11902.0,224.2,4.49,5.6,2,0.957,169.85,1,2025,2,17,1,0.0003772475214249,951.16,0.0188371702234918,0.2408000000000002,0,1,0.95828307,Prioritize Shipment
7,0,1,1,13247.22,129.86,3.24,9.9,4,0.962,40.67,1,2025,11,4,5,0.0002445796174593,402.633,0.0098028114578002,0.3762000000000003,1,1,0.88098174,Prioritize Shipment
5,2,2,4,7277.32,229.42,2.49,8.4,2,0.536,47.75,1,2025,4,18,0,0.0003421589266378,401.1,0.0315253417466869,3.8976,1,1,0.96915823,Prioritize Shipment
3,0,0,0,9312.18,170.03,1.33,6.9,2,0.6,5.69,1,2025,5,25,3,0.0001428236997137,39.261,0.0182588824528735,2.76,0,1,0.9228106,Prioritize Shipment
2,0,1,3,7933.98,282.3,2.3,3.9,2,0.735,52.47,1,2025,10,2,4,0.000289892336507,204.633,0.0355811333025795,1.0335,0,1,0.9644486,Prioritize Shipment
6,6,3,2,11803.97,99.9,3.61,4.7,2,0.739,161.96,1,2025,7,16,6,0.0003058293099694,761.2120000000001,0.0084632543118967,1.2267,0,1,0.96860796,Prioritize Shipment
1,7,2,3,3021.48,90.08,1.54,3.3,2,0.568,16.98,1,2024,1,30,5,0.0005096839959225,56.034,0.0298132041251307,1.4256000000000002,0,1,0.89170396,Prioritize Shipment
3,7,0,4,11494.46,41.89,2.96,8.0,4,0.761,2.07,1,2025,9,15,1,0.0002575153595732,16.56,0.0036443643285548,1.912,1,1,0.8531027,Prioritize Shipment
0,7,1,2,2377.97,336.36,2.65,2.3,2,0.813,14.14,1,2025,4,17,4,0.0011143958922946,32.522,0.1414483782385816,0.4301000000000001,0,1,0.8791168,Prioritize Shipment
0,8,0,1,4266.43,143.05,4.01,4.4,2,0.869,2.2,1,2025,5,9,0,0.0009398958848498,9.68,0.0335292035730106,0.5764,0,1,0.8986186,Prioritize Shipment
1,7,3,1,10989.59,188.61,3.76,7.5,4,0.974,62.44,1,2025,4,28,1,0.0003421419725394,468.3,0.0171626057023055,0.1950000000000001,1,1,0.8718011,Prioritize Shipment
6,6,0,4,7690.2,378.4,2.15,9.3,2,0.507,4.58,1,2024,9,6,0,0.0002795766039894,42.594,0.0492054823021507,4.5849,1,1,0.9309188,Prioritize Shipment
4,1,3,4,1675.17,270.29,2.27,9.1,4,0.72,10.18,1,2025,4,12,2,0.0013550863494451,92.638,0.1613507882782046,2.548,1,1,0.86708826,Prioritize Shipment
0,6,0,0,1603.9,52.06,1.74,4.8,4,0.588,0.5,1,2025,1,27,1,0.0010848556643182,2.4,0.0324583826921877,1.9776,0,1,0.80462986,Prioritize Shipment
5,2,3,2,12842.5,205.84,2.22,4.3,2,0.986,173.02,1,2024,7,14,3,0.0001728635390305,743.986,0.0160280319252482,0.0602,0,1,0.9567248,Prioritize Shipment
0,6,3,1,10331.23,55.09,1.91,8.9,2,0.571,166.26,1,2025,2,28,0,0.0001848763409584,1479.714,0.0053323757190576,3.8181000000000007,1,1,0.96728176,Prioritize Shipment
0,5,1,4,13240.13,84.89,3.41,1.0,2,0.843,76.87,1,2024,9,30,1,0.000257550341273,76.87,0.0064115684664727,0.157,0,1,0.9502269,Prioritize Shipment
5,8,1,4,10047.55,244.2,2.34,7.0,2,0.887,75.18,1,2024,10,16,6,0.0002328925957074,526.26,0.0243044324238247,0.7909999999999999,1,1,0.9699023,Prioritize Shipment
5,5,1,1,12833.44,312.92,4.05,3.5,2,0.987,84.08,1,2024,11,1,0,0.0003155817925669,294.28,0.0243831739580346,0.0455,0,1,0.9580046,Prioritize Shipment
3,4,0,2,13272.63,361.94,1.79,0.7,2,0.85,5.98,1,2024,12,19,4,0.0001348640020854,4.186,0.0272696519077228,0.105,0,1,0.810742,Prioritize Shipment
6,8,2,3,12474.34,78.24,2.03,5.4,2,0.533,75.89,1,2025,7,10,4,0.0001627340604793,409.806,0.0062720753162091,2.5218,0,1,0.96819246,Prioritize Shipment
0,4,3,3,11280.87,186.78,3.71,3.9,2,0.568,149.35,1,2024,11,25,1,0.0003288753438342,582.4649999999999,0.0165572336176199,1.6848,0,1,0.9668251,Prioritize Shipment
2,7,1,4,7858.28,493.3,1.89,9.9,2,0.608,65.21,1,2025,8,8,0,0.0002405106460955,645.579,0.0627745511740482,3.8808,1,1,0.9669289,Prioritize Shipment
2,5,3,1,9661.3,28.2,4.31,8.5,4,0.562,57.02,1,2024,11,21,4,0.0004461097367849,484.67,0.0029188618508896,3.723,1,1,0.9083704,Prioritize Shipment
1,3,3,4,4267.15,418.38,3.49,9.4,2,0.585,68.95,1,2025,4,29,5,0.000817876099973,648.13,0.0980467056466259,3.9010000000000007,1,1,0.9695758,Prioritize Shipment
5,1,3,0,9693.08,256.46,4.3,10.0,4,0.995,60.7,1,2025,12,23,5,0.0004436154452454,607.0,0.0264580504855009,0.05,1,1,0.85467833,Prioritize Shipment
7,2,1,4,11807.76,281.24,3.18,5.8,2,0.525,84.87,1,2025,1,30,4,0.0002693144169596,492.246,0.0238182347879699,2.755,0,1,0.9691224,Prioritize Shipment
4,8,3,4,11534.9,99.65,3.32,5.6,4,0.706,61.21,1,2025,10,29,6,0.0002878221744445,342.776,0.0086389999046372,1.6464,0,1,0.88153124,Prioritize Shipment
2,4,1,4,4863.97,68.68,2.14,6.7,4,0.65,13.48,1,2024,4,12,0,0.0004399698188927,90.316,0.0141201528792323,2.345,0,1,0.83957833,Prioritize Shipment
6,6,1,4,10768.5,73.67,3.31,6.5,2,0.967,79.39,1,2025,6,22,3,0.00030737800065,516.035,0.0068412499419603,0.2145000000000002,0,1,0.9656027,Prioritize Shipment
1,5,3,3,8941.47,321.76,1.71,0.5,2,0.68,101.43,1,2024,1,16,5,0.0001912437216699,50.715,0.0359851344353892,0.1599999999999999,0,1,0.9502899,Prioritize Shipment
2,0,1,1,1163.26,346.27,1.62,9.9,2,0.904,9.76,1,2025,11,1,2,0.0013926379313309,96.624,0.2976720595567629,0.9503999999999998,1,1,0.9279874,Prioritize Shipment
4,2,0,1,13137.28,78.77,2.08,5.4,2,0.595,6.58,1,2024,6,7,0,0.0001583280557314,35.532000000000004,0.005995913918254,2.1870000000000003,0,1,0.91111743,Prioritize Shipment
4,5,3,3,14615.59,122.48,3.96,7.1,2,0.936,220.25,1,2024,3,17,3,0.000270943560951,1563.775,0.0083800927639595,0.4543999999999996,1,1,0.964476,Prioritize Shipment
1,0,1,1,2386.25,37.19,4.31,7.6,4,0.543,6.72,1,2024,12,12,4,0.001806181246726,51.072,0.0155851231011,3.4731999999999994,1,1,0.86161864,Prioritize Shipment
3,5,1,4,7585.33,46.12,4.18,10.0,4,0.607,22.93,1,2024,3,23,2,0.0005510636979538,229.3,0.0060801573563707,3.93,1,1,0.889785,Prioritize Shipment
7,3,2,3,6679.63,248.76,1.67,9.7,2,0.704,47.68,1,2025,10,3,0,0.0002500138480724,462.496,0.0372415837404167,2.8712,1,1,0.9678252,Prioritize Shipment
2,1,1,0,1694.53,77.55,2.63,1.3,2,0.841,9.91,1,2024,8,28,6,0.0015520527815972,12.883,0.0457649023623069,0.2067,0,1,0.85030705,Prioritize Shipment
7,3,2,1,9990.41,187.3,2.62,9.8,4,0.953,26.61,1,2025,12,1,1,0.0002622514991877,260.778,0.0187479793121603,0.4606000000000004,1,1,0.84059006,Prioritize Shipment
3,7,1,0,4462.26,76.55,2.66,8.0,2,0.936,34.7,1,2024,10,21,1,0.0005961104910964,277.6,0.0171549842456513,0.5119999999999996,1,1,0.9560446,Prioritize Shipment
1,3,2,2,9758.63,314.48,2.6,9.5,4,0.977,25.14,1,2025,12,21,3,0.0002664308412143,238.83,0.0322258349788853,0.2185000000000002,1,1,0.81488436,Prioritize Shipment
6,6,2,1,6265.12,61.56,3.52,1.4,2,0.725,31.96,1,2024,4,12,0,0.0005618407947493,44.744,0.0098258293536277,0.385,0,1,0.89540356,Prioritize Shipment
7,7,0,4,13464.44,289.7,3.83,1.5,2,0.719,5.58,1,2024,11,2,2,0.0002844529739075,8.370000000000001,0.0215159338227211,0.4215,0,1,0.87219775,Prioritize Shipment
2,8,1,0,9949.17,189.97,1.82,7.1,2,0.863,74.66,1,2024,2,27,5,0.0001829298323377,530.0859999999999,0.0190940550819817,0.9727,1,1,0.9698407,Prioritize Shipment
1,4,3,4,5843.63,421.73,2.88,5.6,4,0.601,30.56,1,2024,10,27,3,0.0004928443450389,171.136,0.0721691825115553,2.2344,0,1,0.8326317,Prioritize Shipment
5,7,1,2,7361.54,325.71,4.09,9.3,4,0.505,22.94,1,2025,1,18,2,0.000555590270514,213.34200000000004,0.0442448183396408,4.6035,1,1,0.8904674,Prioritize Shipment
3,0,2,1,11678.37,272.52,1.76,3.0,2,0.506,63.95,1,2025,2,25,5,0.0001507059632465,191.85,0.023335448354522,1.482,0,1,0.9557816,Prioritize Shipment
3,5,0,0,2403.05,84.23,2.77,3.9,2,0.971,0.67,1,2024,6,23,3,0.0011527017748278,2.613,0.0350512889869124,0.1131000000000001,0,1,0.8499912,Prioritize Shipment
2,3,0,3,2200.97,169.4,4.16,1.0,2,0.564,1.43,1,2025,11,30,3,0.0018900757393331,1.43,0.0769660649622666,0.436,0,1,0.8726362,Prioritize Shipment
0,6,3,3,2315.19,10.02,4.18,2.4,2,0.769,28.91,1,2024,9,3,5,0.0018054673698486,69.384,0.0043279385277234,0.5543999999999999,0,1,0.90350926,Prioritize Shipment
5,4,3,3,10440.7,200.76,2.28,0.5,2,0.624,119.68,1,2025,5,24,2,0.0002183761625178,59.84,0.0192285957838075,0.188,0,1,0.94931257,Prioritize Shipment
0,2,3,2,12064.61,425.92,2.2,7.9,4,0.686,70.45,1,2025,4,15,5,0.0001823515223451,556.5550000000001,0.0353032547260126,2.4805999999999995,1,1,0.91085595,Prioritize Shipment
3,4,1,3,5000.25,79.15,3.22,9.2,2,0.966,40.48,1,2024,9,18,6,0.0006439678016099,372.416,0.015829208539573,0.3128000000000002,1,1,0.96271735,Prioritize Shipment
5,0,2,0,1550.48,250.94,4.15,7.8,2,0.849,11.05,1,2025,4,21,1,0.0026765904752076,86.19,0.1618466539394252,1.1778000000000002,1,1,0.91798484,Prioritize Shipment
5,3,2,0,4729.11,319.47,2.07,3.4,2,0.769,26.18,1,2024,6,10,1,0.0004377144959622,89.012,0.0675539372101727,0.7853999999999999,0,1,0.9003891,Prioritize Shipment
3,6,0,0,10577.24,175.65,1.69,3.8,2,0.749,5.04,1,2024,3,16,2,0.0001597770306809,19.152,0.0166064115024335,0.9538,0,1,0.88884085,Prioritize Shipment
5,4,0,0,7467.35,295.84,1.66,7.9,4,0.826,1.57,1,2024,11,2,2,0.0002223010840525,12.403,0.0396178028350083,1.3746000000000005,1,1,0.8287092,Prioritize Shipment
2,3,0,3,2021.49,326.71,2.19,1.7,2,0.513,0.98,1,2025,10,16,4,0.0010833593042755,1.666,0.161618410182588,0.8279,0,1,0.8791531,Prioritize Shipment
6,6,3,2,4009.65,128.58,2.13,2.1,2,0.774,49.72,1,2025,3,10,1,0.0005312184355242,104.412,0.0320676368261568,0.4745999999999999,0,1,0.95518005,Prioritize Shipment
1,0,0,3,1774.06,433.99,4.33,9.9,4,0.872,0.86,1,2025,1,25,2,0.0024407291748869,8.514,0.2446309594940419,1.2672,1,1,0.8502438,Prioritize Shipment
3,7,2,4,5584.09,216.63,2.33,6.2,2,0.698,34.13,1,2025,8,8,0,0.0004172568851863,211.606,0.0387941455098323,1.8724000000000005,0,1,0.95260495,Prioritize Shipment
5,1,3,0,8729.34,475.9,3.03,8.1,4,0.665,51.07,1,2024,10,29,5,0.0003471052794369,413.667,0.0545172945491869,2.7135,1,1,0.91070306,Prioritize Shipment
7,2,1,1,10497.24,160.54,3.61,8.4,2,0.595,82.99,1,2024,1,23,5,0.00034389992036,697.116,0.0152935438267582,3.4020000000000006,1,1,0.96925575,Prioritize Shipment
4,1,3,1,3402.18,440.74,1.24,3.3,2,0.638,44.71,1,2025,2,9,3,0.0003644721913596,147.543,0.1295463496934318,1.1946,0,1,0.95240414,Prioritize Shipment
1,0,0,4,14075.08,221.88,1.85,6.3,2,0.907,8.06,1,2025,9,12,0,0.0001314379740648,50.778,0.0157640311813503,0.5858999999999998,0,1,0.90839636,Prioritize Shipment
2,3,1,2,10781.38,191.8,1.28,6.3,4,0.551,30.32,0,2024,8,23,0,0.0001187232061201,191.016,0.0177899304170709,2.8286999999999995,0,1,0.84032834,Prioritize Shipment
1,6,2,1,12125.06,184.3,1.67,1.5,2,0.562,60.93,1,2024,8,12,1,0.000137731277206,91.395,0.0151999247838773,0.6569999999999999,0,1,0.9542023,Prioritize Shipment
1,3,0,2,5422.03,263.45,3.54,3.7,2,0.974,3.93,1,2025,10,13,1,0.0006528919980155,14.541000000000002,0.0485888126771707,0.0962,0,1,0.87177974,Prioritize Shipment
5,8,1,4,12314.96,404.59,1.42,4.2,2,0.91,82.61,1,2024,7,13,2,0.0001153069112688,346.962,0.0328535374861144,0.3779999999999999,0,1,0.9656831,Prioritize Shipment
4,6,0,3,13474.84,262.6,2.88,9.1,4,0.937,2.81,1,2024,9,13,0,0.0002137316658305,25.571,0.019488172030243,0.5732999999999995,1,1,0.81039697,Prioritize Shipment
4,3,2,3,1375.11,15.62,4.33,5.9,4,0.672,3.1,0,2025,10,23,4,0.0031488390019707,18.290000000000003,0.0113590912726981,1.9352,0,1,0.8086973,Prioritize Shipment
4,7,1,4,4083.0,309.43,3.19,8.8,2,0.568,32.24,1,2024,2,10,2,0.00078128826843,283.71200000000005,0.0757849620377173,3.801600000000001,1,1,0.95165527,Prioritize Shipment
1,5,3,2,14650.05,41.66,4.32,9.1,2,0.849,236.39,1,2025,8,16,2,0.0002948795396602,2151.149,0.002843676301446,1.3741,1,1,0.9639359,Prioritize Shipment
0,8,1,3,10051.26,233.87,3.96,7.1,2,0.756,75.18,1,2024,10,29,5,0.0003939804561816,533.778,0.0232677296179782,1.7324,1,1,0.9696488,Prioritize Shipment
7,6,0,3,8552.77,19.75,3.95,1.9,2,0.702,4.05,1,2025,3,1,2,0.0004618386791647,7.694999999999999,0.0023091933958238,0.5662,0,1,0.88027143,Prioritize Shipment
1,3,3,3,3393.37,84.95,2.23,3.4,2,0.843,43.93,1,2025,6,27,0,0.0006571638223948,149.362,0.0250341106333821,0.5338,0,1,0.95092976,Prioritize Shipment
3,7,1,0,6669.65,37.47,4.34,5.2,2,0.82,46.65,1,2025,4,24,4,0.0006507088078085,242.58,0.0056179859512867,0.9360000000000004,0,1,0.9649984,Prioritize Shipment
1,4,3,3,5516.06,137.56,4.32,3.6,2,0.915,72.07,1,2024,3,18,1,0.0007831676957828,259.452,0.024938089868493,0.3059999999999999,0,1,0.9650764,Prioritize Shipment
5,1,3,0,8890.79,259.58,1.21,7.6,4,0.841,50.86,1,2025,2,10,1,0.0001360958924909,386.536,0.0291965055973653,1.2084,1,1,0.896516,Prioritize Shipment
7,7,2,2,7556.7,460.46,3.84,5.2,4,0.628,16.94,1,2024,4,2,5,0.0005081583230775,88.08800000000001,0.0609340055844482,1.9344,0,1,0.8145826,Prioritize Shipment
1,0,3,3,13560.18,270.74,1.56,0.6,2,0.868,154.48,1,2024,1,15,1,0.0001150427206718,92.688,0.019965811663267,0.0792,0,1,0.94424,Prioritize Shipment
0,5,0,0,9657.62,235.43,2.43,3.7,2,0.645,5.67,1,2025,11,19,6,0.00025161478708,20.979,0.0243776416964013,1.3135,0,1,0.88982284,Prioritize Shipment
5,5,3,2,13680.97,82.97,4.44,2.5,2,0.887,170.77,1,2025,10,15,6,0.0003245383916491,426.925,0.0060646284583622,0.2825,0,1,0.9573832,Prioritize Shipment
1,4,2,3,3105.41,252.36,2.35,4.3,2,0.837,18.89,1,2025,1,15,6,0.0007567438760099,81.227,0.0812646317233473,0.7009000000000001,0,1,0.89683276,Prioritize Shipment
5,3,2,0,4084.85,105.46,4.23,0.9,2,0.778,21.2,1,2025,9,26,0,0.001035533740529,19.08,0.0258173494742769,0.1997999999999999,0,1,0.84632814,Prioritize Shipment
5,1,3,3,14556.48,14.89,3.2,5.3,2,0.542,205.11,1,2025,4,20,3,0.0002198333663083,1087.083,0.0010229121326034,2.4274,0,1,0.9631617,Prioritize Shipment
5,1,0,2,14562.41,140.6,4.47,3.5,2,0.76,7.95,1,2024,5,23,4,0.0003069546867585,27.825,0.0096549952926747,0.84,0,1,0.89202154,Prioritize Shipment
7,3,1,2,2961.49,375.33,3.35,6.2,2,0.916,21.7,1,2025,5,19,1,0.0011311873415071,134.54,0.1267368790710081,0.5207999999999998,0,1,0.9078179,Prioritize Shipment
4,8,2,4,2930.48,441.34,2.69,8.0,4,0.865,8.07,1,2025,11,17,1,0.0009179383582211,64.56,0.1506033141328382,1.08,1,1,0.8278365,Prioritize Shipment
7,4,0,4,10125.17,30.82,3.97,8.8,4,0.646,1.96,1,2025,3,5,6,0.0003920921821559,17.248,0.0030438995098353,3.1152,1,1,0.86362207,Prioritize Shipment
1,2,3,2,7382.15,444.41,3.15,9.0,4,0.986,45.21,1,2025,8,24,3,0.0004267049572279,406.89,0.0602006190608427,0.1260000000000001,1,1,0.8700011,Prioritize Shipment
1,6,3,0,13089.93,470.4,2.52,9.0,4,0.673,78.96,1,2024,4,11,4,0.0001925143984727,710.64,0.0359360210482408,2.943,1,1,0.90619195,Prioritize Shipment
0,3,0,4,8201.96,100.38,2.57,5.6,2,0.509,4.99,1,2024,2,3,2,0.0003133397383064,27.944,0.0122385381055259,2.7496,0,1,0.9140485,Prioritize Shipment
7,7,1,0,2270.59,457.79,2.44,6.1,2,0.999,16.73,1,2024,8,10,2,0.0010746105637741,102.053,0.201617200815647,0.0061,0,1,0.9003736,Prioritize Shipment
4,1,3,1,7056.89,381.21,3.7,7.3,2,0.561,107.11,1,2025,3,30,3,0.0005243102839919,781.903,0.0540195468542091,3.2046999999999994,1,1,0.96994317,Prioritize Shipment
5,5,0,0,2650.98,131.87,2.95,7.1,2,0.804,0.57,1,2025,12,3,6,0.0011127960226029,4.047,0.0497438683053059,1.3915999999999995,1,1,0.9036377,Prioritize Shipment
7,7,2,0,7588.28,440.94,4.43,8.1,2,0.742,51.19,1,2024,5,5,3,0.0005837950101999,414.639,0.0581080297511425,2.0898,1,1,0.966795,Prioritize Shipment
6,5,3,3,10169.53,258.08,2.73,2.6,2,0.68,128.34,1,2025,4,10,4,0.000268448984368,333.684,0.025377770654101,0.8319999999999999,0,1,0.9678437,Prioritize Shipment
5,1,1,1,934.62,281.51,2.88,6.6,2,0.634,6.49,1,2025,11,9,3,0.0030814662643641,42.834,0.3012026278059532,2.4156,0,1,0.9199283,Prioritize Shipment
5,4,0,2,3426.88,63.94,4.14,6.8,4,0.655,0.5,1,2025,10,16,4,0.0012080959940237,3.4,0.0186583714632552,2.346,0,1,0.83155227,Prioritize Shipment
6,0,3,3,10252.73,361.7,1.94,1.6,2,0.851,122.85,1,2024,12,7,2,0.0001892178961115,196.56,0.0352784087750287,0.2384,0,1,0.95774907,Prioritize Shipment
0,7,2,0,10543.08,484.44,4.16,8.3,4,0.952,26.69,0,2024,7,29,1,0.0003945716052614,221.52700000000004,0.0459486222242456,0.3984000000000003,1,1,0.8221224,Prioritize Shipment
6,1,3,3,10407.1,276.29,4.04,4.1,4,0.688,52.41,1,2024,7,31,6,0.0003881965196836,214.881,0.026548221886981,1.2792,0,1,0.82586205,Prioritize Shipment
5,5,0,4,13099.12,215.74,1.28,0.2,2,0.552,5.94,1,2024,8,26,1,9.771648782513634e-05,1.1880000000000002,0.0164698086589022,0.0896,0,1,0.8082866,Prioritize Shipment
4,6,3,0,10309.44,203.45,2.21,7.5,2,0.818,157.02,1,2024,10,10,4,0.0002143666387311,1177.65,0.0197343405655399,1.3650000000000004,1,1,0.9686355,Prioritize Shipment
7,4,1,1,10053.84,174.3,4.07,6.7,4,0.873,28.67,0,2024,5,13,1,0.0004048204467148,192.08900000000003,0.0173366594256522,0.8509,0,1,0.8053163,Prioritize Shipment
6,1,2,4,9942.88,343.36,1.47,8.4,2,0.83,66.58,1,2024,9,13,0,0.0001478444877138,559.272,0.0345332539465426,1.4280000000000004,1,1,0.9686725,Prioritize Shipment
3,6,2,1,14669.03,269.52,1.64,4.8,4,0.509,32.28,1,2024,5,14,5,0.0001118001667458,154.944,0.0183734030130144,2.3568,0,1,0.8124657,Prioritize Shipment
3,6,1,0,5241.98,357.27,3.52,8.2,2,0.776,41.3,1,2024,9,28,2,0.0006715019897061,338.66,0.0681555442790701,1.8367999999999995,1,1,0.96554106,Prioritize Shipment
4,6,1,2,10584.27,192.42,2.52,5.1,2,0.526,73.58,1,2025,4,7,1,0.000238089164392,375.258,0.0181798083382226,2.4174,0,1,0.9696035,Prioritize Shipment
6,5,3,0,3795.41,206.0,2.57,4.0,2,0.863,51.1,1,2025,11,5,6,0.0006771336957008,204.4,0.0542760861145436,0.548,0,1,0.963408,Prioritize Shipment
3,7,2,1,1561.34,109.63,3.8,3.2,2,0.976,9.44,1,2025,6,17,5,0.0024338068582115,30.208,0.0702153278594028,0.0768,0,1,0.86002356,Prioritize Shipment
2,1,2,3,6006.89,111.67,2.09,3.0,2,0.59,32.76,1,2024,3,3,3,0.0003479337893652,98.28,0.0185903187839297,1.23,0,1,0.91041386,Prioritize Shipment
0,8,2,3,8026.69,101.39,2.22,3.0,2,0.656,44.71,1,2025,2,15,2,0.000276577269086,134.13,0.0126316077984823,1.032,0,1,0.95310575,Prioritize Shipment
2,3,3,1,6282.93,404.01,3.97,3.7,2,0.631,82.81,1,2025,12,30,5,0.0006318707991335,306.39700000000005,0.0643028013999837,1.3653,0,1,0.96852475,Prioritize Shipment
1,0,3,3,8912.5,385.97,4.12,5.9,2,0.942,128.79,1,2025,3,30,3,0.0004622720897615,759.861,0.0433065918653576,0.3422000000000003,0,1,0.966611,Prioritize Shipment
5,7,3,1,10912.78,391.64,3.17,4.4,2,0.915,147.62,1,2024,5,31,0,0.000290485100955,649.528,0.0358881971413333,0.3739999999999999,0,1,0.96753424,Prioritize Shipment
1,0,1,4,3338.78,254.73,3.64,8.7,4,0.8,9.78,1,2024,10,8,5,0.0010902185828356,85.08599999999998,0.0762943350565176,1.7399999999999995,1,1,0.840559,Prioritize Shipment
0,8,1,2,609.66,117.22,3.27,5.5,2,0.741,3.54,1,2025,10,1,6,0.0053636453105009,19.47,0.1922711019256635,1.4245,0,1,0.9009213,Prioritize Shipment
2,3,2,2,4030.49,490.4,3.54,7.2,2,0.562,25.56,1,2025,7,15,5,0.0008783051192286,184.032,0.1216725509801537,3.1535999999999995,1,1,0.9289119,Prioritize Shipment
6,3,2,1,1970.6,94.27,1.43,5.5,2,0.555,12.4,1,2025,6,27,0,0.0007256673094488,68.2,0.047838221861362,2.4475,0,1,0.9131585,Prioritize Shipment
6,5,0,1,3130.86,230.51,3.16,6.1,2,0.732,2.16,1,2024,8,21,6,0.0010093073468631,13.176,0.073625138140958,1.6348,0,1,0.9121092,Prioritize Shipment
1,8,0,3,8726.03,483.7,3.87,7.6,2,0.93,5.14,1,2025,2,12,6,0.000443500652645,39.06399999999999,0.0554318515980348,0.5319999999999996,1,1,0.91841733,Prioritize Shipment
3,7,0,0,4220.16,135.03,2.79,5.5,4,0.56,0.59,1,2025,3,1,2,0.0006611123748862,3.245,0.0319964171974522,2.42,0,1,0.8169685,Prioritize Shipment
4,8,1,2,14462.44,247.92,2.69,6.5,4,0.955,40.34,1,2024,4,7,3,0.0001859990430383,262.21000000000004,0.0171423355948235,0.2925000000000002,0,1,0.84951353,Prioritize Shipment
3,1,0,1,7511.41,43.97,2.6,5.2,2,0.923,4.23,1,2024,11,16,2,0.0003461400722367,21.996,0.0058537611447118,0.4003999999999998,0,1,0.8971023,Prioritize Shipment
5,4,2,1,3574.65,356.79,3.06,3.4,2,0.64,19.98,1,2024,4,3,6,0.0008560278628676,67.932,0.0998111703243674,1.224,0,1,0.8937939,Prioritize Shipment
3,8,0,4,13550.34,477.63,4.0,6.3,4,0.691,2.49,1,2024,4,8,1,0.0002951955449088,15.687,0.0352485620287018,1.9467000000000003,0,1,0.83582586,Prioritize Shipment
6,6,0,0,11817.62,92.72,4.07,7.5,4,0.712,1.76,1,2025,7,23,6,0.0003444009876777,13.2,0.0078459114440978,2.16,1,1,0.861397,Prioritize Shipment
4,0,1,4,12427.91,78.27,3.87,9.0,2,0.569,100.25,1,2025,8,23,2,0.0003113958823325,902.25,0.0062979213721373,3.879,1,1,0.9671536,Prioritize Shipment
1,7,0,2,10179.47,348.81,1.21,5.2,2,0.804,5.22,1,2025,7,29,5,0.0001188666993468,27.144,0.0342660276026158,1.0192,0,1,0.8998916,Prioritize Shipment
0,1,0,4,1885.26,280.5,2.84,6.1,4,0.607,0.5,1,2024,12,3,5,0.0015064235171806,3.05,0.148785843862385,2.3973,0,1,0.8294752,Prioritize Shipment
6,5,3,0,9545.96,193.84,1.53,10.0,4,0.737,59.05,1,2025,11,17,1,0.0001602772272249,590.5,0.0203059723694631,2.63,1,1,0.90740097,Prioritize Shipment
4,8,2,2,9119.91,370.04,4.15,6.7,2,0.592,57.79,1,2024,8,5,1,0.0004550483502578,387.193,0.0405749618143161,2.7336000000000005,0,1,0.969744,Prioritize Shipment
3,6,3,2,10905.17,395.47,3.44,3.6,2,0.592,143.58,1,2025,7,23,6,0.0003154467101384,516.888,0.036264450714661,1.4688,0,1,0.96793413,Prioritize Shipment
5,8,3,2,14873.21,151.53,4.17,8.1,2,0.528,231.26,1,2024,4,27,2,0.0002803698730805,1873.206,0.0101881167548901,3.8232,1,1,0.96416116,Prioritize Shipment
3,2,2,4,2361.72,192.63,2.31,6.5,2,0.805,15.47,1,2024,10,12,2,0.0009781007062649,100.555,0.0815634368172349,1.2674999999999996,0,1,0.9101826,Prioritize Shipment
6,2,2,1,2009.59,427.35,2.17,4.4,2,0.777,11.63,1,2025,8,10,3,0.0010798222523002,51.172,0.2126553177513821,0.9812,0,1,0.90048164,Prioritize Shipment
4,6,0,1,4475.33,59.63,2.9,1.8,2,0.925,1.9,1,2025,7,28,1,0.0006479969074906,3.42,0.013324157101264,0.1349999999999999,0,1,0.82941353,Prioritize Shipment
2,1,1,1,1742.04,460.46,1.91,6.4,2,0.988,12.23,1,2025,9,20,2,0.0010964156965396,78.272,0.2643222888108195,0.0768,0,1,0.8986258,Prioritize Shipment
4,3,1,4,3786.52,183.65,4.33,6.8,2,0.864,28.34,1,2024,1,27,2,0.0011435302071559,192.712,0.0485009982781023,0.9248,0,1,0.92812437,Prioritize Shipment
3,2,0,2,8026.37,59.26,3.8,5.5,2,0.919,3.8,1,2025,12,11,4,0.0004734394252943,20.9,0.0073831632481433,0.4454999999999998,0,1,0.90194744,Prioritize Shipment
1,5,1,3,12105.17,268.89,1.75,10.0,4,0.907,37.66,1,2024,1,30,5,0.0001445663299234,376.6,0.0222128231160735,0.9299999999999996,1,1,0.88839024,Prioritize Shipment
1,4,2,2,9937.72,382.28,1.99,5.3,2,0.958,59.49,1,2024,11,12,5,0.0002002471391828,315.297,0.0384675760637248,0.2226000000000002,0,1,0.9640767,Prioritize Shipment
7,3,0,0,8227.89,124.66,1.88,2.3,2,0.544,3.33,1,2024,12,13,0,0.000228491144145,7.659,0.015150907462302,1.0487999999999995,0,1,0.8789528,Prioritize Shipment
0,7,3,2,5328.53,51.82,1.28,5.7,2,0.897,76.95,1,2024,1,7,3,0.0002402163448455,438.615,0.0097250085858576,0.5871,0,1,0.96920466,Prioritize Shipment
6,2,2,4,14915.02,100.64,2.26,1.8,2,0.678,77.47,1,2024,5,26,3,0.0001515251069056,139.446,0.0067475605128253,0.5795999999999999,0,1,0.955649,Prioritize Shipment
5,3,3,0,11094.43,363.01,1.66,9.5,4,0.739,68.05,1,2025,2,14,0,0.0001496246314592,646.475,0.0327200225698841,2.4795000000000003,1,1,0.90908104,Prioritize Shipment
1,8,3,4,7030.38,350.06,2.58,2.7,2,0.956,88.81,1,2025,4,9,6,0.0003669787408361,239.78700000000003,0.0497924720996589,0.1188000000000001,0,1,0.9615738,Prioritize Shipment
1,5,3,4,5539.79,70.06,4.21,6.1,2,0.866,80.27,1,2024,6,10,1,0.0007599566048532,489.64699999999993,0.0126466887734011,0.8174,0,1,0.96934927,Prioritize Shipment
4,8,1,1,6290.08,453.53,3.23,8.3,2,0.504,48.22,1,2025,9,2,5,0.0005135069824231,400.226,0.0721024215908223,4.1168000000000005,1,1,0.96999556,Prioritize Shipment
2,0,2,0,13941.51,225.45,2.52,8.2,2,0.62,93.54,1,2024,6,8,2,0.000180755169275,767.028,0.0161711321083584,3.116,1,1,0.9670477,Prioritize Shipment
2,8,2,3,8053.89,247.8,2.64,8.5,4,0.619,19.96,1,2024,2,20,5,0.0003277919117345,169.66,0.0307677408059956,3.2385,1,1,0.8597373,Prioritize Shipment
1,5,3,3,11451.42,205.89,1.53,9.8,4,0.992,72.22,1,2024,10,5,2,0.000133607884437,707.7560000000001,0.0179794296253215,0.0784,1,1,0.8530248,Prioritize Shipment
1,4,2,2,4895.36,432.63,3.12,0.2,2,0.835,23.5,1,2025,3,28,0,0.0006373382141456,4.7,0.0883755229441757,0.033,0,1,0.84461755,Prioritize Shipment
2,0,2,0,14085.89,209.57,3.21,5.1,2,0.544,84.27,1,2025,6,8,3,0.0002278876237142,429.77699999999993,0.0148780091282836,2.3256,0,1,0.96689445,Prioritize Shipment
6,2,0,2,6984.44,148.79,2.19,0.2,2,0.876,2.04,1,2024,4,23,5,0.0003135541288922,0.408,0.0213030679624995,0.0248,0,1,0.8108257,Prioritize Shipment
6,2,2,2,7977.35,221.49,4.5,1.5,2,0.671,40.91,1,2025,11,25,5,0.0005640970999141,61.365,0.0277648592577735,0.4934999999999999,0,1,0.9435737,Prioritize Shipment
3,5,0,2,13831.18,174.01,3.28,8.7,2,0.58,8.52,1,2025,11,25,5,0.0002371453484084,74.124,0.0125809945355349,3.654,1,1,0.9298415,Prioritize Shipment
4,0,3,4,3523.4,166.67,3.1,6.3,2,0.971,51.46,1,2025,11,14,0,0.0008798319804734,324.198,0.0473037407050008,0.1827000000000001,0,1,0.962318,Prioritize Shipment
4,0,2,1,13993.63,372.48,3.95,9.0,2,0.838,96.13,1,2024,11,11,1,0.00028227129058,865.17,0.0266178253962695,1.4580000000000002,1,1,0.9664239,Prioritize Shipment
2,1,3,1,13086.82,123.93,1.97,10.0,2,0.834,218.0,1,2024,2,26,1,0.0001505331318074,2180.0,0.0094698330075602,1.6600000000000004,1,1,0.9639492,Prioritize Shipment
2,0,1,2,1673.33,317.26,2.22,6.2,4,0.541,4.97,1,2024,8,4,3,0.001326695869912,30.814,0.1895979872469865,2.8458,0,1,0.8415584,Prioritize Shipment
6,4,0,3,2421.61,347.37,4.33,2.7,2,0.59,0.58,1,2025,3,16,3,0.0017880666168375,1.566,0.1434458893050491,1.1070000000000002,0,1,0.88232917,Prioritize Shipment
6,3,1,0,11589.74,37.3,3.36,4.9,2,0.648,79.42,1,2025,12,21,3,0.0002899115942204,389.158,0.0032183638286967,1.7248,0,1,0.9683007,Prioritize Shipment
6,2,2,3,3035.16,395.28,2.12,7.2,2,0.965,20.64,1,2024,8,23,0,0.0006984804754938,148.608,0.130233661487368,0.2520000000000002,1,1,0.90289134,Prioritize Shipment
6,3,3,4,1488.5,370.7,2.31,6.6,2,0.986,22.72,1,2024,3,14,4,0.0015518978837756,149.952,0.2490426603963721,0.0924,0,1,0.8990329,Prioritize Shipment
4,2,0,3,874.27,331.27,2.73,6.8,2,0.759,0.5,1,2025,2,10,1,0.0031226051448637,3.4,0.3789104052523819,1.6387999999999998,0,1,0.9028577,Prioritize Shipment
4,8,2,1,2032.14,409.16,3.3,0.8,2,0.876,9.02,1,2025,8,10,3,0.0016239038648911,7.216,0.2013443955632978,0.0992,0,1,0.84517306,Prioritize Shipment
6,3,2,1,11821.04,354.74,3.48,4.9,2,0.923,69.86,1,2025,2,18,5,0.0002943903412897,342.314,0.0300092039279115,0.3772999999999998,0,1,0.9683769,Prioritize Shipment
7,2,3,0,7167.11,412.05,2.55,9.2,2,0.523,116.21,1,2024,1,22,1,0.0003557919440332,1069.1319999999998,0.057491792368193,4.3884,1,1,0.9693824,Prioritize Shipment
5,1,0,1,14925.56,208.14,2.53,9.3,2,0.603,8.58,1,2024,6,24,1,0.0001695078777613,79.79400000000001,0.0139452054060283,3.6921,1,1,0.9295188,Prioritize Shipment
7,6,3,2,10536.34,298.44,3.08,7.4,2,0.7,160.19,1,2025,3,22,2,0.0002923216221192,1185.406,0.028324826267945,2.2200000000000006,1,1,0.96881694,Prioritize Shipment
4,8,0,0,1403.23,45.74,2.55,8.1,2,0.753,1.59,1,2025,8,26,5,0.0018172359484902,12.879,0.0325962244250764,2.0007,1,1,0.92906934,Prioritize Shipment
0,4,2,2,7886.62,169.34,1.84,0.3,2,0.822,38.96,1,2025,2,14,0,0.0002333065368941,11.688,0.0214718092161153,0.0534,0,1,0.9308339,Prioritize Shipment
0,7,1,3,14952.1,45.76,3.66,0.5,2,0.955,83.89,1,2025,6,20,0,0.0002447816694644,41.945,0.0030604396706817,0.0225,0,1,0.93936056,Prioritize Shipment
0,2,1,3,9546.49,112.58,1.89,0.5,2,0.995,54.99,1,2024,12,13,0,0.0001979785240439,27.495,0.0117928159983407,0.0025,0,1,0.93778116,Prioritize Shipment
0,8,1,0,8142.1,466.79,2.21,2.6,2,0.736,50.99,1,2024,8,14,6,0.0002714287468834,132.574,0.0573304184424165,0.6864,0,1,0.95420784,Prioritize Shipment
5,8,0,1,2395.3,81.33,2.68,8.6,4,0.774,0.57,1,2024,6,21,0,0.0011188577631194,4.901999999999999,0.0339539932367553,1.9436,1,1,0.86498827,Prioritize Shipment
1,3,2,1,13355.76,282.02,3.54,9.2,2,0.73,92.37,1,2024,3,19,5,0.0002650541788711,849.804,0.021115982916734,2.484,1,1,0.96768004,Prioritize Shipment
5,3,0,1,7021.88,471.94,3.26,5.0,2,0.666,3.87,1,2025,6,6,0,0.0004642631318108,19.35,0.0672099209898203,1.67,0,1,0.90666807,Prioritize Shipment
2,8,2,1,6504.88,469.29,2.17,5.4,4,0.552,14.68,0,2025,6,27,0,0.0003335957004587,79.272,0.0721442978194832,2.4192,0,1,0.8220739,Prioritize Shipment
0,4,2,0,12499.3,86.37,2.26,5.2,4,0.514,27.66,1,2025,6,6,0,0.000180810125367,143.832,0.0069099869592697,2.5272,0,1,0.8118778,Prioritize Shipment
5,2,3,2,11137.41,57.51,2.65,9.1,2,0.646,178.98,1,2024,7,17,6,0.0002379368273234,1628.7179999999998,0.005163678090328,3.2214,1,1,0.9678817,Prioritize Shipment
5,4,3,2,11524.2,496.42,2.01,7.9,2,0.552,178.61,1,2024,5,29,6,0.0001744155776539,1411.0190000000002,0.0430763089845716,3.5392,1,1,0.9667227,Prioritize Shipment
5,0,3,4,3997.42,44.14,1.91,4.7,2,0.598,55.24,1,2024,6,5,6,0.0004778081862801,259.62800000000004,0.0110421221687988,1.8894,0,1,0.96502864,Prioritize Shipment
1,6,1,0,12122.29,225.34,2.88,6.3,2,0.508,88.6,1,2024,3,18,1,0.0002375788732986,558.18,0.0185888969823358,3.0996,0,1,0.96970546,Prioritize Shipment
5,2,0,3,7573.88,286.59,3.97,9.0,2,0.89,4.42,1,2025,10,5,3,0.0005241699102705,39.78,0.0378392580817229,0.99,1,1,0.92364395,Prioritize Shipment
3,6,3,2,6219.91,164.8,1.27,5.6,2,0.747,88.27,1,2025,10,4,2,0.0002041830187253,494.312,0.0264955602251479,1.4167999999999998,0,1,0.9699005,Prioritize Shipment
0,8,1,4,7161.98,57.31,1.23,8.6,2,0.678,56.33,1,2024,11,19,5,0.0001717402170908,484.438,0.0080019771068894,2.7692,1,1,0.96830285,Prioritize Shipment
7,4,2,0,13435.23,318.42,1.99,6.5,2,0.854,84.66,1,2025,3,26,6,0.0001481180448715,550.29,0.0237003758030193,0.949,0,1,0.967993,Prioritize Shipment
2,4,2,3,5073.4,144.34,2.21,3.8,2,0.76,28.79,1,2025,3,28,0,0.0004356053139906,109.402,0.0284503488784641,0.912,0,1,0.9102077,Prioritize Shipment
3,7,3,3,1057.18,178.15,2.18,3.9,2,0.677,13.98,1,2024,2,27,5,0.0020620897103615,54.522,0.1685143494958285,1.2596999999999998,0,1,0.8974513,Prioritize Shipment
1,7,2,3,13575.55,241.47,3.05,4.4,2,0.959,78.64,1,2024,12,26,4,0.0002246686137946,346.016,0.0177871246468835,0.1804000000000001,0,1,0.9587796,Prioritize Shipment
6,1,3,0,9731.71,469.42,4.07,3.6,2,0.795,128.04,1,2025,4,7,1,0.0004182204360795,460.944,0.0482361270526968,0.7379999999999999,0,1,0.96709234,Prioritize Shipment
1,2,0,3,10363.3,159.14,1.8,7.1,2,0.918,5.32,1,2024,4,2,5,0.0001736898478283,37.772,0.0153561124352281,0.5821999999999997,1,1,0.9094495,Prioritize Shipment
3,1,0,2,1545.22,157.11,2.77,1.7,2,0.963,0.5,1,2025,1,28,5,0.0017926249983821,0.85,0.1016748424172609,0.0629,0,1,0.8289256,Prioritize Shipment
5,7,2,1,675.57,263.88,2.5,9.0,2,0.707,5.35,1,2025,8,17,3,0.0037005787705197,48.15,0.3906034903858963,2.6370000000000005,1,1,0.93030083,Prioritize Shipment
3,1,3,3,11193.87,56.16,2.4,7.0,2,0.715,168.59,1,2024,2,12,1,0.0002144030616757,1180.13,0.0050170316432118,1.995,1,1,0.9689062,Prioritize Shipment
7,2,2,4,4799.77,232.71,4.48,7.9,4,0.943,11.58,1,2025,8,8,0,0.0009333780576985,91.482,0.0484835731712144,0.4503000000000004,1,1,0.808775,Prioritize Shipment
3,4,0,2,1926.74,158.92,1.55,0.7,2,0.61,1.37,1,2025,5,28,6,0.0008044676500202,0.959,0.0824812896394946,0.2729999999999999,0,1,0.84969395,Prioritize Shipment
3,5,2,0,9557.62,429.89,3.7,5.2,2,0.999,56.81,1,2024,6,25,5,0.000387125665176,295.41200000000003,0.0449787708655502,0.0052,0,1,0.95400685,Prioritize Shipment
1,0,1,0,9836.61,108.42,3.9,5.1,2,0.648,69.29,1,2025,6,20,0,0.0003964780549396,353.379,0.0110220899273225,1.7951999999999997,0,1,0.96880645,Prioritize Shipment
3,4,2,4,14543.09,107.56,4.29,0.3,2,0.831,69.95,1,2024,6,11,5,0.0002949854535727,20.985,0.0073959523044965,0.0507,0,1,0.94152087,Prioritize Shipment
5,1,1,3,10018.94,79.11,1.53,1.3,2,0.987,59.3,1,2025,9,4,4,0.0001527107658095,77.09,0.0078960448909764,0.0169,0,1,0.945274,Prioritize Shipment
0,8,2,2,13957.21,80.54,1.51,0.4,2,0.695,67.18,1,2025,10,24,0,0.0001081878111742,26.872000000000003,0.0057704942463429,0.122,0,1,0.9433828,Prioritize Shipment
1,2,1,1,12774.46,390.86,3.7,9.5,4,0.652,39.34,1,2025,8,19,5,0.0002896404231568,373.73,0.0305969880527239,3.306,1,1,0.90380955,Prioritize Shipment
4,7,2,2,13824.43,10.68,3.06,7.1,2,0.871,89.8,1,2025,11,10,1,0.0002213472815877,637.5799999999999,0.0007725454141689,0.9159,1,1,0.965725,Prioritize Shipment
0,7,3,3,11448.11,314.35,2.96,6.9,4,0.57,64.43,1,2024,12,24,5,0.0002585579628427,444.56700000000006,0.0274586809525764,2.9670000000000005,0,1,0.8998578,Prioritize Shipment
6,6,0,3,2889.81,90.65,1.27,3.0,2,0.558,1.41,1,2025,7,26,2,0.0004394752596191,4.23,0.0313688443184846,1.3259999999999998,0,1,0.88145214,Prioritize Shipment
2,0,3,3,3595.91,42.37,2.51,9.0,4,0.847,21.56,1,2024,5,10,0,0.0006980152450979,194.04,0.0117828310497203,1.3770000000000002,1,1,0.85182345,Prioritize Shipment
6,6,0,4,11125.62,428.11,3.92,5.2,2,0.734,5.39,1,2025,12,2,5,0.0003523399145395,28.028,0.0384796532687616,1.3832000000000002,0,1,0.9037201,Prioritize Shipment
2,0,1,4,9726.22,161.52,1.76,7.4,4,0.961,28.22,1,2024,1,19,0,0.0001809541630767,208.828,0.0166066570569039,0.2886000000000002,1,1,0.81169367,Prioritize Shipment
6,0,3,3,7192.58,465.93,1.57,4.3,4,0.718,36.57,1,2024,7,3,6,0.0002182805057434,157.251,0.0647792586248606,1.2126,0,1,0.80869883,Prioritize Shipment
6,6,1,0,11033.69,75.55,3.05,2.5,2,0.932,68.81,1,2025,5,12,1,0.0002764261094883,172.025,0.0068472106792922,0.1699999999999998,0,1,0.95349026,Prioritize Shipment
6,8,0,0,14881.24,255.48,2.51,2.3,2,0.59,6.96,1,2024,7,15,1,0.0001686687399705,16.008,0.0171679241783614,0.943,0,1,0.87914306,Prioritize Shipment
2,0,1,0,6321.67,450.48,1.38,5.2,4,0.53,17.81,1,2024,5,20,1,0.0002182967475366,92.612,0.0712596513263109,2.444,0,1,0.80950564,Prioritize Shipment
4,3,1,1,12101.03,465.07,1.61,0.1,2,0.992,67.54,1,2024,6,7,0,0.0001330465257916,6.754000000000001,0.0384322656831691,0.0008,0,1,0.9314088,Prioritize Shipment
4,2,2,4,11129.53,448.22,2.18,6.6,2,0.867,70.49,1,2024,4,13,2,0.0001958752975193,465.2339999999999,0.0402730393826154,0.8778,0,1,0.96921366,Prioritize Shipment
6,5,0,2,5653.08,160.71,3.48,9.4,2,0.551,3.61,1,2025,6,23,1,0.0006155936232991,33.934,0.0284287503449447,4.2206,1,1,0.9329904,Prioritize Shipment
6,1,1,2,575.83,100.59,4.42,1.6,2,0.608,3.51,1,2024,12,10,5,0.0076758765607905,5.616,0.1746869735859541,0.6272000000000001,0,1,0.8816232,Prioritize Shipment
3,6,1,3,4931.26,208.62,4.26,9.5,2,0.793,40.36,1,2025,10,1,6,0.0008638765751552,383.42,0.0423056176311936,1.9665,1,1,0.9649909,Prioritize Shipment
1,7,2,0,13211.44,488.95,3.19,6.6,4,0.627,31.2,1,2024,6,18,5,0.0002414574035835,205.92,0.0370095916872044,2.4618,0,1,0.8494435,Prioritize Shipment
5,1,2,2,6177.12,308.06,2.01,9.6,2,0.875,42.74,1,2025,3,30,3,0.000325394358536,410.304,0.0498711373585101,1.2,1,1,0.9625509,Prioritize Shipment
7,4,2,0,546.66,25.18,1.96,1.6,2,0.903,3.1,1,2025,4,4,0,0.0035854095781655,4.960000000000001,0.0460615373358211,0.1551999999999999,0,1,0.8481862,Prioritize Shipment
0,3,0,0,9484.05,105.93,1.52,7.3,2,0.73,5.24,1,2024,8,27,5,0.0001602690833557,38.252,0.0111692789472851,1.971,1,1,0.9240117,Prioritize Shipment
0,5,0,3,5654.65,283.38,4.43,7.3,4,0.538,0.85,1,2025,6,30,1,0.0007834260299045,6.205,0.0501145075292016,3.3726,1,1,0.8652235,Prioritize Shipment
3,5,1,1,7474.11,324.93,1.27,2.7,2,0.951,46.8,1,2024,7,17,6,0.0001699198968171,126.36,0.043474072498264,0.1323000000000001,0,1,0.951989,Prioritize Shipment
5,7,1,3,9813.72,349.34,2.74,0.6,2,0.742,58.05,1,2025,1,11,2,0.0002792009553971,34.83,0.035597102831546,0.1548,0,1,0.9446066,Prioritize Shipment
5,7,1,3,10308.79,473.86,2.48,1.7,2,0.884,62.59,1,2025,1,26,3,0.000240571395867,106.403,0.0459665974377206,0.1972,0,1,0.9479173,Prioritize Shipment
1,6,3,2,12172.34,238.11,1.81,4.5,4,0.605,61.72,0,2025,5,29,4,0.0001486977853066,277.74,0.0195615633477211,1.7775,0,1,0.86124307,Prioritize Shipment
6,3,2,3,4412.4,159.31,3.81,2.5,2,0.745,23.07,1,2025,6,24,5,0.000863475659505,57.675,0.0361050675369413,0.6375,0,1,0.8891999,Prioritize Shipment
0,2,2,3,7724.71,249.48,1.51,8.8,4,0.873,19.99,1,2024,6,14,0,0.0001954765939433,175.912,0.0322963580509818,1.1176,1,1,0.82685447,Prioritize Shipment
6,4,3,1,1348.99,406.17,1.5,7.3,4,0.554,7.12,1,2025,9,11,4,0.0011119430092143,51.976,0.3010919280350485,3.2558,1,1,0.8592904,Prioritize Shipment
6,3,0,1,8000.4,381.88,3.93,1.2,2,0.5,3.35,1,2025,5,7,6,0.000491225438728,4.02,0.0477326133693315,0.6,0,1,0.8741078,Prioritize Shipment
3,7,0,1,2638.06,115.11,2.1,9.4,2,0.775,1.91,1,2025,7,21,1,0.0007960395138852,17.954,0.0436343373539646,2.115,1,1,0.93168527,Prioritize Shipment
0,5,0,1,9724.57,351.61,2.89,8.9,2,0.85,5.46,1,2024,5,30,4,0.0002971853768341,48.594,0.0361568686327518,1.3350000000000002,1,1,0.9218585,Prioritize Shipment
1,4,3,3,2215.87,266.14,4.39,6.1,2,0.538,32.19,1,2024,4,3,6,0.0019811631548782,196.359,0.1201063239269451,2.8182,0,1,0.9419785,Prioritize Shipment
0,3,1,4,5752.41,181.73,1.53,2.4,2,0.893,35.71,1,2025,2,9,3,0.0002659754781039,85.704,0.0315919762325703,0.2568,0,1,0.9235374,Prioritize Shipment
0,5,0,0,8012.14,207.26,3.25,9.4,2,0.994,4.28,1,2025,1,18,2,0.0004056344497225,40.232000000000006,0.0258682449383061,0.0564,1,1,0.91506106,Prioritize Shipment
1,0,2,3,12708.04,20.37,2.11,6.6,2,0.568,80.22,1,2024,12,9,1,0.000166036619337,529.452,0.0016029222445003,2.8512000000000004,0,1,0.96646243,Prioritize Shipment
3,5,2,4,3198.47,97.87,1.67,7.9,4,0.596,7.88,1,2024,5,29,6,0.0005221246408439,62.252,0.030599005149337,3.1916,1,1,0.86563843,Prioritize Shipment
5,4,0,3,7143.71,467.48,2.96,9.5,4,0.795,2.11,1,2024,2,9,0,0.0004143505265471,20.045,0.0654393865372474,1.9475,1,1,0.86306137,Prioritize Shipment
1,5,3,0,11599.94,473.5,1.53,0.7,2,0.831,133.67,1,2025,9,22,1,0.0001318972339512,93.569,0.0408191766509137,0.1183,0,1,0.9462696,Prioritize Shipment
1,2,3,2,9348.26,120.73,4.37,5.5,4,0.707,49.56,1,2024,3,22,0,0.0004674666729423,272.58000000000004,0.0129147028430959,1.6115000000000002,0,1,0.86556154,Prioritize Shipment
1,0,2,1,4591.71,311.13,2.25,1.4,2,0.687,23.85,1,2025,6,24,5,0.0004900135243732,33.39,0.0677590701503361,0.4381999999999998,0,1,0.88575804,Prioritize Shipment
0,1,3,1,4294.73,20.36,3.36,8.1,4,0.882,26.42,1,2025,3,9,3,0.000782354187574,214.002,0.0047406938270857,0.9558,1,1,0.85434496,Prioritize Shipment
1,7,1,3,4443.27,175.97,2.94,8.9,2,0.815,36.6,1,2024,11,4,1,0.0006616748475784,325.74,0.0396037152817632,1.6465000000000003,1,1,0.9599891,Prioritize Shipment
7,6,1,1,11511.27,189.03,4.26,8.7,4,0.737,34.61,1,2024,5,4,2,0.0003700721119389,301.107,0.0164212984318845,2.2881,1,1,0.90302604,Prioritize Shipment
6,1,1,1,13643.34,140.56,4.12,6.1,4,0.787,37.99,1,2024,3,5,5,0.0003019788409582,231.739,0.0103024625934705,1.2992999999999997,0,1,0.8489122,Prioritize Shipment
4,1,2,0,2519.06,96.57,4.0,1.2,2,0.519,12.39,1,2024,4,23,5,0.0015878938969298,14.868,0.0383357284066278,0.5771999999999999,0,1,0.87859434,Prioritize Shipment
5,4,3,3,6460.89,432.96,3.26,9.7,4,0.783,40.14,1,2025,9,3,6,0.0005045744471736,389.358,0.0670124394626746,2.1049,1,1,0.91237265,Prioritize Shipment
7,3,0,2,1257.74,396.54,4.42,0.2,2,0.901,0.54,1,2024,10,25,0,0.0035142398269912,0.108,0.3152797875554566,0.0197999999999999,0,1,0.81726587,Prioritize Shipment
5,1,1,2,14728.81,492.18,3.07,8.0,4,0.764,43.35,1,2024,12,27,0,0.0002084350331085,346.8,0.0334161415620134,1.888,1,1,0.8916875,Prioritize Shipment
6,3,1,0,3372.42,333.69,2.86,5.2,2,0.528,23.69,1,2025,3,2,3,0.0008480556988749,123.18800000000002,0.0989467504047538,2.4544,0,1,0.9184386,Prioritize Shipment
6,4,0,4,9323.65,223.42,4.09,4.8,2,0.971,5.11,1,2024,3,28,4,0.0004386694052222,24.528,0.0239627184632627,0.1392000000000001,0,1,0.8868915,Prioritize Shipment
1,8,3,4,2154.39,133.22,1.99,1.1,2,0.761,25.69,1,2025,1,4,2,0.0009236953383556,28.259000000000004,0.0618365291335366,0.2629,0,1,0.8770313,Prioritize Shipment
6,1,2,4,3767.1,269.31,3.04,9.8,4,0.692,10.14,1,2025,6,22,3,0.0008069868068275,99.372,0.0714900055745799,3.0184000000000006,1,1,0.8722745,Prioritize Shipment
0,4,3,2,12833.93,392.2,3.26,5.1,4,0.863,67.06,1,2025,6,3,5,0.0002540141640167,342.006,0.0305596181372346,0.6987,0,1,0.86748207,Prioritize Shipment
5,5,0,0,10980.81,192.15,1.52,5.7,2,0.572,6.14,1,2025,4,26,2,0.0001384233039274,34.998,0.0174987091116229,2.4396000000000004,0,1,0.911933,Prioritize Shipment
4,8,1,4,10763.61,11.15,4.44,9.1,2,0.581,86.3,1,2025,10,12,3,0.0004125010103487,785.3299999999999,0.0010358978075199,3.8129,1,1,0.9638832,Prioritize Shipment
5,4,3,2,7203.29,401.53,3.88,4.7,4,0.642,37.7,1,2025,11,3,1,0.0005386427590725,177.19000000000003,0.0557425842913446,1.6826,0,1,0.8445588,Prioritize Shipment
0,5,2,1,1253.37,66.38,4.27,8.1,2,0.859,8.33,1,2025,7,13,3,0.0034068152261502,67.473,0.0529612165601538,1.1421,1,1,0.92081064,Prioritize Shipment
5,4,2,0,14782.35,278.8,1.28,7.4,4,0.924,37.01,1,2024,10,27,3,8.658975061475341e-05,273.874,0.0188603300557759,0.5623999999999997,1,1,0.8465992,Prioritize Shipment
6,5,1,2,10023.31,309.67,3.07,2.6,2,0.955,63.17,1,2025,7,10,4,0.0003062860472239,164.24200000000002,0.030894983792779,0.1170000000000001,0,1,0.9513175,Prioritize Shipment
2,7,3,4,6016.09,43.81,3.01,9.6,2,0.756,98.42,1,2024,9,16,1,0.0005003249618938,944.832,0.0072821383988603,2.3424,1,1,0.9677883,Prioritize Shipment
7,5,0,0,14484.91,461.69,2.01,6.8,2,0.895,7.93,1,2025,10,24,0,0.0001387651010603,53.924,0.0318738604520152,0.7139999999999999,0,1,0.9095467,Prioritize Shipment
2,4,0,4,8875.1,417.95,1.78,7.5,2,0.796,5.55,1,2025,11,2,3,0.000200561120438,41.625,0.0470924271275816,1.5299999999999998,1,1,0.91905254,Prioritize Shipment
4,3,0,2,9701.45,22.79,4.08,2.3,2,0.805,4.77,1,2024,12,5,4,0.0004205556901287,10.970999999999998,0.0023491333769694,0.4484999999999998,0,1,0.88126147,Prioritize Shipment
3,8,1,2,13768.81,5.57,2.54,8.3,2,0.517,108.14,1,2025,1,11,2,0.0001844749110489,897.5620000000001,0.0004045375017884,4.008900000000001,1,1,0.96526015,Prioritize Shipment
6,1,2,2,10590.54,307.09,3.83,3.5,2,0.861,58.4,1,2025,3,26,6,0.000361643504486,204.4,0.0289966328440287,0.4865,0,1,0.96178323,Prioritize Shipment
5,0,1,1,4515.12,440.86,2.61,7.3,2,0.827,34.0,1,2025,12,9,5,0.0005780577260405,248.2,0.0976408157479757,1.2629000000000004,1,1,0.95602155,Prioritize Shipment
7,3,2,1,14761.06,208.54,1.81,8.3,2,0.586,99.36,1,2025,5,24,2,0.0001226199202496,824.6880000000001,0.0141277116955015,3.4362000000000004,1,1,0.9658911,Prioritize Shipment
7,0,0,4,2540.32,360.45,1.57,7.5,4,0.686,0.5,1,2025,1,11,2,0.0006180323738741,3.75,0.1418915727152484,2.3549999999999995,1,1,0.85317826,Prioritize Shipment
6,8,2,3,13295.04,286.38,3.71,2.8,2,0.906,71.85,1,2025,7,12,2,0.0002790514357233,201.18,0.0215403639251931,0.2631999999999999,0,1,0.95695215,Prioritize Shipment
7,1,0,4,12152.25,453.82,2.35,2.2,2,0.919,5.72,1,2024,10,27,3,0.000193379826781,12.584,0.0373445246765002,0.1781999999999999,0,1,0.83756983,Prioritize Shipment
5,0,0,1,7825.5,62.12,2.7,5.3,2,0.508,4.41,1,2024,11,24,3,0.0003450258769407,23.373,0.0079381509168743,2.6076,0,1,0.9134343,Prioritize Shipment
2,7,0,3,8616.46,335.98,2.1,6.2,2,0.708,5.35,1,2025,12,7,3,0.000243719578574,33.17,0.0389928114330014,1.8104,0,1,0.9124656,Prioritize Shipment
4,3,3,3,8147.29,81.93,1.57,2.4,2,0.688,102.25,1,2025,3,30,3,0.000192702113218,245.4,0.0100561045451923,0.7488000000000001,0,1,0.96455425,Prioritize Shipment
6,2,1,3,10930.63,243.73,1.58,9.9,2,0.675,90.53,1,2024,12,25,6,0.0001445479354803,896.2470000000001,0.0222978913383766,3.2175,1,1,0.9666968,Prioritize Shipment
4,7,3,1,1651.4,433.56,3.72,5.6,4,0.605,8.29,0,2024,2,13,5,0.0022526341286181,46.42399999999999,0.2625408744095918,2.212,0,1,0.82187223,Prioritize Shipment
6,5,2,3,11106.7,313.5,3.21,7.0,2,0.586,71.5,1,2024,12,27,0,0.0002890147388513,500.5,0.028226205803704,2.898,1,1,0.96921366,Prioritize Shipment
4,6,2,3,3217.47,334.86,1.54,8.0,4,0.82,9.2,1,2025,9,21,3,0.0004786369414477,73.6,0.104075562476107,1.4400000000000004,1,1,0.8326385,Prioritize Shipment
4,1,3,1,12376.42,472.94,3.18,7.0,4,0.754,68.82,1,2024,10,8,5,0.000256940213729,481.74,0.0382129888933956,1.722,1,1,0.88506013,Prioritize Shipment
1,5,3,0,12413.74,360.26,3.34,6.7,2,0.675,184.31,1,2025,10,14,5,0.0002690567065203,1234.877,0.0290210685901267,2.1775,0,1,0.9674763,Prioritize Shipment
0,2,2,0,10824.2,481.22,1.66,10.0,2,0.98,77.32,1,2024,5,26,3,0.0001533600635612,773.1999999999999,0.0444577890282884,0.2000000000000001,1,1,0.96243846,Prioritize Shipment
5,1,2,3,9503.46,206.06,3.27,6.3,4,0.563,22.34,1,2025,1,10,0,0.0003440852068615,140.742,0.0216826292739696,2.7531000000000003,0,1,0.83547604,Prioritize Shipment
6,1,3,3,9695.06,430.01,4.04,6.7,2,0.614,143.08,1,2025,9,11,4,0.0004167070652476,958.636,0.044353516120581,2.5862000000000003,0,1,0.96965337,Prioritize Shipment
1,7,1,0,2330.84,229.67,3.69,9.7,2,0.705,18.91,1,2024,6,6,4,0.0015831202484941,183.427,0.0985352919977347,2.8615000000000004,1,1,0.93489,Prioritize Shipment
4,6,1,2,3035.78,189.8,1.33,0.0,2,0.612,17.04,1,2025,3,30,3,0.0004381081633056,0.0,0.0625209995454216,0.0,0,1,0.8220287,Prioritize Shipment
0,1,1,4,10565.18,106.05,2.8,7.6,2,0.933,81.23,1,2025,2,11,5,0.0002650215140679,617.348,0.010037689845322,0.5091999999999995,1,1,0.9693914,Prioritize Shipment
4,8,3,3,4927.0,117.58,2.12,9.8,4,0.965,30.11,1,2025,10,27,1,0.0004302821189364,295.07800000000003,0.0238644205398822,0.3430000000000003,1,1,0.8480515,Prioritize Shipment
3,6,2,0,4907.22,385.84,2.56,3.1,2,0.871,27.87,1,2024,4,26,0,0.0005216802996401,86.397,0.0786270026613846,0.3999,0,1,0.9060988,Prioritize Shipment
0,3,3,2,10142.28,302.93,2.63,2.0,2,0.846,124.62,1,2025,7,29,5,0.0002593105297822,249.24,0.0298680375615739,0.308,0,1,0.9624703,Prioritize Shipment
0,3,3,1,8426.4,466.29,2.17,1.0,2,0.813,98.29,1,2025,12,11,4,0.0002575239722776,98.29,0.0553367986328681,0.187,0,1,0.9518869,Prioritize Shipment
6,3,2,3,2105.45,68.62,3.82,7.2,2,0.541,13.32,1,2024,5,5,3,0.0018143389774157,95.904,0.0325916074948348,3.3048,1,1,0.922148,Prioritize Shipment
5,8,3,4,13706.17,397.54,1.97,8.3,2,0.761,215.82,1,2025,11,29,2,0.0001437308890813,1791.306,0.0290044556575615,1.9837,1,1,0.96426255,Prioritize Shipment
6,6,0,1,14460.75,255.05,4.44,0.8,2,0.871,6.21,1,2025,12,27,2,0.0003070380167003,4.968,0.0176373977836557,0.1032,0,1,0.8325853,Prioritize Shipment
3,8,0,3,12526.22,283.31,2.82,1.3,2,0.529,5.8,1,2025,7,9,6,0.0002251277719854,7.54,0.0226173578302153,0.6123,0,1,0.87394524,Prioritize Shipment
7,4,0,1,2132.42,456.22,2.28,3.5,2,0.974,0.96,1,2024,6,10,1,0.0010692077545699,3.36,0.2139447200832856,0.091,0,1,0.853442,Prioritize Shipment
0,7,0,0,4007.46,151.84,2.8,6.0,2,0.816,2.67,1,2025,10,15,6,0.0006986969302251,16.02,0.037889336387637,1.1040000000000003,0,1,0.9095396,Prioritize Shipment
5,8,0,4,679.86,447.65,3.79,9.7,2,0.675,0.5,1,2024,6,27,4,0.005574677139411,4.85,0.6584443856088018,3.1524999999999994,1,1,0.93554676,Prioritize Shipment
7,7,1,3,9176.18,55.9,1.47,8.0,2,0.682,71.28,1,2024,8,17,2,0.0001601973806093,570.24,0.0060918595755532,2.544,1,1,0.96846473,Prioritize Shipment
2,3,3,2,3972.9,217.59,4.47,9.5,2,0.588,66.29,1,2025,7,18,0,0.0011251227063354,629.7550000000001,0.0547685569734954,3.914,1,1,0.9645269,Prioritize Shipment
7,4,0,0,12021.39,409.89,1.54,0.8,2,0.909,5.76,1,2024,5,12,3,0.0001281049861954,4.608,0.0340967225919797,0.0727999999999999,0,1,0.8277737,Prioritize Shipment
7,3,2,2,8060.96,24.48,1.57,6.1,4,0.543,18.85,1,2025,2,11,5,0.0001947658839641,114.985,0.0030368591334034,2.7877,0,1,0.8243269,Prioritize Shipment
2,3,1,2,12554.92,431.52,1.54,7.8,2,0.911,96.76,1,2025,6,22,3,0.0001226610762951,754.7280000000001,0.0343705893785065,0.6941999999999997,1,1,0.9675519,Prioritize Shipment
5,7,3,1,9185.19,82.29,1.89,8.2,2,0.931,144.13,1,2025,2,24,1,0.000205766021171,1181.8659999999998,0.0089589872392405,0.5657999999999995,1,1,0.9681368,Prioritize Shipment
6,4,3,2,13245.19,161.01,3.83,5.7,4,0.554,71.19,1,2025,10,19,3,0.0002891615748811,405.783,0.012156111010865,2.5422,0,1,0.88839704,Prioritize Shipment
1,6,3,3,8790.7,276.62,3.17,7.8,4,0.524,50.94,1,2024,3,16,2,0.0003606083702094,397.332,0.0314673461726597,3.7128,1,1,0.9142877,Prioritize Shipment
3,6,0,0,13441.59,335.31,3.72,7.5,2,0.581,7.81,1,2025,7,18,0,0.0002767529734205,58.575,0.0249457095477543,3.1425,1,1,0.9294747,Prioritize Shipment
6,8,1,3,9302.8,403.14,3.76,9.0,2,0.85,75.22,1,2025,8,24,3,0.0004041793868512,676.98,0.0433353398976652,1.35,1,1,0.9692699,Prioritize Shipment
2,7,3,1,9079.61,96.55,1.33,2.9,2,0.825,115.16,1,2024,5,12,3,0.0001464820625555,333.964,0.0106337166464198,0.5075000000000001,0,1,0.9673527,Prioritize Shipment
1,8,0,3,10688.19,193.73,2.4,5.5,2,0.907,5.16,1,2025,3,19,6,0.0002245469064453,28.380000000000003,0.0181256134106897,0.5114999999999998,0,1,0.89802647,Prioritize Shipment
3,1,3,0,6075.41,481.99,1.46,8.6,4,0.773,35.7,1,2025,6,14,2,0.0002403129994518,307.02000000000004,0.079334563428641,1.9522,1,1,0.8946682,Prioritize Shipment
6,5,3,0,14282.7,215.66,2.29,2.5,2,0.966,178.27,1,2024,6,17,1,0.0001603338304382,445.675,0.0150993859704397,0.085,0,1,0.9574149,Prioritize Shipment
4,5,3,1,9209.44,437.63,2.49,4.1,4,0.786,45.97,1,2024,6,14,0,0.0002703747459128,188.477,0.0475197188971316,0.8773999999999998,0,1,0.80825496,Prioritize Shipment
1,0,0,0,11282.11,151.43,3.64,5.2,2,0.649,5.62,1,2024,11,26,5,0.0003226346844694,29.224,0.0134221346893444,1.8252,0,1,0.90596825,Prioritize Shipment
6,5,0,1,1161.91,311.65,2.58,7.9,4,0.741,0.5,1,2024,9,13,0,0.0022204817929099,3.95,0.2682221514575139,2.0461,1,1,0.8553495,Prioritize Shipment
3,6,2,3,4513.81,252.53,3.72,5.0,2,0.92,26.68,1,2025,10,12,3,0.0008241374803104,133.4,0.0559460854577396,0.3999999999999998,0,1,0.909069,Prioritize Shipment
4,1,3,4,9356.31,361.46,2.61,4.5,4,0.557,47.44,1,2024,11,6,6,0.0002789561269346,213.48,0.0386327515868969,1.9935,0,1,0.87416166,Prioritize Shipment
7,3,3,2,4569.91,39.92,2.55,8.1,4,0.921,27.38,1,2025,9,21,3,0.000557997859914,221.778,0.0087354017912825,0.6398999999999997,1,1,0.84563696,Prioritize Shipment
0,5,3,0,7990.3,246.9,2.75,8.8,2,0.564,128.57,1,2024,4,5,0,0.0003441673028547,1131.416,0.0308999662090284,3.8368000000000007,1,1,0.9697953,Prioritize Shipment
0,2,0,0,1032.46,244.25,3.18,8.2,2,0.855,0.99,1,2025,8,29,0,0.0030800224706041,8.117999999999999,0.2365709083160606,1.189,1,1,0.92331415,Prioritize Shipment
1,5,0,0,2066.37,182.7,1.52,6.0,2,0.602,0.83,1,2025,8,17,3,0.0007355894636488,4.98,0.088415917768841,2.388,0,1,0.91958904,Prioritize Shipment
7,0,0,4,4755.59,443.99,3.26,0.9,2,0.866,2.62,1,2025,9,11,4,0.0006855090535559,2.358,0.0933617069595991,0.1206,0,1,0.8212595,Prioritize Shipment
4,8,0,2,6221.35,327.8,1.82,6.1,2,0.717,2.79,1,2025,9,24,6,0.0002925410079805,17.019,0.0526895288000192,1.7263000000000002,0,1,0.91079545,Prioritize Shipment
1,3,2,2,6616.51,221.93,1.23,9.0,4,0.826,16.72,1,2025,10,16,4,0.0001858986081786,150.48,0.0335418521244583,1.5660000000000005,1,1,0.82445306,Prioritize Shipment
3,5,3,3,12444.96,34.94,1.86,5.0,2,0.788,173.28,1,2025,10,19,3,0.0001494580938789,866.4,0.002807562258135,1.0599999999999998,0,1,0.96602315,Prioritize Shipment
1,3,3,4,14348.38,97.7,3.81,8.0,2,0.783,222.48,1,2024,11,5,5,0.0002655352032773,1779.84,0.0068091310656673,1.7359999999999998,1,1,0.96496236,Prioritize Shipment
5,5,3,0,1363.11,430.95,4.45,6.1,2,0.587,20.05,1,2025,4,9,6,0.0032645934664113,122.305,0.3161520346853885,2.5193,0,1,0.91815597,Prioritize Shipment
7,2,1,0,6065.66,117.79,1.55,9.9,2,0.976,51.32,1,2024,6,10,1,0.0002555369077726,508.068,0.0194191563655068,0.2376000000000002,1,1,0.9646449,Prioritize Shipment
4,7,2,4,1662.61,347.24,2.33,7.9,2,0.73,11.79,1,2025,9,13,2,0.0014014110344578,93.141,0.2088523466116527,2.1330000000000005,1,1,0.9269657,Prioritize Shipment
7,5,3,0,5644.18,245.17,3.38,2.6,2,0.828,70.84,1,2024,5,27,1,0.0005988469538533,184.18400000000003,0.0434376649929662,0.4472000000000001,0,1,0.9593651,Prioritize Shipment
1,3,2,3,9108.08,353.61,1.41,6.3,2,0.641,57.01,1,2024,5,13,1,0.0001548075994062,359.16299999999995,0.0388237696638589,2.2617,0,1,0.9696069,Prioritize Shipment
6,2,0,0,13742.66,22.06,4.02,7.2,2,0.959,7.73,1,2025,7,29,5,0.0002925197887454,55.656000000000006,0.0016052205322695,0.2952000000000003,1,1,0.90088326,Prioritize Shipment
7,2,2,2,9382.32,248.65,2.03,6.6,2,0.948,58.63,1,2024,4,18,4,0.0002163643960129,386.958,0.0265019739254256,0.3432000000000003,0,1,0.9662378,Prioritize Shipment
5,5,0,3,8869.4,240.59,3.21,7.9,4,0.837,1.69,1,2025,1,28,5,0.0003619185063251,13.351,0.0271258484226666,1.2877000000000005,1,1,0.82969284,Prioritize Shipment
0,2,3,4,10258.02,61.36,4.21,2.7,2,0.928,129.12,1,2025,5,25,3,0.0004104105860585,348.624,0.005981661178278,0.1943999999999998,0,1,0.9627199,Prioritize Shipment
4,7,1,3,4493.03,40.27,3.68,8.2,4,0.908,12.11,1,2025,6,11,6,0.0008190463896301,99.302,0.0089627712256539,0.7543999999999997,1,1,0.81789887,Prioritize Shipment
2,1,2,3,11940.28,201.99,3.56,4.8,2,0.624,70.44,1,2025,5,25,3,0.0002981504621332,338.112,0.0169166887208675,1.8048,0,1,0.96853954,Prioritize Shipment
6,5,0,0,6973.08,294.82,2.94,9.7,2,0.938,3.82,1,2024,11,11,1,0.0004216214355779,37.054,0.0422797386520734,0.6014000000000005,1,1,0.9291672,Prioritize Shipment
7,6,3,3,8941.88,163.38,1.88,7.7,2,0.595,138.02,1,2024,9,3,5,0.0002102466148058,1062.754,0.018271325493073,3.1185000000000005,1,1,0.96928596,Prioritize Shipment
0,8,2,4,10481.87,212.48,2.06,2.4,2,0.505,56.09,1,2024,2,19,1,0.0001965298176756,134.616,0.0202711920678275,1.188,0,1,0.95508045,Prioritize Shipment
1,2,0,3,2919.47,13.32,4.3,8.7,2,0.752,1.68,1,2024,10,15,5,0.0014728700757329,14.615999999999998,0.0045624719555261,2.1576,1,1,0.93128496,Prioritize Shipment
2,1,0,4,6742.68,405.32,3.39,8.8,4,0.744,1.36,1,2025,5,21,6,0.0005027674455854,11.968000000000002,0.0601125961783741,2.2528,1,1,0.87089866,Prioritize Shipment
7,7,1,0,2567.62,268.75,4.08,7.8,4,0.582,6.34,1,2025,9,3,6,0.0015890201821141,49.452,0.1046689151821531,3.2604,1,1,0.86637086,Prioritize Shipment
2,4,3,3,13406.41,139.83,3.93,4.1,4,0.747,66.87,1,2025,10,31,0,0.0002931433545594,274.167,0.0104300853099375,1.0373,0,1,0.82609916,Prioritize Shipment
0,3,1,1,5515.22,31.74,2.39,9.8,4,0.706,16.56,1,2025,11,19,6,0.0004333462672386,162.288,0.0057549834820732,2.8812000000000006,1,1,0.86252356,Prioritize Shipment
2,3,0,3,9864.42,343.33,2.97,1.6,2,0.988,4.3,1,2025,7,3,4,0.0003010820707147,6.88,0.034804884625756,0.0192,0,1,0.844667,Prioritize Shipment
7,3,1,1,1539.82,345.62,2.94,7.5,2,0.523,12.55,1,2025,3,17,1,0.0019093140756711,94.125,0.2244548064059435,3.5775,1,1,0.9276033,Prioritize Shipment
2,3,0,4,5012.65,202.86,2.09,7.6,4,0.617,1.89,1,2024,9,27,0,0.000416945128824,14.364,0.0404696118819387,2.9108,1,1,0.8690061,Prioritize Shipment
2,6,3,4,10318.25,182.44,4.5,7.7,4,0.651,59.99,1,2025,1,9,4,0.0004361204661643,461.923,0.017681292854893,2.6873,1,1,0.9011983,Prioritize Shipment
6,4,1,1,3659.44,485.36,1.92,4.9,2,0.777,24.97,1,2024,2,16,0,0.000524670441379,122.353,0.1326323153269352,1.0927,0,1,0.91125005,Prioritize Shipment
6,1,1,2,1065.44,91.72,3.09,4.0,2,0.822,7.7,1,2025,1,30,4,0.002900210241778,30.8,0.0860864994743955,0.7120000000000002,0,1,0.8877901,Prioritize Shipment
5,2,1,1,948.86,43.87,3.78,5.4,2,0.784,7.27,1,2025,5,31,2,0.0039837278418312,39.258,0.0462344286828404,1.1664,0,1,0.89740074,Prioritize Shipment
6,8,1,0,7148.58,208.47,2.74,9.8,2,0.546,58.91,1,2025,11,27,4,0.0003832929057239,577.318,0.0291624350570323,4.4492,1,1,0.96869004,Prioritize Shipment
1,2,3,1,12487.26,230.59,1.36,10.0,2,0.758,207.59,1,2025,7,25,0,0.0001089110020933,2075.9,0.018466020568163,2.42,1,1,0.9643445,Prioritize Shipment
1,6,3,3,8354.72,38.5,3.23,6.9,2,0.727,124.38,1,2024,2,9,0,0.0003866078097171,858.222,0.0046081735833157,1.8837,0,1,0.96926147,Prioritize Shipment
1,5,2,4,11547.58,67.97,4.21,9.0,2,0.611,79.96,1,2024,5,20,1,0.0003645785523893,719.64,0.0058860817591218,3.5010000000000003,1,1,0.9682768,Prioritize Shipment
7,0,3,2,7395.42,307.47,3.02,9.9,4,0.669,46.56,1,2025,5,1,4,0.0004083608503641,460.944,0.0415757320071071,3.2769,1,1,0.908155,Prioritize Shipment
2,5,3,2,10971.08,256.86,2.29,3.9,4,0.802,55.09,1,2024,4,22,1,0.0002087305898781,214.851,0.0234124625834466,0.7721999999999998,0,1,0.8049481,Prioritize Shipment
1,2,1,0,8234.11,199.73,3.45,3.4,2,0.908,52.9,1,2025,3,2,3,0.0004189888160347,179.86,0.0242564162975719,0.3127999999999999,0,1,0.95554215,Prioritize Shipment
5,3,2,0,11962.39,7.37,2.44,8.9,2,0.715,81.77,1,2025,12,5,0,0.000203972617512,727.753,0.0006160976192884,2.5365,1,1,0.9667351,Prioritize Shipment
3,4,0,1,12016.05,223.92,1.49,1.5,2,0.594,4.73,1,2024,1,28,3,0.0001240008155758,7.095000000000001,0.0186350755864031,0.609,0,1,0.87503994,Prioritize Shipment
5,3,1,1,9036.61,300.04,1.95,8.5,4,0.898,26.19,1,2025,8,20,6,0.0002157888854338,222.615,0.0332027165054151,0.8669999999999998,1,1,0.8542708,Prioritize Shipment
5,5,2,2,4643.86,55.57,3.85,9.3,2,0.838,32.19,1,2024,6,23,3,0.0008290516940648,299.367,0.0119663383478399,1.5066000000000004,1,1,0.94701684,Prioritize Shipment
2,6,2,3,3446.73,199.25,1.88,0.1,2,0.645,16.64,1,2025,6,20,0,0.0005454445227795,1.664,0.0578084155126743,0.0355,0,1,0.82365036,Prioritize Shipment
3,8,1,1,6104.84,285.17,1.64,0.5,2,0.874,35.23,1,2025,9,26,0,0.0002686393091383,17.615,0.0467121169432777,0.063,0,1,0.9046237,Prioritize Shipment
3,7,2,3,7913.49,430.7,1.44,2.7,2,0.712,42.45,1,2025,1,24,0,0.0001819677537976,114.615,0.054426049694888,0.7776000000000002,0,1,0.95239896,Prioritize Shipment
7,0,1,4,6409.97,334.71,3.97,9.3,2,0.663,52.23,1,2025,8,9,2,0.000619347672454,485.739,0.0522170930597179,3.1341,1,1,0.96912897,Prioritize Shipment
5,5,0,0,12499.02,271.9,3.86,2.4,2,0.711,5.99,1,2025,12,18,4,0.0003088242118182,14.376,0.0217537054905104,0.6936000000000001,0,1,0.87998384,Prioritize Shipment
0,4,2,0,3406.88,278.85,2.44,6.1,4,0.68,8.65,1,2025,3,27,4,0.0007161978114873,52.765,0.0818490818578875,1.9519999999999995,0,1,0.8317989,Prioritize Shipment
2,6,1,3,2084.33,473.24,4.44,6.8,2,0.81,15.53,1,2024,11,17,3,0.0021301809214471,105.604,0.2270465809156899,1.2919999999999996,0,1,0.91094875,Prioritize Shipment
4,7,2,2,12781.05,303.74,1.86,1.7,2,0.591,65.99,1,2025,2,26,6,0.0001455279495816,112.183,0.0237648706483426,0.6953,0,1,0.95473486,Prioritize Shipment
1,4,0,2,9585.59,305.12,3.82,6.7,2,0.74,5.7,1,2025,4,27,3,0.0003985148540674,38.190000000000005,0.0318311131604836,1.7420000000000002,0,1,0.91311634,Prioritize Shipment
5,8,3,2,7414.23,120.37,4.45,5.4,2,0.893,104.97,1,2024,5,21,5,0.0006001971883796,566.8380000000001,0.0162349967562376,0.5778,0,1,0.9653126,Prioritize Shipment
5,0,3,1,5701.38,364.58,2.53,8.4,4,0.701,34.37,1,2025,5,4,3,0.0004437522143761,288.708,0.063945921864531,2.5116000000000005,1,1,0.90650064,Prioritize Shipment
1,4,1,2,12164.34,178.07,1.25,1.9,2,0.875,75.12,1,2025,6,22,3,0.0001027593769986,142.728,0.0146386898097225,0.2375,0,1,0.95214933,Prioritize Shipment
6,5,3,3,14968.4,130.47,1.82,5.1,4,0.88,78.32,1,2025,6,29,3,0.0001215894818417,399.432,0.0087163624702707,0.612,0,1,0.8587447,Prioritize Shipment
4,6,3,2,707.57,250.6,2.23,9.1,2,0.805,11.55,1,2025,11,23,3,0.0031516316406857,105.105,0.3541699054510507,1.7744999999999995,1,1,0.92028284,Prioritize Shipment
4,3,3,0,11236.9,394.73,3.38,1.4,2,0.667,133.87,1,2025,12,10,6,0.0003007947031654,187.418,0.0351280157338767,0.4661999999999999,0,1,0.95808905,Prioritize Shipment
6,2,1,4,10048.84,96.74,1.46,5.2,2,0.935,70.13,1,2024,7,15,1,0.0001452904016782,364.676,0.0096269818207872,0.3379999999999997,0,1,0.9667972,Prioritize Shipment
7,5,1,1,12765.86,295.87,4.32,5.6,4,0.728,34.08,1,2024,10,12,2,0.0003384025831397,190.848,0.0231766602485065,1.5232,0,1,0.8248149,Prioritize Shipment
7,4,1,4,7570.6,24.3,1.53,7.1,2,0.946,56.33,1,2024,8,18,3,0.0002020975880379,399.943,0.0032097852217789,0.3834000000000003,1,1,0.96635413,Prioritize Shipment
7,5,3,3,1457.14,352.26,4.04,5.5,2,0.695,20.68,1,2024,7,31,6,0.0027725544559891,113.74,0.2417475328382996,1.6775000000000002,0,1,0.9025585,Prioritize Shipment
3,4,2,1,12219.41,331.32,2.16,3.9,2,0.872,69.92,1,2025,5,15,4,0.0001767679454245,272.688,0.0271142387398409,0.4992,0,1,0.963346,Prioritize Shipment
6,3,2,0,1614.5,264.76,4.11,6.9,2,0.718,10.44,1,2024,10,21,1,0.0025456797770207,72.036,0.1639888510374729,1.9458,0,1,0.9174619,Prioritize Shipment
4,0,3,0,7759.05,405.49,3.13,9.6,2,0.728,126.88,1,2024,5,4,2,0.000403399900761,1218.048,0.0522602638209574,2.6112,1,1,0.96815646,Prioritize Shipment
4,7,2,0,12020.48,368.02,3.77,6.4,2,0.909,74.58,1,2025,8,10,3,0.0003136314024065,477.312,0.030616081886913,0.5823999999999998,0,1,0.9702023,Prioritize Shipment
2,0,1,2,1228.28,57.58,3.44,5.5,2,0.943,8.65,1,2025,7,10,4,0.002800664343635,47.575,0.0468785618914254,0.3135000000000003,0,1,0.89315355,Prioritize Shipment
6,0,2,3,6341.66,250.65,2.47,7.3,4,0.776,15.15,1,2025,2,8,2,0.0003894879258742,110.595,0.0395243516681752,1.6351999999999998,1,1,0.82669985,Prioritize Shipment
5,5,2,0,4781.71,447.16,3.77,6.0,2,0.877,30.26,1,2024,12,19,4,0.0007884208787233,181.56,0.0935146631644328,0.738,0,1,0.9247983,Prioritize Shipment
3,5,3,0,3869.57,460.02,3.59,6.6,2,0.519,56.47,1,2024,5,29,6,0.0009277516623294,372.702,0.1188814261016081,3.1746,0,1,0.96937907,Prioritize Shipment
2,0,0,0,12150.5,410.5,3.12,7.8,2,0.542,7.29,1,2024,2,13,5,0.0002567795563968,56.862,0.0337846179169581,3.5724,1,1,0.92980915,Prioritize Shipment
5,1,2,3,13973.81,19.81,1.63,7.8,2,0.719,91.94,1,2024,10,21,1,0.0001166467842342,717.132,0.0014176520218895,2.1918,1,1,0.9651912,Prioritize Shipment
6,3,3,2,13638.61,271.61,3.88,9.9,4,0.992,85.02,0,2024,12,20,0,0.000284486468929,841.698,0.01991478603758,0.0792,1,1,0.83214664,Prioritize Shipment
6,2,2,0,9893.35,353.04,1.53,7.3,2,0.759,64.25,1,2024,10,4,0,0.0001546493351594,469.025,0.0356845760030727,1.7593,1,1,0.9687358,Prioritize Shipment
5,5,3,2,7015.57,60.96,3.91,7.3,4,0.888,40.03,1,2024,5,20,1,0.0005573317634917,292.219,0.0086892440671249,0.8175999999999999,1,1,0.8929228,Prioritize Shipment
1,2,2,3,8995.04,267.74,1.91,3.2,2,0.782,49.34,1,2024,4,21,3,0.0002123392447393,157.88800000000003,0.0297652928725164,0.6976,0,1,0.95391846,Prioritize Shipment
5,0,3,4,1540.75,209.31,1.89,6.5,2,0.664,21.78,1,2025,8,23,2,0.0012266753204608,141.57,0.135849423981827,2.184,0,1,0.9169326,Prioritize Shipment
2,1,1,4,10397.95,365.61,3.72,5.6,2,0.705,73.8,1,2024,9,2,1,0.0003577628282497,413.28,0.0351617386119379,1.652,0,1,0.9695907,Prioritize Shipment
0,8,0,1,4008.01,261.41,4.33,3.6,2,0.616,2.39,1,2024,9,5,4,0.0010803366259066,8.604000000000001,0.0652218931589492,1.3824,0,1,0.8957079,Prioritize Shipment
6,3,2,0,11742.52,495.12,1.3,7.1,4,0.52,28.52,1,2024,2,23,0,0.0001107087746071,202.492,0.0421647142180724,3.408,1,1,0.86064327,Prioritize Shipment
6,6,1,0,5105.01,452.11,2.48,5.1,2,0.89,34.45,1,2024,1,6,2,0.0004857972854117,175.695,0.0885620204465809,0.5609999999999999,0,1,0.93903595,Prioritize Shipment
4,1,2,0,4078.95,451.06,2.06,7.6,2,0.887,25.99,1,2024,10,21,1,0.0005050319322374,197.524,0.1105823802694321,0.8587999999999999,1,1,0.9367164,Prioritize Shipment
0,5,3,4,11243.11,199.2,2.12,3.7,4,0.5,55.64,0,2024,11,24,3,0.0001885599269241,205.868,0.017717517661928,1.85,0,1,0.8198246,Prioritize Shipment
3,8,1,4,5085.92,123.39,4.2,7.2,2,0.753,38.02,1,2024,10,19,2,0.0008258092931072,273.744,0.0242610973039292,1.7784,1,1,0.9599668,Prioritize Shipment
1,7,1,3,12719.32,485.64,1.71,9.5,2,0.833,104.71,1,2025,10,29,6,0.0001344411493696,994.745,0.0381812864209721,1.5865000000000005,1,1,0.96624494,Prioritize Shipment
2,1,1,2,5043.54,219.58,3.28,1.1,2,0.633,29.8,1,2025,8,10,3,0.0006503368665659,32.78,0.043536880841631,0.4037,0,1,0.8970666,Prioritize Shipment
1,8,3,0,6790.35,79.46,4.3,9.5,2,0.62,111.06,1,2024,2,8,4,0.0006332515996966,1055.07,0.0117019004911381,3.61,1,1,0.9694025,Prioritize Shipment
0,3,1,1,5971.11,257.2,2.22,4.8,2,0.535,41.71,1,2025,3,3,1,0.0003717901696669,200.208,0.0430740683055579,2.232,0,1,0.96370745,Prioritize Shipment
1,0,0,0,14479.14,325.65,1.99,4.7,2,0.752,7.79,1,2024,6,29,2,0.0001374391020461,36.613,0.0224909766740289,1.1656,0,1,0.90016055,Prioritize Shipment
6,2,2,2,1794.7,444.95,2.38,6.4,2,0.821,11.33,1,2024,2,7,6,0.0013261269292918,72.512,0.2479244441968016,1.1456000000000004,0,1,0.9104137,Prioritize Shipment
6,3,1,2,10461.78,220.78,4.22,5.6,2,0.664,74.14,1,2025,2,10,1,0.0004033730397695,415.184,0.0211034833460462,1.8816,0,1,0.96934277,Prioritize Shipment
0,6,0,3,9674.32,244.81,2.82,7.5,2,0.929,5.31,1,2024,10,23,6,0.0002914933556053,39.825,0.0253051377254422,0.5324999999999996,1,1,0.9170717,Prioritize Shipment
1,2,2,2,5862.29,37.55,2.14,5.7,2,0.758,35.25,1,2025,4,14,1,0.0003650450591833,200.925,0.0064053467160444,1.3794,0,1,0.94897586,Prioritize Shipment
6,1,0,4,1259.15,406.35,2.7,8.4,2,0.927,1.58,1,2025,10,25,2,0.0021443036969384,13.272000000000002,0.3227177063892308,0.6131999999999996,1,1,0.9223169,Prioritize Shipment
3,1,2,0,6539.31,376.9,1.97,7.1,4,0.54,15.69,1,2024,7,9,5,0.0003012550253772,111.399,0.057636050286651,3.266,1,1,0.8414146,Prioritize Shipment
1,8,2,0,12421.61,358.45,3.63,0.6,2,0.605,61.05,1,2024,1,15,1,0.0002922326493908,36.63,0.0288569678165712,0.237,0,1,0.9461256,Prioritize Shipment
5,2,3,0,10031.63,321.5,3.82,9.1,4,0.728,60.98,1,2025,8,4,1,0.0003807955436952,554.918,0.032048630182732,2.4752,1,1,0.9094327,Prioritize Shipment
7,5,1,4,7348.09,20.14,2.08,4.9,2,0.992,50.62,1,2025,11,21,0,0.000283066756123,248.038,0.0027408483020757,0.0392,0,1,0.9548023,Prioritize Shipment
7,2,2,3,4781.87,139.44,2.34,1.3,2,0.608,24.83,1,2025,2,19,6,0.0004893483093434,32.279,0.0291601402798486,0.5096,0,1,0.8879949,Prioritize Shipment
2,0,2,3,11209.66,435.61,2.26,5.1,4,0.586,25.13,1,2024,12,1,3,0.0002016118240874,128.16299999999998,0.0388602330489952,2.1114,0,1,0.81499326,Prioritize Shipment
5,8,3,4,5076.6,171.82,1.54,5.7,2,0.673,72.11,1,2024,3,29,0,0.000303352637592,411.027,0.0338454871370602,1.8639,0,1,0.96885073,Prioritize Shipment
6,3,0,1,6229.4,281.12,1.51,7.1,2,0.89,3.04,1,2025,11,16,3,0.000242398946929,21.584,0.0451279416958294,0.7809999999999999,1,1,0.91004425,Prioritize Shipment
3,5,1,2,5832.9,374.91,2.17,6.8,2,0.678,43.62,1,2024,11,27,6,0.0003720276363386,296.616,0.0642750604330607,2.1895999999999995,0,1,0.9667553,Prioritize Shipment
1,3,2,4,1342.33,482.38,3.72,0.9,2,0.64,6.69,1,2024,9,11,6,0.0027713006488717,6.021000000000001,0.3593602169362228,0.324,0,1,0.8629315,Prioritize Shipment
1,4,1,2,2116.93,37.71,3.66,6.3,2,0.837,15.72,1,2024,1,7,3,0.0017289187644371,99.036,0.0178135318598158,1.0269,0,1,0.909139,Prioritize Shipment
6,3,3,2,5391.51,47.74,2.92,5.9,2,0.714,77.03,1,2024,12,3,5,0.0005415922441023,454.477,0.0088546622374807,1.6874000000000002,0,1,0.9688569,Prioritize Shipment
2,8,2,1,6497.82,156.54,1.77,8.5,4,0.599,16.89,1,2025,8,9,2,0.0002723990507585,143.565,0.0240911567264097,3.4085,1,1,0.8640599,Prioritize Shipment
0,5,2,3,7646.54,153.81,3.45,7.0,4,0.58,18.54,1,2024,1,12,0,0.0004511844572839,129.78,0.0201149801086504,2.9400000000000004,1,1,0.8389016,Prioritize Shipment
5,0,1,4,7229.38,296.9,3.89,3.6,2,0.939,46.85,1,2024,8,29,4,0.0005380821038595,168.66,0.0410685286981732,0.2196000000000002,0,1,0.95268506,Prioritize Shipment
1,0,0,3,10324.36,207.8,1.7,1.2,2,0.538,4.91,1,2024,5,1,6,0.0001646591168847,5.892,0.0201271555815566,0.5543999999999999,0,1,0.87441957,Prioritize Shipment
5,3,2,2,11722.87,172.65,4.29,6.4,4,0.698,27.48,1,2024,11,10,3,0.0003659513412671,175.872,0.0147276221607848,1.9328000000000003,0,1,0.8302718,Prioritize Shipment
0,7,2,3,754.51,269.15,2.71,8.8,2,0.598,5.81,1,2024,10,29,5,0.0035917350333328,51.128,0.35672158089356,3.5376000000000003,1,1,0.92921436,Prioritize Shipment
0,5,3,2,8010.43,184.01,1.75,7.3,2,0.774,120.82,1,2024,8,14,6,0.0002184651760267,881.9859999999999,0.0229713011661046,1.6497999999999995,1,1,0.9695664,Prioritize Shipment
2,5,0,2,5547.39,119.3,3.38,8.6,2,0.953,4.07,1,2024,8,12,1,0.0006092955425884,35.002,0.0215056089440259,0.4042000000000003,1,1,0.9215163,Prioritize Shipment
5,2,0,4,12782.38,213.52,3.55,2.4,2,0.547,6.21,1,2025,1,17,0,0.0002777260572757,14.904,0.016704244436482,1.0872,0,1,0.88047004,Prioritize Shipment
2,5,1,2,842.13,492.78,1.39,6.1,4,0.694,2.33,1,2025,3,1,2,0.0016505765143148,14.213,0.5851590609525845,1.8666000000000005,0,1,0.8257267,Prioritize Shipment
2,1,2,4,13529.13,277.48,3.05,9.0,4,0.794,34.99,1,2025,12,19,0,0.0002254394776308,314.91,0.0205098184436101,1.854,1,1,0.87361604,Prioritize Shipment
0,1,2,0,7140.94,374.37,4.19,8.4,4,0.669,17.37,1,2025,7,4,0,0.0005867574857091,145.90800000000002,0.0524258711038042,2.7804,1,1,0.866728,Prioritize Shipment
2,3,3,4,3809.41,212.86,3.93,1.4,2,0.543,46.07,1,2025,11,27,4,0.0010316558207176,64.49799999999999,0.0558774193379027,0.6397999999999999,0,1,0.95262176,Prioritize Shipment
4,1,0,3,7370.24,71.42,2.28,6.0,2,0.578,3.96,1,2025,4,2,6,0.0003093522056269,23.76,0.0096903221604723,2.532,0,1,0.9194445,Prioritize Shipment
4,7,0,2,14387.95,405.26,1.77,4.8,2,0.611,7.24,1,2025,12,21,3,0.0001230196101598,34.752,0.0281666255442922,1.8672,0,1,0.90949374,Prioritize Shipment
3,4,1,3,14169.5,44.7,2.05,6.6,4,0.869,38.58,1,2025,1,5,3,0.0001446769469635,254.628,0.00315466318501,0.8646,0,1,0.84496695,Prioritize Shipment
6,2,0,0,11885.25,317.29,2.74,4.3,2,0.514,6.21,1,2024,3,20,6,0.0002305378515386,26.703,0.0266961149323741,2.0898,0,1,0.90320224,Prioritize Shipment
3,5,2,4,8394.99,105.12,3.14,4.5,2,0.585,48.93,1,2024,4,24,6,0.0003740326075433,220.185,0.0125217540461632,1.8675,0,1,0.965203,Prioritize Shipment
7,5,2,2,3768.03,82.8,3.12,0.2,2,0.549,17.38,1,2024,7,26,0,0.0008280188851999,3.476,0.0219743473379988,0.0902,0,1,0.82397926,Prioritize Shipment
2,6,2,1,3339.58,368.24,2.81,6.7,2,0.832,21.13,1,2025,8,9,2,0.0008414231729738,141.571,0.1102653627102809,1.1256000000000004,0,1,0.9109794,Prioritize Shipment
3,8,3,4,2630.96,371.08,3.68,2.6,2,0.623,33.12,1,2025,6,16,1,0.0013987289810563,86.112,0.141043573448475,0.9802,0,1,0.91226435,Prioritize Shipment
7,3,1,3,12261.29,152.02,1.78,1.3,2,0.699,72.95,1,2025,3,28,0,0.0001451723268921,94.835,0.0123983691764895,0.3913000000000001,0,1,0.95655864,Prioritize Shipment
1,5,1,3,9721.34,331.52,2.43,3.7,2,0.665,64.39,1,2024,4,29,1,0.0002499655397301,238.243,0.0341022945396416,1.2394999999999998,0,1,0.96254927,Prioritize Shipment
2,7,0,2,1401.95,99.02,2.27,1.6,2,0.817,1.35,1,2024,5,15,6,0.00161917329434,2.16,0.0706301936588323,0.2928000000000001,0,1,0.856763,Prioritize Shipment
2,0,1,3,2446.99,330.05,3.71,1.7,2,0.973,14.64,1,2024,2,29,4,0.0015161484109048,24.888,0.1348799954229482,0.0459,0,1,0.8525357,Prioritize Shipment
4,0,3,3,6775.83,13.85,2.58,7.2,4,0.951,38.21,1,2024,3,15,0,0.0003807651608732,275.112,0.0020440300302693,0.3528000000000003,1,1,0.8558841,Prioritize Shipment
2,8,1,4,12879.88,472.43,2.99,2.4,2,0.647,79.99,1,2025,4,28,1,0.0002321450199846,191.976,0.0366796895623251,0.8472,0,1,0.95738244,Prioritize Shipment
6,2,3,3,4008.67,245.12,3.84,2.8,2,0.631,50.08,1,2024,2,2,0,0.0009579237003794,140.224,0.0611474628742201,1.0332,0,1,0.9546872,Prioritize Shipment
3,4,2,1,4263.36,326.48,4.35,7.2,4,0.662,9.86,1,2025,1,18,2,0.0010203219995496,70.992,0.0765780980259701,2.4336,1,1,0.84306604,Prioritize Shipment
1,8,2,4,6836.44,363.84,2.57,9.1,4,0.923,16.75,1,2025,1,26,3,0.0003759266518831,152.42499999999998,0.0532206821094019,0.7006999999999995,1,1,0.8109568,Prioritize Shipment
5,7,0,4,9523.98,83.1,2.79,6.1,2,0.505,5.73,1,2025,1,19,3,0.0002929447562888,34.953,0.0087253438163456,3.0195,0,1,0.920401,Prioritize Shipment
4,8,2,3,3256.56,132.47,2.64,7.7,4,0.643,7.71,1,2025,11,30,3,0.0008106713833001,59.367,0.0406778932370354,2.7489,1,1,0.86443216,Prioritize Shipment
1,2,1,2,11992.63,19.87,3.04,9.7,4,0.505,38.02,1,2025,11,8,2,0.0002534890178384,368.794,0.0016568509159375,4.8015,1,1,0.902112,Prioritize Shipment
3,4,2,4,13664.53,62.4,1.39,9.4,4,0.902,36.2,1,2025,7,6,3,0.0001017232206303,340.28000000000003,0.0045665676023983,0.9211999999999998,1,1,0.8666123,Prioritize Shipment
4,7,1,1,8061.16,58.54,3.9,9.6,2,0.957,65.53,1,2024,12,22,3,0.0004838013387651,629.088,0.00726198214649,0.4128000000000003,1,1,0.966267,Prioritize Shipment
2,6,3,4,2859.15,216.32,1.38,2.7,2,0.736,36.69,1,2024,1,24,6,0.0004826609306961,99.063,0.0756588496581151,0.7128000000000001,0,1,0.93337387,Prioritize Shipment
3,6,2,0,675.5,470.33,4.37,6.3,4,0.572,2.11,1,2025,7,11,0,0.0064692820133234,13.293,0.6962694300518134,2.6964,0,1,0.84099686,Prioritize Shipment
3,8,3,2,13929.81,177.86,1.68,8.2,2,0.58,217.83,1,2025,1,23,4,0.0001206046600779,1786.206,0.0127683005008682,3.444,1,1,0.9648312,Prioritize Shipment
5,1,3,3,12796.61,428.51,1.85,7.1,4,0.971,72.38,1,2024,6,7,0,0.0001445695383386,513.8979999999999,0.0334862123640557,0.2059000000000001,1,1,0.8653951,Prioritize Shipment
7,6,2,4,1883.29,168.64,1.28,1.8,2,0.924,10.35,1,2024,7,12,0,0.0006796616559319,18.63,0.0895454231690286,0.1367999999999999,0,1,0.8507301,Prioritize Shipment
4,1,0,0,6716.18,280.79,2.44,3.6,2,0.623,2.85,1,2024,4,25,4,0.0003633017578444,10.26,0.0418079920430959,1.3572,0,1,0.893019,Prioritize Shipment
4,8,1,4,13833.2,228.37,3.37,2.3,2,0.868,85.58,1,2024,7,30,5,0.0002436168059451,196.834,0.016508833820085,0.3036,0,1,0.9570941,Prioritize Shipment
5,8,1,4,14902.2,303.24,4.23,0.5,2,0.521,85.41,1,2024,3,9,2,0.000283850706607,42.705,0.0203486733502435,0.2395,0,1,0.9480307,Prioritize Shipment
3,0,1,3,1151.21,346.24,2.52,4.3,2,0.595,7.48,1,2024,4,13,2,0.0021890011379331,32.164,0.3007618071420505,1.7415,0,1,0.89551055,Prioritize Shipment
5,3,3,0,13817.18,34.55,2.7,9.7,4,0.813,85.15,1,2025,11,19,6,0.0001954089039876,825.955,0.0025005102343604,1.8139000000000003,1,1,0.88929915,Prioritize Shipment
2,3,0,4,8679.07,60.11,1.48,3.6,2,0.707,4.74,1,2025,3,25,5,0.0001705251829977,17.064,0.0069258572635086,1.0548000000000002,0,1,0.88867974,Prioritize Shipment
6,8,1,2,10021.15,152.31,1.94,7.5,2,0.857,75.8,1,2025,7,6,3,0.0001935905559741,568.5,0.0151988544228955,1.0725000000000002,1,1,0.96951777,Prioritize Shipment
6,6,2,3,1064.48,116.44,3.26,7.0,4,0.617,2.76,1,2025,8,12,5,0.0030625281827746,19.32,0.1093867428227867,2.681,1,1,0.8420479,Prioritize Shipment
1,6,2,4,13068.17,28.61,2.3,9.4,2,0.725,91.95,1,2025,9,4,4,0.0001760001591653,864.33,0.0021892889364004,2.5850000000000004,1,1,0.9670855,Prioritize Shipment
6,2,3,1,8933.52,314.0,2.52,1.5,2,0.652,106.84,1,2024,8,30,0,0.0002820836579534,160.26,0.0351485192846716,0.522,0,1,0.9574733,Prioritize Shipment
2,6,1,2,6830.91,158.87,2.92,7.9,2,0.554,53.67,1,2024,11,5,5,0.0004274686681569,423.99300000000005,0.0232575162020872,3.5234,1,1,0.9703752,Prioritize Shipment
4,1,1,2,6582.0,446.15,1.45,2.8,2,0.848,41.49,1,2025,7,24,4,0.0002202977818292,116.172,0.0677833485262838,0.4256,0,1,0.9517427,Prioritize Shipment
1,3,0,1,7406.87,272.25,2.64,5.8,2,0.826,5.35,1,2024,6,28,0,0.000356425858696,31.03,0.0367564166780299,1.0092000000000003,0,1,0.902704,Prioritize Shipment
7,1,2,4,9071.39,323.96,3.0,4.9,2,0.862,54.51,1,2025,3,13,4,0.0003307100675861,267.099,0.0357122778317325,0.6762000000000001,0,1,0.96619195,Prioritize Shipment
2,3,1,1,3502.6,275.26,3.02,4.8,2,0.757,23.51,1,2024,12,18,6,0.0008622166390681,112.848,0.0785873351224804,1.1664,0,1,0.90900284,Prioritize Shipment
4,6,0,3,14141.38,411.5,1.48,5.3,2,0.89,7.34,1,2025,1,25,2,0.0001046573955299,38.902,0.0290989988247257,0.583,0,1,0.89815646,Prioritize Shipment
1,2,1,1,12619.48,200.68,3.79,7.7,2,0.854,97.76,1,2025,3,2,3,0.0003003293321119,752.7520000000001,0.0159023985140433,1.1242,1,1,0.9688835,Prioritize Shipment
3,5,3,1,10557.46,252.28,2.91,6.9,2,0.562,158.19,1,2024,6,1,2,0.0002756344802632,1091.511,0.023895899203028,3.0222,0,1,0.96967566,Prioritize Shipment
7,6,1,3,9992.43,221.33,4.43,6.3,2,0.648,73.41,1,2025,1,20,1,0.000443335605053,462.483,0.022149767373902,2.2176,0,1,0.9659454,Prioritize Shipment
4,1,0,3,13200.3,424.54,1.55,6.8,4,0.62,3.55,1,2025,7,4,0,0.0001174215737521,24.14,0.0321613902714332,2.584,0,1,0.84759456,Prioritize Shipment
0,3,3,3,4595.85,245.74,4.08,8.7,4,0.647,28.11,1,2024,9,3,5,0.0008877574333365,244.557,0.0534699783500331,3.0710999999999995,1,1,0.8921206,Prioritize Shipment
7,4,1,4,8076.4,23.03,4.05,4.7,2,0.618,55.81,1,2025,7,29,5,0.0005014610470011,262.307,0.0028515180030706,1.7954,0,1,0.9656016,Prioritize Shipment
4,2,2,4,521.37,207.04,4.39,0.2,2,0.669,2.53,1,2024,9,5,4,0.0084201239043289,0.506,0.3971076203080346,0.0662,0,1,0.8227294,Prioritize Shipment
5,0,0,4,11075.5,269.21,4.49,6.1,2,0.893,6.23,1,2024,9,18,6,0.0004053993047717,38.003,0.0243068033045912,0.6526999999999998,0,1,0.9091957,Prioritize Shipment
1,5,1,0,14519.26,25.6,1.58,9.2,2,0.705,117.76,1,2024,7,27,2,0.0001088209729696,1083.392,0.0017631752582431,2.714,1,1,0.96432585,Prioritize Shipment
1,0,0,1,4892.5,206.07,2.87,8.8,4,0.862,1.27,1,2024,4,4,4,0.0005866121614716,11.176000000000002,0.0421195707715891,1.2144,1,1,0.8352235,Prioritize Shipment
0,6,3,4,10833.01,356.32,1.9,9.4,2,0.949,177.01,1,2024,7,14,3,0.000175389850097,1663.894,0.0328920586245189,0.4794000000000004,1,1,0.9666108,Prioritize Shipment
6,1,1,4,5878.64,470.26,2.61,3.7,2,0.66,39.57,1,2025,1,21,5,0.0004439802403276,146.40900000000002,0.0799946926500006,1.258,0,1,0.94935757,Prioritize Shipment
5,0,2,1,13578.13,131.07,2.38,7.8,4,0.717,33.19,1,2025,11,20,4,0.0001752818687109,258.88199999999995,0.0096530229125807,2.2074000000000003,1,1,0.8682874,Prioritize Shipment
6,5,3,2,14780.45,431.88,2.91,0.5,2,0.748,168.46,1,2025,9,9,5,0.000196881691694,84.23,0.0292196786971979,0.126,0,1,0.9453429,Prioritize Shipment
0,4,3,3,6201.33,85.25,3.84,8.5,4,0.749,36.87,1,2024,3,15,0,0.000619222005602,313.395,0.0137470510358261,2.1335,1,1,0.9045359,Prioritize Shipment
2,3,2,2,9064.25,411.08,2.69,7.5,4,0.833,21.68,1,2024,7,11,4,0.0002967702788427,162.6,0.0453517941363047,1.2525000000000004,1,1,0.8189389,Prioritize Shipment
5,3,0,1,10785.15,131.99,3.37,8.4,2,0.809,6.23,1,2024,8,10,2,0.0003124666787202,52.33200000000001,0.0122381237164063,1.6043999999999996,1,1,0.9230323,Prioritize Shipment
7,2,0,4,8964.71,293.05,1.39,4.7,2,0.899,4.64,1,2024,12,6,0,0.00015505242222,21.808,0.0326892894471767,0.4746999999999999,0,1,0.89920175,Prioritize Shipment
4,1,2,1,1115.12,238.2,2.14,8.8,2,0.704,6.93,1,2024,1,16,5,0.0019190759738862,60.984,0.2136092976540641,2.6048000000000004,1,1,0.9301416,Prioritize Shipment
3,8,3,3,4347.23,182.39,2.13,6.4,4,0.662,24.15,1,2024,8,4,3,0.0004899671744996,154.56,0.0419554520924818,2.1632,0,1,0.8383564,Prioritize Shipment
2,7,3,0,5854.57,466.02,4.12,4.3,2,0.668,78.58,1,2024,7,28,3,0.0007037237576798,337.894,0.0795993557169869,1.4275999999999998,0,1,0.96913797,Prioritize Shipment
5,8,0,3,10609.54,32.57,4.0,5.3,2,0.768,5.09,1,2025,7,19,2,0.00037701917331,26.977,0.0030698786186771,1.2295999999999998,0,1,0.90161926,Prioritize Shipment
3,1,3,0,10857.74,301.9,3.23,0.7,2,0.824,125.17,1,2024,11,25,1,0.0002974836383998,87.619,0.0278050496696365,0.1232,0,1,0.9503041,Prioritize Shipment
5,4,0,4,7194.88,29.51,2.16,3.7,2,0.674,3.24,1,2024,10,16,6,0.0003002134851449,11.988,0.0041015277530688,1.2062,0,1,0.89356863,Prioritize Shipment
2,4,1,2,13854.42,446.99,2.59,8.8,4,0.647,40.78,1,2025,1,24,0,0.0001869439500173,358.86400000000003,0.032263349891226,3.1064000000000003,1,1,0.9051418,Prioritize Shipment
3,5,0,3,10571.63,265.37,3.53,7.6,2,0.738,4.63,1,2025,4,22,5,0.000333912556531,35.187999999999995,0.0251020892710017,1.9912,1,1,0.9264565,Prioritize Shipment
5,5,1,1,3330.99,439.56,1.21,2.5,2,0.66,20.59,1,2024,9,24,5,0.000363255368524,51.475,0.1319607684201994,0.8499999999999999,0,1,0.8879703,Prioritize Shipment
0,3,3,3,5366.35,65.36,3.92,4.3,2,0.795,71.89,1,2025,6,9,1,0.000730477885341,309.127,0.0121796006596662,0.8814999999999998,0,1,0.96850026,Prioritize Shipment
7,7,1,0,12919.79,299.55,1.4,5.4,4,0.523,34.66,1,2025,4,22,5,0.0001083608944108,187.164,0.0231853613719727,2.5758,0,1,0.8501145,Prioritize Shipment
7,4,0,3,10666.96,16.45,1.98,8.0,4,0.553,2.58,1,2024,4,10,6,0.0001856198954528,20.64,0.0015421450910099,3.576,1,1,0.8637284,Prioritize Shipment
1,3,0,0,14232.81,210.75,3.26,4.3,2,0.595,7.26,1,2024,7,27,2,0.0002290482343261,31.218,0.0148073360074363,1.7415,0,1,0.8915073,Prioritize Shipment
6,2,3,2,665.56,378.98,1.32,1.8,2,0.638,7.45,1,2024,9,24,5,0.0019832922651601,13.41,0.5694152292806058,0.6516,0,1,0.88143694,Prioritize Shipment
2,7,3,0,10703.65,366.12,1.76,4.4,2,0.855,145.0,1,2025,7,20,3,0.0001644298907382,638.0,0.0342051543165182,0.6380000000000001,0,1,0.9673716,Prioritize Shipment
0,1,1,4,10720.63,344.46,1.51,7.2,2,0.952,80.81,1,2024,10,29,5,0.0001408499313939,581.832,0.0321305744158692,0.3456000000000003,1,1,0.9665999,Prioritize Shipment
1,7,1,0,12348.36,110.64,4.24,1.9,2,0.549,75.33,1,2024,6,5,6,0.0003433654347621,143.12699999999998,0.0089598942693604,0.8568999999999999,0,1,0.9578539,Prioritize Shipment
1,5,2,4,8423.24,219.9,2.34,7.4,4,0.552,20.63,1,2024,7,19,0,0.0002778028407121,152.662,0.0261063438771779,3.3152,1,1,0.8562368,Prioritize Shipment
6,4,1,2,14522.01,391.22,4.2,4.8,4,0.898,37.55,1,2024,12,3,5,0.0002892161622254,180.24,0.0269397969013931,0.4895999999999998,0,1,0.8145355,Prioritize Shipment
4,5,0,1,7819.54,227.18,1.22,8.5,2,0.529,4.38,1,2025,1,23,4,0.0001560194077912,37.23,0.0290528598868987,4.0035,1,1,0.93021274,Prioritize Shipment
4,1,3,3,10917.58,396.3,2.73,7.1,2,0.701,163.82,1,2025,8,6,6,0.000250055415211,1163.1219999999998,0.0362992531311884,2.1229,1,1,0.9697383,Prioritize Shipment
1,0,0,2,12100.05,114.98,2.91,8.7,4,0.836,2.75,0,2025,7,17,4,0.0002404948739881,23.925,0.0095024400725616,1.4268000000000003,1,1,0.82421434,Prioritize Shipment
5,1,2,3,6250.03,158.11,1.56,5.5,2,0.555,37.71,1,2025,12,2,5,0.0002495988019257,207.405,0.0252974785721028,2.4475,0,1,0.95892864,Prioritize Shipment
4,8,3,2,2780.46,105.55,3.49,7.6,2,0.923,41.97,1,2025,5,15,4,0.0012551879904763,318.972,0.0379613445257259,0.5851999999999996,1,1,0.9637979,Prioritize Shipment
5,1,0,1,10254.19,360.41,4.42,6.5,2,0.762,5.96,1,2024,6,21,0,0.0004310433101005,38.74,0.035147583573154,1.547,0,1,0.91158324,Prioritize Shipment
0,6,0,0,12051.88,343.95,1.26,4.0,2,0.592,6.26,1,2024,12,26,4,0.0001045480041288,25.04,0.0285391158889733,1.632,0,1,0.8887738,Prioritize Shipment
5,2,1,0,4131.78,48.78,4.33,4.7,2,0.641,28.38,1,2024,6,22,2,0.0010479744807322,133.386,0.0118060496928684,1.6873,0,1,0.9177114,Prioritize Shipment
7,1,0,3,9560.67,461.36,2.42,7.2,2,0.758,6.61,1,2024,5,23,4,0.0002531203357086,47.592000000000006,0.0482560322655211,1.7424,1,1,0.9116845,Prioritize Shipment
3,5,2,2,8790.32,284.67,1.23,8.8,4,0.868,21.93,1,2025,7,13,3,0.0001399266465839,192.984,0.0323844865715923,1.1616000000000002,1,1,0.8497906,Prioritize Shipment
7,7,1,1,4948.26,318.71,3.64,8.2,2,0.644,39.48,1,2024,3,17,3,0.0007356121141572,323.73599999999993,0.0644084991491958,2.9192,1,1,0.9656933,Prioritize Shipment
2,8,3,0,5343.72,386.35,3.31,8.8,4,0.626,32.33,1,2024,1,7,3,0.0006194186821165,284.504,0.0722998210984108,3.2912000000000003,1,1,0.9011859,Prioritize Shipment
0,2,2,4,11124.14,237.13,4.0,5.3,2,0.892,66.88,1,2025,2,26,6,0.0003595783584169,354.46399999999994,0.021316704032851,0.5723999999999999,0,1,0.9680926,Prioritize Shipment
6,0,3,2,10438.94,400.87,4.35,7.2,2,0.638,157.36,1,2024,6,3,1,0.0004167089761987,1132.9920000000002,0.0384014085721347,2.6064,1,1,0.96894985,Prioritize Shipment
7,3,2,2,5320.61,205.84,3.43,9.6,4,0.611,14.46,1,2024,1,10,6,0.000644662923988,138.816,0.0386872933742559,3.7344,1,1,0.86859876,Prioritize Shipment
7,7,1,2,9668.09,403.24,2.04,7.1,4,0.571,27.64,1,2025,9,24,6,0.0002110034143248,196.244,0.0417083415648799,3.0459,1,1,0.87069875,Prioritize Shipment
0,3,3,3,11388.63,123.57,2.59,7.0,4,0.573,63.82,0,2025,9,23,5,0.0002274198037867,446.74,0.0108502954262277,2.9890000000000003,1,1,0.90033305,Prioritize Shipment
0,2,3,2,4528.87,397.4,1.34,8.1,4,0.538,26.88,1,2025,11,6,4,0.0002958795461119,217.728,0.0877481579290198,3.7422,1,1,0.888001,Prioritize Shipment
5,7,2,2,6764.27,136.42,2.97,4.7,2,0.894,39.92,1,2024,1,17,6,0.0004390717697549,187.624,0.0201677342861831,0.4981999999999999,0,1,0.95584244,Prioritize Shipment
7,3,2,2,14715.35,427.7,2.67,7.0,2,0.787,93.9,1,2024,1,7,3,0.0001814431868762,657.3000000000001,0.0290648880250894,1.4909999999999997,1,1,0.96729225,Prioritize Shipment
5,5,1,4,11199.33,226.04,2.61,8.4,4,0.77,32.87,1,2024,10,8,5,0.000233049655649,276.108,0.0201833502539884,1.932,1,1,0.87953997,Prioritize Shipment
6,6,1,1,10716.04,51.28,3.33,6.7,2,0.662,80.24,1,2025,7,2,6,0.0003107491200107,537.608,0.0047853498120574,2.2646,0,1,0.96960205,Prioritize Shipment
2,4,3,2,7504.08,88.66,2.54,8.1,2,0.621,116.83,1,2025,3,16,3,0.0003384825321691,946.323,0.011814906024456,3.0699,1,1,0.9695538,Prioritize Shipment
5,1,1,3,4668.19,346.89,3.11,7.1,2,0.844,35.14,1,2024,4,19,0,0.0006662111010905,249.494,0.0743093147451153,1.1076,1,1,0.9542351,Prioritize Shipment
1,3,3,1,10022.96,400.88,1.34,1.3,2,0.57,119.11,1,2024,4,8,1,0.0001336930407783,154.84300000000002,0.0399961687964433,0.559,0,1,0.95575345,Prioritize Shipment
3,2,2,0,14543.79,199.42,3.14,6.7,4,0.679,33.95,1,2025,6,20,0,0.0002158997070227,227.46500000000003,0.0137116941319972,2.1507,0,1,0.8575026,Prioritize Shipment
5,0,0,4,9542.91,85.71,4.41,10.0,2,0.815,5.37,1,2024,9,30,1,0.0004621231888386,53.7,0.0089815370783125,1.8500000000000003,1,1,0.9317573,Prioritize Shipment
1,0,2,2,14492.72,167.35,3.05,6.7,4,0.531,33.69,1,2025,2,19,6,0.0002104504882451,225.723,0.0115471767894501,3.1423,0,1,0.85645354,Prioritize Shipment
5,2,1,1,10746.13,218.36,2.53,8.3,4,0.837,31.3,0,2024,9,6,0,0.0002354335933028,259.79,0.0203198732939207,1.3529000000000004,1,1,0.85505366,Prioritize Shipment
4,1,2,4,5037.16,366.63,1.8,8.7,2,0.7,33.58,1,2024,8,19,1,0.0003573442177735,292.146,0.0727850614235005,2.6100000000000003,1,1,0.9603957,Prioritize Shipment
3,4,1,3,14227.64,305.15,3.9,6.1,2,0.753,102.6,1,2025,10,31,0,0.0002741143295725,625.8599999999999,0.0214476891459159,1.5067,0,1,0.96725255,Prioritize Shipment
5,3,2,0,2035.63,293.01,3.36,3.8,2,0.796,10.96,1,2025,10,27,1,0.0016505946561998,41.648,0.1439406964919951,0.7751999999999998,0,1,0.8895533,Prioritize Shipment
0,2,1,4,14198.68,243.54,4.32,6.8,4,0.804,39.74,1,2024,4,5,0,0.0003042536348449,270.232,0.0171522986643828,1.3327999999999995,0,1,0.872427,Prioritize Shipment
6,3,0,0,8952.43,26.97,3.49,3.7,2,0.918,5.4,1,2025,12,20,2,0.0003898382897157,19.980000000000004,0.003012589877832,0.3033999999999999,0,1,0.8767157,Prioritize Shipment
3,1,0,2,3233.84,266.62,4.19,5.5,4,0.612,0.52,1,2024,12,5,4,0.0012956732553249,2.8600000000000003,0.0824468743042327,2.134,0,1,0.8181539,Prioritize Shipment
5,1,3,2,10250.68,452.76,4.49,5.3,2,0.516,144.46,1,2025,8,2,2,0.0004380197216184,765.638,0.0441687770957634,2.5652,0,1,0.9642648,Prioritize Shipment
7,4,3,0,6786.95,292.79,2.72,0.2,2,0.73,75.83,1,2024,8,23,0,0.0004007691230965,15.166,0.0431401439527328,0.054,0,1,0.9453528,Prioritize Shipment
0,5,0,1,11351.57,494.14,2.19,5.8,2,0.627,7.01,1,2025,12,9,5,0.0001929248553283,40.658,0.0435305424712176,2.1634,0,1,0.91335565,Prioritize Shipment
1,8,3,3,4251.32,400.78,3.55,3.8,2,0.698,56.63,1,2024,10,4,0,0.0008350347656727,215.194,0.0942718967285454,1.1476000000000002,0,1,0.9640908,Prioritize Shipment
6,3,3,4,9392.73,385.44,1.77,1.6,2,0.68,112.65,1,2025,7,10,4,0.0001884436154344,180.24,0.0410359927305479,0.5119999999999999,0,1,0.95998895,Prioritize Shipment
0,7,3,0,9746.48,250.31,1.94,5.1,4,0.561,50.08,1,2025,7,31,4,0.0001990462197634,255.408,0.0256820924066945,2.2389,0,1,0.885493,Prioritize Shipment
1,3,2,3,4101.46,86.68,4.36,7.2,2,0.855,27.1,1,2024,5,27,1,0.0010630360895876,195.12,0.0211339376709757,1.0440000000000005,1,1,0.9363337,Prioritize Shipment
1,4,2,4,3608.89,265.39,1.88,8.2,2,0.822,23.99,1,2025,12,30,5,0.0005209358002044,196.718,0.0735378468171653,1.4596000000000002,1,1,0.9386014,Prioritize Shipment
7,1,2,3,4089.62,314.82,1.34,9.7,2,0.68,27.82,1,2024,3,19,5,0.0003276588044855,269.854,0.0769802573344222,3.103999999999999,1,1,0.9500843,Prioritize Shipment
2,4,3,3,1406.63,59.85,1.42,7.6,4,0.59,7.63,1,2024,11,2,2,0.0010095049870968,57.988,0.0425485024491159,3.116,1,1,0.86160004,Prioritize Shipment
1,3,3,1,11124.64,142.36,1.55,3.7,2,0.506,146.27,1,2025,7,31,4,0.0001393303513641,541.1990000000001,0.0127968185936803,1.8278,0,1,0.9667967,Prioritize Shipment
4,6,3,1,1676.66,466.87,3.06,9.9,4,0.661,9.93,1,2025,2,2,3,0.0018250569584769,98.307,0.2784523994131189,3.3561,1,1,0.87375027,Prioritize Shipment
7,7,3,0,14296.62,433.81,3.52,4.7,2,0.814,196.67,1,2025,11,24,1,0.0002462120417273,924.349,0.0303435357448124,0.8742000000000003,0,1,0.9643659,Prioritize Shipment
3,2,3,0,12658.13,117.57,1.87,7.2,4,0.947,71.94,1,2025,7,7,1,0.0001477311419617,517.968,0.0092881017970268,0.3816000000000003,1,1,0.8701351,Prioritize Shipment
0,6,2,3,8391.68,187.43,2.56,5.0,4,0.597,18.76,1,2025,12,6,2,0.0003050640634533,93.8,0.0223352177394752,2.015,0,1,0.80977505,Prioritize Shipment
6,2,3,4,3404.09,341.05,3.36,3.7,2,0.985,44.63,1,2024,3,21,4,0.0009870479335152,165.13100000000003,0.1001883028944593,0.0555,0,1,0.9486833,Prioritize Shipment
0,8,1,3,4101.56,412.08,1.35,9.0,2,0.725,33.41,1,2025,4,6,3,0.0003291430577633,300.68999999999994,0.1004690898097309,2.475,1,1,0.96071094,Prioritize Shipment
3,2,3,4,10729.18,52.47,1.21,4.3,4,0.766,55.18,1,2025,5,17,2,0.0001127765588796,237.274,0.0048904016895979,1.0062,0,1,0.83357793,Prioritize Shipment
2,0,3,3,6916.91,397.74,2.0,3.2,2,0.851,88.81,1,2024,12,30,1,0.0002891464541247,284.192,0.0575025553317883,0.4768000000000001,0,1,0.96513444,Prioritize Shipment
6,8,0,1,9915.17,91.44,1.41,4.3,2,0.926,5.08,1,2025,7,20,3,0.0001422063363512,21.844,0.0092222321957162,0.3181999999999998,0,1,0.8758353,Prioritize Shipment
0,7,3,0,6936.83,481.43,2.97,6.7,2,0.97,103.18,1,2025,8,22,0,0.0004281494573169,691.306,0.0694020179246139,0.2010000000000001,0,1,0.9635212,Prioritize Shipment
5,7,3,3,3191.88,144.79,3.62,9.2,4,0.656,19.49,1,2024,6,6,4,0.0011341278494178,179.30799999999996,0.0453619810268556,3.1648,1,1,0.86613274,Prioritize Shipment
6,2,3,4,13284.51,365.53,2.58,3.8,4,0.652,65.77,1,2024,11,20,6,0.0001942111526883,249.926,0.0275155049000678,1.3223999999999998,0,1,0.81727374,Prioritize Shipment
0,2,3,3,12514.06,260.56,4.35,1.6,2,0.533,151.44,1,2024,3,30,2,0.0003476090093862,242.304,0.0208213801116504,0.7472,0,1,0.95947564,Prioritize Shipment
3,0,2,4,11944.75,183.04,4.36,9.1,4,0.729,31.22,1,2024,7,10,6,0.0003650139182486,284.102,0.0153238870633541,2.4661,1,1,0.8873478,Prioritize Shipment
6,3,2,1,13749.93,198.1,2.4,6.7,2,0.579,87.37,1,2025,4,4,0,0.000174546343145,585.379,0.0144073460737618,2.8207000000000004,0,1,0.96788543,Prioritize Shipment
7,4,3,0,14315.82,168.17,1.44,2.3,2,0.636,176.86,1,2025,7,24,4,0.0001005880208049,406.778,0.0117471440685898,0.8371999999999999,0,1,0.9621407,Prioritize Shipment
6,2,3,2,5237.77,104.43,3.08,2.4,2,0.616,65.15,1,2025,7,22,5,0.0005880365117215,156.36,0.0199378743243785,0.9216,0,1,0.95695543,Prioritize Shipment
0,1,1,4,5639.16,189.52,3.04,5.7,2,0.7,40.29,1,2025,6,8,3,0.0005390873818086,229.653,0.0336078423027543,1.7100000000000004,0,1,0.9631905,Prioritize Shipment
1,6,2,1,13206.63,145.5,2.88,7.6,4,0.864,32.77,1,2024,1,27,2,0.0002180722864197,249.052,0.0110171936368324,1.0336,1,1,0.83561724,Prioritize Shipment
3,4,0,3,8523.88,96.45,1.22,8.9,2,0.819,4.92,1,2025,7,21,1,0.0001431273082211,43.788,0.0113152695720728,1.6109000000000004,1,1,0.92046875,Prioritize Shipment
6,3,2,1,7795.42,204.3,2.88,6.2,4,0.739,18.08,1,2024,4,5,0,0.0003694477013425,112.096,0.0262076963139894,1.6182,0,1,0.80113804,Prioritize Shipment
7,6,2,2,3311.01,468.54,3.03,9.9,4,0.967,8.45,1,2025,9,3,6,0.0009151286163436,83.655,0.1415096903965859,0.3267000000000003,1,1,0.825954,Prioritize Shipment
5,8,2,2,12649.67,128.29,4.22,3.2,2,0.865,69.45,1,2025,1,29,6,0.0003336055406978,222.24,0.0101417665441074,0.432,0,1,0.96012586,Prioritize Shipment
5,5,3,1,12952.08,64.39,3.27,5.7,4,0.611,68.95,1,2024,1,13,2,0.0002524691014879,393.015,0.0049714022766999,2.2173000000000003,0,1,0.88839865,Prioritize Shipment
7,7,2,2,6868.55,153.4,1.69,5.5,2,0.746,41.9,1,2025,2,27,4,0.0002460490205356,230.45,0.0223336803255417,1.397,0,1,0.9615083,Prioritize Shipment
6,2,3,4,9352.93,79.67,4.02,7.9,4,0.839,54.67,1,2025,2,1,2,0.0004298118343663,431.893,0.0085181862795936,1.2719000000000005,1,1,0.8958772,Prioritize Shipment
1,4,1,0,10562.27,279.35,4.26,5.7,4,0.66,28.66,1,2025,8,8,0,0.0004033223918722,163.362,0.0264479131853285,1.938,0,1,0.8196719,Prioritize Shipment
6,2,3,1,7966.53,435.77,2.61,3.7,2,0.711,105.24,1,2024,10,2,6,0.0003276206830326,389.388,0.0547001015498592,1.0693,0,1,0.9691657,Prioritize Shipment
6,6,2,0,1711.54,49.71,3.79,8.3,4,0.547,4.65,1,2024,10,1,5,0.0022143800320179,38.595000000000006,0.029044018836837,3.7599,1,1,0.86882234,Prioritize Shipment
0,1,0,1,4057.61,398.68,3.93,7.4,4,0.749,0.59,1,2024,3,19,5,0.0009685504521134,4.366,0.0982548840327187,1.8574,1,1,0.8484959,Prioritize Shipment
1,0,2,2,1337.12,295.62,1.28,3.2,2,0.685,6.95,1,2025,1,4,2,0.0009572813210482,22.24,0.2210871126002154,1.0079999999999998,0,1,0.88642305,Prioritize Shipment
2,4,1,2,3895.95,274.46,4.28,7.2,4,0.66,11.21,1,2024,9,9,1,0.001098576727114,80.712,0.0704475160102157,2.448,1,1,0.8428021,Prioritize Shipment
5,7,3,0,6528.74,355.38,1.98,5.9,4,0.831,35.75,1,2024,7,19,0,0.0003032744449924,210.925,0.0544331678087961,0.9971000000000004,0,1,0.8483185,Prioritize Shipment
4,2,3,4,2989.56,335.04,3.42,6.6,2,0.952,44.04,1,2024,1,7,3,0.0011439810540681,290.664,0.1120700036125717,0.3168000000000002,0,1,0.9619274,Prioritize Shipment
7,2,2,3,7751.63,108.85,2.31,1.0,2,0.589,38.59,1,2025,2,9,3,0.000298001839613,38.59,0.0140422078969197,0.411,0,1,0.943108,Prioritize Shipment
4,7,3,4,8221.31,460.81,3.61,1.7,2,0.984,99.8,1,2024,12,3,5,0.0004391027707263,169.66,0.0560506780549571,0.0272,0,1,0.94854474,Prioritize Shipment
3,7,2,4,5389.5,207.01,1.9,8.3,4,0.537,13.56,1,2025,10,28,5,0.0003525373411262,112.54800000000002,0.0384098710455515,3.8429,1,1,0.866783,Prioritize Shipment
1,8,3,2,3490.66,490.53,2.34,3.1,2,0.511,45.35,1,2024,11,3,3,0.0006703603330029,140.585,0.1405264333965496,1.5159,0,1,0.9519529,Prioritize Shipment
1,3,1,3,11994.99,408.62,3.12,5.5,2,0.873,84.7,1,2024,6,30,3,0.0002601085953385,465.85,0.0340658891753973,0.6985,0,1,0.968697,Prioritize Shipment
1,7,0,0,1501.17,7.96,4.36,7.9,4,0.559,0.5,1,2025,2,11,5,0.0029044012337043,3.95,0.0053025306927263,3.4839,1,1,0.85132825,Prioritize Shipment
1,3,0,0,8629.84,183.18,3.64,5.1,4,0.598,0.69,1,2024,10,25,0,0.0004217922927887,3.519,0.0212263495035829,2.0502,0,1,0.8106652,Prioritize Shipment
1,6,2,3,3159.91,488.03,1.41,2.6,2,0.666,17.59,1,2025,8,29,0,0.0004462152403074,45.734,0.1544442721469915,0.8684,0,1,0.8859323,Prioritize Shipment
7,3,0,0,12151.3,9.96,2.53,9.7,2,0.734,6.78,1,2025,4,17,4,0.0002082081752569,65.76599999999999,0.0008196653855966,2.5802,1,1,0.93120694,Prioritize Shipment
0,6,3,1,6146.37,36.39,3.01,3.7,2,0.785,81.18,1,2025,12,10,6,0.0004897199485224,300.36600000000004,0.0059205677497449,0.7954999999999999,0,1,0.9679087,Prioritize Shipment
1,6,3,4,8355.53,95.49,1.2,4.6,2,0.922,113.89,1,2024,3,11,1,0.0001436174605321,523.894,0.0114283594218439,0.3587999999999998,0,1,0.96682054,Prioritize Shipment
6,6,3,0,14536.95,385.89,2.27,8.3,2,0.96,229.23,1,2025,2,22,2,0.0001561538011756,1902.609,0.0265454582976484,0.3320000000000003,1,1,0.96151537,Prioritize Shipment
1,6,2,1,1465.19,420.88,1.93,6.6,2,0.743,9.2,1,2025,11,20,4,0.0013172353073662,60.71999999999999,0.2872528477535336,1.6962,0,1,0.9090244,Prioritize Shipment
2,5,0,2,9900.61,309.23,4.41,0.6,2,0.82,3.8,1,2025,5,26,1,0.0004454270999463,2.28,0.0312334290513412,0.108,0,1,0.8138771,Prioritize Shipment
3,4,2,0,14959.14,130.26,1.9,1.9,2,0.64,78.19,1,2024,9,15,3,0.0001270126491228,148.56099999999998,0.0087077198288136,0.6839999999999999,0,1,0.9544752,Prioritize Shipment
1,0,0,0,5156.85,108.21,3.96,8.7,4,0.984,0.53,1,2024,6,6,4,0.0007679106431251,4.611,0.0209837400738823,0.1392000000000001,1,1,0.80140764,Prioritize Shipment
2,5,0,0,3691.61,21.12,3.23,4.2,2,0.834,2.04,1,2025,3,9,3,0.0008749569970825,8.568000000000001,0.0057210810459393,0.6972000000000002,0,1,0.89202166,Prioritize Shipment
4,8,0,0,1496.35,169.54,4.26,7.3,4,0.577,0.94,1,2025,4,4,0,0.0028469275236408,6.861999999999999,0.1133023690981388,3.0879000000000003,1,1,0.866785,Prioritize Shipment
3,1,3,4,10022.58,136.07,2.72,8.6,4,0.858,60.19,0,2025,2,14,0,0.000271387207685,517.634,0.0135763446138619,1.2212,1,1,0.88775104,Prioritize Shipment
0,8,3,0,10777.1,15.56,1.82,4.7,4,0.55,55.83,1,2025,7,1,5,0.0001688765994562,262.401,0.0014438021360106,2.115,0,1,0.87376326,Prioritize Shipment
4,6,1,4,577.05,373.62,2.78,10.0,2,0.828,4.71,1,2024,2,7,6,0.0048176067931721,47.1,0.647465557577333,1.7200000000000004,1,1,0.92898613,Prioritize Shipment
6,5,0,1,11705.74,248.0,3.07,1.6,2,0.646,4.84,1,2025,12,19,0,0.0002622644958797,7.744,0.0211861872893127,0.5664,0,1,0.8749652,Prioritize Shipment
5,4,2,0,11614.47,103.83,3.09,7.8,4,0.573,28.4,1,2025,10,15,6,0.0002660474390996,221.52,0.0089397105507181,3.3306000000000004,1,1,0.8732449,Prioritize Shipment
5,0,2,4,11838.42,33.44,3.38,2.6,2,0.565,63.63,1,2024,4,21,3,0.0002855110732682,165.43800000000002,0.0028247012692572,1.1310000000000002,0,1,0.95536065,Prioritize Shipment
1,5,3,4,2534.71,432.25,2.28,1.0,2,0.815,29.36,1,2024,12,29,3,0.000899511186684,29.36,0.1705323291421898,0.185,0,1,0.88055784,Prioritize Shipment
4,1,1,2,9496.87,372.44,1.8,7.8,2,0.698,74.0,1,2025,10,24,0,0.000189536131378,577.1999999999999,0.0392171315391281,2.3556000000000004,1,1,0.96927714,Prioritize Shipment
2,3,0,0,13669.31,470.54,4.03,7.7,4,0.706,2.4,1,2025,10,24,0,0.0002948210260795,18.48,0.0344230981666228,2.2638000000000003,1,1,0.8662728,Prioritize Shipment
5,5,2,1,11501.37,243.7,2.22,2.1,2,0.91,60.52,1,2025,2,13,4,0.0001930204836467,127.092,0.0211887801192379,0.1889999999999999,0,1,0.9503178,Prioritize Shipment
5,2,3,4,9158.75,231.85,2.5,3.8,2,0.772,122.33,1,2024,12,5,4,0.0002729630135116,464.854,0.0253145898730722,0.8663999999999998,0,1,0.9677164,Prioritize Shipment
7,2,3,3,9984.92,392.75,2.38,5.4,4,0.756,52.75,1,2025,3,16,3,0.0002383594460446,284.85,0.0393343161487523,1.3176,0,1,0.87402165,Prioritize Shipment
2,1,0,0,8892.7,277.69,1.35,4.7,2,0.787,4.76,1,2024,1,11,4,0.0001518099115004,22.372,0.0312267365367098,1.0011,0,1,0.9005839,Prioritize Shipment
0,1,2,0,9669.67,90.72,2.22,8.1,2,0.95,64.08,1,2024,4,10,6,0.0002295838430887,519.048,0.0093819127229781,0.4050000000000003,1,1,0.96743596,Prioritize Shipment
4,6,3,1,7371.86,484.07,3.07,5.1,4,0.893,39.18,1,2024,8,15,4,0.0004164484946811,199.818,0.0656645676939062,0.5456999999999999,0,1,0.8515217,Prioritize Shipment
2,7,0,4,3616.23,415.19,4.17,2.7,2,0.682,2.23,1,2025,8,12,5,0.0011531346180967,6.021,0.1148129405485823,0.8585999999999999,0,1,0.8889949,Prioritize Shipment
1,6,3,4,6050.58,265.9,4.49,5.0,4,0.501,31.03,1,2025,8,25,1,0.0007420776190051,155.15,0.0439462001989891,2.495,0,1,0.82726306,Prioritize Shipment
6,1,1,3,12045.5,406.53,2.05,0.1,2,0.864,67.6,1,2024,6,3,1,0.0001701880370262,6.76,0.0337495330206301,0.0136,0,1,0.93876356,Prioritize Shipment
7,3,3,1,4443.22,67.17,2.46,6.3,2,0.508,64.89,1,2024,12,19,4,0.0005536525312723,408.807,0.0151174148477905,3.0996,0,1,0.96866655,Prioritize Shipment
2,6,0,4,5205.42,224.22,1.74,9.4,4,0.618,0.99,1,2025,3,1,2,0.0003342669755754,9.306,0.0430743340594995,3.5908,1,1,0.8682141,Prioritize Shipment
5,8,0,4,4337.21,199.05,1.26,6.4,2,0.592,3.2,1,2024,12,17,5,0.0002905093366472,20.480000000000004,0.0458935583013042,2.6112,0,1,0.9217026,Prioritize Shipment
6,6,3,0,11532.34,86.21,4.17,8.3,4,0.54,67.99,1,2025,5,9,0,0.0003615918365223,564.317,0.0074754993349138,3.818,1,1,0.9090222,Prioritize Shipment
1,2,1,0,951.66,331.79,3.62,9.6,2,0.961,6.6,1,2025,4,8,5,0.0038038795368093,63.35999999999999,0.348643423071265,0.3744000000000003,1,1,0.92027634,Prioritize Shipment
2,4,3,2,4263.86,426.42,2.62,5.3,2,0.958,60.24,1,2024,11,22,0,0.0006144667038786,319.272,0.1000079739953938,0.2226000000000002,0,1,0.9630352,Prioritize Shipment
5,1,3,3,13248.19,246.27,2.22,7.6,4,0.539,76.19,1,2024,11,3,3,0.0001675700605139,579.044,0.0185889544156598,3.5036,1,1,0.9080925,Prioritize Shipment
3,1,1,3,8581.39,167.29,1.81,0.1,2,0.994,47.99,1,2025,12,28,3,0.0002109215406828,4.799,0.0194945107960365,0.0006,0,1,0.93336785,Prioritize Shipment
2,3,1,0,1065.2,297.93,3.27,7.4,4,0.744,3.33,1,2024,4,27,2,0.0030698460383026,24.642000000000003,0.2796939541870071,1.8944,1,1,0.8501112,Prioritize Shipment
0,1,0,1,4110.63,429.33,1.35,8.3,2,0.746,2.1,1,2025,7,19,2,0.0003284168120215,17.430000000000003,0.10444384437422,2.1082,1,1,0.9299217,Prioritize Shipment
2,5,2,4,1475.21,250.02,4.46,8.0,4,0.726,4.43,1,2024,12,4,6,0.003023298377858,35.44,0.1694809552538282,2.192,1,1,0.86759734,Prioritize Shipment
6,8,2,4,12196.64,105.43,2.34,0.5,2,0.615,59.43,1,2025,2,18,5,0.0001918561177504,29.715,0.0086441839719791,0.1925,0,1,0.9440817,Prioritize Shipment
5,7,3,4,6462.28,224.79,1.6,4.9,2,0.573,90.0,1,2025,11,4,5,0.0002475906336463,441.00000000000006,0.0347849365858489,2.0923000000000003,0,1,0.9695542,Prioritize Shipment
0,6,0,1,5726.19,226.64,1.66,9.8,4,0.956,0.88,1,2024,1,30,5,0.0002898960740038,8.624,0.0395795459109809,0.4312000000000004,1,1,0.8277959,Prioritize Shipment
7,4,1,3,1064.6,6.75,3.48,6.9,2,0.895,7.87,1,2024,7,29,1,0.0032688333646439,54.303,0.0063404095434905,0.7244999999999999,0,1,0.9066145,Prioritize Shipment
4,8,1,0,13034.28,155.01,2.07,3.7,2,0.554,85.28,1,2024,4,14,3,0.0001588119942183,315.536,0.0118924865815372,1.6502,0,1,0.9671148,Prioritize Shipment
0,6,2,4,14864.85,294.26,4.29,7.5,4,0.748,35.38,1,2025,1,9,4,0.0002886002886002,265.35,0.0197956925229652,1.89,1,1,0.8705158,Prioritize Shipment
3,6,3,4,6913.26,431.35,2.92,7.7,4,0.532,38.81,1,2024,7,20,2,0.0004223767079496,298.83700000000005,0.0623945866349594,3.6036,1,1,0.9110814,Prioritize Shipment
6,5,2,1,10757.26,480.79,2.49,7.4,2,0.708,70.51,1,2025,4,13,3,0.0002314715829123,521.7740000000001,0.0446944668066031,2.1608000000000005,1,1,0.96853864,Prioritize Shipment
5,0,1,3,13958.64,320.71,4.02,4.5,2,0.532,96.2,1,2025,5,16,0,0.000287993672736,432.9,0.0229757340256643,2.106,0,1,0.96603096,Prioritize Shipment
3,4,3,3,13972.52,207.55,2.64,7.8,2,0.826,215.7,1,2025,6,24,5,0.0001889422953053,1682.4599999999998,0.0148541565873586,1.3572000000000004,1,1,0.964497,Prioritize Shipment
4,3,1,1,5457.63,135.76,2.45,4.3,2,0.985,35.78,1,2025,10,16,4,0.0004489128064746,153.85399999999998,0.0248752663702009,0.0645,0,1,0.9281869,Prioritize Shipment
7,0,3,0,9917.88,344.87,4.13,1.4,2,0.789,116.97,1,2025,2,5,6,0.0004164196380678,163.75799999999998,0.0347725521986553,0.2953999999999999,0,1,0.9549819,Prioritize Shipment
7,1,3,2,12164.0,282.97,2.48,3.3,2,0.759,157.39,1,2025,8,24,3,0.000203880302532,519.387,0.023262906938507,0.7952999999999999,0,1,0.96554536,Prioritize Shipment
3,6,3,1,1273.55,393.05,1.82,4.5,2,0.591,17.7,1,2024,12,26,4,0.0014290762043107,79.64999999999999,0.308625495661733,1.8405,0,1,0.9051797,Prioritize Shipment
0,3,3,0,7094.08,337.08,3.79,1.6,2,0.528,84.2,1,2025,4,13,3,0.0005342482746177,134.72,0.0475156750417249,0.7552,0,1,0.959541,Prioritize Shipment
7,7,1,4,10324.21,347.72,4.15,6.6,2,0.502,76.62,1,2024,6,25,5,0.0004019678018947,505.692,0.0336800588132167,3.2868,0,1,0.9693523,Prioritize Shipment
2,3,3,2,5910.28,221.33,1.77,0.6,2,0.988,66.95,1,2025,11,20,4,0.0002994781973104,40.17,0.0374483104015376,0.0072,0,1,0.93939596,Prioritize Shipment
3,5,3,1,14154.53,472.55,2.59,8.7,4,0.864,84.69,1,2025,12,23,5,0.0001829802897023,736.8029999999999,0.0333850717756082,1.1832,1,1,0.88134545,Prioritize Shipment
7,5,3,0,10517.82,191.61,1.57,6.6,2,0.909,156.2,1,2025,8,27,6,0.0001492704762013,1030.9199999999998,0.0182176534681141,0.6005999999999998,0,1,0.96848685,Prioritize Shipment
7,1,3,2,2765.0,450.84,1.8,8.1,2,0.625,43.79,1,2024,11,16,2,0.0006509945750452,354.699,0.1630524412296564,3.0375,1,1,0.9644269,Prioritize Shipment
4,6,1,3,10724.52,127.08,3.12,8.1,4,0.533,31.73,1,2024,4,29,1,0.0002909221111993,257.013,0.0118494813753902,3.7827,1,1,0.8838841,Prioritize Shipment
2,0,2,1,7099.99,218.95,2.95,5.7,2,0.863,43.75,1,2024,7,6,2,0.0004154935429486,249.375,0.0308380716029177,0.7809,0,1,0.9640199,Prioritize Shipment
5,4,0,0,2961.06,8.62,2.66,2.4,2,0.626,1.06,1,2024,5,24,0,0.0008983269504839,2.544,0.0029111196666058,0.8976,0,1,0.87763304,Prioritize Shipment
6,4,2,4,9340.61,222.36,2.03,4.4,2,0.939,54.72,1,2025,3,4,5,0.0002173305597814,240.768,0.0238057257502454,0.2684000000000002,0,1,0.9608279,Prioritize Shipment
4,6,0,0,12653.25,436.75,2.76,9.1,4,0.687,3.13,1,2024,5,21,5,0.0002181257779621,28.483,0.0345168237409361,2.848299999999999,1,1,0.8692386,Prioritize Shipment
2,0,1,3,12140.76,352.75,1.29,5.8,2,0.934,86.26,1,2025,8,11,1,0.0001062536447471,500.308,0.0290550179725157,0.3827999999999997,0,1,0.9675504,Prioritize Shipment
1,7,1,4,14433.34,43.52,1.5,5.7,2,0.655,103.2,1,2025,1,27,1,0.0001039260489948,588.24,0.0030152411015052,1.9665,0,1,0.96574926,Prioritize Shipment
5,4,0,2,7583.19,327.17,2.62,6.1,2,0.723,4.75,1,2024,7,9,5,0.0003455010358437,28.975,0.0431441121744279,1.6897,0,1,0.91137964,Prioritize Shipment
6,2,0,3,4516.68,463.97,3.24,8.8,2,0.797,2.67,1,2025,12,11,4,0.0007173410558197,23.496,0.1027236819965107,1.7863999999999998,1,1,0.9242038,Prioritize Shipment
0,7,1,3,8956.27,360.57,3.78,5.4,4,0.643,23.8,1,2024,6,26,6,0.0004220506974443,128.52,0.0402589470839981,1.9278,0,1,0.8160762,Prioritize Shipment
6,1,2,1,6638.36,91.43,2.64,4.5,2,0.821,38.84,1,2024,5,23,4,0.000397688585735,174.78000000000003,0.0137729800733916,0.8055000000000002,0,1,0.94956124,Prioritize Shipment
1,7,1,2,10056.16,93.73,3.55,5.2,2,0.992,70.93,1,2024,2,24,2,0.0003530174539784,368.83600000000007,0.0093206552003945,0.0416,0,1,0.9566711,Prioritize Shipment
0,2,0,1,3562.86,489.02,2.44,8.9,4,0.608,1.29,1,2025,1,2,4,0.0006848430755067,11.481000000000002,0.1372549019607843,3.4888000000000003,1,1,0.8755847,Prioritize Shipment
1,3,0,4,13013.45,497.15,4.26,9.9,2,0.857,7.97,1,2024,1,10,6,0.0003273536225981,78.903,0.038202782505792,1.4157000000000002,1,1,0.9303889,Prioritize Shipment
5,7,1,0,4654.53,212.82,1.95,6.8,2,0.892,35.04,1,2025,1,28,5,0.0004189467035339,238.272,0.0457231986903081,0.7343999999999998,0,1,0.9514773,Prioritize Shipment
5,1,3,1,13511.81,77.53,1.6,6.3,2,0.534,197.74,1,2025,5,21,6,0.0001184149273857,1245.762,0.0057379433251355,2.9357999999999995,0,1,0.9655756,Prioritize Shipment
6,3,2,3,9528.14,366.93,4.27,7.7,4,0.602,23.26,1,2025,2,22,2,0.0004481462279101,179.102,0.0385101394395968,3.0646000000000004,1,1,0.8651529,Prioritize Shipment
6,0,1,2,14642.48,356.59,3.67,9.0,4,0.749,44.25,1,2024,6,20,4,0.0002506406018652,398.25,0.024353115046085,2.259,1,1,0.9031245,Prioritize Shipment
4,0,1,4,3871.34,271.13,2.72,7.1,2,0.555,28.3,1,2025,1,10,0,0.0007025991000532,200.93,0.0700351816167011,3.1594999999999995,1,1,0.94418234,Prioritize Shipment
6,5,3,3,10272.92,235.91,3.95,2.9,2,0.502,131.77,1,2025,7,13,3,0.0003845060605942,382.133,0.0229642594315929,1.4442,0,1,0.96648103,Prioritize Shipment
6,5,1,3,3552.35,293.34,2.75,7.8,4,0.935,9.93,1,2025,3,11,5,0.0007741354314749,77.454,0.0825763227159485,0.5069999999999996,1,1,0.8135012,Prioritize Shipment
7,4,0,1,12230.84,337.42,4.08,9.6,2,0.836,8.12,1,2024,4,14,3,0.0003335829754947,77.95199999999998,0.0275876391155472,1.5744000000000002,1,1,0.9230196,Prioritize Shipment
0,2,1,3,2630.37,402.33,1.37,5.0,2,0.681,19.18,1,2025,10,31,0,0.0005208392735622,95.9,0.1529556678338028,1.5949999999999998,0,1,0.9024963,Prioritize Shipment
1,8,1,1,2746.42,257.3,3.44,6.8,4,0.717,7.22,1,2024,2,3,2,0.0012525396698247,49.096,0.0936855979784592,1.9244,0,1,0.8326898,Prioritize Shipment
5,0,2,3,12155.17,457.38,2.35,8.8,4,0.924,30.92,1,2025,3,25,5,0.0001933333717257,272.09600000000006,0.0376284330042278,0.6687999999999996,1,1,0.8448888,Prioritize Shipment
1,0,3,2,2488.65,46.43,2.98,8.5,4,0.651,14.96,1,2024,4,30,5,0.0011974363610793,127.16,0.018656701424467,2.9665,1,1,0.864641,Prioritize Shipment
1,8,3,0,8920.14,324.46,3.88,5.1,4,0.686,45.94,1,2024,8,30,0,0.0004349707515801,234.294,0.0363738685715695,1.6013999999999995,0,1,0.87434477,Prioritize Shipment
5,5,2,2,2589.14,203.4,3.85,3.6,2,0.605,14.5,1,2025,8,25,1,0.0014869802328186,52.2,0.0785589037286512,1.4220000000000002,0,1,0.89635164,Prioritize Shipment
6,2,3,0,4467.79,34.48,1.82,1.1,2,0.755,52.59,1,2024,12,25,6,0.0004073602385071,57.84900000000001,0.0077174621009492,0.2695,0,1,0.94913834,Prioritize Shipment
0,7,3,3,7573.6,297.26,3.7,5.9,2,0.616,108.48,1,2025,12,28,3,0.0004885391359459,640.032,0.0392494982571036,2.2656,0,1,0.96931434,Prioritize Shipment
2,1,3,2,12424.53,448.81,2.38,6.4,2,0.927,182.48,1,2024,6,18,5,0.0001915565417766,1167.872,0.036122895594441,0.4671999999999997,0,1,0.9670231,Prioritize Shipment
7,3,2,1,1326.19,328.42,3.18,1.2,2,0.694,6.94,1,2025,9,22,1,0.0023978464624224,8.328,0.2476417406254006,0.3672,0,1,0.8691198,Prioritize Shipment
3,1,2,3,11767.21,224.63,4.35,6.5,4,0.84,28.83,1,2024,12,25,6,0.0003696713154605,187.395,0.019089486802734,1.0400000000000005,0,1,0.8020704,Prioritize Shipment
6,2,0,0,5051.19,197.19,1.68,1.5,2,0.633,2.49,1,2024,10,14,1,0.0003325948934805,3.735,0.0390383256222791,0.5505,0,1,0.8727079,Prioritize Shipment
5,2,3,3,7596.19,87.24,2.79,4.6,2,0.701,104.18,1,2024,10,23,6,0.0003672893911289,479.228,0.0114847048322909,1.3754000000000002,0,1,0.96955675,Prioritize Shipment
4,2,2,4,12654.34,384.44,1.64,7.0,2,0.997,80.73,1,2025,11,26,6,0.0001295998052841,565.11,0.0303800909411316,0.021,1,1,0.95361423,Prioritize Shipment
2,5,1,0,6398.67,232.31,2.17,7.6,4,0.809,18.21,1,2025,2,25,5,0.0003391329760715,138.396,0.0363059823369543,1.4515999999999996,1,1,0.8253601,Prioritize Shipment
7,0,0,1,2327.03,257.03,1.23,7.5,2,0.948,0.5,1,2024,5,9,4,0.0005285707532777,3.75,0.1104540981422671,0.3900000000000003,1,1,0.90332216,Prioritize Shipment
5,5,3,1,3044.63,5.76,2.59,2.4,2,0.849,37.79,1,2024,9,12,4,0.0008506780791097,90.696,0.0018918554963985,0.3624,0,1,0.9404717,Prioritize Shipment
5,5,1,3,2547.74,209.76,1.82,3.3,2,0.771,16.74,1,2025,8,14,4,0.0007143586080212,55.24199999999999,0.0823317920980947,0.7556999999999999,0,1,0.8895311,Prioritize Shipment
3,6,3,0,8777.72,357.36,1.85,5.5,2,0.647,124.53,1,2025,10,9,4,0.0002107608809576,684.915,0.040712166712996,1.9415,0,1,0.96992266,Prioritize Shipment
6,4,3,2,3151.15,204.6,1.69,6.3,2,0.748,46.27,1,2025,1,19,3,0.0005363121400123,291.50100000000003,0.0649286768322675,1.5876,0,1,0.96702576,Prioritize Shipment
5,0,0,0,14563.93,438.87,2.6,5.3,2,0.716,6.99,1,2024,4,5,0,0.0001785232420095,37.047,0.0301340366233564,1.5052,0,1,0.90105397,Prioritize Shipment
7,7,3,4,12067.12,53.94,1.64,4.0,4,0.555,60.97,1,2025,12,12,0,0.0001359064963305,243.88,0.0044699978122368,1.7799999999999998,0,1,0.8169056,Prioritize Shipment
7,0,3,2,5827.17,117.29,2.81,7.7,2,0.731,89.78,1,2025,1,12,3,0.0004822237895925,691.306,0.0201281239435266,2.0713000000000004,1,1,0.969388,Prioritize Shipment
6,2,2,2,12754.25,49.76,2.6,9.1,4,0.731,32.31,1,2024,12,1,3,0.0002038536174216,294.021,0.0039014446165003,2.4479,1,1,0.878809,Prioritize Shipment
2,0,3,2,3697.31,90.82,2.18,6.2,2,0.88,53.23,1,2025,4,14,1,0.000589617857307,330.026,0.0245638044957009,0.744,0,1,0.96707803,Prioritize Shipment
0,6,2,1,11378.85,337.44,1.8,9.2,4,0.77,30.0,1,2025,3,15,2,0.0001581882176142,276.0,0.0296550178620862,2.116,1,1,0.8799608,Prioritize Shipment
6,3,2,0,2704.7,111.53,1.6,3.0,2,0.575,15.32,1,2024,8,4,3,0.0005915628350648,45.96,0.0412356268717417,1.275,0,1,0.88769746,Prioritize Shipment
3,8,0,2,7145.69,18.36,1.67,7.4,4,0.731,0.95,1,2025,5,21,6,0.0002337073116801,7.03,0.0025693809835019,1.9906,1,1,0.85306334,Prioritize Shipment
7,1,0,3,5592.68,205.22,3.38,7.1,2,0.772,3.6,1,2024,10,1,5,0.0006043614152785,25.56,0.0366943933856398,1.6187999999999998,1,1,0.91277397,Prioritize Shipment
0,4,1,1,13850.72,400.38,3.68,6.3,4,0.99,38.89,1,2024,12,11,6,0.0002656901590675,245.007,0.0289068005128975,0.063,0,1,0.8250231,Prioritize Shipment
1,5,1,3,4726.18,303.65,3.22,8.3,2,0.621,38.15,1,2025,8,14,4,0.0006813113338891,316.64500000000004,0.0642485051352254,3.1457,1,1,0.966042,Prioritize Shipment
7,3,3,4,7287.0,138.45,3.33,4.9,2,0.511,100.72,1,2024,12,17,5,0.0004569781803211,493.528,0.0189995883079456,2.3961,0,1,0.96911824,Prioritize Shipment
1,0,0,1,14993.59,107.65,3.45,6.9,4,0.643,3.11,1,2024,1,17,6,0.0002300983286857,21.459,0.007179734806674,2.4633,0,1,0.83852965,Prioritize Shipment
6,6,0,2,11657.01,99.28,2.68,3.4,2,0.947,6.14,1,2024,5,7,5,0.0002299045810203,20.876,0.0085167637327239,0.1802000000000001,0,1,0.8526864,Prioritize Shipment
2,3,3,2,2975.27,292.35,3.05,7.8,2,0.794,46.11,1,2025,4,12,2,0.0010251170482006,359.658,0.0982599898496607,1.6067999999999996,1,1,0.9671665,Prioritize Shipment
7,4,3,0,13703.78,440.33,1.43,9.6,2,0.764,224.75,1,2025,10,27,1,0.0001043507703713,2157.6,0.0321320102920508,2.2656,1,1,0.96305513,Prioritize Shipment
3,7,3,0,2829.85,89.56,2.14,10.0,4,0.616,17.08,1,2024,3,25,1,0.000756223828118,170.79999999999998,0.031648320582363,3.84,1,1,0.8681535,Prioritize Shipment
2,5,1,1,7011.06,405.55,4.04,9.7,4,0.827,20.82,1,2025,11,11,5,0.0005762324099351,201.954,0.0578443202597039,1.6781000000000004,1,1,0.8745165,Prioritize Shipment
7,2,3,4,11006.68,249.33,1.5,4.6,2,0.847,150.72,1,2024,2,23,0,0.0001362808767039,693.3119999999999,0.0226526073257331,0.7038000000000001,0,1,0.96649945,Prioritize Shipment
3,5,2,2,4575.22,163.43,3.04,5.1,2,0.714,26.92,1,2024,11,8,0,0.0006644489226747,137.292,0.035720686655505,1.4586,0,1,0.9116184,Prioritize Shipment
0,1,3,0,6006.4,355.26,4.13,9.5,4,0.738,37.49,1,2024,8,27,5,0.0006875998934469,356.15500000000003,0.0591469099627064,2.489,1,1,0.90976024,Prioritize Shipment
5,1,3,2,6185.36,72.77,2.24,8.0,2,0.521,95.97,1,2025,11,2,3,0.0003621454531344,767.76,0.0117648770645524,3.832,1,1,0.9699746,Prioritize Shipment
3,0,1,0,11386.16,5.61,4.31,1.8,2,0.989,69.17,1,2024,4,3,6,0.000378529723805,124.506,0.0004927034224005,0.0198,0,1,0.9456476,Prioritize Shipment
0,7,3,0,2319.55,404.27,4.0,7.2,2,0.997,34.88,1,2025,12,21,3,0.0017244724192192,251.136,0.174288116229441,0.0216,1,1,0.9396076,Prioritize Shipment
4,7,1,4,8108.67,329.48,1.33,7.1,4,0.6,22.11,1,2025,11,27,4,0.000164021966611,156.981,0.0406330507962464,2.84,1,1,0.83702105,Prioritize Shipment
5,1,2,4,936.51,303.27,1.48,4.0,2,0.746,4.8,1,2025,12,13,2,0.0015803355009556,19.2,0.3238299644424512,1.016,0,1,0.891046,Prioritize Shipment
7,0,2,2,14441.64,481.47,4.32,8.6,2,0.888,98.74,1,2024,12,17,5,0.0002991350012879,849.1639999999999,0.0333390113588207,0.9631999999999998,1,1,0.9634333,Prioritize Shipment
7,0,3,0,14031.47,236.12,1.95,2.6,2,0.946,176.92,1,2025,3,8,2,0.0001389733221109,459.992,0.016827887598377,0.1404000000000001,0,1,0.9583399,Prioritize Shipment
7,4,2,2,4349.7,287.13,1.63,7.4,2,0.602,27.78,1,2025,12,11,4,0.0003747384877117,205.57200000000003,0.0660114490654528,2.9452000000000003,1,1,0.9457894,Prioritize Shipment
5,1,3,4,9366.22,464.02,4.32,3.6,2,0.929,122.5,1,2024,5,15,6,0.000461231959104,441.0,0.0495418642739547,0.2555999999999998,0,1,0.96514356,Prioritize Shipment
0,2,0,0,12797.58,119.39,2.85,7.0,4,0.641,2.7,1,2024,8,22,4,0.0002226983539075,18.9,0.0093291075343932,2.513,1,1,0.8415438,Prioritize Shipment
6,0,0,1,13330.4,252.71,1.56,3.9,2,0.982,6.87,1,2024,4,1,1,0.000117025745664,26.793,0.0189574206325391,0.0702,0,1,0.86328834,Prioritize Shipment
7,6,3,4,11216.47,372.28,3.05,3.4,2,0.573,146.77,1,2024,4,14,3,0.0002719215582085,499.018,0.0331904779311138,1.4518000000000002,0,1,0.9655245,Prioritize Shipment
6,6,3,2,5022.25,422.77,1.9,7.1,2,0.984,75.72,1,2025,11,24,1,0.0003783164916123,537.612,0.0841794016626014,0.1136,1,1,0.9635084,Prioritize Shipment
7,5,3,1,5479.11,157.31,2.73,9.3,2,0.822,88.64,1,2024,1,9,5,0.0004982561036372,824.3520000000001,0.0287108672758897,1.6554000000000006,1,1,0.9696251,Prioritize Shipment
4,7,0,1,13965.14,362.49,4.35,2.9,2,0.783,7.26,1,2024,12,25,6,0.0003114898955542,21.054,0.0259567752274592,0.6292999999999999,0,1,0.8831853,Prioritize Shipment
4,0,3,1,9130.59,142.77,1.9,5.0,2,0.704,127.75,1,2025,2,25,5,0.0002080917005363,638.75,0.0156364484660903,1.4800000000000002,0,1,0.96907836,Prioritize Shipment
1,5,1,1,2681.85,88.87,2.32,8.5,2,0.948,20.83,1,2025,9,22,1,0.0008650744821671,177.05499999999998,0.0331375729440498,0.4420000000000004,1,1,0.92122537,Prioritize Shipment
3,6,1,3,7772.01,227.63,3.8,9.3,2,0.891,63.32,1,2024,8,10,2,0.0004889340080622,588.8760000000001,0.0292884337513719,1.0137,1,1,0.96915877,Prioritize Shipment
0,5,3,2,11431.09,45.82,1.74,9.2,4,0.704,70.05,1,2025,8,26,5,0.0001522164552986,644.4599999999999,0.0040083666561981,2.7232000000000003,1,1,0.9071907,Prioritize Shipment
6,3,3,3,8879.42,295.79,4.07,3.9,2,0.911,118.27,1,2025,1,28,5,0.0004583632714749,461.253,0.0333118604593543,0.3470999999999998,0,1,0.9660226,Prioritize Shipment
3,1,2,3,13613.22,300.08,2.1,5.0,2,0.754,81.41,1,2024,12,25,6,0.0001542618131492,407.05,0.022043278518969,1.23,0,1,0.9649051,Prioritize Shipment
4,3,3,4,1306.28,27.91,3.36,10.0,2,0.612,22.14,1,2024,5,23,4,0.0025721897296138,221.4,0.0213660164742627,3.88,1,1,0.94091237,Prioritize Shipment
6,4,3,3,3580.49,252.86,2.25,9.0,2,0.592,58.1,1,2024,10,10,4,0.0006284056092881,522.9,0.0706216188287078,3.672,1,1,0.9685961,Prioritize Shipment
3,2,3,2,13326.51,51.41,1.9,7.6,2,0.793,203.98,1,2025,7,20,3,0.0001425729617131,1550.2479999999998,0.0038577241903544,1.5731999999999997,1,1,0.96545804,Prioritize Shipment
3,7,0,0,13683.04,99.04,2.11,5.5,4,0.592,2.71,1,2025,9,6,2,0.0001542054981933,14.905,0.0072381576024041,2.244,0,1,0.81802934,Prioritize Shipment
7,5,0,3,10520.31,87.61,1.97,1.3,2,0.753,4.74,1,2024,10,18,0,0.0001872568393897,6.162000000000001,0.0083277013700166,0.3211,0,1,0.8530176,Prioritize Shipment
0,8,0,2,2238.42,10.79,1.25,0.2,2,0.618,0.89,1,2025,9,13,2,0.0005584296065975,0.178,0.0048203643641497,0.0764,0,1,0.8331916,Prioritize Shipment
3,2,0,4,8206.1,262.06,1.38,4.3,2,0.997,3.85,1,2024,7,12,0,0.0001681675826519,16.555,0.0319347802244671,0.0129,0,1,0.86818665,Prioritize Shipment
7,4,2,3,2190.45,85.91,1.83,8.4,2,0.67,14.64,1,2025,1,30,4,0.0008354447716222,122.976,0.0392202515464858,2.772,1,1,0.92946804,Prioritize Shipment
3,1,1,4,8427.09,128.11,3.08,5.9,4,0.599,23.35,1,2024,4,25,4,0.0003654879679699,137.765,0.0152021634989065,2.3659000000000003,0,1,0.82520854,Prioritize Shipment
4,2,0,1,12404.22,486.87,2.54,2.1,2,0.85,6.2,1,2025,6,24,5,0.0002047690221553,13.02,0.0392503518963707,0.315,0,1,0.85547936,Prioritize Shipment
2,6,2,3,8715.78,116.09,3.08,7.8,4,0.674,21.91,0,2024,1,13,2,0.0003533820266229,170.898,0.0133195193086562,2.5428,1,1,0.85126173,Prioritize Shipment
6,1,2,3,10026.94,386.66,3.81,8.0,2,0.728,67.44,1,2025,1,4,2,0.0003799763437299,539.52,0.0385621136657843,2.176,1,1,0.9697146,Prioritize Shipment
7,6,2,3,13526.6,170.15,3.5,8.2,2,0.779,91.66,1,2024,11,20,6,0.0002587494270548,751.6119999999999,0.0125789185752517,1.8122,1,1,0.966789,Prioritize Shipment
0,1,2,4,5238.52,429.09,1.25,1.9,2,0.619,27.15,1,2025,1,31,0,0.0002386170139657,51.585,0.08191053961806,0.7239,0,1,0.8981613,Prioritize Shipment
4,8,0,0,12484.99,329.77,2.13,7.4,4,0.861,2.97,1,2025,3,6,4,0.0001706048623186,21.978,0.0264133171111871,1.0286000000000002,1,1,0.8202884,Prioritize Shipment
2,3,3,2,8864.43,248.41,3.54,1.4,2,0.832,105.34,1,2025,11,30,3,0.0003993488583022,147.476,0.0280232344324451,0.2352,0,1,0.9536828,Prioritize Shipment
6,2,3,3,2221.28,44.8,3.65,9.9,4,0.579,13.8,1,2025,4,27,3,0.0016431967154073,136.62,0.0201685514658215,4.1679,1,1,0.87051326,Prioritize Shipment
6,6,2,3,14718.24,334.42,3.49,4.3,2,0.767,85.62,1,2024,3,15,0,0.0002371207426974,368.166,0.022721466697105,1.0018999999999998,0,1,0.96596366,Prioritize Shipment
0,1,1,0,9125.29,71.19,3.28,7.4,2,0.704,69.54,1,2024,3,10,3,0.0003594406314758,514.5960000000001,0.0078013959008426,2.1904000000000003,1,1,0.9697035,Prioritize Shipment
2,6,3,3,970.43,219.2,4.09,1.1,2,0.596,12.27,1,2024,9,25,6,0.0042146265057757,13.497,0.2258792494049029,0.4444000000000001,0,1,0.88068193,Prioritize Shipment
6,0,3,2,1997.34,253.88,3.12,8.9,2,0.722,32.36,1,2024,3,2,2,0.001562077563159,288.004,0.1271090550432074,2.4742,1,1,0.9516783,Prioritize Shipment
7,2,1,4,14105.58,129.87,1.24,8.3,4,0.693,41.65,1,2025,10,5,3,8.790847310071617e-05,345.695,0.0092069946787016,2.5481000000000007,1,1,0.90550005,Prioritize Shipment
1,4,0,2,14560.99,420.84,1.62,8.2,2,0.863,8.63,1,2025,3,9,3,0.0001112561714553,70.766,0.0289018809847407,1.1234,1,1,0.9219538,Prioritize Shipment
6,1,0,0,6752.89,208.01,2.51,9.9,2,0.79,4.39,1,2025,12,19,0,0.0003716927123053,43.461,0.0308031080026477,2.079,1,1,0.93364644,Prioritize Shipment
6,8,3,0,1265.1,62.33,1.61,8.2,2,0.611,19.25,1,2025,10,17,0,0.0012726266698284,157.85,0.0492688325033594,3.1898,1,1,0.9239946,Prioritize Shipment
7,2,2,0,10534.16,102.33,3.86,6.2,4,0.695,24.58,1,2025,7,3,4,0.0003664269386453,152.396,0.0097141110444496,1.8910000000000005,0,1,0.8182896,Prioritize Shipment
5,2,2,2,8875.66,354.95,2.04,0.9,2,0.973,44.93,1,2024,3,26,5,0.0002298420624494,40.437,0.0399913921894259,0.0243,0,1,0.9378686,Prioritize Shipment
1,4,2,2,12441.51,179.26,2.81,1.3,2,0.65,63.26,1,2024,3,21,4,0.0002258568292755,82.238,0.0144082189380549,0.4549999999999999,0,1,0.9530409,Prioritize Shipment
0,6,3,4,5586.88,42.85,1.78,9.5,4,0.689,34.42,1,2024,6,8,2,0.0003186035855432,326.99,0.0076697548542299,2.9545000000000003,1,1,0.8986109,Prioritize Shipment
6,1,2,1,5757.12,496.41,2.02,2.8,2,0.873,31.29,1,2025,7,3,4,0.0003508698793841,87.612,0.0862254043688511,0.3555999999999999,0,1,0.896525,Prioritize Shipment
7,0,0,3,3531.36,439.39,3.18,6.8,4,0.517,1.34,1,2025,8,23,2,0.0009005029223868,9.112,0.1244251506501744,3.2844,0,1,0.84784865,Prioritize Shipment
0,5,2,1,7267.05,325.5,2.82,7.1,2,0.887,46.83,1,2025,10,27,1,0.0003880529238136,332.493,0.0447912151423204,0.8022999999999999,1,1,0.96826404,Prioritize Shipment
0,5,1,1,7490.92,165.17,1.44,8.3,4,0.835,22.92,1,2025,11,28,0,0.0001922327297581,190.236,0.0220493610931634,1.3695000000000004,1,1,0.83810854,Prioritize Shipment
6,5,1,2,12693.18,196.34,1.31,8.8,2,0.88,101.9,1,2025,10,20,1,0.000103205028212,896.7200000000001,0.0154681490375146,1.056,1,1,0.9667935,Prioritize Shipment
4,8,1,3,6024.37,172.18,2.52,8.9,4,0.716,17.45,1,2024,11,13,6,0.0004183010007685,155.305,0.0285805818699714,2.5276000000000005,1,1,0.8609272,Prioritize Shipment
1,5,3,2,7157.3,471.84,2.51,5.4,4,0.647,38.58,1,2024,2,29,4,0.0003506909029941,208.332,0.0659243010632501,1.9062,0,1,0.87916946,Prioritize Shipment
7,3,0,2,14039.37,460.18,2.73,9.5,4,0.911,2.56,1,2024,4,28,3,0.0001944531699071,24.32,0.0327778240761515,0.8454999999999997,1,1,0.8207149,Prioritize Shipment
2,8,0,2,8207.8,287.18,1.62,9.4,4,0.95,2.07,1,2025,9,18,4,0.0001973732303418,19.458,0.0349886693145544,0.4700000000000004,1,1,0.8122731,Prioritize Shipment
4,5,0,3,973.56,426.96,2.89,9.5,2,0.54,0.98,1,2025,9,15,1,0.0029684867907473,9.31,0.4385554049057069,4.369999999999999,1,1,0.93359905,Prioritize Shipment
6,3,1,1,6412.35,438.27,1.73,5.6,2,0.914,45.26,1,2024,11,12,5,0.00026979188597,253.456,0.0683477976093007,0.4815999999999997,0,1,0.9638107,Prioritize Shipment
7,6,3,2,2837.67,10.5,2.61,6.5,2,0.661,40.84,1,2025,11,13,4,0.0009197686834621,265.46000000000004,0.0037002188415143,2.2035,0,1,0.9615599,Prioritize Shipment
4,8,2,1,14581.69,466.62,3.51,7.8,4,0.653,35.77,1,2024,6,28,0,0.0002407128391839,279.00600000000003,0.0320004059886062,2.7066,1,1,0.88124055,Prioritize Shipment
5,8,0,2,8651.74,328.94,2.71,6.3,2,0.906,5.57,1,2024,5,2,4,0.0003132317892123,35.091,0.0380200976913314,0.5921999999999998,0,1,0.90910125,Prioritize Shipment
2,3,0,0,1492.53,23.4,1.68,6.9,4,0.665,0.5,0,2025,12,25,4,0.001125605515467,3.45,0.0156780768225764,2.3115,0,1,0.825192,Prioritize Shipment
5,8,0,1,14107.99,345.22,1.52,4.5,2,0.999,6.89,1,2024,6,16,3,0.0001077403655658,31.005,0.0244698217109595,0.0045,0,1,0.8761206,Prioritize Shipment
2,6,2,0,9371.55,408.73,2.18,5.8,2,0.862,57.58,1,2024,5,9,4,0.0002326189371021,333.964,0.043613916587971,0.8004,0,1,0.96796596,Prioritize Shipment
3,4,0,4,5915.14,430.64,2.21,0.6,2,0.822,2.43,1,2024,10,2,6,0.0003736175306078,1.458,0.0728030105796312,0.1068,0,1,0.8148911,Prioritize Shipment
2,8,2,0,1516.57,175.77,2.72,4.4,2,0.632,7.99,1,2024,3,6,6,0.001793520905728,35.156000000000006,0.1158996947058164,1.6192000000000002,0,1,0.90066963,Prioritize Shipment
7,5,1,1,1107.77,462.4,2.53,8.9,4,0.862,3.07,1,2024,3,19,5,0.0022838675898426,27.323,0.417415167408397,1.2282000000000002,1,1,0.82962793,Prioritize Shipment
4,0,0,1,8577.09,187.41,3.42,3.0,2,0.842,3.71,1,2025,1,3,0,0.0003987366344529,11.13,0.0218500680300661,0.4740000000000001,0,1,0.8851187,Prioritize Shipment
2,0,0,0,11106.55,222.01,2.74,4.1,2,0.841,5.2,1,2025,8,3,3,0.0002467012708716,21.32,0.0199891055278191,0.6519,0,1,0.886581,Prioritize Shipment
4,8,0,4,14392.71,18.05,3.36,6.3,2,0.692,7.9,1,2024,6,19,6,0.0002334515181644,49.77,0.0012541071139486,1.9404000000000003,0,1,0.916693,Prioritize Shipment
3,0,3,3,9713.51,349.36,1.24,7.3,2,0.563,147.75,1,2025,8,10,3,0.0001276572526306,1078.575,0.0359664014347028,3.1901,1,1,0.96829784,Prioritize Shipment
5,3,0,1,11409.77,136.96,3.72,3.1,2,0.908,5.68,1,2024,8,21,6,0.0003260363705841,17.608,0.012003747665378,0.2851999999999999,0,1,0.8667503,Prioritize Shipment
1,3,2,0,12747.66,471.74,1.61,4.8,2,0.994,74.54,1,2025,1,27,1,0.0001262976891445,357.79200000000003,0.0370060073770401,0.0288,0,1,0.95001376,Prioritize Shipment
2,1,1,1,4141.95,377.96,3.97,4.8,4,0.531,11.15,1,2025,7,20,3,0.0009584857373942,53.52,0.0912517051147406,2.2512,0,1,0.8163728,Prioritize Shipment
0,7,2,2,7954.38,319.36,4.24,8.2,2,0.763,53.52,1,2024,8,17,2,0.0005330396586534,438.864,0.0401489493838614,1.9434,1,1,0.9691825,Prioritize Shipment
5,7,1,0,4972.79,314.73,1.32,7.8,4,0.759,14.25,1,2024,11,25,1,0.0002654445492369,111.15,0.0632904265010185,1.8798,1,1,0.84937865,Prioritize Shipment
7,7,2,0,8809.11,277.31,4.03,5.1,2,0.788,52.31,1,2024,9,11,6,0.0004574809486996,266.781,0.0314799111374474,1.0811999999999995,0,1,0.96718293,Prioritize Shipment
6,5,2,4,4443.98,388.7,1.66,5.6,2,0.939,27.23,1,2024,10,4,0,0.0003735390348291,152.488,0.0874666402639075,0.3416000000000003,0,1,0.9091969,Prioritize Shipment
3,0,0,4,11061.38,257.53,3.86,3.5,2,0.772,5.27,1,2025,5,29,4,0.0003489618835986,18.445,0.0232819051510751,0.7979999999999999,0,1,0.88956445,Prioritize Shipment
4,3,1,2,10230.85,222.45,4.25,4.9,2,0.614,70.66,1,2024,2,23,0,0.0004154102542799,346.234,0.0217430614269586,1.8914,0,1,0.9686006,Prioritize Shipment
2,3,2,4,12178.74,285.86,2.67,9.9,2,0.856,86.31,1,2024,7,2,5,0.0002192345020913,854.469,0.0234720504748438,1.4256000000000002,1,1,0.9684902,Prioritize Shipment
3,4,3,0,14859.82,79.59,3.04,2.5,2,0.76,186.22,1,2024,3,11,1,0.0002045785211395,465.55,0.0053560541110188,0.6,0,1,0.9636833,Prioritize Shipment
4,1,0,4,9251.17,297.21,1.33,7.4,4,0.627,1.31,1,2024,10,16,6,0.0001437655993782,9.694,0.0321267472114337,2.7602,1,1,0.8670432,Prioritize Shipment
5,1,1,0,3127.16,114.48,4.15,9.2,2,0.646,25.64,1,2025,4,12,2,0.0013270827204236,235.888,0.0366082963455659,3.2568,1,1,0.94543654,Prioritize Shipment
0,7,1,2,6563.1,157.37,4.04,4.5,2,0.638,44.51,1,2024,9,5,4,0.0006155627675945,200.295,0.0239779982020691,1.629,0,1,0.9634769,Prioritize Shipment
1,6,1,3,1953.56,152.42,1.99,4.4,4,0.518,5.07,1,2024,7,19,0,0.0010186531255758,22.308000000000003,0.0780216630152132,2.1208,0,1,0.8036234,Prioritize Shipment
4,1,2,4,740.59,432.1,4.23,9.9,4,0.88,2.26,1,2025,7,13,3,0.0057116623232827,22.374,0.5834537328346319,1.188,1,1,0.844654,Prioritize Shipment
6,8,3,1,843.76,138.0,4.49,9.7,4,0.943,5.37,1,2024,1,25,4,0.0053214184128188,52.089,0.1635536171423153,0.5529000000000005,1,1,0.8266097,Prioritize Shipment
5,5,3,4,14633.01,3.66,4.4,9.0,2,0.738,235.41,1,2025,7,8,5,0.0003006900152463,2118.69,0.0002501194217731,2.358,1,1,0.95987666,Prioritize Shipment
0,2,0,1,13933.73,322.81,1.46,4.3,2,0.805,7.6,1,2024,1,10,6,0.0001047817059753,32.68,0.0231675222643183,0.8384999999999998,0,1,0.89074177,Prioritize Shipment
0,8,1,0,1071.18,426.73,2.36,8.5,4,0.728,3.73,1,2025,11,4,5,0.0022031778039171,31.705,0.3983737560447357,2.3120000000000003,1,1,0.86845464,Prioritize Shipment
5,1,2,2,6266.42,34.31,2.92,4.8,2,0.607,36.9,1,2024,5,25,2,0.0004659757884086,177.11999999999998,0.0054752155138021,1.8864,0,1,0.94287205,Prioritize Shipment
1,8,3,3,14620.11,59.11,1.87,5.0,2,0.995,203.76,1,2025,12,29,1,0.000127906014387,1018.8,0.0040430612355173,0.025,0,1,0.94425327,Prioritize Shipment
1,4,1,4,10786.86,40.74,4.16,7.0,2,0.829,80.24,1,2024,2,14,6,0.0003856543980361,561.68,0.003776817349998,1.1970000000000005,1,1,0.9691227,Prioritize Shipment
5,5,3,0,13611.53,277.61,1.84,8.8,2,0.91,217.49,1,2025,6,16,1,0.0001351795132508,1913.9120000000005,0.0203952090617292,0.7919999999999998,1,1,0.9643663,Prioritize Shipment
0,6,2,2,5933.47,165.04,3.18,6.4,4,0.654,14.34,1,2025,2,26,6,0.0005359427114319,91.776,0.0278150896524293,2.2144,0,1,0.8384962,Prioritize Shipment
5,7,0,0,12569.27,377.68,1.57,8.7,2,0.536,7.72,1,2024,3,27,6,0.0001249078108752,67.16399999999999,0.0300478866314431,4.0368,1,1,0.9312032,Prioritize Shipment
2,0,3,2,12181.91,324.7,3.98,8.2,4,0.674,71.95,0,2025,8,17,3,0.0003267139553649,589.99,0.0266542767103024,2.6732,1,1,0.90246207,Prioritize Shipment
1,2,2,1,13990.78,348.56,2.45,6.5,4,0.678,33.25,1,2025,10,14,5,0.0001751153259503,216.125,0.0249135502094951,2.0929999999999995,0,1,0.84818584,Prioritize Shipment
3,8,1,4,1882.73,188.64,1.23,8.6,4,0.632,4.77,1,2025,2,7,0,0.0006533066345147,41.02199999999999,0.1001949297031438,3.1648,1,1,0.869709,Prioritize Shipment
7,7,0,4,5393.09,409.17,1.59,4.3,2,0.672,3.49,1,2025,8,29,0,0.0002948217070362,15.007,0.075869306835228,1.4103999999999997,0,1,0.89407486,Prioritize Shipment
0,5,1,4,7641.76,148.74,4.04,8.5,4,0.577,23.52,1,2024,8,30,0,0.0005286740227382,199.92,0.0194641025104164,3.5955000000000004,1,1,0.88926506,Prioritize Shipment
4,7,1,2,6910.55,257.95,2.6,0.6,2,0.957,39.91,1,2024,10,25,0,0.0003762363343004,23.946,0.0373269855510777,0.0258,0,1,0.9368829,Prioritize Shipment
6,1,1,2,2664.12,315.39,3.81,7.6,2,0.99,19.79,1,2024,8,27,5,0.0014301157605513,150.404,0.1183843070131976,0.076,1,1,0.9111866,Prioritize Shipment
4,2,2,4,10355.61,249.57,2.85,1.4,2,0.661,53.56,1,2025,8,21,4,0.0002752131453386,74.984,0.0240999805902308,0.4745999999999999,0,1,0.9528089,Prioritize Shipment
1,5,0,2,1002.75,144.04,3.94,7.6,4,0.728,0.5,1,2024,6,8,2,0.003929194714535,3.8,0.1436449763151333,2.0672,1,1,0.85372066,Prioritize Shipment
1,4,0,4,9801.81,127.48,2.08,0.1,2,0.94,3.63,1,2025,4,22,5,0.0002122057048647,0.363,0.0130057611808431,0.006,0,1,0.8062905,Prioritize Shipment
0,6,0,4,4267.51,38.05,1.89,2.9,2,0.609,1.77,1,2024,11,17,3,0.0004428812117604,5.133,0.0089162064060775,1.1339,0,1,0.8879117,Prioritize Shipment
3,6,2,4,6463.91,137.01,3.9,1.0,2,0.689,31.96,1,2024,7,31,6,0.0006033499847615,31.96,0.0211961490800459,0.311,0,1,0.8894064,Prioritize Shipment
0,2,2,2,3987.71,435.9,2.11,9.0,2,0.696,27.46,1,2025,4,7,1,0.0005291257388325,247.14,0.1093108576100067,2.7360000000000007,1,1,0.9510601,Prioritize Shipment
5,0,2,4,12477.94,153.48,1.92,9.3,2,0.809,87.25,1,2025,4,19,2,0.0001538715525158,811.4250000000001,0.0123001072292381,1.7762999999999995,1,1,0.9672775,Prioritize Shipment
1,3,0,0,10259.84,259.3,3.13,3.5,2,0.703,5.6,1,2024,9,28,2,0.0003050729835942,19.6,0.0252732986089451,1.0395,0,1,0.8914826,Prioritize Shipment
3,2,1,2,1677.83,182.59,4.13,9.3,2,0.573,14.31,1,2025,9,9,5,0.0024615127873503,133.08300000000003,0.1088250895501928,3.9711000000000007,1,1,0.93095064,Prioritize Shipment
6,0,3,1,14670.56,54.62,2.15,7.1,4,0.539,82.52,1,2024,5,31,0,0.0001465520061947,585.8919999999999,0.0037231025945839,3.2730999999999995,1,1,0.89294535,Prioritize Shipment
2,1,1,1,12010.36,423.21,2.55,5.7,2,0.529,85.68,1,2024,4,3,6,0.0002123166999157,488.376,0.0352370786554274,2.6847,0,1,0.9698118,Prioritize Shipment
3,2,0,2,6462.26,228.61,1.83,5.1,2,0.688,2.38,1,2025,11,24,1,0.0002831826636501,12.137999999999998,0.0353761687087799,1.5912000000000002,0,1,0.90224135,Prioritize Shipment
3,0,0,2,6698.55,15.98,2.31,1.4,2,0.693,2.8,1,2024,11,2,2,0.0003448507512819,3.92,0.0023855909114659,0.4298,0,1,0.8705061,Prioritize Shipment
5,4,1,1,8681.36,286.09,1.83,4.1,2,0.756,58.28,1,2024,6,27,4,0.0002107964650699,238.948,0.0329545140392749,1.0004,0,1,0.9635682,Prioritize Shipment
7,4,1,2,3422.16,258.85,1.26,3.2,2,0.635,21.54,1,2025,2,18,5,0.0003681885125184,68.928,0.0756393622741192,1.168,0,1,0.8907223,Prioritize Shipment
3,4,0,0,10491.77,274.02,2.47,0.0,2,0.656,5.15,1,2025,7,23,6,0.0002354226217311,0.0,0.0261176140918071,0.0,0,1,0.8070363,Prioritize Shipment
0,1,2,2,8564.77,158.19,3.14,9.4,4,0.529,22.52,1,2024,9,12,4,0.0003666181345208,211.688,0.018469847993583,4.4274,1,1,0.8840031,Prioritize Shipment
4,6,2,4,14883.46,101.39,4.45,9.2,4,0.531,38.15,1,2024,1,13,2,0.0002989896166617,350.98,0.006812260052434,4.314799999999999,1,1,0.88348716,Prioritize Shipment
4,1,3,2,4763.98,461.33,3.74,6.3,2,0.869,69.79,1,2024,3,4,1,0.0007850578717794,439.677,0.0968370983925205,0.8253,0,1,0.9692658,Prioritize Shipment
6,4,2,3,14697.7,253.01,2.27,1.9,2,0.67,76.43,1,2025,10,7,5,0.0001544459337175,145.217,0.0172142580131585,0.6269999999999999,0,1,0.95665365,Prioritize Shipment
1,5,3,1,9245.68,259.06,4.27,4.7,2,0.531,126.84,1,2024,3,17,3,0.0004618373121284,596.148,0.0280195723840755,2.2043,0,1,0.96955127,Prioritize Shipment
3,6,1,4,3780.95,103.05,3.06,8.5,2,0.582,30.02,1,2024,5,11,2,0.0008093204088919,255.17,0.0272550549465081,3.5530000000000004,1,1,0.9499649,Prioritize Shipment
2,0,0,0,11332.63,377.72,1.91,8.3,2,0.698,7.21,1,2024,2,13,5,0.0001685398711508,59.843,0.0333303037335552,2.5066000000000006,1,1,0.9304626,Prioritize Shipment
0,1,0,0,1369.18,69.98,2.7,6.4,2,0.555,0.98,1,2024,2,21,6,0.0019719832308388,6.272,0.0511108838867059,2.848,0,1,0.92220044,Prioritize Shipment
0,8,1,0,7247.39,436.18,3.57,2.6,2,0.881,46.13,1,2024,6,25,5,0.0004925911259087,119.93800000000002,0.0601844250136945,0.3094,0,1,0.9544582,Prioritize Shipment
5,1,2,4,13410.57,112.1,3.9,9.8,4,0.501,35.6,1,2025,10,24,0,0.000290815379212,348.88000000000005,0.0083590779511981,4.8902,1,1,0.88753,Prioritize Shipment
6,1,3,2,8864.78,358.98,1.56,6.2,2,0.818,128.5,1,2024,10,29,5,0.0001759772944167,796.7,0.0404950827882925,1.1284000000000003,0,1,0.9699091,Prioritize Shipment
5,7,0,3,9213.22,163.62,2.13,3.6,2,0.649,4.25,1,2024,3,3,3,0.0002311895298277,15.3,0.0177592633194474,1.2636,0,1,0.8901864,Prioritize Shipment
4,7,3,2,10863.42,431.21,1.3,8.4,4,0.804,63.88,1,2025,3,5,6,0.0001196676553056,536.5920000000001,0.0396937612648687,1.6463999999999996,1,1,0.8962835,Prioritize Shipment
3,6,3,3,8119.32,234.46,2.43,0.3,2,0.819,91.05,1,2025,10,20,1,0.0002992861471157,27.315,0.0288768024908489,0.0543,0,1,0.946445,Prioritize Shipment
7,4,3,1,11986.77,197.08,3.42,8.3,4,0.58,69.96,1,2025,10,7,5,0.0002853145593016,580.668,0.0164414600430307,3.4860000000000007,1,1,0.9103849,Prioritize Shipment
5,1,0,0,14215.91,300.94,1.58,4.5,4,0.509,2.45,1,2025,1,26,3,0.0001111430784241,11.025,0.0211692392537656,2.2095,0,1,0.80526006,Prioritize Shipment
2,7,3,3,4789.45,355.19,3.37,9.8,4,0.77,30.05,1,2025,12,31,6,0.0007036298531146,294.49,0.0741609161803547,2.254,1,1,0.8973471,Prioritize Shipment
5,0,2,3,9688.82,135.01,2.74,6.3,2,0.866,60.73,1,2024,12,18,6,0.0002828001758728,382.599,0.0139346174250321,0.8442000000000001,0,1,0.9677569,Prioritize Shipment
1,6,0,0,735.53,276.56,2.22,6.2,4,0.637,0.5,1,2025,5,29,4,0.0030182317512541,3.1,0.3760009788859734,2.2506,0,1,0.8332613,Prioritize Shipment
4,1,1,4,10143.31,241.16,3.47,9.1,2,0.888,82.16,1,2024,10,3,4,0.00034209740213,747.656,0.0237752765123022,1.0192,1,1,0.9693703,Prioritize Shipment
5,5,0,4,8570.39,309.06,3.07,8.8,4,0.808,2.09,1,2024,7,3,6,0.0003582100697867,18.392,0.0360613694359299,1.6895999999999998,1,1,0.84003186,Prioritize Shipment
1,2,0,0,12557.02,256.22,2.75,5.6,2,0.613,7.09,1,2024,8,12,1,0.0002190010050155,39.70399999999999,0.0204045227291188,2.1672,0,1,0.9129779,Prioritize Shipment
1,7,3,4,6329.39,204.17,2.15,8.9,2,0.521,101.12,1,2025,4,28,1,0.0003396851829323,899.9680000000001,0.0322574529299031,4.2631,1,1,0.96948504,Prioritize Shipment
4,6,1,4,11807.4,272.55,1.72,9.2,2,0.553,96.29,1,2025,1,1,6,0.0001456713586394,885.8679999999999,0.0230829818588342,4.112399999999999,1,1,0.96930164,Prioritize Shipment
1,6,0,4,10825.99,68.26,2.55,1.1,2,0.583,4.48,1,2024,6,12,6,0.0002355442781676,4.928000000000001,0.0063051970304794,0.4587,0,1,0.87360305,Prioritize Shipment
2,3,2,4,8334.34,466.39,4.11,3.0,2,0.789,45.81,1,2024,9,3,5,0.0004931404286362,137.43,0.0559600400271647,0.6329999999999999,0,1,0.95609486,Prioritize Shipment
3,6,1,4,8458.66,384.82,3.55,5.5,2,0.889,60.16,1,2025,2,1,2,0.0004196882248488,330.88,0.0454942035736156,0.6104999999999999,0,1,0.96810335,Prioritize Shipment
5,5,3,4,3065.01,136.18,3.75,7.4,4,0.761,17.42,1,2025,1,2,4,0.0012234870359313,128.90800000000002,0.0444305238808356,1.7686,1,1,0.83106196,Prioritize Shipment
5,3,1,2,4933.29,3.88,2.05,5.4,2,0.759,35.78,1,2025,7,30,6,0.0004155441905908,193.212,0.0007864933948744,1.3014,0,1,0.9484793,Prioritize Shipment
6,2,3,1,10391.78,57.86,4.09,9.0,4,0.723,62.05,1,2025,7,9,6,0.0003935803105916,558.4499999999999,0.005567862291157,2.4930000000000003,1,1,0.90757525,Prioritize Shipment
1,6,0,0,2431.54,351.35,3.05,9.2,2,0.689,1.78,1,2024,6,28,0,0.0012543490956348,16.375999999999998,0.1444969031971507,2.8612,1,1,0.9339337,Prioritize Shipment
6,4,0,1,10658.87,407.29,3.27,6.8,2,0.824,6.9,1,2024,8,26,1,0.0003067867419341,46.92,0.0382113676215208,1.1968000000000003,0,1,0.9118837,Prioritize Shipment
2,1,2,0,11425.35,452.09,2.59,7.1,4,0.785,27.18,1,2025,9,8,1,0.0002266888979331,192.978,0.039569028519914,1.5264999999999995,1,1,0.81522876,Prioritize Shipment
0,5,3,4,13156.46,8.81,1.4,9.9,4,0.854,81.32,1,2024,8,12,1,0.0001064116031212,805.068,0.0006696330167841,1.4454000000000002,1,1,0.8850339,Prioritize Shipment
1,0,1,4,7749.41,467.0,2.81,5.4,2,0.715,54.35,1,2024,1,21,3,0.0003626082501764,293.49,0.0602626522535264,1.5390000000000004,0,1,0.9669735,Prioritize Shipment
4,0,2,2,3206.28,47.55,1.43,9.8,2,0.716,23.29,1,2024,1,1,1,0.0004459997255386,228.242,0.0148302705939593,2.7832000000000003,1,1,0.9416849,Prioritize Shipment
7,0,3,4,6923.99,339.6,3.59,5.4,4,0.527,36.81,1,2024,7,25,4,0.0005184871728584,198.77400000000003,0.0490468645968581,2.5542,0,1,0.87836456,Prioritize Shipment
7,3,3,4,8990.67,251.06,2.71,9.5,2,0.553,147.23,1,2025,8,23,2,0.0003014235868961,1398.685,0.027924503957992,4.246499999999999,1,1,0.96856433,Prioritize Shipment
1,8,3,1,3889.24,201.78,4.08,2.5,2,0.625,48.59,1,2025,1,17,0,0.0010490481430819,121.475,0.0518816015468317,0.9375,0,1,0.9551818,Prioritize Shipment
3,6,2,4,9397.75,295.04,4.46,9.9,2,0.97,67.15,1,2024,11,26,5,0.0004745816817855,664.7850000000001,0.0313947487430502,0.2970000000000002,1,1,0.9614793,Prioritize Shipment
5,4,0,2,13520.06,266.53,2.66,7.5,4,0.651,2.56,1,2024,5,19,3,0.0001967446890028,19.2,0.0197136699097489,2.6175,1,1,0.86565715,Prioritize Shipment
5,7,1,2,12243.9,133.92,2.91,9.6,2,0.931,100.21,1,2024,6,10,1,0.0002376693700536,962.0159999999998,0.0109376914218508,0.6623999999999995,1,1,0.9674096,Prioritize Shipment
5,8,1,4,5789.93,201.9,2.91,5.0,2,0.834,39.56,1,2025,5,13,5,0.0005025967498743,197.8,0.0348708879036534,0.8300000000000002,0,1,0.95916504,Prioritize Shipment
6,5,3,2,7259.63,192.59,1.21,1.7,2,0.643,88.32,1,2024,11,20,6,0.0001666751611308,150.14399999999998,0.0265289002332074,0.6069,0,1,0.9587719,Prioritize Shipment
5,1,3,4,10675.2,238.5,1.54,3.6,2,0.6,140.16,1,2025,12,25,4,0.0001442595923261,504.576,0.0223415017985611,1.4400000000000002,0,1,0.96653515,Prioritize Shipment
4,6,3,4,10680.56,248.61,2.88,9.1,2,0.976,173.1,1,2024,6,28,0,0.0002696487824608,1575.2099999999998,0.0232768693776356,0.2184000000000001,1,1,0.962508,Prioritize Shipment
4,7,3,3,10297.11,168.03,3.86,6.8,2,0.728,153.73,1,2024,11,10,3,0.000374862461409,1045.3639999999998,0.0163181708265717,1.8496,0,1,0.96936136,Prioritize Shipment
1,8,0,1,6241.09,348.05,4.13,0.2,2,0.734,2.5,1,2025,12,6,2,0.0006617433813644,0.5,0.0557675021510665,0.0532,0,1,0.8218766,Prioritize Shipment
1,7,0,0,4137.75,245.11,1.33,8.6,4,0.764,0.74,1,2025,12,19,0,0.000321430729261,6.364,0.0592375083076551,2.0296,1,1,0.86197007,Prioritize Shipment
2,6,3,2,7836.01,152.77,3.93,4.6,2,0.951,106.41,1,2024,11,21,4,0.000501530753534,489.48599999999993,0.019495891403916,0.2254000000000001,0,1,0.96499354,Prioritize Shipment
4,1,2,3,2847.88,385.64,3.9,1.5,2,0.91,15.05,1,2025,9,18,4,0.0013694397235838,22.575000000000003,0.1354130089750972,0.1349999999999999,0,1,0.8505907,Prioritize Shipment
4,5,3,2,6514.97,344.01,2.76,1.7,2,0.715,79.64,1,2024,3,20,6,0.0004236397097761,135.388,0.0528030060000276,0.4845,0,1,0.9589989,Prioritize Shipment
6,3,0,4,6115.48,317.01,3.94,1.5,2,0.805,2.89,1,2024,8,31,2,0.0006442666806203,4.335,0.0518373046760025,0.2924999999999999,0,1,0.8548069,Prioritize Shipment
6,4,2,3,6909.48,23.33,1.89,8.8,4,0.729,17.2,1,2024,11,23,2,0.000273537227114,151.36,0.0033765203749052,2.3848000000000003,1,1,0.8524327,Prioritize Shipment
0,6,1,0,14137.31,145.3,2.2,7.7,4,0.595,40.75,1,2025,12,26,0,0.000155616591841,313.77500000000003,0.0102777685429547,3.1185000000000005,1,1,0.900895,Prioritize Shipment
2,6,1,1,2695.77,332.19,1.77,0.4,2,0.74,15.05,1,2024,12,9,1,0.000656584204142,6.0200000000000005,0.123226388007879,0.104,0,1,0.84181523,Prioritize Shipment
4,0,3,3,2338.95,12.83,3.83,0.5,2,0.626,26.88,1,2025,12,10,6,0.0016374869065178,13.44,0.0054853673656982,0.187,0,1,0.8635528,Prioritize Shipment
5,3,3,1,1349.2,44.98,3.4,6.4,4,0.531,7.99,1,2024,1,2,5,0.0025200118588793,51.136,0.0333382745330566,3.0016,0,1,0.8357252,Prioritize Shipment
7,3,1,4,8509.31,423.31,2.68,7.1,2,0.701,64.17,1,2024,2,19,1,0.0003149491556894,455.607,0.0497466892145191,2.1229,1,1,0.96999234,Prioritize Shipment
4,1,3,3,12143.67,111.53,2.01,7.3,4,0.708,68.8,1,2025,2,27,4,0.0001655183317728,502.24,0.0091842087276745,2.1316,1,1,0.90823525,Prioritize Shipment
4,8,3,3,1649.56,274.87,1.24,10.0,2,0.581,27.36,1,2025,1,22,6,0.0007517156090108,273.6,0.1666323140716312,4.19,1,1,0.94989,Prioritize Shipment
6,5,2,0,2580.31,437.98,3.88,5.0,2,0.776,15.7,1,2025,5,5,1,0.0015036952924261,78.5,0.1697392948909239,1.12,0,1,0.90353346,Prioritize Shipment
2,5,3,3,1662.71,70.34,3.36,5.5,4,0.607,8.94,1,2024,10,28,1,0.0020207973729634,49.17,0.0423044307185257,2.1615,0,1,0.81948787,Prioritize Shipment
0,1,0,2,7414.16,126.95,1.68,3.1,2,0.547,3.68,1,2024,1,21,3,0.0002265934374224,11.408,0.0171226410004639,1.4043,0,1,0.8829173,Prioritize Shipment
2,4,1,1,4517.5,133.17,1.95,8.2,2,0.835,36.16,1,2024,3,16,2,0.0004316546762589,296.51199999999994,0.0294786939679026,1.3530000000000002,1,1,0.95808184,Prioritize Shipment
4,1,2,3,1084.14,185.57,1.36,9.9,2,0.558,8.16,1,2024,4,5,0,0.001254450532219,80.784,0.1711679303410998,4.3758,1,1,0.93383634,Prioritize Shipment
7,2,1,3,6378.63,324.62,4.1,9.8,4,0.546,19.68,1,2024,12,12,4,0.0006427712533882,192.864,0.0508918059207071,4.4492,1,1,0.8770535,Prioritize Shipment
6,1,0,1,14071.09,442.45,1.27,9.6,2,0.715,8.26,1,2025,5,9,0,9.025597874791504e-05,79.29599999999999,0.0314439037771771,2.736,1,1,0.9305139,Prioritize Shipment
3,1,2,1,10247.63,308.5,3.27,4.0,2,0.576,58.61,1,2025,12,22,1,0.0003190981719675,234.44,0.0301045217284386,1.6960000000000002,0,1,0.96137065,Prioritize Shipment
4,0,3,0,14282.73,471.21,4.13,9.5,2,0.945,233.78,1,2025,10,31,0,0.0002891604056087,2220.91,0.032991591943557,0.5225000000000004,1,1,0.9630338,Prioritize Shipment
5,2,1,4,9837.37,358.52,1.99,9.0,4,0.824,30.59,1,2024,7,29,1,0.0002022898396624,275.31,0.0364447001586806,1.5840000000000003,1,1,0.8588766,Prioritize Shipment
4,0,2,0,1291.2,106.42,4.37,9.7,4,0.834,3.06,1,2025,2,23,3,0.003384448574969,29.682,0.0824194547707558,1.6102000000000003,1,1,0.84723896,Prioritize Shipment
5,7,2,0,6917.37,337.33,2.27,8.5,2,0.896,47.01,1,2025,11,7,0,0.0003281594016222,399.585,0.0487656435899771,0.8839999999999999,1,1,0.9678812,Prioritize Shipment
2,0,2,3,12397.07,421.87,1.67,8.0,2,0.885,82.73,1,2024,10,31,4,0.0001347092498469,661.84,0.0340298151095379,0.92,1,1,0.9676,Prioritize Shipment
7,1,2,4,12481.94,381.11,4.32,7.9,2,0.72,82.89,1,2024,8,31,2,0.0003461000453455,654.831,0.0305329139540808,2.212,1,1,0.96781653,Prioritize Shipment
3,5,3,1,5619.99,499.21,1.35,6.5,4,0.728,31.16,1,2024,2,20,5,0.0002402139505586,202.54,0.0888275601913882,1.7680000000000002,0,1,0.8443257,Prioritize Shipment
7,2,1,4,12096.86,376.45,1.7,2.0,2,0.974,73.92,1,2025,2,6,4,0.0001405323364906,147.84,0.0311196459246449,0.052,0,1,0.95287114,Prioritize Shipment
4,5,0,4,8542.96,432.09,2.6,5.8,4,0.59,1.13,1,2025,8,8,0,0.0003043441617425,6.553999999999999,0.0505784880182044,2.378,0,1,0.8293158,Prioritize Shipment
2,1,0,1,9656.15,428.29,2.4,10.0,4,0.788,2.68,1,2025,5,17,2,0.0002485462632622,26.8,0.0443541162885829,2.12,1,1,0.8690602,Prioritize Shipment
4,5,2,1,8346.15,40.04,1.51,8.2,4,0.593,20.06,1,2025,3,13,4,0.0001809217423602,164.49199999999996,0.004797421565632,3.3374,1,1,0.8525059,Prioritize Shipment
5,1,1,1,9571.94,82.16,2.29,9.0,4,0.625,28.69,1,2025,11,8,2,0.0002392409480209,258.21000000000004,0.0085834219604385,3.375,1,1,0.8890205,Prioritize Shipment
4,2,2,4,8089.32,97.8,4.03,7.0,2,0.606,51.52,1,2024,1,27,2,0.0004981877339504,360.64,0.0120900149827179,2.758,1,1,0.9693899,Prioritize Shipment
5,7,2,0,10164.57,253.08,2.73,3.8,2,0.52,57.62,1,2024,6,23,3,0.0002685799792809,218.956,0.0248982495078493,1.824,0,1,0.96112305,Prioritize Shipment
4,2,1,4,1661.53,266.13,4.46,9.6,4,0.534,5.26,1,2025,10,15,6,0.0026842729291676,50.496,0.1601716490222867,4.473599999999999,1,1,0.86869895,Prioritize Shipment
6,4,2,3,1241.68,25.98,3.71,3.3,2,0.522,7.14,1,2025,2,11,5,0.0029878873783905,23.562,0.0209232652535274,1.5774,0,1,0.8834442,Prioritize Shipment
4,2,1,2,2607.24,438.28,2.21,2.9,2,0.508,16.38,1,2025,10,19,3,0.0008476396495911,47.502,0.1681011337659747,1.4267999999999998,0,1,0.8883956,Prioritize Shipment
0,3,1,3,7832.6,149.69,1.32,7.3,2,0.847,60.29,1,2025,7,11,0,0.0001685264152388,440.117,0.0191111508311416,1.1169000000000002,1,1,0.9684152,Prioritize Shipment
4,7,1,1,1531.76,151.03,3.13,0.1,2,0.929,8.01,1,2024,7,8,1,0.0020434010549955,0.801,0.0985989972319423,0.0070999999999999,0,1,0.8215717,Prioritize Shipment
4,2,3,2,8589.17,438.42,3.96,8.8,2,0.89,137.31,1,2024,7,10,6,0.0004610457122166,1208.3280000000002,0.05104334877526,0.968,1,1,0.9686018,Prioritize Shipment
6,1,2,3,1921.11,231.61,2.41,4.2,2,0.991,10.84,1,2024,9,26,4,0.0012544830852996,45.528,0.1205605092889007,0.0378,0,1,0.8715014,Prioritize Shipment
7,1,3,4,2340.69,12.26,1.37,3.7,2,0.951,30.8,1,2024,4,9,5,0.0005852974977463,113.96,0.0052377717681538,0.1813000000000001,0,1,0.89692485,Prioritize Shipment
3,4,3,4,5693.03,151.16,3.8,7.1,4,0.91,32.37,1,2025,7,8,5,0.0006674828694034,229.827,0.026551765931323,0.6389999999999998,1,1,0.82876986,Prioritize Shipment
5,5,1,4,14847.83,84.4,2.95,7.8,4,0.902,43.16,1,2025,2,27,4,0.0001986822316796,336.648,0.0056843323233091,0.7643999999999997,1,1,0.8826668,Prioritize Shipment
3,8,0,1,560.72,335.82,3.84,0.5,2,0.65,0.53,1,2025,3,4,5,0.0068483378513339,0.265,0.5989085461549436,0.175,0,1,0.8234586,Prioritize Shipment
1,7,3,1,848.07,132.94,3.25,9.0,2,0.782,14.24,1,2025,5,2,0,0.0038322308300022,128.16,0.156755928166307,1.962,1,1,0.92618114,Prioritize Shipment
4,3,2,3,1927.15,462.25,4.34,9.2,4,0.968,5.14,1,2025,2,8,2,0.0022520302000363,47.288,0.2398619723425784,0.2944000000000002,1,1,0.8032022,Prioritize Shipment
1,4,1,4,5072.77,474.59,2.46,4.9,2,0.803,35.14,1,2025,6,13,0,0.0004849421519209,172.186,0.0935563804390894,0.9652999999999998,0,1,0.93856734,Prioritize Shipment
1,4,1,3,10324.41,411.62,4.49,9.4,2,0.808,83.82,1,2025,4,4,0,0.0004348916790402,787.908,0.0398686220326391,1.8047999999999995,1,1,0.9652675,Prioritize Shipment
6,1,0,0,4568.71,148.88,2.37,7.7,2,0.548,1.76,1,2024,5,9,4,0.0005187459917569,13.552,0.032586879009611,3.4804,1,1,0.93080115,Prioritize Shipment
1,0,1,4,11097.62,160.03,4.36,2.7,2,0.649,70.24,1,2025,2,1,2,0.0003928770312913,189.648,0.0144202090177893,0.9477,0,1,0.9582486,Prioritize Shipment
7,0,3,3,6590.16,224.82,4.13,3.8,2,0.899,87.67,1,2025,7,23,6,0.0006266919164329,333.146,0.0341144979788047,0.3837999999999999,0,1,0.9680169,Prioritize Shipment
2,8,0,3,8886.22,313.5,1.76,6.2,2,0.682,5.44,1,2025,2,10,1,0.000198059467355,33.728,0.0352793426226224,1.9716,0,1,0.9194425,Prioritize Shipment
5,3,0,0,12160.4,95.28,4.41,3.9,2,0.702,6.36,1,2024,11,29,0,0.0003626525443241,24.804,0.0078352685766915,1.1622,0,1,0.8921173,Prioritize Shipment
3,8,1,2,2529.82,435.76,1.58,0.2,2,0.698,13.94,1,2024,1,13,2,0.0006245503632669,2.7880000000000003,0.1722494090488651,0.0604,0,1,0.82467943,Prioritize Shipment
5,0,0,1,8454.53,171.51,3.74,0.9,2,0.837,4.37,1,2025,9,30,5,0.0004423664000246,3.933,0.0202861661144971,0.1467,0,1,0.81975925,Prioritize Shipment
4,6,0,1,2428.64,462.97,2.23,8.9,4,0.792,0.5,1,2024,5,31,0,0.000918209368206,4.45,0.1906293234073391,1.8512,1,1,0.8551433,Prioritize Shipment
0,7,1,1,13254.22,180.71,1.91,4.1,2,0.844,88.27,1,2025,8,19,5,0.0001441050472981,361.9069999999999,0.0136341482184542,0.6396000000000001,0,1,0.9664307,Prioritize Shipment
0,1,2,2,10203.68,459.18,2.49,3.2,2,0.952,56.22,1,2024,10,19,2,0.0002440296050052,179.904,0.045001411255547,0.1536000000000001,0,1,0.9517733,Prioritize Shipment
6,3,2,4,7515.14,407.77,2.93,0.7,2,0.72,37.35,1,2025,7,2,6,0.0003898796296542,26.145,0.0542598008819529,0.196,0,1,0.9277272,Prioritize Shipment
3,8,0,0,8846.1,53.87,1.9,8.7,4,0.7,2.5,1,2025,1,27,1,0.000214783916076,21.75,0.0060896892415866,2.6100000000000003,1,1,0.8666655,Prioritize Shipment
0,8,3,0,7340.23,146.32,3.05,1.2,2,0.615,86.74,1,2025,5,12,1,0.0004155183148211,104.088,0.019933980270373,0.4619999999999999,0,1,0.95906997,Prioritize Shipment
1,6,0,4,11262.94,312.25,2.54,2.8,2,0.969,6.87,1,2024,2,8,4,0.0002255183815238,19.236,0.0277236671774865,0.0868,0,1,0.8501502,Prioritize Shipment
6,0,0,3,5645.06,93.97,3.96,1.8,2,0.932,3.05,1,2024,10,9,6,0.0007014983011695,5.49,0.0166464129699241,0.1223999999999999,0,1,0.85170716,Prioritize Shipment
3,0,0,1,10576.82,22.66,3.66,9.8,4,0.504,3.17,1,2025,9,15,1,0.0003460397359508,31.066000000000003,0.0021424208788652,4.8608,1,1,0.8692982,Prioritize Shipment
2,3,0,1,9346.56,232.67,2.49,2.4,2,0.884,4.43,1,2024,2,9,0,0.0002664081758422,10.632,0.0248936507121336,0.2784,0,1,0.86127114,Prioritize Shipment
1,6,3,1,6576.94,108.15,2.69,6.6,2,0.846,97.87,1,2024,8,31,2,0.0004090047955432,645.942,0.016443817337546,1.0164000000000002,0,1,0.9699137,Prioritize Shipment
1,7,0,4,4678.68,278.87,1.36,6.3,2,0.834,2.38,1,2024,10,2,6,0.0002906802773431,14.994,0.0596044183402156,1.0458000000000005,0,1,0.91058505,Prioritize Shipment
4,6,2,2,593.73,464.58,2.93,3.9,2,0.932,2.64,1,2025,1,16,4,0.0049349030704192,10.296,0.782476883431863,0.2651999999999997,0,1,0.8748196,Prioritize Shipment
5,4,3,4,847.22,304.89,2.39,8.9,2,0.902,13.21,1,2024,11,14,4,0.002820991005878,117.56900000000002,0.3598711078586435,0.8721999999999999,1,1,0.9204842,Prioritize Shipment
3,2,0,1,14151.38,80.99,3.28,7.2,2,0.792,7.69,1,2025,5,18,3,0.000231779515496,55.368,0.0057231167561043,1.4975999999999998,1,1,0.91097593,Prioritize Shipment
6,2,3,4,8482.71,312.26,2.5,6.8,4,0.744,47.68,1,2024,5,17,0,0.0002947171363868,324.224,0.0368113492032617,1.7408,0,1,0.8950644,Prioritize Shipment
6,0,1,0,12994.14,161.85,3.79,9.0,2,0.903,104.85,1,2025,9,11,4,0.0002916699373717,943.65,0.0124556146078155,0.8729999999999998,1,1,0.9680102,Prioritize Shipment
6,8,0,3,4079.43,182.2,1.4,3.4,2,0.733,2.08,1,2024,6,11,5,0.0003431851998931,7.072,0.0446631024432334,0.9078,0,1,0.8862328,Prioritize Shipment
7,1,2,2,8549.44,209.77,3.75,0.5,2,0.512,41.19,1,2024,11,14,4,0.0004386252198974,20.595,0.0245361099674364,0.244,0,1,0.9431889,Prioritize Shipment
0,8,2,0,9025.88,220.99,1.7,5.1,2,0.625,53.2,1,2025,12,27,2,0.0001883472858048,271.32,0.0244840392294158,1.9125,0,1,0.9664842,Prioritize Shipment
1,4,0,1,9423.6,387.46,1.99,7.5,4,0.815,1.41,1,2025,2,17,1,0.0002111719512712,10.575,0.0411159217284265,1.3875000000000004,1,1,0.8248519,Prioritize Shipment
2,6,1,3,1772.93,296.98,2.28,2.2,2,0.882,11.39,1,2025,6,20,0,0.0012860067797374,25.058000000000003,0.1675080234414218,0.2596,0,1,0.8654485,Prioritize Shipment
2,5,0,0,3602.92,174.64,1.81,1.0,2,0.549,1.23,1,2024,6,26,6,0.0005023702996458,1.23,0.0484717950995303,0.4509999999999999,0,1,0.8717195,Prioritize Shipment
2,3,3,4,701.0,73.67,2.93,6.1,2,0.701,9.19,1,2024,9,12,4,0.0041797432239657,56.05899999999999,0.1050927246790299,1.8239,0,1,0.9103733,Prioritize Shipment
0,8,3,1,10198.71,235.65,3.07,8.9,2,0.967,162.89,1,2025,4,12,2,0.0003010184621388,1449.721,0.023105863388605,0.2937000000000003,1,1,0.96506715,Prioritize Shipment
7,0,0,0,12080.51,477.27,3.36,7.6,4,0.51,2.86,1,2024,2,21,6,0.0002781339529539,21.736,0.0395074380137924,3.724,1,1,0.8649343,Prioritize Shipment
2,8,2,2,792.0,473.19,1.62,0.1,2,0.885,3.87,1,2025,12,22,1,0.0020454545454545,0.387,0.5974621212121212,0.0115,0,1,0.8182368,Prioritize Shipment
0,4,3,4,8686.56,413.54,2.54,5.0,4,0.521,45.35,1,2025,4,20,3,0.0002924057394411,226.75,0.0476068777513768,2.395,0,1,0.88513607,Prioritize Shipment
6,2,0,3,14010.24,348.85,3.38,7.5,4,0.917,2.73,1,2025,10,12,3,0.0002412521127403,20.475,0.0248996448312091,0.6224999999999997,1,1,0.8065271,Prioritize Shipment
4,8,3,3,13512.09,170.8,1.69,8.9,2,0.601,217.97,1,2025,8,31,3,0.0001250731752082,1939.933,0.0126405315535938,3.5511000000000004,1,1,0.96470195,Prioritize Shipment
1,3,0,3,3966.46,31.69,2.96,8.5,4,0.699,1.15,1,2024,12,18,6,0.0007462573680309,9.775,0.0079894918894934,2.5585000000000004,1,1,0.86757314,Prioritize Shipment
6,3,0,0,6454.9,359.25,4.45,5.6,2,0.665,3.72,1,2024,4,2,5,0.0006893987513361,20.832,0.0556553935769725,1.876,0,1,0.9135307,Prioritize Shipment
6,1,1,1,14050.89,137.86,2.79,7.2,2,0.752,107.35,1,2024,2,20,5,0.0001985639343842,772.92,0.0098114781341253,1.7856,1,1,0.9674801,Prioritize Shipment
0,8,0,4,4899.09,274.26,1.34,4.9,4,0.53,0.5,1,2024,6,15,2,0.0002735201843607,2.45,0.0559818251961078,2.303,0,1,0.8058055,Prioritize Shipment
3,1,3,0,11837.42,73.11,2.73,7.5,4,0.696,68.28,1,2025,8,8,0,0.0002306245786666,512.1,0.006176176903413,2.28,1,1,0.90957063,Prioritize Shipment
4,0,3,0,11604.95,67.84,2.58,5.2,2,0.948,162.17,1,2024,8,7,6,0.0002223189242521,843.284,0.005845781326072,0.2704000000000002,0,1,0.9658143,Prioritize Shipment
5,4,0,4,10529.01,471.95,3.77,0.9,2,0.621,4.15,1,2024,8,14,6,0.000358058354964,3.735,0.0448237773541861,0.3411,0,1,0.8448872,Prioritize Shipment
5,7,1,4,6206.55,91.15,4.44,8.3,2,0.651,48.15,1,2024,8,18,3,0.0007153732750078,399.645,0.0146860977515689,2.8967,1,1,0.9670876,Prioritize Shipment
1,8,2,2,2395.4,203.88,1.8,9.0,2,0.522,16.26,1,2025,11,24,1,0.0007514402604992,146.34,0.0851131335058862,4.302,1,1,0.92944324,Prioritize Shipment
1,4,3,2,8838.38,255.6,3.62,7.5,4,0.705,50.93,1,2025,10,29,6,0.0004095773207307,381.975,0.0289193268449648,2.2125000000000004,1,1,0.91283923,Prioritize Shipment
5,4,0,3,3498.86,64.8,4.48,1.6,2,0.809,1.09,1,2025,2,23,3,0.0012804170501248,1.7440000000000002,0.0185203180464494,0.3055999999999999,0,1,0.8563651,Prioritize Shipment
5,8,0,4,5868.37,22.91,2.1,7.0,2,0.939,3.61,1,2024,9,15,3,0.0003578506467724,25.27,0.0039039801512174,0.4270000000000004,1,1,0.9085793,Prioritize Shipment
3,2,3,2,12768.8,407.1,3.77,9.0,2,0.728,205.68,1,2025,12,30,5,0.0002952509241275,1851.12,0.0318824008520769,2.4480000000000004,1,1,0.96588904,Prioritize Shipment
6,3,1,3,12227.98,344.26,2.03,6.1,4,0.589,33.13,1,2025,4,22,5,0.0001660127020161,202.093,0.0281534644315741,2.5071,0,1,0.8585185,Prioritize Shipment
2,4,1,3,13194.59,469.44,2.46,2.9,2,0.517,83.23,1,2024,11,5,5,0.000186440048535,241.367,0.0355782180423946,1.4006999999999998,0,1,0.9605161,Prioritize Shipment
0,7,3,4,12951.12,96.04,2.83,8.0,2,0.714,201.61,1,2025,6,17,5,0.0002185139200316,1612.88,0.0074155748692005,2.2880000000000003,1,1,0.965892,Prioritize Shipment
0,8,0,1,12929.85,221.64,4.13,7.8,2,0.531,7.86,1,2025,9,30,5,0.0003194159251654,61.308,0.0171417301824847,3.6582,1,1,0.9304458,Prioritize Shipment
6,3,2,1,5308.44,298.08,2.3,1.8,2,0.741,28.09,1,2025,11,9,3,0.000433272298453,50.562,0.0561520898795126,0.4662,0,1,0.9016835,Prioritize Shipment
6,1,0,3,7758.4,436.23,2.11,6.7,4,0.595,2.1,1,2025,1,18,2,0.0002719632914002,14.07,0.0562267993400701,2.7135,0,1,0.84861565,Prioritize Shipment
2,6,0,0,7903.27,193.35,1.6,6.5,2,0.505,4.73,1,2025,10,24,0,0.0002024478475365,30.745000000000005,0.024464557075742,3.2175,0,1,0.9215373,Prioritize Shipment
0,3,0,3,5037.33,251.02,3.74,8.9,4,0.58,1.35,1,2024,11,28,4,0.0007424568174012,12.015,0.0498319546267566,3.738,1,1,0.87385786,Prioritize Shipment
2,8,0,4,12948.34,161.51,3.7,5.3,2,0.638,6.61,1,2024,10,10,4,0.000285750914789,35.033,0.012473413580428,1.9186,0,1,0.90958935,Prioritize Shipment
3,6,3,0,7394.4,125.4,2.42,6.9,4,0.587,41.34,1,2024,2,28,6,0.0003272746943633,285.24600000000004,0.0169587796170074,2.8497000000000003,0,1,0.9042773,Prioritize Shipment
4,8,3,1,12811.92,113.22,3.5,2.4,2,0.808,159.84,1,2025,9,6,2,0.0002731830982397,383.616,0.0088370829664874,0.4607999999999999,0,1,0.9653611,Prioritize Shipment
5,3,1,1,3243.34,321.2,1.92,8.7,4,0.549,9.61,1,2024,5,23,4,0.0005919823391935,83.60699999999999,0.0990337121609205,3.9236999999999993,1,1,0.8708468,Prioritize Shipment
7,3,2,4,10945.57,408.81,4.45,4.7,4,0.56,24.91,1,2024,1,27,2,0.0004065571733587,117.077,0.0373493568630962,2.068,0,1,0.8186541,Prioritize Shipment
3,6,3,2,12516.28,20.59,2.97,3.8,2,0.975,166.69,1,2024,9,22,3,0.0002372909522637,633.4219999999999,0.0016450574771417,0.095,0,1,0.9569694,Prioritize Shipment
4,7,1,1,10786.14,372.56,2.98,6.3,2,0.718,78.46,1,2025,2,18,5,0.0002762804858828,494.298,0.0345406234296977,1.7766000000000002,0,1,0.9703488,Prioritize Shipment
3,0,0,2,12663.38,110.43,3.03,1.2,2,0.849,6.18,1,2024,2,6,5,0.0002392726112617,7.415999999999999,0.0087204206144015,0.1812,0,1,0.83571935,Prioritize Shipment
4,1,1,1,11017.89,194.59,1.56,6.6,2,0.755,82.12,1,2024,12,17,5,0.0001415879083926,541.992,0.0176612763423849,1.617,0,1,0.9693002,Prioritize Shipment
0,7,3,0,14440.54,35.31,3.72,5.4,4,0.843,76.36,0,2025,10,15,6,0.0002576080949881,412.3440000000001,0.0024451994177503,0.8478000000000002,0,1,0.869466,Prioritize Shipment
0,8,1,3,4824.95,410.11,1.56,9.2,2,0.63,39.45,1,2024,6,23,3,0.0003233194126364,362.94,0.0849977719976372,3.404,1,1,0.96383303,Prioritize Shipment
1,3,0,0,11744.83,277.42,3.8,1.0,2,0.598,5.18,1,2025,11,4,5,0.0003235466158301,5.18,0.0236206058325237,0.402,0,1,0.8739629,Prioritize Shipment
0,4,2,4,2519.18,143.48,2.34,4.6,2,0.726,13.95,1,2024,7,4,4,0.0009288736811184,64.16999999999999,0.0569550409260156,1.2604,0,1,0.90067047,Prioritize Shipment
2,5,2,2,13258.76,276.46,2.2,2.0,2,0.571,70.13,1,2024,12,9,1,0.0001659280355025,140.26,0.0208511203159269,0.8580000000000001,0,1,0.9557786,Prioritize Shipment
5,2,0,1,6519.61,173.71,4.22,9.8,4,0.831,2.19,1,2025,1,15,6,0.0006472779813516,21.462,0.0266442317868706,1.6562000000000006,1,1,0.85488623,Prioritize Shipment
4,6,1,0,3337.83,226.0,2.76,4.6,2,0.862,22.89,1,2024,10,28,1,0.0008268845327652,105.294,0.067708661016289,0.6348,0,1,0.90353626,Prioritize Shipment
7,0,1,0,12393.67,176.86,2.09,0.8,2,0.816,71.05,1,2025,4,19,2,0.0001686344722749,56.84,0.0142701879265786,0.1472,0,1,0.94689286,Prioritize Shipment
0,6,1,1,11405.66,113.99,2.21,0.0,2,0.633,63.55,1,2025,8,20,6,0.0001937634472709,0.0,0.0099941607938514,0.0,0,1,0.9363498,Prioritize Shipment
6,2,2,3,9142.73,108.33,4.28,0.2,2,0.691,44.06,1,2024,3,13,6,0.0004681315099538,8.812000000000001,0.0118487585217981,0.0618,0,1,0.9416486,Prioritize Shipment
2,0,3,3,14938.15,136.66,4.15,8.2,4,0.904,87.94,1,2025,4,28,1,0.0002778121788842,721.108,0.0091483885220057,0.7871999999999997,1,1,0.8789266,Prioritize Shipment
1,7,0,0,6811.3,85.68,1.83,9.2,4,0.771,2.02,1,2024,7,18,4,0.0002686711787764,18.584,0.012579096501402,2.1068,1,1,0.86389965,Prioritize Shipment
6,2,2,0,1293.62,231.7,1.52,2.8,2,0.646,5.92,1,2025,11,28,0,0.0011749972944141,16.576,0.1791097849445741,0.9912,0,1,0.8859096,Prioritize Shipment
0,1,3,0,6571.08,368.23,2.03,4.4,2,0.702,87.9,1,2025,6,26,4,0.0003089294301697,386.7600000000001,0.0560379724489733,1.3112000000000004,0,1,0.96925944,Prioritize Shipment
5,1,1,2,3684.71,70.0,4.22,2.7,2,0.966,22.73,1,2024,11,1,0,0.0011452733050904,61.371,0.0189974244920224,0.0918,0,1,0.86608505,Prioritize Shipment
0,6,0,0,503.29,483.12,4.01,7.0,4,0.521,0.5,1,2025,2,27,4,0.0079675733672435,3.5,0.959923702040573,3.353,1,1,0.8303387,Prioritize Shipment
7,2,2,2,12736.25,103.04,2.92,0.5,2,0.926,62.67,1,2024,6,3,1,0.0002292668564137,31.335,0.0080902934537246,0.0369999999999999,0,1,0.9429591,Prioritize Shipment
6,6,1,1,11263.24,93.9,4.27,7.7,4,0.98,32.99,1,2024,5,20,1,0.0003791093859315,254.023,0.0083368551145141,0.1540000000000001,1,1,0.8173003,Prioritize Shipment
5,0,0,2,13967.72,391.68,3.43,4.4,2,0.563,7.1,1,2025,4,13,3,0.0002455662055081,31.24,0.0280417992342343,1.9228000000000005,0,1,0.9054797,Prioritize Shipment
0,7,1,3,6742.77,373.38,2.99,3.9,2,0.919,43.92,1,2024,5,26,3,0.0004434379342614,171.288,0.0553748681921524,0.3158999999999998,0,1,0.9518051,Prioritize Shipment
1,8,2,4,9509.29,319.27,2.38,3.8,2,0.827,53.27,1,2024,12,6,0,0.0002502815667626,202.426,0.0335745360589486,0.6574000000000001,0,1,0.9626566,Prioritize Shipment
6,4,1,4,1016.06,426.09,3.86,5.4,2,0.564,7.35,1,2024,11,16,2,0.0037989882487254,39.69,0.4193551561915635,2.3544000000000005,0,1,0.91283363,Prioritize Shipment
6,5,1,4,1280.54,344.29,2.63,7.0,2,0.805,9.67,1,2024,1,5,0,0.0020538210442469,67.69,0.2688631358645572,1.3649999999999998,1,1,0.9104885,Prioritize Shipment
3,4,2,2,5448.04,173.24,2.01,9.6,2,0.794,38.27,1,2025,8,13,6,0.0003689400224667,367.392,0.0317985917871381,1.9776,1,1,0.96179646,Prioritize Shipment
0,1,3,1,13057.52,135.48,3.75,4.2,2,0.854,175.29,1,2025,9,21,3,0.000287190829499,736.218,0.0103756302881404,0.6132000000000001,0,1,0.9646614,Prioritize Shipment
3,6,1,1,643.71,122.11,2.9,2.1,2,0.6,4.54,1,2025,3,20,4,0.0045051342996069,9.534,0.1896972239051746,0.8400000000000001,0,1,0.8818246,Prioritize Shipment
7,3,2,0,4104.77,473.79,2.54,2.9,2,0.707,22.31,1,2024,1,5,0,0.0006187922831242,64.699,0.1154242503234042,0.8497000000000001,0,1,0.8917309,Prioritize Shipment
5,8,2,2,6350.47,170.06,4.07,9.3,4,0.504,16.68,1,2024,7,14,3,0.0006408974453859,155.124,0.0267791202855851,4.6128,1,1,0.8642144,Prioritize Shipment
2,7,0,4,5391.29,397.12,3.96,7.1,2,0.522,2.89,1,2024,1,5,0,0.0007345180837981,20.519,0.0736595508681595,3.3938,1,1,0.9245251,Prioritize Shipment
6,4,2,4,12499.09,232.96,3.64,5.2,2,0.849,75.72,1,2025,10,3,0,0.0002912212009034,393.744,0.0186381568578192,0.7852000000000001,0,1,0.96847177,Prioritize Shipment
3,7,2,3,3213.3,197.0,4.36,6.2,2,0.798,20.8,1,2024,5,12,3,0.0013568605483459,128.96,0.0613076899137957,1.2523999999999995,0,1,0.910306,Prioritize Shipment
7,0,3,4,1373.29,8.47,3.28,5.0,2,0.866,19.41,1,2025,4,11,0,0.0023884248774839,97.05,0.0061676703391126,0.67,0,1,0.8992534,Prioritize Shipment
3,1,3,3,4815.93,133.01,3.42,0.6,2,0.735,55.24,1,2025,6,16,1,0.0007101432122144,33.144,0.0276187569171478,0.159,0,1,0.9448397,Prioritize Shipment
5,1,0,0,5145.82,287.0,3.96,8.1,4,0.708,1.21,1,2025,6,20,0,0.0007695566498633,9.801,0.0557734238663614,2.3652,1,1,0.8724626,Prioritize Shipment
1,8,0,1,2882.16,462.95,2.16,7.5,4,0.945,0.91,1,2024,12,11,6,0.0007494379215588,6.825,0.1606260582341022,0.4125000000000003,1,1,0.80597866,Prioritize Shipment
4,1,0,4,13686.73,66.29,4.3,4.9,2,0.916,6.05,1,2025,1,2,4,0.0003141729251618,29.645,0.0048433774904597,0.4115999999999998,0,1,0.8986895,Prioritize Shipment
4,1,1,1,14354.0,312.98,3.93,0.2,2,0.63,80.84,1,2024,8,21,6,0.0002737912776926,16.168000000000003,0.0218043750870837,0.074,0,1,0.9416308,Prioritize Shipment
5,8,0,3,4080.94,493.2,3.42,6.1,4,0.677,0.86,1,2024,8,17,2,0.000838042215764,5.246,0.120854509010179,1.9702999999999995,0,1,0.8364711,Prioritize Shipment
3,1,2,1,12882.17,414.31,2.8,10.0,4,0.796,34.08,1,2024,1,23,5,0.0002173546848085,340.79999999999995,0.0321615069510804,2.04,1,1,0.89045537,Prioritize Shipment
0,1,1,0,7920.82,388.87,1.99,2.9,2,0.693,51.11,1,2025,5,31,2,0.0002512366143909,148.219,0.0490946644413078,0.8903000000000001,0,1,0.95493716,Prioritize Shipment
0,4,1,2,12384.56,230.73,2.4,9.3,2,0.636,100.9,1,2025,12,29,1,0.0001937896865128,938.37,0.0186304559871323,3.3852,1,1,0.96713823,Prioritize Shipment
6,2,1,4,4690.04,375.89,1.2,4.0,2,0.551,30.46,1,2025,10,17,0,0.0002558613572592,121.84,0.0801464379834713,1.7959999999999998,0,1,0.9084844,Prioritize Shipment
3,4,1,3,5967.28,339.58,2.22,9.4,4,0.772,18.48,1,2024,9,18,6,0.0003720287970398,173.71200000000002,0.0569069995039616,2.1432,1,1,0.85565865,Prioritize Shipment
4,5,2,1,4999.47,385.8,3.28,9.3,4,0.996,12.42,1,2025,11,8,2,0.0006560695433715,115.506,0.0771681798270616,0.0372,1,1,0.80498755,Prioritize Shipment
2,0,2,1,7798.5,330.97,3.85,6.8,4,0.754,17.81,1,2024,4,20,2,0.0004936846829518,121.108,0.0424402128614477,1.6727999999999998,0,1,0.8047033,Prioritize Shipment
5,7,2,4,12048.39,205.26,2.69,8.3,2,0.512,81.21,1,2025,10,31,0,0.0002232663451299,674.043,0.0170363011157507,4.050400000000001,1,1,0.96864563,Prioritize Shipment
0,8,0,2,11222.3,447.81,2.91,2.7,2,0.771,4.72,1,2024,1,21,3,0.0002593051335287,12.744,0.0399035848266398,0.6183,0,1,0.8760993,Prioritize Shipment
2,8,1,1,2758.71,497.76,2.61,9.7,4,0.886,8.64,1,2025,12,7,3,0.0009460943701947,83.80799999999999,0.1804321585088682,1.1058,1,1,0.8496573,Prioritize Shipment
0,1,2,0,8432.16,60.31,3.52,3.2,2,0.85,46.78,1,2024,4,28,3,0.0004174493842621,149.696,0.0071523785127416,0.4800000000000001,0,1,0.95470315,Prioritize Shipment
6,8,2,1,14356.92,429.63,1.94,9.9,2,0.638,102.3,1,2024,9,15,3,0.000135126475595,1012.77,0.0299249421185045,3.5838,1,1,0.96528286,Prioritize Shipment
6,3,0,0,14327.67,495.81,2.39,5.7,2,0.621,7.12,1,2025,4,30,6,0.0001668100954307,40.584,0.0346050683746903,2.1603,0,1,0.9139631,Prioritize Shipment
6,1,1,2,1124.95,355.41,3.11,8.6,4,0.813,3.02,1,2024,6,5,6,0.0027645673141028,25.972,0.3159340415129561,1.6082000000000003,1,1,0.83517927,Prioritize Shipment
5,3,0,1,2075.9,252.38,2.52,3.1,2,0.641,0.67,1,2024,11,4,1,0.001213931306903,2.0770000000000004,0.1215761838238836,1.1129,0,1,0.88349646,Prioritize Shipment
4,5,3,1,3284.23,241.21,4.04,8.0,4,0.622,19.23,1,2024,10,3,4,0.001230120911142,153.84,0.0734449170734083,3.024,1,1,0.8612104,Prioritize Shipment
6,1,1,4,14101.93,280.71,3.46,8.4,4,0.553,41.85,1,2025,9,12,0,0.0002453564866653,351.54,0.0199057859456117,3.7548,1,1,0.90614426,Prioritize Shipment
6,4,0,2,13805.89,166.7,3.14,9.5,4,0.744,3.74,1,2025,12,18,4,0.0002274391582143,35.53,0.0120745565841825,2.432,1,1,0.8635389,Prioritize Shipment
1,6,3,2,12219.89,261.28,3.1,9.3,2,0.76,199.13,1,2024,4,17,6,0.0002536847713031,1851.909,0.0213815345309982,2.232,1,1,0.9657516,Prioritize Shipment
2,8,2,3,5354.44,403.2,3.48,9.9,2,0.871,38.24,1,2025,9,24,6,0.000649927910295,378.576,0.0753019923652146,1.2771,1,1,0.9636545,Prioritize Shipment
3,5,3,0,5048.7,346.79,3.62,7.7,2,0.617,77.77,1,2024,4,30,5,0.0007170162616119,598.829,0.068688969437677,2.9491,1,1,0.97008383,Prioritize Shipment
6,4,2,1,5661.39,214.48,3.43,3.6,2,0.785,32.43,1,2024,4,26,0,0.0006058582786206,116.748,0.0378846890957874,0.7739999999999999,0,1,0.9106395,Prioritize Shipment
2,7,0,4,3351.98,132.42,2.47,3.6,2,0.545,1.68,1,2024,9,26,4,0.0007368779049994,6.048,0.0395050089797671,1.638,0,1,0.89348745,Prioritize Shipment
0,8,3,2,7301.09,283.31,1.86,7.7,2,0.599,112.18,1,2025,7,15,5,0.0002547564815664,863.7860000000001,0.0388037950497802,3.0877000000000003,1,1,0.9692947,Prioritize Shipment
3,2,0,1,12113.61,183.36,3.11,7.3,4,0.565,2.84,1,2025,5,23,0,0.0002567360184123,20.732,0.0151366933556553,3.1755000000000004,1,1,0.86234725,Prioritize Shipment
7,7,3,1,3112.3,468.14,2.74,1.7,2,0.669,37.44,1,2024,7,31,6,0.0008803778556051,63.648,0.1504160909937988,0.5626999999999999,0,1,0.94045335,Prioritize Shipment
1,3,0,3,10416.12,402.14,1.45,7.5,2,0.504,6.32,1,2024,8,28,6,0.0001392073055993,47.400000000000006,0.0386074661198219,3.72,1,1,0.92842823,Prioritize Shipment
5,0,0,4,867.55,92.84,4.32,5.8,2,0.984,0.87,1,2024,1,3,6,0.004979540084145,5.046,0.1070140049564866,0.0928,0,1,0.88950586,Prioritize Shipment
2,7,0,0,5083.47,358.81,3.46,1.6,2,0.86,3.25,1,2025,11,18,5,0.0006806374386,5.2,0.0705836761110029,0.224,0,1,0.85110533,Prioritize Shipment
3,7,0,1,9342.29,406.12,1.51,6.9,2,0.572,5.36,1,2024,4,23,5,0.0001616306066285,36.984,0.0434711403735058,2.9532000000000003,0,1,0.92278254,Prioritize Shipment
3,5,3,0,3991.66,359.73,3.81,1.0,2,0.797,46.15,1,2025,8,10,3,0.0009544901118832,46.15,0.0901204010361604,0.2029999999999999,0,1,0.9469385,Prioritize Shipment
3,0,3,0,2633.87,359.16,2.97,2.7,2,0.784,32.83,1,2024,6,1,2,0.0011276182955119,88.641,0.1363620831703918,0.5831999999999999,0,1,0.91178083,Prioritize Shipment
6,6,1,2,4961.35,279.63,1.88,0.6,2,0.564,28.41,1,2024,8,24,2,0.0003789291221139,17.046,0.0563616757535751,0.2616,0,1,0.8764859,Prioritize Shipment
7,3,3,0,3484.02,1.12,2.87,7.1,2,0.627,51.77,1,2025,4,20,3,0.0008237610576288,367.567,0.0003214677298063,2.6483,1,1,0.9657576,Prioritize Shipment
1,6,2,0,13324.94,164.75,2.05,5.3,2,0.811,80.53,1,2024,6,27,4,0.0001538468465899,426.809,0.0123640331588735,1.0016999999999996,0,1,0.9675006,Prioritize Shipment
0,7,0,4,8251.11,49.38,3.64,7.1,4,0.564,1.7,1,2024,10,24,4,0.0004411527661126,12.07,0.005984649338089,3.0956,1,1,0.8433141,Prioritize Shipment
7,5,0,4,14304.91,139.64,3.64,3.4,2,0.992,7.36,1,2024,1,10,6,0.0002544580846716,25.024,0.0097616832262488,0.0272,0,1,0.85205853,Prioritize Shipment
0,2,0,3,11199.95,435.08,4.19,3.5,2,0.728,5.95,1,2024,5,21,5,0.0003741088129857,20.825,0.0388466019937588,0.952,0,1,0.8917285,Prioritize Shipment
2,8,2,3,9162.72,302.87,4.24,5.8,2,0.556,56.48,1,2025,11,10,1,0.0004627446871671,327.58399999999995,0.0330545951420538,2.5752,0,1,0.9694252,Prioritize Shipment
5,1,3,3,5460.92,52.42,2.86,7.5,2,0.878,83.75,1,2025,1,16,4,0.0005237212777334,628.125,0.0095991151674076,0.915,1,1,0.9693944,Prioritize Shipment
7,4,2,3,6950.36,2.56,2.31,7.4,4,0.692,17.27,1,2024,7,6,2,0.0003323568851109,127.798,0.0003683262449714,2.2792000000000003,1,1,0.8560585,Prioritize Shipment
0,1,1,1,7591.2,152.45,1.44,8.0,4,0.634,22.34,1,2024,4,26,0,0.0001896933291179,178.72,0.0200824639055748,2.928,1,1,0.85887176,Prioritize Shipment
3,6,3,3,12012.06,145.39,1.65,4.4,4,0.679,61.0,1,2024,6,19,6,0.000137361951239,268.40000000000003,0.0121036691458417,1.4124,0,1,0.8558103,Prioritize Shipment
7,4,3,3,12753.07,220.63,2.19,4.6,4,0.956,65.63,1,2024,6,12,6,0.0001717233575915,301.898,0.0173001481211974,0.2024000000000001,0,1,0.8432475,Prioritize Shipment
0,5,2,4,6228.27,256.7,3.09,5.2,2,0.528,37.32,1,2024,4,16,5,0.0004961249271467,194.064,0.0412152973458119,2.4544,0,1,0.96113163,Prioritize Shipment
3,4,3,3,6327.21,194.18,3.79,6.0,2,0.6,90.68,1,2025,8,27,6,0.0005990001912375,544.08,0.0306896720671512,2.4000000000000004,0,1,0.97029567,Prioritize Shipment
7,0,2,3,5676.25,371.16,4.13,7.7,4,0.834,13.89,1,2025,3,24,1,0.0007275930411803,106.953,0.0653882404756661,1.2782000000000002,1,1,0.82523274,Prioritize Shipment
0,1,0,0,10869.31,55.7,2.3,2.7,2,0.63,5.95,1,2024,4,25,4,0.0002116049684846,16.065,0.0051245203237372,0.999,0,1,0.87976533,Prioritize Shipment
7,6,2,3,6693.02,68.81,3.19,7.0,4,0.652,16.05,1,2025,3,27,4,0.0004766159372002,112.35,0.0102808597613633,2.436,1,1,0.8384674,Prioritize Shipment
6,5,1,4,3486.71,415.26,1.88,2.4,2,0.782,21.23,1,2025,11,25,5,0.0005391902395094,50.952,0.1190979462014334,0.5231999999999999,0,1,0.8868398,Prioritize Shipment
5,8,0,1,14670.62,177.6,2.06,8.9,2,0.787,8.49,1,2025,8,1,0,0.0001404166967721,75.561,0.0121058278382236,1.8957,1,1,0.92479783,Prioritize Shipment
0,3,2,4,8484.58,435.33,3.71,3.4,2,0.667,46.95,1,2025,6,15,3,0.0004372638362771,159.63,0.0513083735435342,1.1322,0,1,0.9562627,Prioritize Shipment
2,1,1,2,2720.6,279.56,2.69,9.0,4,0.913,8.23,1,2025,6,19,4,0.0009887524810703,74.07000000000001,0.102756744835698,0.7829999999999997,1,1,0.81904334,Prioritize Shipment
3,2,2,2,11057.69,163.07,3.82,4.3,2,0.864,63.77,1,2025,12,5,0,0.0003454609416614,274.211,0.0147472030776771,0.5848,0,1,0.96432817,Prioritize Shipment
3,1,3,1,14643.45,225.74,4.3,5.7,2,0.768,209.65,1,2025,3,19,6,0.0002936466474771,1195.005,0.0154157660933728,1.3224,0,1,0.96450603,Prioritize Shipment
1,6,2,3,9902.74,409.55,2.52,4.9,2,0.595,59.36,1,2025,5,8,4,0.0002544750240842,290.86400000000003,0.0413572405213102,1.9845000000000004,0,1,0.9679794,Prioritize Shipment
