Origin_Port,Destination_Port,Transport_Mode,Product_Category,Distance_km,Weight_MT,Fuel_Price_Index,Geopolitical_Risk_Score,Weather_Condition,Carrier_Reliability_Score,Lead_Time_Days,Disruption_Occurred,Year,Month,Day,DayOfWeek,Cost_Per_KM,Risk_LeadTime,Weight_Per_KM,Risk_Reliability,High_Risk
7,4,1,4,5930.83,197.42,2.43,5.0,2,0.865,41.39,1,2025,10,16,4,0.0004097234282554044,206.95,0.03328707786262631,0.675,0
7,7,1,0,14285.36,237.24,2.3,7.5,4,0.592,40.92,1,2024,4,24,6,0.00016100399289902388,306.90000000000003,0.0166072118588541,3.06,1
5,4,1,2,11113.91,427.42,1.78,5.6,3,0.673,11.54,0,2024,1,26,0,0.00016015965578270835,64.624,0.03845811240148607,1.8311999999999997,0
1,3,1,1,9180.55,170.66,3.2,0.8,2,0.832,53.13,1,2024,10,8,5,0.0003485629945918273,42.504000000000005,0.01858930020532539,0.13440000000000005,0
1,8,0,2,2762.27,434.96,2.77,1.9,1,0.741,0.5,1,2024,9,7,2,0.0010027984230361262,0.95,0.1574646938930662,0.4921,0
5,5,1,0,2761.92,44.98,4.06,2.2,3,0.869,2.16,1,2024,8,16,0,0.0014699918896999187,4.752000000000001,0.01628577221642915,0.2882,0
6,0,1,3,1342.21,388.62,1.31,2.6,4,0.981,2.99,0,2024,5,22,6,0.0009760022649212865,7.774000000000001,0.2895374047280232,0.04940000000000005,0
1,0,0,4,13059.55,423.93,3.32,5.7,1,0.558,1.25,1,2024,4,14,3,0.00025422009181020786,7.125,0.032461302265392,2.5193999999999996,0
2,5,0,4,9216.17,91.73,3.72,5.0,0,0.855,0.62,1,2025,11,23,3,0.0004036383877467538,3.1,0.009953158416131647,0.7250000000000001,0
4,8,1,1,10767.05,215.74,3.71,2.0,4,0.615,25.17,1,2025,7,12,2,0.00034456977537951437,50.34,0.02003705750414459,0.77,0
2,6,1,2,798.48,83.58,4.12,0.7,3,0.707,0.5,0,2024,3,30,2,0.005159803626891093,0.35,0.10467388037270814,0.2051,0
3,4,0,0,14563.69,353.6,3.61,1.7,1,0.516,1.33,1,2025,8,27,6,0.00024787674002948426,2.261,0.024279561017846438,0.8228,0
7,1,1,2,12570.42,268.14,4.26,9.8,1,0.568,19.6,1,2025,3,8,2,0.0003388908246502503,192.08000000000004,0.021331029512140404,4.233600000000001,1
4,3,2,3,3578.92,318.03,2.3,4.7,4,0.66,7.58,1,2024,2,2,0,0.0006426519732209716,35.626000000000005,0.08886200306237635,1.5979999999999999,0
0,7,1,4,3136.46,99.05,2.86,8.7,4,0.671,9.4,1,2024,1,31,6,0.0009118560415245212,81.78,0.03158018913042092,2.8622999999999994,1
0,5,1,2,3159.37,106.66,1.25,8.5,2,0.95,25.5,1,2024,4,5,0,0.00039564849954263037,216.75,0.03375989516897356,0.4250000000000004,1
4,1,2,2,4911.51,21.71,1.22,5.1,0,0.871,3.76,0,2024,8,11,3,0.0002483961144332395,19.176,0.004420229216676745,0.6578999999999999,0
6,1,0,4,8108.97,161.71,1.99,7.1,4,0.986,1.83,1,2024,8,26,1,0.0002454072465430258,12.993,0.019942113486669702,0.09940000000000009,1
1,6,0,0,6763.2,280.31,1.53,1.9,1,0.8,0.5,0,2025,6,1,3,0.00022622427253371187,0.95,0.0414463567541992,0.3799999999999999,0
1,2,1,1,4722.82,429.11,2.06,6.9,1,0.621,7.6,0,2025,9,8,1,0.0004361800788511949,52.44,0.09085885127953215,2.6151,0
1,0,0,2,9371.87,333.8,1.78,2.7,3,0.664,0.5,0,2024,1,28,3,0.0001899300779887045,1.35,0.03561722473743233,0.9072,0
6,0,1,4,2522.66,218.26,1.29,8.3,4,0.66,6.61,1,2025,7,28,1,0.0005113649877510248,54.86300000000001,0.08651978467173539,2.822,1
1,6,1,4,4736.1,476.61,4.2,0.8,3,0.663,4.54,1,2024,7,22,1,0.0008868055995439286,3.632,0.1006334325711028,0.2696,0
1,7,0,2,5812.25,359.9,1.23,7.7,2,0.836,3.3,1,2025,10,27,1,0.00021162200524753753,25.41,0.06192094283625102,1.2628000000000004,1
2,7,2,2,7113.01,465.15,3.63,1.0,0,0.765,4.29,0,2025,12,19,0,0.0005103324752812101,4.29,0.06539425643996001,0.235,0
6,8,0,1,11885.05,264.27,1.7,8.8,2,0.693,6.86,1,2025,7,12,2,0.00014303684040033488,60.36800000000001,0.02223549753682147,2.7016000000000004,1
1,6,3,4,3395.27,130.19,4.21,3.0,1,0.575,9.09,0,2025,3,5,6,0.0012399602977082823,27.27,0.03834452046523546,1.2750000000000001,0
7,6,1,1,7956.4,27.36,4.15,6.5,1,0.511,11.18,0,2024,8,13,5,0.000521592680106581,72.67,0.0034387411392086875,3.1785,0
6,2,0,4,9090.01,363.32,3.36,4.9,4,0.609,2.04,1,2025,4,4,0,0.0003696365570554928,9.996,0.03996915294922668,1.9159000000000002,0
0,8,0,4,1173.53,61.53,3.42,3.7,0,0.554,0.5,0,2025,8,26,5,0.0029142842534916023,1.85,0.05243155266588839,1.6502,0
0,4,1,2,9309.4,152.08,1.22,6.5,4,0.893,25.79,0,2024,10,11,0,0.00013105033621930523,167.635,0.016336176337895032,0.6954999999999999,0
7,5,0,0,2972.6,266.7,4.45,9.5,1,0.556,1.04,1,2024,1,7,3,0.0014970059880239522,9.88,0.08971943752943551,4.218,1
7,2,2,2,1443.25,282.64,4.1,0.4,4,0.862,2.5,1,2024,6,12,6,0.00284081067036203,1.0,0.19583578728564005,0.055200000000000006,0
6,0,1,0,14258.84,300.69,4.15,9.2,3,0.693,16.61,1,2025,12,15,1,0.00029104751859197525,152.81199999999998,0.0210879706904629,2.8244000000000002,1
3,8,0,4,14501.66,83.96,3.38,6.1,3,0.537,1.62,0,2025,3,8,2,0.00023307676500483392,9.882,0.0057896820088183,2.8242999999999996,0
4,0,2,0,12221.76,190.49,2.34,8.1,1,0.906,15.57,0,2024,12,14,2,0.00019146178619118686,126.11699999999999,0.015586134893828712,0.7613999999999997,1
1,5,2,4,4916.9,308.98,4.15,3.8,2,0.79,27.96,1,2024,10,11,0,0.0008440277410563568,106.248,0.06284040757387786,0.7979999999999998,0
2,3,1,4,1916.25,484.94,2.16,4.7,4,0.618,5.17,1,2024,6,8,2,0.00112720156555773,24.299,0.2530671885192433,1.7954,0
2,3,2,0,10421.38,364.09,3.06,8.7,3,0.947,10.49,1,2024,8,8,4,0.00029362713959187747,91.26299999999999,0.03493683178235512,0.4611000000000004,1
7,1,1,2,6882.21,461.38,1.53,4.1,4,0.523,17.32,1,2024,12,10,5,0.00022231230956335247,71.012,0.0670395120172154,1.9556999999999998,0
4,7,0,0,2269.55,381.34,4.24,5.3,1,0.601,0.5,1,2024,4,14,3,0.0018682117600405366,2.65,0.16802449824855145,2.1147,0
1,0,1,1,7680.07,296.27,1.66,0.2,4,0.876,15.87,1,2024,4,4,4,0.00021614386327207955,3.174,0.03857647130820422,0.024800000000000003,0
2,4,3,4,998.63,96.82,1.94,1.6,1,0.855,2.84,0,2025,1,24,0,0.0019426614461812682,4.544,0.09695282537075793,0.23200000000000004,0
1,6,1,3,13685.15,333.68,3.04,6.4,1,0.645,18.12,0,2024,4,9,5,0.0002221385954848869,115.96800000000002,0.02438263373072272,2.272,0
2,6,3,4,4252.31,312.07,3.72,7.2,4,0.531,25.25,1,2025,1,2,4,0.000874818627992785,181.8,0.07338834656927645,3.3768,1
1,4,2,4,10106.57,301.63,3.24,5.8,3,0.929,9.76,1,2024,12,18,6,0.0003205835412014165,56.608,0.029844942448328166,0.4117999999999997,0
6,3,2,0,5019.81,245.4,1.97,1.4,4,0.657,8.72,1,2025,9,10,6,0.00039244513238548864,12.208,0.048886312430151735,0.4801999999999999,0
6,5,3,1,8040.99,264.8,1.2,4.5,3,0.598,16.27,1,2024,9,27,0,0.0001492353553480355,73.215,0.032931268413466504,1.8090000000000002,0
4,3,3,2,8427.3,167.89,3.7,3.6,2,0.758,110.18,1,2024,2,14,6,0.00043904928031516627,396.648,0.019922157749219797,0.8712,0
7,4,0,2,3180.39,260.14,4.45,5.0,2,0.955,1.85,1,2025,4,15,5,0.0013991994692474823,9.25,0.08179499998427865,0.2250000000000002,0
2,0,1,3,14558.98,99.58,3.87,8.7,1,0.522,21.27,0,2025,7,3,4,0.00026581532497468917,185.04899999999998,0.006839764873638126,4.1586,1
2,4,2,0,11739.43,402.78,2.72,7.8,3,0.883,11.65,0,2024,5,7,5,0.00023169779111933034,90.87,0.03431001334817789,0.9126,1
3,1,2,2,14122.73,93.7,4.18,0.8,2,0.786,70.01,1,2025,1,22,6,0.00029597676936399687,56.00800000000001,0.006634694566843663,0.1712,0
2,7,1,4,13475.0,43.4,2.55,8.9,2,0.713,107.82,1,2024,3,21,4,0.00018923933209647495,959.598,0.003220779220779221,2.5543000000000005,1
6,6,2,0,9169.55,218.69,2.93,4.7,4,0.872,19.8,1,2025,7,19,2,0.0003195358550855822,93.06,0.02384958912923753,0.6016,0
7,4,0,3,13867.18,329.5,2.77,7.4,3,0.983,1.65,1,2024,10,27,3,0.00019975222071106022,12.209999999999999,0.023761139611658606,0.1258000000000001,1
5,5,1,2,1783.14,219.42,2.68,1.4,3,0.615,0.74,0,2025,10,5,3,0.001502966676761219,1.036,0.1230525926175174,0.5389999999999999,0
1,4,3,4,3341.75,139.1,3.76,6.7,4,0.572,18.83,0,2025,9,25,4,0.001125158973591681,126.16099999999999,0.041624897134734794,2.8676000000000004,0
5,7,2,4,1155.8,279.53,2.94,2.4,3,0.956,1.32,0,2025,1,5,3,0.002543692680394532,3.168,0.24184980100363385,0.1056000000000001,0
0,6,2,4,5217.29,174.15,2.25,4.4,1,0.834,5.57,0,2025,8,14,4,0.0004312583736000874,24.508000000000003,0.033379398116646766,0.7304000000000003,0
6,0,3,1,6135.82,466.5,2.05,0.2,1,0.719,12.92,0,2024,7,15,1,0.0003341036731846762,2.584,0.07602895782470803,0.05620000000000001,0
3,8,2,2,4434.56,461.4,1.32,1.5,2,0.787,23.3,1,2025,12,22,1,0.0002976620002886419,34.95,0.10404639919180256,0.31949999999999995,0
4,3,2,0,12516.69,251.68,3.12,0.9,3,0.873,9.0,0,2024,3,12,5,0.0002492671784633158,8.1,0.020107552396040805,0.1143,0
4,5,2,4,5672.92,164.61,1.96,2.4,4,0.887,11.04,0,2024,2,16,0,0.0003455010823350232,26.496,0.02901680263426948,0.27119999999999994,0
6,6,1,4,4573.55,368.83,1.69,1.0,0,0.96,3.09,0,2025,11,8,2,0.000369516021471286,3.09,0.08064413857944047,0.040000000000000036,0
0,5,3,1,8369.09,19.32,3.36,6.9,4,0.713,47.52,1,2024,8,21,6,0.0004014773410251294,327.88800000000003,0.002308494710894494,1.9803000000000004,0
4,8,0,0,2543.4,237.91,3.45,0.3,1,0.647,0.85,0,2024,10,23,6,0.0013564519933946687,0.255,0.09354014311551466,0.1059,0
1,4,0,0,12131.86,168.83,3.68,6.2,0,0.82,0.5,0,2024,3,22,0,0.0003033335366547257,3.1,0.013916250269950362,1.1160000000000003,0
4,7,3,0,1580.98,460.35,2.86,1.4,3,0.708,3.32,1,2024,8,26,1,0.0018090045414869257,4.648,0.29118015408164555,0.40880000000000005,0
2,8,1,1,14809.86,6.99,4.15,9.5,1,0.797,23.13,0,2024,4,13,2,0.00028021871915061996,219.73499999999999,0.00047198285466574293,1.9284999999999997,1
6,0,3,4,11697.55,276.85,4.29,9.3,1,0.71,36.52,1,2025,1,24,0,0.0003667434633748093,339.6360000000001,0.023667349145761296,2.6970000000000005,1
0,5,3,3,3381.38,370.59,3.86,2.3,3,0.576,6.46,0,2024,10,11,0,0.0011415457594236673,14.857999999999999,0.10959726502197327,0.9752000000000001,0
7,3,3,4,580.07,243.02,3.3,6.1,2,0.735,8.4,1,2025,4,9,6,0.0056889685727584596,51.24,0.41894943713689725,1.6165,0
6,4,1,2,12324.19,43.62,2.2,0.3,3,0.845,10.99,0,2025,10,12,3,0.0001785107175400574,3.297,0.003539380681407865,0.04650000000000001,0
1,4,3,1,10749.43,486.26,4.44,9.3,4,0.9,66.01,1,2025,1,8,6,0.00041304515681296595,613.8930000000001,0.04523588692609747,0.9299999999999998,1
1,2,1,0,11070.6,259.49,2.1,5.2,4,0.747,30.22,1,2024,6,15,2,0.00018969161563058912,157.144,0.023439560638086464,1.3156,0
5,0,0,3,11683.42,307.48,1.87,0.4,3,0.583,1.23,0,2025,1,14,5,0.00016005587405057767,0.492,0.026317636445492846,0.16680000000000003,0
1,5,3,1,1573.65,119.07,2.66,3.4,4,0.707,7.76,1,2024,12,29,3,0.0016903377498173036,26.384,0.07566485559050613,0.9962000000000001,0
7,5,2,1,5697.75,242.27,1.39,0.8,1,0.893,4.7,0,2024,8,2,0,0.0002439559475231451,3.7600000000000002,0.04252029309815278,0.0856,0
7,0,0,3,2180.1,215.15,4.43,3.9,2,0.706,0.8,1,2025,11,17,1,0.002032016879959635,3.12,0.0986881335718545,1.1466,0
0,8,3,2,13015.0,38.37,3.14,6.7,4,0.848,71.68,1,2024,9,30,1,0.000241260084517864,480.2560000000001,0.002948136765270841,1.0184000000000002,0
1,3,3,3,9537.82,53.97,3.04,4.7,2,0.754,130.77,1,2025,12,19,0,0.00031873111465722777,614.619,0.005658525742779797,1.1562000000000001,0
5,7,3,2,5298.02,418.9,3.36,3.8,1,0.621,13.62,1,2025,11,30,3,0.0006341991913960309,51.75599999999999,0.07906727418922539,1.4402,0
5,3,3,1,1421.6,120.67,2.84,1.2,3,0.898,2.51,0,2025,10,25,2,0.0019977490151941476,3.0119999999999996,0.0848832301631964,0.12239999999999997,0
5,2,1,2,5009.24,98.28,1.31,2.4,2,0.542,31.75,1,2024,3,14,4,0.0002615167171067867,76.2,0.019619742715461828,1.0992,0
6,3,1,2,5215.16,252.95,3.22,1.0,0,0.762,3.97,1,2025,9,15,1,0.0006174307212051021,3.97,0.04850282637541322,0.238,0
0,2,1,0,11079.29,384.6,3.56,8.1,1,0.604,16.0,0,2025,10,12,3,0.0003213202290038441,129.6,0.03471341575137035,3.2076000000000002,1
2,0,2,4,9744.58,31.91,2.58,1.4,0,0.534,6.24,0,2024,6,24,1,0.00026476256544663806,8.735999999999999,0.003274640877287682,0.6523999999999999,0
0,4,0,4,13364.58,288.83,3.7,6.0,1,0.751,1.59,1,2025,6,30,1,0.0002768511992146405,9.540000000000001,0.021611603207882326,1.494,0
0,2,0,1,7347.12,60.49,1.95,3.4,2,0.75,3.66,1,2024,9,7,2,0.0002654101198837095,12.444,0.008233158026546457,0.85,0
4,8,0,1,2234.12,19.19,1.93,2.3,3,0.853,0.5,1,2024,6,16,3,0.0008638748142445348,1.15,0.008589511754068717,0.3381,0
3,6,1,4,10842.05,27.32,1.73,6.4,4,0.872,29.43,1,2025,4,18,0,0.00015956392010735979,188.352,0.002519818668978653,0.8192,0
0,8,1,3,11531.38,417.25,2.43,4.6,2,0.864,78.49,1,2025,1,23,4,0.0002107293316151233,361.054,0.03618387391621818,0.6256,0
2,8,0,0,8638.52,59.87,4.0,4.0,1,0.705,1.94,1,2024,10,3,4,0.00046304228039062244,7.76,0.006930585331746641,1.1800000000000002,0
3,8,0,4,11679.02,23.53,3.93,5.9,2,0.816,6.92,1,2025,10,17,0,0.0003365008365427921,40.828,0.002014723838130254,1.0856000000000003,0
1,2,3,0,7660.04,219.51,2.46,4.9,3,0.788,15.17,1,2025,12,5,0,0.0003211471480566681,74.333,0.028656508321105372,1.0388,0
5,4,1,0,8079.63,422.15,3.14,3.0,2,0.711,50.51,1,2025,7,24,4,0.0003886316576377879,151.53,0.0522486797043924,0.8670000000000001,0
5,3,0,4,6699.34,131.94,3.58,5.6,2,0.799,3.61,1,2024,8,12,1,0.0005343809987252476,20.215999999999998,0.01969447736642714,1.1255999999999997,0
0,1,0,1,868.58,211.43,2.0,6.7,2,0.974,0.93,1,2025,12,2,5,0.0023026088558336594,6.231000000000001,0.24342029519445532,0.17420000000000016,0
3,5,2,3,2064.43,20.92,1.75,0.3,0,0.596,0.99,0,2024,11,28,4,0.0008476916146345481,0.297,0.01013354775894557,0.1212,0
2,7,0,1,955.72,225.09,4.41,4.7,1,0.953,0.6,0,2024,2,27,5,0.004614322186414431,2.82,0.23551877118821413,0.2209000000000002,0
4,0,3,4,9727.95,289.23,3.24,0.6,0,0.527,13.93,1,2024,8,22,4,0.0003330609223937212,8.357999999999999,0.029731855118498757,0.2838,0
4,6,0,4,5058.16,285.88,4.44,1.9,4,0.654,0.78,0,2024,2,2,0,0.0008777895519319279,1.482,0.05651857592484224,0.6573999999999999,0
4,3,3,4,7874.28,166.88,2.31,5.6,3,0.644,17.18,0,2024,11,19,5,0.0002933601548332038,96.208,0.02119304876128357,1.9935999999999998,0
3,1,1,4,13659.71,158.45,3.52,8.7,2,0.813,108.49,1,2025,2,14,0,0.0002576921471978541,943.8629999999998,0.011599807023721587,1.6269000000000005,1
2,5,2,3,4114.74,54.21,1.93,8.8,0,0.566,3.39,1,2024,10,1,5,0.00046904543178912883,29.832000000000004,0.013174586972688434,3.819200000000001,1
5,2,3,1,6450.55,184.03,2.06,0.7,0,0.941,9.61,0,2024,3,8,0,0.00031935261334304824,6.726999999999999,0.028529350210447172,0.04130000000000003,0
5,3,3,0,11455.49,50.65,2.89,4.2,1,0.914,28.85,0,2024,8,4,3,0.0002522807841480373,121.17000000000002,0.004421460801764045,0.36119999999999985,0
2,7,0,2,3817.57,383.53,2.25,5.8,2,0.826,3.01,1,2025,8,3,3,0.000589380155439193,17.458,0.10046443156248608,1.0092000000000003,0
6,5,2,0,1616.21,483.17,1.75,1.5,3,0.729,1.59,0,2024,11,18,1,0.0010827800842712271,2.3850000000000002,0.2989524876099022,0.40650000000000003,0
2,8,0,4,4701.4,485.07,2.07,7.7,1,0.966,0.82,1,2024,8,5,1,0.0004402943803973285,6.314,0.10317564980644064,0.26180000000000025,1
1,6,0,4,2837.71,432.67,1.32,7.4,0,0.915,0.5,1,2025,11,2,3,0.0004651638116650398,3.7,0.15247153514629755,0.6289999999999998,1
0,2,2,3,13980.62,300.8,3.52,9.0,0,0.75,12.52,1,2025,5,26,1,0.0002517771028752659,112.67999999999999,0.021515497882068177,2.25,1
3,2,0,4,12217.75,350.73,2.82,0.1,3,0.851,0.61,0,2025,2,9,3,0.00023081172883714267,0.061,0.028706594913138674,0.014900000000000004,0
0,2,0,4,9684.35,143.32,1.51,2.2,0,0.783,0.7,0,2025,10,20,1,0.00015592166743250708,1.54,0.01479913468637544,0.4774,0
7,2,0,2,13136.18,315.75,1.77,8.3,1,0.794,0.99,1,2025,4,14,1,0.00013474236802479868,8.217,0.024036668194254342,1.7097999999999998,1
6,4,1,0,12153.25,228.37,1.54,6.7,3,0.665,14.04,1,2024,5,26,3,0.0001267150762141814,94.068,0.018790858412358835,2.2445,0
7,3,3,1,3205.27,241.53,3.22,8.9,1,0.731,9.81,1,2024,9,28,2,0.001004595556692572,87.30900000000001,0.07535402633787482,2.3941000000000003,1
0,4,3,4,13442.11,379.13,1.51,0.6,3,0.539,24.04,0,2024,5,22,6,0.00011233355477674264,14.424,0.028204649418878434,0.27659999999999996,0
5,0,0,0,8320.46,141.68,3.69,6.0,1,0.679,2.04,1,2024,9,9,1,0.00044348509577595474,12.24,0.017027904707191673,1.9259999999999997,0
7,7,1,2,12207.88,159.7,1.27,5.7,0,0.848,11.27,0,2025,7,28,1,0.00010403116675458802,64.239,0.013081714433628116,0.8664000000000002,0
7,7,2,3,13493.32,462.4,2.02,0.4,1,0.977,12.3,0,2025,7,5,2,0.00014970370524081545,4.920000000000001,0.03426880856601637,0.009200000000000009,0
4,6,2,1,5111.05,29.06,4.14,5.1,3,0.982,4.12,1,2024,9,26,4,0.0008100096848984063,21.012,0.005685720155349683,0.09180000000000008,0
3,7,2,3,2095.75,243.33,3.57,6.1,0,0.778,2.08,1,2025,8,21,4,0.0017034474531790527,12.687999999999999,0.11610640582130503,1.3541999999999998,0
5,8,0,2,3805.06,456.49,1.44,1.9,0,0.803,0.5,0,2025,3,14,0,0.0003784434411021114,0.95,0.11996919890882142,0.3742999999999999,0
3,4,0,0,6693.06,305.57,3.91,2.7,4,0.593,1.46,1,2025,8,20,6,0.000584187202863862,3.942,0.04565475283353204,1.0989000000000002,0
3,4,3,1,12361.21,273.66,2.83,6.4,2,0.848,182.19,1,2025,2,12,6,0.00022894198868880962,1166.016,0.022138609407978672,0.9728000000000002,0
5,1,3,1,12980.59,125.62,3.99,4.7,2,0.535,177.59,1,2025,1,5,3,0.0003073820219265842,834.673,0.009677526214139727,2.1854999999999998,0
7,7,2,1,600.81,172.29,3.18,8.6,1,0.642,0.5,0,2024,8,12,1,0.005292854646227594,4.3,0.2867628701253308,3.0787999999999998,1
3,7,2,3,7905.84,426.17,3.45,3.4,1,0.834,8.15,1,2024,5,21,5,0.00043638626635499837,27.71,0.053905720328263663,0.5644000000000001,0
4,2,2,1,6552.46,280.05,4.48,2.7,2,0.655,35.77,1,2025,6,5,4,0.0006837126819545637,96.57900000000001,0.042739673344057046,0.9315,0
7,3,0,0,3720.56,257.86,1.97,9.8,0,0.525,0.57,0,2025,5,20,5,0.0005294901842733352,5.586,0.06930677102371686,4.655,1
2,1,2,2,2238.05,50.69,3.26,9.1,2,0.916,15.06,1,2024,4,3,6,0.0014566251871048455,137.046,0.022649181206854177,0.7643999999999996,1
1,4,2,2,5395.42,9.0,2.72,0.3,3,0.655,4.29,0,2024,2,18,3,0.0005041312817167153,1.287,0.0016680814468567784,0.1035,0
6,6,3,1,14172.19,481.88,1.33,7.7,1,0.532,40.3,1,2024,4,22,1,9.38457641338424e-05,310.31,0.03400180212091427,3.6035999999999997,1
4,8,1,4,5186.44,189.12,1.25,1.1,4,0.537,10.98,1,2024,6,5,6,0.0002410131034004057,12.078000000000001,0.03646431849206778,0.5093,0
0,6,0,4,8022.46,302.0,1.59,0.3,2,0.626,3.33,1,2025,10,4,2,0.00019819357154787933,0.999,0.0376443135895972,0.1122,0
4,5,2,0,10693.77,40.78,3.34,2.7,3,0.589,8.41,0,2024,6,12,6,0.0003123313854702317,22.707,0.0038134352992443264,1.1097000000000001,0
3,0,2,3,5772.63,341.87,3.07,2.7,0,0.887,4.34,1,2025,11,27,4,0.0005318199849981723,11.718,0.059222572726816025,0.3051,0
7,3,1,1,14590.84,466.35,3.03,8.2,3,0.661,17.28,0,2025,3,8,2,0.00020766453473549157,141.696,0.03196183358874472,2.7797999999999994,1
0,2,1,0,14455.49,288.26,1.31,7.1,0,0.902,14.49,1,2025,9,2,5,9.062300897444501e-05,102.87899999999999,0.01994121264654467,0.6957999999999998,1
0,2,3,2,4150.84,63.93,2.75,9.8,4,0.587,25.66,1,2024,3,6,6,0.0006625165026837942,251.46800000000002,0.015401701824209075,4.0474000000000006,1
0,1,2,0,7710.1,291.28,4.25,7.1,1,0.746,9.27,0,2025,1,29,6,0.0005512250165367505,65.817,0.03777901713337051,1.8034,1
2,7,2,1,4862.74,383.41,2.51,4.2,3,0.844,4.8,0,2025,1,25,2,0.0005161698959845684,20.16,0.07884649395196948,0.6552000000000001,0
7,0,2,4,4630.19,203.8,3.26,7.0,2,0.826,29.71,1,2025,9,2,5,0.0007040747787887754,207.97,0.044015472367224674,1.2180000000000004,1
7,7,0,0,1034.86,440.04,3.77,10.0,4,0.801,0.99,1,2025,4,24,4,0.0036430048508977065,9.9,0.42521693755677104,1.9899999999999995,1
3,1,1,4,9338.68,324.69,3.79,7.1,1,0.962,13.45,0,2025,6,25,6,0.0004058389408353215,95.49499999999999,0.0347682970184223,0.2698000000000002,1
4,0,0,3,7788.85,449.73,2.91,7.6,1,0.614,0.5,1,2024,9,14,2,0.0003736109952046836,3.8,0.057740231227973324,2.9335999999999998,1
1,8,3,2,1246.44,312.13,4.03,9.4,3,0.747,3.64,0,2025,7,20,3,0.0032332081768877766,34.216,0.2504171881518565,2.3782,1
4,6,2,4,4540.37,66.51,2.49,1.1,4,0.942,9.02,0,2024,1,12,0,0.0005484134552910887,9.922,0.01464858590819691,0.06380000000000006,0
2,3,0,0,13669.86,155.54,4.13,7.0,4,0.539,3.36,0,2025,11,27,4,0.00030212452797614606,23.52,0.011378316968864348,3.227,1
4,6,2,2,3973.65,101.7,1.99,8.5,3,0.528,3.09,1,2024,4,27,2,0.0005007990135014408,26.265,0.025593597825676644,4.012,1
4,3,0,2,2600.98,454.5,2.12,9.5,2,0.617,1.27,1,2025,11,29,2,0.0008150773939053741,12.065,0.17474182808018515,3.6385,1
3,8,0,4,7597.07,380.44,1.38,2.1,3,0.817,0.5,1,2025,7,3,4,0.00018164897782961062,1.05,0.05007720081557759,0.38430000000000014,0
1,8,1,1,14791.93,338.52,3.83,5.0,1,0.63,18.87,1,2024,9,30,1,0.0002589249678709945,94.35000000000001,0.02288545172942273,1.85,0
5,4,1,4,4009.8,151.18,2.58,6.8,4,0.595,12.07,1,2025,10,18,2,0.0006434236121502319,82.076,0.03770262856002793,2.754,0
6,0,2,2,10245.97,92.84,1.96,2.5,4,0.729,20.55,1,2024,12,14,2,0.0001912947236816036,51.375,0.009061123544183715,0.6775,0
5,1,1,1,11543.48,378.47,1.96,6.0,1,0.807,15.62,0,2024,4,24,6,0.0001697928181103099,93.72,0.03278647340316785,1.1579999999999997,0
5,7,0,1,3945.74,237.6,4.17,2.6,3,0.624,0.55,1,2024,10,27,3,0.0010568359800696447,1.4300000000000002,0.06021684145432796,0.9776,0
6,6,1,4,11059.14,113.67,3.95,3.3,3,0.65,11.04,0,2025,3,21,0,0.0003571706299043145,36.431999999999995,0.010278376076259095,1.1549999999999998,0
0,1,0,2,5832.86,308.69,3.03,4.4,2,0.807,1.3,1,2024,6,10,1,0.0005194707227672189,5.720000000000001,0.05292258000363458,0.8491999999999998,0
7,0,2,3,9668.43,21.13,3.23,5.3,0,0.973,6.95,0,2025,4,9,6,0.00033407699078340534,36.835,0.0021854634102951563,0.14310000000000012,0
0,5,2,2,9686.18,163.76,2.77,4.5,1,0.837,9.89,0,2024,1,4,4,0.0002859744501960525,44.505,0.016906561719893704,0.7335000000000002,0
3,0,3,1,8268.73,234.81,2.49,4.9,3,0.891,17.38,0,2024,9,26,4,0.00030113451521575867,85.162,0.02839734759751498,0.5341,0
3,5,0,1,1809.2,74.83,4.22,3.0,2,0.683,0.72,1,2025,5,27,5,0.002332522661950033,2.16,0.04136082246296705,0.9509999999999998,0
5,4,3,1,12611.89,492.34,1.61,1.6,2,0.636,151.28,1,2024,7,1,1,0.0001276573138522458,242.048,0.03903776515653086,0.5824,0
5,5,2,3,5151.31,105.34,2.58,0.5,4,0.727,8.38,0,2025,6,3,5,0.0005008434747666127,4.19,0.020449167299191856,0.1365,0
3,8,3,2,3204.52,66.05,2.34,2.0,0,0.904,4.73,0,2024,4,18,4,0.0007302185662751363,9.46,0.020611511240372974,0.19199999999999995,0
7,6,2,0,1091.24,102.56,2.84,5.8,3,0.728,1.56,0,2025,10,2,4,0.002602543895018511,9.048,0.09398482460320369,1.5776000000000001,0
2,4,1,1,9067.95,384.76,2.71,7.9,1,0.923,13.86,0,2024,11,1,0,0.00029885475769054744,109.494,0.04243075888155536,0.6082999999999997,1
1,8,1,1,10324.68,213.33,2.91,1.7,2,0.994,62.57,1,2025,10,16,4,0.0002818489289740699,106.369,0.020662141586954754,0.01020000000000001,0
5,1,2,3,740.52,283.14,1.66,1.1,4,0.536,0.73,1,2025,6,3,5,0.0022416680170690866,0.803,0.38235294117647056,0.5104,0
7,3,3,0,7925.35,11.48,2.89,7.5,2,0.523,121.68,1,2025,9,15,1,0.00036465266518197935,912.6,0.0014485164693041949,3.5774999999999997,1
5,3,2,0,3784.19,18.18,2.0,3.1,0,0.575,2.96,1,2024,7,22,1,0.0005285146887444869,9.176,0.004804198520687386,1.3175000000000001,0
2,4,2,0,9855.01,223.47,1.81,9.5,0,0.692,8.6,1,2024,6,5,6,0.00018366292880473992,81.7,0.02267577607734543,2.9260000000000006,1
7,3,2,0,3028.31,408.51,1.41,7.1,3,0.566,1.92,0,2025,1,17,0,0.000465606229216956,13.632,0.13489702177121893,3.0814000000000004,1
3,5,2,3,10518.6,442.73,3.72,3.3,1,0.935,11.4,0,2024,6,14,0,0.0003536592322172152,37.62,0.042090202118152606,0.2144999999999998,0
1,7,3,4,6107.66,44.27,2.61,2.9,1,0.512,14.27,1,2025,7,6,3,0.00042733223525867517,41.382999999999996,0.007248275116820518,1.4152,0
2,6,2,4,14082.58,269.64,3.27,5.2,4,0.658,31.91,1,2025,6,27,0,0.00023220176984615036,165.93200000000002,0.01914705970070825,1.7784,0
6,4,1,1,2494.05,456.7,3.6,0.8,2,0.592,14.44,1,2024,1,1,1,0.001443435376195345,11.552,0.1831158156412261,0.3264,0
2,8,1,2,5445.46,194.6,3.44,1.2,1,0.966,6.78,0,2025,9,5,0,0.0006317188997807348,8.136,0.03573619124922412,0.04080000000000004,0
4,5,0,2,2145.37,414.95,2.75,1.8,0,0.835,0.5,1,2024,11,27,6,0.0012818301738161716,0.9,0.19341652022728015,0.2970000000000001,0
5,3,1,0,13908.06,67.71,2.48,7.7,2,0.956,107.19,1,2025,5,15,4,0.00017831386979923872,825.363,0.004868400050042925,0.3388000000000003,1
6,8,1,0,13221.42,467.76,2.44,5.1,1,0.986,18.1,0,2024,1,20,2,0.0001845490121333412,92.31,0.03537895324405397,0.07140000000000006,0
5,5,1,2,4240.15,375.96,3.31,0.1,1,0.749,4.11,0,2024,4,24,6,0.0007806327606334683,0.41100000000000003,0.08866667452802378,0.0251,0
0,3,2,4,10069.77,470.73,2.83,6.7,0,0.617,8.42,1,2025,1,6,1,0.0002810391895743398,56.414,0.04674684724675936,2.5661,0
0,6,0,2,12349.72,338.63,4.0,4.2,1,0.597,1.07,0,2024,11,10,3,0.00032389398302147743,4.494000000000001,0.027420054867640726,1.6926,0
6,3,0,0,8550.41,182.34,4.09,5.1,2,0.611,3.97,1,2024,9,2,1,0.0004783396351753892,20.247,0.021325293173075913,1.9839,0
2,8,0,3,8179.93,469.15,1.76,2.1,3,0.854,0.57,0,2024,2,29,4,0.00021516076543442303,1.1969999999999998,0.057353791536113384,0.30660000000000004,0
4,5,0,0,4006.86,138.51,1.65,5.5,3,0.52,0.67,0,2024,9,3,5,0.00041179377367814193,3.685,0.03456821551039966,2.6399999999999997,0
4,5,3,1,1849.99,166.75,3.28,9.8,4,0.526,12.16,1,2025,8,3,3,0.0017729825566624683,119.168,0.09013562235471544,4.6452,1
2,7,2,2,13509.63,350.7,2.19,0.7,3,0.804,10.74,0,2024,3,21,4,0.0001621065861907395,7.518,0.025959260172188286,0.13719999999999996,0
2,8,1,3,13556.06,382.89,1.26,2.8,2,0.821,85.86,1,2024,3,28,4,9.294736081132719e-05,240.408,0.028244932524642115,0.5012000000000001,0
2,5,3,3,9679.97,464.77,4.13,2.4,0,0.833,14.58,0,2025,5,12,1,0.0004266542148374427,34.992,0.04801357855447899,0.4008000000000001,0
3,2,0,1,5415.93,103.2,1.95,2.5,0,0.686,0.5,1,2024,3,11,1,0.00036004896665946565,1.25,0.01905489915859326,0.7849999999999999,0
4,2,3,0,5563.54,399.2,4.27,3.8,0,0.903,8.6,0,2025,6,29,3,0.0007674969533786043,32.68,0.0717528767655126,0.36859999999999987,0
1,7,0,0,11026.36,369.53,3.57,8.2,1,0.767,1.11,1,2024,5,8,6,0.0003237695848856739,9.102,0.03351332624728378,1.9105999999999996,1
7,3,3,4,13508.1,32.83,3.72,9.1,0,0.553,27.15,1,2024,5,11,2,0.00027539032136273794,247.06499999999997,0.0024303936156824424,4.067699999999999,1
6,6,3,4,13362.75,194.22,1.86,2.0,3,0.899,24.89,0,2025,11,6,4,0.0001391929056519055,49.78,0.014534433406297356,0.20199999999999996,0
2,0,1,2,11808.2,142.1,1.97,5.4,4,0.977,30.18,1,2025,5,1,4,0.00016683321759455294,162.972,0.012034010264053792,0.12420000000000012,0
1,3,3,2,9809.46,152.94,2.92,6.4,2,0.53,143.34,1,2025,7,16,6,0.0002976718392245853,917.3760000000001,0.01559107229144112,3.008,0
4,2,1,3,1720.03,491.49,1.77,5.2,0,0.696,1.14,1,2024,6,18,5,0.0010290518188636245,5.928,0.285745016075301,1.5808000000000002,0
4,8,2,0,2843.62,321.75,2.21,4.3,0,0.744,2.65,0,2024,9,28,2,0.0007771783852976136,11.395,0.1131480296242114,1.1008,0
7,5,0,2,13529.04,359.12,2.26,1.9,1,0.573,0.6,1,2025,6,24,5,0.0001670480684512722,1.14,0.02654438156735437,0.8113,0
2,5,1,3,9293.22,488.33,1.73,4.9,3,0.934,9.75,0,2025,9,13,2,0.00018615721999479191,47.775000000000006,0.052546910543385394,0.32339999999999974,0
0,4,0,3,633.36,189.22,1.88,4.0,2,0.642,0.5,1,2025,3,9,3,0.0029682960717443475,2.0,0.2987558418592901,1.432,0
6,3,2,3,1971.34,401.12,3.8,8.0,2,0.892,13.64,1,2024,8,4,3,0.0019276228352288292,109.12,0.20347580833341788,0.8639999999999999,1
0,6,1,1,10120.78,217.83,1.75,7.6,4,0.835,29.43,1,2025,7,6,3,0.00017291157400911786,223.66799999999998,0.021523044666517797,1.2540000000000002,1
3,5,0,4,573.39,434.9,1.29,1.3,2,0.799,0.5,1,2025,12,7,3,0.002249777638256684,0.65,0.7584715464169239,0.2613,0
3,8,0,1,2831.72,91.15,3.28,0.9,0,0.596,0.5,1,2024,7,24,6,0.001158306612235673,0.45,0.032188916983317564,0.36360000000000003,0
7,7,2,0,8456.64,473.9,4.42,9.1,0,0.61,6.39,1,2025,12,31,6,0.0005226662125856133,58.148999999999994,0.05603880501002762,3.549,1
2,0,1,3,10532.48,110.17,2.29,5.4,3,0.524,11.25,1,2024,11,15,0,0.00021742267728018473,60.75000000000001,0.010460024609588626,2.5704000000000002,0
1,3,0,3,9953.44,163.78,1.59,8.6,3,0.62,1.15,1,2025,2,12,6,0.00015974376697905446,9.889999999999999,0.016454612676622352,3.268,1
1,4,3,0,3751.9,378.34,3.08,0.6,3,0.673,5.65,0,2025,11,18,5,0.0008209174018497295,3.39,0.10083957461552813,0.19619999999999996,0
7,1,0,2,10826.6,197.48,4.19,5.3,4,0.917,1.52,1,2025,10,27,1,0.00038700977222766154,8.056,0.018240260100123768,0.4398999999999998,0
3,4,3,1,3940.11,304.5,3.79,5.4,4,0.683,20.97,0,2025,1,17,0,0.0009619020788759705,113.238,0.07728210633713271,1.7117999999999998,0
4,2,3,0,5218.3,222.84,3.25,8.6,3,0.877,12.61,1,2025,3,24,1,0.0006228081942395033,108.44599999999998,0.04270356246287105,1.0577999999999999,1
2,3,0,2,11324.13,371.44,2.24,1.0,1,0.72,0.5,0,2025,6,13,0,0.00019780769030380263,0.5,0.032800753788591264,0.28,0
6,4,1,0,9919.68,114.94,2.99,2.4,1,0.892,11.29,1,2025,4,7,1,0.00030142101358108327,27.095999999999997,0.01158706732475241,0.25919999999999993,0
6,0,2,2,12813.74,30.17,1.5,4.1,1,0.988,12.85,0,2024,5,3,0,0.00011706184142959043,52.684999999999995,0.0023545038372871623,0.04920000000000004,0
5,5,2,2,10035.39,150.66,3.44,8.7,3,0.62,10.96,0,2024,9,10,5,0.00034278687724144255,95.352,0.01501286945499876,3.3059999999999996,1
7,1,0,0,8740.47,237.68,3.59,9.4,4,0.931,1.36,1,2024,8,18,3,0.0004107330612655841,12.784,0.027193045682898064,0.6485999999999995,1
6,4,0,4,1858.28,84.84,4.38,9.9,2,0.811,1.43,1,2024,3,6,6,0.002357018318014508,14.157,0.04565512194071938,1.8710999999999995,1
4,0,3,0,5831.88,178.04,2.06,9.6,0,0.909,11.97,0,2024,12,12,4,0.000353230862089069,114.912,0.030528748876863035,0.8735999999999997,1
4,2,0,0,4345.43,200.59,1.26,0.1,4,0.826,1.33,0,2024,1,22,1,0.00028995979684404074,0.133,0.0461611394039255,0.017400000000000006,0
0,6,3,0,4037.85,29.64,3.0,0.5,0,0.712,5.35,0,2025,8,25,1,0.0007429696496898102,2.675,0.007340540138935325,0.14400000000000002,0
6,1,3,4,14608.65,292.07,3.53,1.5,2,0.614,174.33,1,2025,7,21,1,0.0002416376598795919,261.495,0.019992949382728727,0.579,0
4,7,3,3,6199.92,442.29,3.81,3.5,2,0.535,80.05,1,2024,8,23,0,0.0006145240583749468,280.175,0.0713380172647389,1.6275,0
0,1,1,4,13434.68,76.72,1.84,8.3,4,0.768,38.63,1,2025,8,25,1,0.0001369589748322997,320.6290000000001,0.005710593776703278,1.9256,1
6,6,0,2,9651.51,299.31,2.06,8.9,0,0.995,1.03,0,2024,8,13,5,0.00021343810450385483,9.167,0.031011727698567373,0.04450000000000004,1
5,1,3,0,12024.76,332.7,2.89,1.9,0,0.869,17.37,0,2024,1,8,1,0.00024033743708814148,33.003,0.027667911875164243,0.2489,0
7,6,2,3,7788.24,210.25,2.29,6.2,0,0.664,5.96,1,2024,3,13,6,0.00029403305496492147,36.952,0.02699582960977063,2.0831999999999997,0
1,6,1,1,8865.11,350.85,4.04,9.2,1,0.914,13.98,0,2025,12,25,4,0.00045571910557229406,128.61599999999999,0.03957649707674242,0.7911999999999996,1
2,4,0,3,7641.51,205.96,2.76,4.6,1,0.884,1.11,0,2025,10,8,6,0.00036118515843072896,5.106,0.026952788126953967,0.5336,0
7,1,0,4,3331.02,252.81,3.84,1.0,2,0.641,1.13,1,2024,3,1,0,0.0011528000432300017,1.13,0.07589567159608769,0.359,0
6,6,0,3,10975.56,4.67,3.12,4.6,3,0.507,0.5,1,2024,8,22,4,0.00028426795534806427,2.3,0.00042549081778059616,2.2678,0
6,3,0,0,4571.2,346.17,3.75,3.8,0,0.559,0.54,0,2024,3,10,3,0.0008203535176758838,2.052,0.0757284739236962,1.6757999999999997,0
7,5,3,1,852.58,331.01,2.3,5.8,0,0.939,2.2,0,2024,2,2,0,0.0026976940580356094,12.76,0.3882450913697248,0.3538000000000003,0
5,3,1,2,9859.35,20.16,3.94,4.4,4,0.918,24.71,1,2024,12,4,6,0.00039962066464827804,108.72400000000002,0.0020447595429719,0.36079999999999984,0
3,6,0,1,3068.1,184.76,2.11,0.2,2,0.648,0.89,1,2024,3,13,6,0.0006877220429581826,0.17800000000000002,0.060219679932205596,0.0704,0
6,6,1,3,14136.65,489.54,3.0,9.9,0,0.643,14.43,1,2025,6,10,5,0.00021221435064177157,142.857,0.03462913773772429,3.5343,1
4,0,3,0,14331.96,210.95,1.91,5.4,0,0.896,25.6,0,2024,8,31,2,0.00013326858294329596,138.24,0.014718852131878683,0.5616,0
3,4,3,0,13765.53,251.47,2.77,4.7,1,0.969,36.08,0,2024,10,12,2,0.00020122726840157988,169.576,0.018268094290593968,0.14570000000000013,0
0,7,2,0,5867.3,455.06,2.25,9.5,0,0.89,4.54,1,2025,11,16,3,0.00038348132872019497,43.13,0.07755867264329419,1.045,1
0,6,0,3,724.12,358.91,2.08,1.6,4,0.803,0.5,1,2025,5,12,1,0.002872452079765785,0.8,0.49564989228304707,0.3151999999999999,0
1,7,0,1,13960.62,291.45,4.39,1.9,2,0.621,7.54,1,2024,8,7,6,0.00031445594823152547,14.325999999999999,0.020876579979972235,0.7201,0
0,5,3,3,6708.67,399.1,1.73,8.1,2,0.763,104.57,1,2025,7,6,3,0.00025787525694362666,847.0169999999999,0.05949018210763087,1.9196999999999997,1
0,4,2,4,14516.49,432.32,3.8,2.6,0,0.617,9.89,0,2024,5,15,6,0.0002617712683989036,25.714000000000002,0.029781303882687894,0.9958,0
2,1,0,1,14472.49,228.99,4.45,8.0,0,0.904,0.71,0,2025,8,7,4,0.0003074799153428332,5.68,0.015822432767270873,0.7679999999999998,1
7,0,0,1,12868.64,238.08,1.27,2.7,0,0.693,1.01,0,2025,8,13,6,9.86895274092678e-05,2.7270000000000003,0.018500789516219276,0.8289000000000002,0
0,7,0,3,4769.51,193.64,3.51,0.3,4,0.917,1.24,1,2025,4,29,5,0.0007359246547339244,0.372,0.04059955844520716,0.024899999999999988,0
6,6,1,2,6083.92,483.39,2.03,5.2,3,0.691,6.53,0,2024,9,5,4,0.0003336664518928585,33.956,0.07945370747807334,1.6068000000000002,0
7,5,1,3,12841.48,348.89,1.33,2.0,0,0.912,10.67,0,2025,4,29,5,0.00010357061647099868,21.34,0.02716898675230581,0.17599999999999993,0
6,5,2,3,5095.37,42.53,2.53,7.6,3,0.667,4.86,0,2025,2,20,4,0.0004965292020010323,36.936,0.008346793265258461,2.5307999999999997,1
7,0,0,1,2957.64,431.62,4.29,6.4,2,0.72,1.5,1,2024,7,13,2,0.001450480788736966,9.600000000000001,0.14593392028779703,1.7920000000000003,0
6,0,2,1,8573.62,240.8,1.24,9.2,2,0.808,59.8,1,2024,4,6,2,0.00014462968967600615,550.16,0.028086152640308292,1.7663999999999993,1
2,8,0,2,14074.24,35.31,3.14,7.8,1,0.535,1.76,1,2024,4,9,5,0.00022310263289527536,13.728,0.0025088388431631125,3.627,1
6,5,3,3,10592.43,275.31,2.85,1.8,1,0.974,24.18,0,2025,11,5,6,0.00026906007403400354,43.524,0.025991203151684742,0.04680000000000004,0
3,8,0,3,8765.89,209.16,4.08,8.0,0,0.787,0.5,0,2025,3,17,1,0.00046544047438423254,4.0,0.023860669025050508,1.7039999999999997,1
3,8,0,2,1909.06,439.0,1.48,6.4,1,0.754,0.5,0,2024,12,28,2,0.0007752506469152358,3.2,0.22995610405120845,1.5744,0
6,6,3,2,9417.6,102.79,3.45,6.7,2,0.92,139.45,1,2025,3,9,3,0.000366335372069317,934.3149999999999,0.010914670404349304,0.5359999999999997,0
3,4,3,3,14855.78,413.41,3.44,8.3,0,0.933,28.93,1,2025,2,24,1,0.00023155970268811196,240.11900000000003,0.02782822578148034,0.5560999999999996,1
1,7,2,2,2531.22,279.29,3.41,5.7,0,0.761,1.96,0,2025,4,23,6,0.0013471764603629872,11.172,0.11033809783424596,1.3623,0
0,3,0,0,8015.78,28.25,4.31,4.7,2,0.964,3.64,1,2024,2,25,3,0.0005376894076434233,17.108,0.0035242983215607216,0.16920000000000016,0
0,6,3,4,13221.91,485.95,3.92,6.4,2,0.532,193.11,1,2025,11,20,4,0.00029647758909265,1235.9040000000002,0.0367533888825442,2.9952,0
7,5,1,4,11241.14,256.8,1.34,3.0,0,0.557,7.66,0,2025,10,31,0,0.00011920499166454649,22.98,0.022844658104071297,1.3289999999999997,0
1,8,2,3,10606.73,146.15,2.75,1.8,3,0.798,9.14,0,2025,10,23,4,0.00025926935068583813,16.452,0.013778987491903726,0.3635999999999999,0
5,7,2,4,10686.02,235.23,2.51,6.2,4,0.677,25.24,1,2024,4,10,6,0.00023488632811842012,156.488,0.022012872893743412,2.0025999999999997,0
4,2,2,0,5712.62,429.07,2.22,2.3,3,0.732,4.5,0,2024,3,3,3,0.00038861328077134487,10.35,0.07510914431556799,0.6164,0
5,7,2,4,4757.08,153.15,2.69,0.8,0,0.664,2.61,0,2025,2,16,3,0.0005654729371799507,2.088,0.03219411908145333,0.2688,0
0,4,2,0,12235.74,97.15,2.47,0.0,3,0.702,7.3,0,2024,12,13,0,0.0002018676434772233,0.0,0.007939854884134512,0.0,0
3,6,1,0,12246.64,65.41,2.63,6.1,4,0.911,32.91,0,2024,4,21,3,0.00021475278117099873,200.75099999999998,0.005341056812317501,0.5428999999999998,0
5,1,2,4,13072.55,149.63,4.43,3.6,2,0.797,73.88,1,2024,9,11,6,0.00033887803068261354,265.968,0.01144612183544909,0.7307999999999999,0
3,1,1,0,13741.99,390.24,1.49,7.5,4,0.999,39.87,1,2024,7,15,1,0.0001084267999030708,299.025,0.028397633821593524,0.007500000000000007,1
2,6,2,3,7914.46,236.34,4.24,3.8,4,0.893,17.11,1,2024,7,13,2,0.0005357282745759029,65.018,0.029861797267280395,0.4065999999999999,0
7,3,0,3,7771.99,114.51,2.78,4.9,2,0.637,4.1,1,2025,7,3,4,0.00035769474741990145,20.09,0.014733678247141339,1.7787000000000002,0
5,2,2,4,12075.28,83.93,3.26,4.1,4,0.632,26.6,1,2025,4,4,0,0.0002699730358219436,109.06,0.00695056346519501,1.5088,0
6,1,0,0,9924.48,167.03,3.94,6.5,3,0.668,0.66,1,2024,5,23,4,0.00039699812987682985,4.29,0.016830100922164186,2.158,0
7,6,3,3,10678.52,470.02,2.39,3.6,0,0.922,18.01,1,2025,3,8,2,0.00022381378692927484,64.83600000000001,0.04401546281694467,0.2807999999999999,0
7,4,0,0,12038.99,172.17,2.62,9.6,3,0.514,0.92,0,2024,7,6,2,0.00021762622944283534,8.832,0.01430103355846296,4.6655999999999995,1
0,8,3,3,13405.08,494.07,2.55,9.4,4,0.615,81.56,1,2024,10,12,2,0.0001902263917858006,766.6640000000001,0.036856922897886474,3.619,1
6,3,1,0,5400.93,243.13,2.44,8.5,3,0.952,5.91,0,2025,4,18,0,0.000451774046321652,50.235,0.04501632126318986,0.40800000000000036,1
3,7,1,1,5945.95,90.4,4.25,9.2,0,0.82,5.5,0,2024,9,12,4,0.0007147722399280182,50.599999999999994,0.01520362599752773,1.6560000000000004,1
4,8,3,2,1862.74,445.68,3.94,4.5,1,0.613,5.08,1,2024,3,18,1,0.002115163683605871,22.86,0.23926044429174229,1.7415,0
2,8,2,1,8885.06,230.72,1.56,5.4,0,0.61,6.34,0,2025,3,29,2,0.0001755756292022789,34.236000000000004,0.025967185365096016,2.1060000000000003,0
4,7,2,4,1021.16,355.13,1.56,7.4,1,0.931,0.73,1,2025,7,17,4,0.001527674409495084,5.402,0.3477711622076854,0.5105999999999996,1
0,3,2,0,7251.17,491.87,2.61,7.0,2,0.947,46.91,1,2024,4,10,6,0.00035994191282234453,328.37,0.06783319105744315,0.37100000000000033,1
5,7,1,2,8368.35,26.04,1.53,8.9,0,0.628,8.56,0,2024,2,21,6,0.00018283174102421624,76.18400000000001,0.0031117245335101898,3.3108,1
5,0,1,0,4654.85,49.25,3.24,7.2,1,0.71,7.07,0,2025,10,29,6,0.0006960482077832798,50.904,0.010580362417693372,2.0880000000000005,1
5,5,3,4,9067.08,360.51,1.67,10.0,2,0.917,151.27,1,2025,7,7,1,0.0001841827799026809,1512.7,0.03976031975012904,0.8299999999999996,1
4,8,1,1,942.25,141.63,2.92,3.5,0,0.886,0.5,0,2024,1,16,5,0.0030989652427699656,1.75,0.15031042716901033,0.39899999999999997,0
3,4,2,2,1041.55,92.97,1.22,8.3,3,0.907,1.09,0,2024,4,5,0,0.0011713311890931785,9.047,0.08926119725409246,0.7718999999999998,1
4,8,0,1,12427.71,20.64,2.24,7.0,2,0.759,7.05,1,2024,8,30,0,0.00018024237771882353,49.35,0.0016608047661234452,1.6869999999999998,1
6,4,3,1,5722.76,11.9,3.43,6.9,1,0.956,15.58,1,2024,6,19,6,0.0005993611474183786,107.50200000000001,0.0020794162257372316,0.30360000000000026,0
5,0,0,0,2342.38,387.47,2.8,3.3,0,0.663,0.5,1,2025,2,20,4,0.0011953653975870695,1.65,0.16541722521537924,1.1120999999999999,0
7,0,2,1,8072.53,68.08,4.43,7.9,0,0.578,6.35,0,2025,5,12,1,0.0005487746716333046,50.165,0.008433539423204373,3.3338000000000005,1
1,6,0,4,11664.91,234.39,4.08,9.0,4,0.854,3.66,1,2025,5,7,6,0.0003497669506237082,32.94,0.020093596950169355,1.314,1
6,2,2,1,3629.4,303.34,2.38,2.2,1,0.77,3.39,0,2024,8,6,5,0.000655755772303962,7.458000000000001,0.08357855292885875,0.506,0
3,5,0,0,9531.91,214.75,1.35,6.3,0,0.927,1.27,1,2025,2,14,0,0.00014162953699730694,8.001,0.022529587459386418,0.4598999999999997,0
6,4,1,0,1737.54,14.53,3.99,3.9,0,0.541,1.21,0,2024,3,1,0,0.002296350012086053,4.718999999999999,0.008362397412433671,1.7900999999999998,0
3,0,2,4,1249.38,391.97,4.21,9.9,1,0.922,2.11,1,2024,6,17,1,0.0033696713569930682,20.889,0.313731610878996,0.7721999999999997,1
6,5,0,1,8204.64,6.25,3.91,4.8,0,0.647,0.98,0,2025,1,23,4,0.0004765596052965152,4.704,0.0007617640749624603,1.6944,0
4,1,0,0,8339.21,381.18,1.62,2.3,3,0.827,1.06,1,2024,1,3,6,0.0001942630057283604,2.4379999999999997,0.04570936575526939,0.3979000000000001,0
1,6,3,2,9742.73,446.76,4.49,3.8,3,0.52,19.53,0,2025,2,3,1,0.00046085645399184834,74.214,0.04585573037536707,1.8239999999999998,0
2,7,0,2,11028.32,216.99,2.05,6.5,0,0.805,1.45,1,2024,9,28,2,0.00018588506680981327,9.424999999999999,0.019675707632712872,1.2674999999999996,0
2,4,2,0,14649.86,268.24,3.59,0.8,2,0.859,72.6,1,2025,4,10,4,0.0002450535363477876,58.08,0.018310072587724387,0.11280000000000001,0
5,7,1,0,7986.36,239.01,4.2,6.0,4,0.684,22.52,1,2024,10,19,2,0.0005258966537947201,135.12,0.02992727600558953,1.8959999999999997,0
4,3,2,2,5182.87,195.22,1.98,9.3,0,0.608,3.71,1,2025,3,9,3,0.00038202771823333403,34.503,0.03766638947147044,3.6456000000000004,1
6,2,2,3,12030.2,443.82,4.2,8.5,3,0.769,12.42,1,2025,12,14,3,0.00034912137786570463,105.57,0.03689215474389453,1.9634999999999998,1
3,7,2,0,4427.07,447.07,2.22,0.7,4,0.917,8.31,1,2025,7,23,6,0.0005014603338099466,5.817,0.10098552767405983,0.05809999999999997,0
6,2,2,3,6865.09,168.57,4.42,9.9,1,0.662,8.71,1,2025,11,8,2,0.0006438371528996706,86.22900000000001,0.024554667163868206,3.3461999999999996,1
4,7,1,0,1637.62,307.92,2.13,7.0,0,0.626,1.82,1,2025,5,13,5,0.0013006680426472564,12.74,0.18802896886945691,2.618,1
2,5,0,3,867.59,463.53,4.35,1.6,3,0.639,0.5,0,2024,6,7,0,0.005013889048974746,0.8,0.5342731013497158,0.5776,0
1,7,2,0,14458.4,481.07,1.38,0.1,2,0.975,68.95,1,2024,7,13,2,9.544624578099928e-05,6.8950000000000005,0.033272699607148785,0.0025000000000000022,0
1,8,0,2,12621.71,254.97,3.54,1.7,2,0.68,4.71,1,2024,10,30,6,0.00028046912819261417,8.007,0.020200907800923963,0.5439999999999999,0
2,6,2,4,10591.63,226.96,2.96,8.4,0,0.502,9.73,0,2024,8,10,2,0.0002794659556649921,81.73200000000001,0.02142824097896169,4.1832,1
3,6,3,0,6429.82,140.07,2.78,0.2,4,0.891,26.97,1,2024,2,29,4,0.00043236047043307586,5.394,0.021784435645165804,0.0218,0
5,0,0,1,3012.77,479.48,1.94,2.3,0,0.85,1.26,1,2025,8,16,2,0.0006439256896477329,2.8979999999999997,0.1591492214805644,0.34500000000000003,0
2,5,0,2,2768.34,72.26,3.53,7.6,0,0.564,0.6,1,2025,7,9,6,0.0012751323898076102,4.56,0.02610228512393709,3.3136,1
2,6,3,1,4128.52,290.33,1.83,5.9,3,0.992,9.12,1,2024,3,3,3,0.00044325811671010434,53.808,0.0703230213248331,0.04720000000000005,0
0,5,1,0,8463.79,141.99,3.02,7.8,2,0.804,65.13,1,2024,11,17,3,0.00035681414590862953,508.01399999999995,0.016776172376677587,1.5287999999999995,1
5,5,1,4,10861.64,140.23,2.04,7.5,1,0.75,15.01,1,2024,2,28,6,0.00018781694108808617,112.575,0.012910573357246236,1.875,1
7,3,3,0,10072.86,203.08,4.35,0.5,4,0.691,43.29,1,2024,2,21,6,0.0004318535152876144,21.645,0.020161106180369825,0.15450000000000003,0
2,3,1,4,4559.04,499.4,1.29,8.9,4,0.949,13.7,1,2025,8,21,4,0.00028295430616972,121.92999999999999,0.10954060503965747,0.4539000000000004,1
4,2,2,2,14345.55,28.43,1.86,2.3,3,0.622,10.74,1,2025,5,3,2,0.00012965693194056695,24.701999999999998,0.0019817992339087732,0.8694,0
4,7,2,3,11199.51,289.69,2.0,5.5,1,0.643,12.01,1,2025,5,29,4,0.0001785792414132404,66.05499999999999,0.025866310222500806,1.9634999999999998,0
0,3,2,0,8538.13,42.2,2.57,6.4,0,0.561,6.24,0,2025,6,27,0,0.00030100267857247434,39.93600000000001,0.004942534255158918,2.8095999999999997,0
3,1,3,0,9369.95,78.11,1.97,1.7,2,0.88,113.8,1,2024,6,10,1,0.00021024658616107875,193.45999999999998,0.008336223779209067,0.204,0
2,5,1,4,6584.2,220.34,2.82,9.8,3,0.798,9.27,1,2024,2,28,6,0.0004282980468394034,90.846,0.03346496157467878,1.9795999999999998,1
5,3,1,3,4092.1,255.72,4.08,4.9,1,0.805,5.41,1,2025,6,4,6,0.0009970430830136116,26.509000000000004,0.06249114146770607,0.9554999999999998,0
2,7,2,1,5661.6,130.14,3.55,0.6,1,0.609,5.28,0,2024,3,23,2,0.0006270312279214355,3.168,0.022986434930055106,0.2346,0
1,8,3,0,11488.77,158.91,3.11,9.4,2,0.826,187.31,1,2024,7,9,5,0.00027069912619018396,1760.7140000000002,0.013831767891601973,1.6356000000000004,1
1,6,2,3,708.71,44.4,1.49,5.9,4,0.883,1.17,1,2024,3,11,1,0.002102411423572406,6.903,0.06264903839370123,0.6903,0
1,6,3,2,2183.05,152.31,3.49,7.0,1,0.679,6.83,1,2025,9,1,1,0.0015986807448294816,47.81,0.06976935938251529,2.247,1
2,5,1,4,1167.04,483.31,1.75,5.3,1,0.901,2.47,1,2024,3,10,3,0.0014995201535508637,13.091000000000001,0.4141331916643817,0.5246999999999998,0
3,6,1,4,1090.57,472.41,3.8,8.3,4,0.674,2.77,1,2025,11,22,2,0.0034844164060995626,22.991000000000003,0.4331771458961828,2.7058,1
1,0,0,1,12904.18,168.1,2.03,0.3,1,0.879,0.98,0,2024,8,28,6,0.00015731336667653426,0.294,0.013026786669125818,0.0363,0
6,1,1,3,10703.04,285.86,2.58,2.7,3,0.517,9.89,0,2025,2,17,1,0.0002410530092384967,26.703000000000003,0.02670829969802972,1.3041,0
5,1,0,3,7375.52,454.89,2.36,4.7,2,0.776,3.58,1,2024,5,2,4,0.0003199774388788858,16.826,0.061675651343905236,1.0528,0
6,5,3,1,1918.6,4.09,4.03,0.8,0,0.985,3.36,0,2025,8,6,6,0.0021004899405816743,2.688,0.0021317627436672573,0.01200000000000001,0
3,7,3,4,7628.43,405.53,1.62,7.1,3,0.991,16.55,1,2024,9,9,1,0.00021236348763769216,117.505,0.05316034885290944,0.06390000000000005,1
5,0,0,3,7365.34,474.24,3.07,3.9,2,0.641,3.91,1,2025,8,15,0,0.00041681714625529844,15.249,0.06438806626713771,1.4001,0
4,3,1,2,3011.43,46.57,1.67,2.7,0,0.721,2.74,0,2025,8,31,3,0.0005545538166253242,7.3980000000000015,0.015464413916312186,0.7533000000000001,0
3,6,3,1,6790.85,81.56,3.53,0.0,0,0.531,9.38,0,2024,2,10,2,0.0005198171068422951,0.0,0.012010278536560224,0.0,0
6,5,3,1,6278.32,480.41,4.19,7.2,1,0.937,18.23,0,2025,9,26,0,0.0006673759859325425,131.256,0.07651887766154004,0.4535999999999996,1
6,2,0,3,9429.83,269.23,2.63,8.3,4,0.784,2.16,0,2024,3,24,3,0.00027890216472619333,17.928000000000004,0.02855088585902397,1.7928,1
7,6,1,3,9708.86,8.08,2.81,4.0,2,0.693,65.2,1,2025,3,5,6,0.00028942635901640354,260.8,0.0008322295305525057,1.2280000000000002,0
7,6,3,4,1156.91,129.56,4.26,5.6,0,0.556,1.3,0,2025,11,4,5,0.003682222471929536,7.279999999999999,0.1119879679491058,2.4863999999999997,0
0,5,2,4,5931.88,225.52,2.92,2.3,1,0.973,5.72,0,2025,8,20,6,0.0004922554063804392,13.155999999999999,0.03801830111195776,0.06210000000000005,0
4,2,2,3,9574.97,346.76,2.81,6.2,0,0.765,7.44,0,2025,8,1,0,0.00029347350435562724,46.12800000000001,0.03621525707130153,1.4569999999999999,0
7,2,1,2,7795.48,366.85,3.11,0.1,2,0.641,42.23,1,2025,6,19,4,0.0003989491346267324,4.223,0.04705932155556811,0.0359,0
3,1,2,1,12919.1,497.72,3.47,4.9,4,0.675,28.16,1,2024,11,19,5,0.0002685945615406646,137.984,0.03852590350721025,1.5924999999999998,0
1,0,1,4,10051.06,144.47,1.55,6.4,3,0.635,10.67,1,2024,9,24,5,0.00015421259051284143,68.288,0.014373608355735614,2.336,0
5,1,1,2,2862.55,269.57,3.91,9.2,3,0.801,3.95,1,2024,7,28,3,0.0013659150058514262,36.339999999999996,0.0941712808509895,1.8307999999999995,1
2,0,1,4,1523.25,267.13,2.64,3.8,3,0.965,1.16,1,2025,11,16,3,0.0017331363860167406,4.4079999999999995,0.1753684556047924,0.13300000000000012,0
0,2,1,4,9815.08,203.42,1.44,7.7,0,0.928,9.01,0,2024,11,17,3,0.0001467130171124433,69.377,0.020725251347925844,0.5543999999999997,1
4,6,3,3,884.41,85.41,3.79,6.0,4,0.73,5.2,0,2024,9,1,3,0.004285342770886806,31.200000000000003,0.09657285648059158,1.62,0
3,4,3,4,8993.75,488.75,2.44,9.3,4,0.913,54.03,1,2024,9,28,2,0.0002712995135510771,502.47900000000004,0.054343293954134814,0.8090999999999997,1
5,0,2,1,14133.34,426.81,1.53,4.0,0,0.712,9.05,0,2025,2,9,3,0.00010825466591761041,36.2,0.03019880650999693,1.1520000000000001,0
1,0,2,0,8844.38,249.67,3.29,3.2,0,0.626,5.92,0,2024,5,14,5,0.00037198763508578333,18.944,0.02822922579084119,1.1968,0
6,1,2,3,6128.46,302.02,4.1,8.9,3,0.992,5.6,0,2025,11,18,5,0.0006690098328128109,49.839999999999996,0.04928154870881102,0.07120000000000007,1
0,1,3,2,9827.68,114.4,4.13,0.5,0,0.652,13.28,1,2025,10,22,6,0.000420241603308207,6.64,0.01164059065822249,0.174,0
2,4,3,4,7144.67,272.35,4.36,1.4,4,0.662,32.09,0,2024,11,3,3,0.0006102451197885977,44.926,0.03811932531523499,0.4731999999999999,0
7,0,0,2,8411.44,347.79,4.06,0.8,3,0.995,0.99,1,2025,4,13,3,0.0004826759746250344,0.792,0.04134726039774402,0.0040000000000000036,0
4,7,2,3,14151.24,258.07,1.21,8.4,4,0.567,36.32,1,2024,11,19,5,8.550487448449747e-05,305.088,0.01823656442827625,3.6372000000000004,1
5,0,1,1,6098.49,495.15,2.45,0.1,0,0.88,4.81,1,2024,3,15,0,0.00040173879107779144,0.481,0.08119222955190547,0.012,0
5,4,2,0,14437.26,306.06,3.9,8.6,1,0.968,19.06,1,2024,1,10,6,0.00027013436067508653,163.91599999999997,0.02119931344313256,0.2752000000000002,1
1,7,1,4,13627.58,186.12,2.41,4.5,2,0.756,91.73,1,2025,4,14,1,0.0001768472465397378,412.785,0.013657597313682988,1.0979999999999999,0
5,4,0,2,3338.97,386.3,3.19,0.0,1,0.501,0.5,1,2025,9,28,3,0.0009553844449036679,0.0,0.11569436083582663,0.0,0
5,2,0,3,1505.74,86.06,3.2,4.0,3,0.688,0.5,0,2025,7,30,6,0.0021252008978973795,2.0,0.05715462164782765,1.2480000000000002,0
5,8,0,0,1961.28,192.87,2.4,1.9,1,0.556,0.5,1,2024,4,12,0,0.0012236906510034262,0.95,0.09833883994126286,0.8435999999999999,0
1,4,3,1,764.22,174.13,4.18,6.2,0,0.708,1.67,0,2024,3,16,2,0.005469629164376749,10.354,0.2278532359791683,1.8104000000000002,0
2,8,2,0,1869.42,216.47,2.86,6.8,1,0.895,1.37,0,2025,7,4,0,0.001529886274887398,9.316,0.11579527340030597,0.7139999999999999,0
7,2,1,3,10403.6,391.11,2.73,4.9,2,0.719,71.01,1,2024,8,6,5,0.000262409166057903,347.94900000000007,0.03759371755930639,1.3769000000000002,0
4,1,2,1,1532.24,242.6,4.49,0.4,4,0.716,3.11,0,2025,6,2,1,0.002930350336761865,1.244,0.15833028768339164,0.11360000000000002,0
1,6,0,2,5125.15,397.21,2.83,6.6,4,0.778,1.31,1,2024,9,28,2,0.000552178960615787,8.645999999999999,0.07750212188911544,1.4651999999999998,0
4,7,3,0,12750.69,288.67,1.79,8.4,4,0.791,75.56,1,2024,5,15,6,0.0001403845595806972,634.7040000000001,0.02263955911405579,1.7555999999999998,1
6,8,3,2,837.44,171.69,2.89,7.2,3,0.928,1.46,1,2024,12,23,1,0.0034509935040122276,10.512,0.20501767290790981,0.5183999999999996,1
3,2,1,0,12309.79,405.18,3.89,8.3,4,0.654,36.66,1,2024,3,11,1,0.00031600864027737273,304.278,0.03291526500452079,2.8718,1
2,5,3,3,4586.89,119.91,3.76,2.0,3,0.911,8.75,0,2024,9,7,2,0.0008197275278020618,17.5,0.026141895707113096,0.17799999999999994,0
4,6,0,0,2213.39,112.97,3.8,8.9,1,0.783,0.5,1,2025,1,13,1,0.0017168235150606084,4.45,0.05103935592010446,1.9312999999999998,1
7,3,0,3,10602.69,252.75,3.54,3.2,4,0.65,1.33,0,2024,10,18,0,0.00033387753485200454,4.256,0.023838290094306255,1.1199999999999999,0
4,1,2,2,9619.67,131.16,2.04,0.1,0,0.648,5.55,0,2024,6,10,1,0.00021206548665390809,0.555,0.013634563347807148,0.0352,0
2,6,0,4,13223.34,5.53,4.04,8.4,0,0.681,1.4,1,2025,3,24,1,0.0003055203904611089,11.76,0.0004181999404083991,2.6795999999999998,1
0,5,2,1,11158.53,324.5,4.15,9.4,3,0.811,12.39,1,2025,7,10,4,0.00037191278779552506,116.46600000000001,0.02908089147943322,1.7765999999999995,1
1,4,0,1,12150.47,256.04,1.84,6.6,4,0.615,2.36,1,2025,12,21,3,0.0001514344712591365,15.575999999999999,0.021072435881081146,2.541,0
1,4,2,4,4589.5,223.31,1.63,2.3,4,0.96,9.02,0,2024,11,5,5,0.0003551585139993463,20.746,0.048656716417910445,0.09200000000000007,0
7,4,1,4,3072.87,483.52,4.42,2.5,1,0.787,3.52,0,2025,9,18,4,0.0014383947254521018,8.8,0.15735127096167426,0.5325,0
7,5,0,1,11383.91,286.03,4.07,4.7,0,0.96,0.87,0,2025,10,31,0,0.00035752215187927525,4.089,0.025125813538582085,0.18800000000000017,0
2,6,3,0,12199.1,431.85,4.15,9.0,1,0.523,36.53,1,2025,6,25,6,0.00034018903033830367,328.77,0.0354001524702642,4.293,1
6,5,3,2,14862.32,70.59,4.13,1.5,2,0.671,176.04,1,2024,1,9,5,0.00027788393736644074,264.06,0.0047495949488370595,0.49349999999999994,0
3,6,0,2,6482.96,285.03,2.99,8.3,2,0.511,4.41,1,2025,11,14,0,0.00046120907733504453,36.603,0.04396602786381529,4.0587,1
3,0,3,3,5894.26,434.12,3.33,2.9,2,0.636,75.93,1,2025,7,21,1,0.000564956415224303,220.197,0.07365131500816048,1.0555999999999999,0
5,8,1,0,11757.99,291.97,3.0,8.1,2,0.931,91.43,1,2024,11,2,2,0.0002551456498942421,740.583,0.024831625133207295,0.5588999999999996,1
0,5,2,0,5441.65,359.29,1.37,9.2,4,0.518,13.66,1,2025,11,10,1,0.00025176187369639727,125.672,0.06602592963531283,4.434399999999999,1
0,2,3,2,13995.98,186.65,3.66,4.3,2,0.718,188.68,1,2024,4,16,5,0.00026150366033675387,811.324,0.01333597218629921,1.2126000000000001,0
2,8,0,2,12946.98,47.13,2.87,3.7,2,0.559,6.29,1,2024,5,17,0,0.00022167331686617265,23.273,0.0036402311581542573,1.6317,0
6,5,2,1,6720.41,229.49,3.34,8.0,4,0.708,17.31,1,2024,9,27,0,0.0004969934870045131,138.48,0.0341482141714568,2.3360000000000003,1
3,7,0,2,11387.63,197.85,2.86,5.3,1,0.919,1.15,0,2024,4,28,3,0.0002511497124511422,6.095,0.017374115597363106,0.4292999999999998,0
0,1,2,2,11440.87,433.66,2.82,6.8,1,0.812,13.31,1,2024,4,19,0,0.000246484751596688,90.508,0.03790446006291479,1.2783999999999995,0
4,6,3,2,1995.3,122.75,1.77,6.2,2,0.868,28.41,1,2025,7,20,3,0.0008870846489249738,176.142,0.0615195709918308,0.8184,0
0,8,3,3,13587.02,483.4,2.12,1.5,4,0.675,61.37,1,2024,6,8,2,0.00015603127102190178,92.05499999999999,0.0355780737792393,0.48749999999999993,0
2,6,2,4,7826.16,479.11,1.72,8.4,2,0.972,53.31,1,2024,10,5,2,0.00021977572653766343,447.80400000000003,0.061219039733406935,0.23520000000000021,1
2,5,1,2,12483.63,124.57,1.85,2.0,2,0.855,76.67,1,2024,10,15,5,0.0001481940749605684,153.34,0.009978668063696216,0.29000000000000004,0
1,6,1,4,5140.72,174.68,4.41,9.3,2,0.711,41.39,1,2025,9,11,4,0.0008578564870290543,384.927,0.03397967599869279,2.6877000000000004,1
1,7,2,1,13485.09,447.88,1.71,2.5,3,0.713,11.76,1,2024,8,3,2,0.00012680671764148403,29.4,0.033212978185536764,0.7175,0
7,4,1,0,6143.42,483.34,2.09,7.3,0,0.959,4.96,0,2024,12,17,5,0.0003402013861985669,36.208,0.07867604689244752,0.29930000000000023,1
5,7,1,3,657.15,222.28,3.15,2.8,0,0.788,0.88,1,2024,7,27,2,0.004793426158411321,2.464,0.3382484972989424,0.5935999999999999,0
1,8,1,3,13628.04,161.18,3.21,3.2,4,0.853,31.95,0,2025,12,4,4,0.00023554377592082206,102.24000000000001,0.01182708591991218,0.4704000000000001,0
5,0,0,2,1823.66,263.52,1.71,3.1,0,0.709,0.5,0,2025,10,11,2,0.0009376747858701731,1.55,0.1445006196330456,0.9021000000000001,0
4,6,1,3,5130.05,344.2,3.82,7.5,2,0.612,39.94,1,2024,9,27,0,0.0007446321185953352,299.54999999999995,0.06709486262317131,2.91,1
6,6,0,4,14275.9,137.46,3.79,5.6,4,0.862,3.27,1,2025,6,1,3,0.0002654823863994564,18.311999999999998,0.009628814995902185,0.7728,0
3,1,0,4,14283.8,368.5,1.98,8.8,1,0.804,1.34,1,2025,5,15,4,0.00013861857488903513,11.792000000000002,0.025798456993237094,1.7247999999999997,1
4,6,3,4,8814.85,26.78,2.15,3.1,1,0.751,20.93,0,2024,9,14,2,0.00024390658944848748,64.883,0.0030380551002002305,0.7719,0
5,3,2,0,9661.64,25.6,4.3,6.9,4,0.812,23.27,0,2024,2,22,4,0.0004450590168956823,160.56300000000002,0.0026496536819835973,1.2971999999999997,0
5,1,2,2,7002.46,193.76,3.92,7.5,1,0.604,8.86,1,2024,4,4,4,0.0005598032691368462,66.44999999999999,0.027670275874478397,2.97,1
5,0,1,2,4751.56,177.38,3.5,1.5,3,0.897,4.89,0,2025,10,11,2,0.0007366001902533062,7.334999999999999,0.03733089764203756,0.15449999999999997,0
2,5,1,0,5265.64,158.5,1.47,4.0,4,0.974,12.94,1,2025,3,9,3,0.0002791683442088711,51.76,0.03010080446061637,0.10400000000000009,0
6,1,1,0,10251.52,246.02,2.58,4.8,4,0.946,25.71,0,2024,10,10,4,0.000251669996254214,123.408,0.0239983924335123,0.2592000000000002,0
4,8,2,1,11409.43,161.05,3.05,3.6,2,0.661,64.07,1,2024,2,15,4,0.00026732273216102816,230.652,0.014115516726076588,1.2204,0
0,3,2,4,11977.9,96.94,1.82,3.2,4,0.703,24.61,0,2024,1,4,4,0.00015194650147354712,78.75200000000001,0.008093238380684428,0.9504000000000001,0
2,7,3,4,11949.46,155.43,2.68,6.9,3,0.904,26.1,0,2024,12,7,2,0.00022427791716111024,180.09000000000003,0.01300728233744454,0.6623999999999999,0
6,6,1,4,1822.49,487.48,3.18,2.2,3,0.798,1.83,0,2024,5,13,1,0.0017448655411003628,4.026000000000001,0.2674802056527059,0.44439999999999996,0
1,8,1,4,7669.09,206.15,2.28,7.1,1,0.774,10.72,1,2025,10,14,5,0.00029729733253880186,76.112,0.02688063381705,1.6045999999999998,1
1,8,3,1,1334.6,222.91,3.78,9.4,0,0.963,2.87,0,2024,9,25,6,0.0028323093061591487,26.978,0.1670238273640042,0.34780000000000033,1
1,6,0,1,8468.17,288.7,3.97,5.7,1,0.768,0.5,0,2024,6,14,0,0.00046881439555417526,2.85,0.034092371787529066,1.3224,0
4,6,0,1,6902.19,491.69,2.27,6.1,3,0.757,0.81,0,2025,3,28,0,0.00032888112323769706,4.941,0.07123681034570188,1.4823,0
5,8,0,1,13371.71,121.56,3.97,0.7,1,0.521,0.5,1,2025,7,18,0,0.00029689546064041176,0.35,0.0090908343061583,0.3353,0
0,5,0,4,5588.27,340.96,1.54,8.6,1,0.535,0.5,0,2025,12,23,5,0.00027557723588874554,4.3,0.06101351581079654,3.9989999999999997,1
7,0,2,4,2197.47,358.28,3.96,2.9,3,0.504,1.67,1,2025,3,13,4,0.001802072383240727,4.843,0.16304204380492113,1.4384,0
4,1,0,4,2573.38,304.05,1.7,6.2,4,0.957,1.4,0,2025,7,28,1,0.0006606097816878969,8.68,0.11815200242482649,0.2666000000000002,0
7,3,3,0,11541.9,45.2,1.47,9.8,1,0.704,36.21,0,2024,1,10,6,0.00012736204611025914,354.85800000000006,0.003916166315771234,2.9008000000000007,1
5,3,1,2,9464.16,338.76,3.32,6.0,4,0.734,26.13,1,2024,4,24,6,0.0003507971124748525,156.78,0.035793984886138865,1.596,0
5,4,2,3,1966.28,32.98,2.76,7.2,0,0.923,2.3,0,2024,3,18,1,0.0014036658054803995,16.56,0.016772789226356367,0.5543999999999997,1
5,0,2,4,1719.55,298.48,4.2,4.5,4,0.805,5.56,1,2025,12,8,1,0.0024424994911459393,25.02,0.17358029717077145,0.8774999999999997,0
7,6,2,1,10664.05,370.05,2.4,0.6,1,0.805,9.83,1,2024,6,1,2,0.00022505520885592249,5.898,0.03470070001547255,0.11699999999999997,0
5,3,1,4,1555.06,106.27,2.15,8.0,0,0.648,2.22,0,2025,7,12,2,0.0013825833086826232,17.76,0.0683381991691639,2.816,1
7,7,1,3,12416.97,420.97,2.85,0.3,1,0.917,13.67,0,2024,2,6,5,0.0002295245941642768,4.101,0.033902795931696705,0.024899999999999988,0
5,0,3,0,10740.51,16.15,2.7,7.0,0,0.583,20.64,0,2025,1,13,1,0.00025138471078189027,144.48000000000002,0.0015036529922694544,2.9190000000000005,1
3,6,0,3,1679.56,422.06,2.34,0.2,0,0.527,0.98,0,2025,8,19,5,0.0013932220343423278,0.196,0.2512920050489414,0.0946,0
5,4,0,1,1730.15,230.7,3.49,8.6,0,0.596,0.5,0,2025,7,19,2,0.0020171661416640177,4.3,0.13334103979423748,3.4744,1
0,5,2,1,14806.27,109.58,3.71,1.6,4,0.634,28.27,1,2024,5,31,0,0.00025056952223618774,45.232,0.007400918664862926,0.5856,0
7,5,3,4,5926.93,67.76,4.01,5.1,4,0.641,31.21,0,2025,3,16,3,0.000676572863185494,159.171,0.011432562895124457,1.8308999999999997,0
3,4,1,4,5874.31,476.7,4.41,6.0,0,0.835,5.21,1,2024,5,10,0,0.0007507264683001067,31.259999999999998,0.08114995633529724,0.9900000000000002,0
6,0,3,2,12285.59,37.26,2.08,4.6,3,0.609,25.32,0,2024,2,12,1,0.00016930403830829453,116.472,0.0030328213785418526,1.7986,0
4,6,2,4,14235.1,100.35,3.56,3.4,0,0.838,10.7,0,2024,11,11,1,0.00025008605489248406,36.379999999999995,0.007049476294511453,0.5508000000000001,0
1,7,2,0,14797.02,174.56,2.5,4.7,1,0.546,16.06,0,2025,1,8,6,0.000168952937821264,75.482,0.011796969930431939,2.1338,0
1,5,2,0,11423.98,310.5,3.43,3.1,2,0.574,62.72,1,2024,2,10,2,0.0003002456236793132,194.432,0.027179669432194384,1.3206000000000002,0
1,5,0,3,5955.76,272.86,2.77,4.4,1,0.754,0.65,0,2025,1,1,6,0.00046509597431729953,2.8600000000000003,0.04581447204051204,1.0824,0
5,2,2,0,1710.76,63.7,4.48,3.6,3,0.961,1.33,0,2024,8,3,2,0.0026187191657508946,4.788,0.037234913138020534,0.14040000000000014,0
4,0,2,2,11768.63,145.57,3.61,5.7,4,0.93,26.01,1,2025,11,29,2,0.00030674768430989847,148.257,0.012369324211909118,0.39899999999999974,0
0,5,3,0,8596.86,120.14,4.34,2.4,0,0.984,13.07,0,2024,9,12,4,0.0005048354864450508,31.368,0.013974869894356775,0.03840000000000003,0
5,5,1,4,6651.22,107.56,3.96,9.9,2,0.825,55.56,1,2025,11,13,4,0.0005953794942882659,550.0440000000001,0.01617146929435502,1.7325000000000006,1
5,8,1,4,13642.14,206.16,4.18,5.0,1,0.838,18.49,1,2024,4,15,1,0.0003064035407934532,92.44999999999999,0.01511199855741108,0.8100000000000002,0
3,2,3,0,2112.36,352.31,3.89,1.9,0,0.813,2.64,0,2024,12,28,2,0.0018415421613740082,5.016,0.16678501770531537,0.3553000000000001,0
5,0,1,4,7643.06,109.51,2.72,4.8,0,0.811,5.99,1,2025,7,27,3,0.0003558784047227158,28.752,0.014328030919553163,0.9071999999999997,0
2,4,0,4,664.63,183.97,2.03,8.7,0,0.574,0.5,1,2025,2,20,4,0.003054330981147405,4.35,0.27680062591216165,3.7062,1
1,3,2,2,7295.58,196.07,2.42,0.2,1,0.772,5.55,0,2025,9,27,2,0.00033170769150636415,1.11,0.02687517647671604,0.0456,0
6,5,2,4,1316.4,488.25,1.27,6.8,1,0.693,1.35,1,2024,6,7,0,0.000964752354907323,9.18,0.37089790337283496,2.0876,0
4,7,2,0,2222.86,477.38,2.93,5.5,2,0.721,12.62,1,2024,8,30,0,0.0013181216990723662,69.41,0.21475936406251406,1.5345000000000002,0
0,7,0,2,2204.13,400.27,2.87,1.7,2,0.762,1.68,1,2024,6,15,2,0.0013021010557453508,2.856,0.18159999637045,0.40459999999999996,0
0,2,2,3,9913.55,121.59,2.93,8.2,0,0.564,7.93,1,2024,6,30,3,0.00029555507361137033,65.026,0.012265031194677992,3.5752,1
5,2,2,4,11317.65,34.95,4.41,3.7,4,0.68,24.76,1,2025,2,26,6,0.00038965686339478606,91.61200000000001,0.0030880969105777263,1.184,0
6,8,0,0,8958.85,159.14,4.21,2.9,0,0.532,1.09,1,2024,1,26,0,0.00046992638564101414,3.161,0.01776344062016888,1.3572,0
7,4,1,2,14451.5,134.13,1.73,8.3,1,0.99,20.96,1,2024,7,2,5,0.0001197107566688579,173.96800000000002,0.009281389475140988,0.08300000000000009,1
4,3,0,0,5935.62,253.46,2.42,6.4,3,0.559,0.5,1,2024,12,6,0,0.00040770804060906863,3.2,0.042701520649906836,2.8224,0
0,6,0,4,4642.83,389.09,2.6,9.0,2,0.629,2.71,1,2025,2,25,5,0.0005600032738652934,24.39,0.08380448993394114,3.339,1
5,7,1,0,13094.69,429.3,2.39,6.3,3,0.946,14.3,0,2025,11,16,3,0.0001825167300638656,90.09,0.03278428126209937,0.3402000000000003,0
6,5,0,4,3742.14,422.59,3.84,7.4,0,0.741,0.5,0,2024,9,11,6,0.001026150812102166,3.7,0.11292736241829542,1.9166,1
5,4,1,3,14466.73,180.48,2.93,8.4,1,0.568,20.98,1,2024,9,30,1,0.00020253367554381676,176.232,0.012475521420528343,3.6288000000000005,1
1,8,2,4,676.24,343.93,3.09,0.5,1,0.692,0.99,0,2024,6,12,6,0.004569383650774872,0.495,0.5085916242754052,0.15400000000000003,0
7,3,3,1,14563.24,157.1,4.01,7.8,3,0.558,33.82,0,2025,12,19,0,0.00027535081479121404,263.796,0.01078743466426427,3.4475999999999996,1
6,4,3,4,1125.82,31.39,3.86,6.1,3,0.6,2.28,1,2024,4,20,2,0.0034286120338952943,13.907999999999998,0.02788189941553712,2.44,0
6,4,3,1,13421.58,351.08,1.64,0.7,2,0.526,153.96,1,2025,1,26,3,0.00012219127703295737,107.772,0.02615787411020163,0.3318,0
1,8,3,3,8151.67,5.9,3.56,5.1,0,0.719,14.11,0,2024,2,9,0,0.00043672032847257063,71.961,0.0007237780724685863,1.4331,0
5,4,3,3,14897.99,205.18,2.64,0.8,0,0.903,21.14,0,2025,4,26,2,0.0001772051129044925,16.912000000000003,0.013772327676418094,0.07759999999999999,0
7,3,0,1,1570.05,165.36,2.17,7.4,4,0.793,0.5,1,2024,8,15,4,0.001382121588484443,3.7,0.10532148657686062,1.5317999999999998,1
0,7,2,2,8530.89,347.0,1.37,5.5,3,0.803,7.8,0,2024,7,23,5,0.0001605928572517053,42.9,0.040675709099519515,1.0834999999999997,0
0,8,2,4,14554.89,383.36,2.81,9.5,3,0.6,15.48,1,2025,4,16,6,0.00019306226292331995,147.06,0.026338914275545883,3.8000000000000003,1
2,1,3,2,8084.92,152.74,2.37,1.8,3,0.672,15.59,1,2024,12,24,5,0.00029313833655744275,28.062,0.018891961825225234,0.5903999999999999,0
7,5,0,4,9626.28,406.0,2.03,6.1,3,0.923,0.72,0,2024,11,8,0,0.00021088104646862545,4.3919999999999995,0.04217620929372509,0.46969999999999973,0
0,8,3,4,10588.36,147.66,3.49,2.1,2,0.544,130.6,1,2024,8,21,6,0.0003296072290704132,274.26,0.013945502419638168,0.9576,0
4,2,3,1,7090.85,223.72,3.74,6.1,3,0.929,15.56,0,2024,8,16,0,0.0005274402927716705,94.916,0.03155051933125084,0.4330999999999997,0
1,7,2,3,9599.59,363.78,2.01,7.2,3,0.742,9.22,1,2024,1,25,4,0.00020938394243920832,66.384,0.03789536844802746,1.8576000000000001,1
0,3,0,0,8972.56,346.77,1.36,7.2,3,0.919,0.7,0,2025,11,6,4,0.000151573241081698,5.04,0.03864783294845618,0.5831999999999997,1
2,8,3,4,13566.79,493.7,4.0,8.2,2,0.659,212.15,1,2024,7,16,5,0.00029483761449834484,1739.6299999999999,0.03639033256945821,2.7961999999999994,1
6,2,0,4,1158.97,113.36,1.23,8.5,3,0.669,0.5,1,2025,2,12,6,0.0010612871774075257,4.25,0.09781098734220903,2.8134999999999994,1
0,3,1,3,4573.97,331.5,4.29,0.8,4,0.876,9.42,0,2024,12,2,1,0.0009379160772807867,7.5360000000000005,0.07247533324442443,0.09920000000000001,0
5,0,1,4,14280.97,305.23,3.27,3.4,0,0.892,10.89,0,2024,10,12,2,0.00022897604294386167,37.026,0.021373198039068775,0.3671999999999999,0
3,4,1,2,13408.82,457.63,2.26,6.9,2,0.615,100.41,1,2024,3,12,5,0.0001685457780774147,692.8290000000001,0.03412902850511827,2.6565000000000003,0
1,2,3,1,7107.02,79.02,2.01,5.0,4,0.986,37.44,1,2024,10,12,2,0.00028281895928251215,187.2,0.011118584160449807,0.07000000000000006,0
4,0,3,2,9491.92,376.15,1.23,1.9,1,0.542,22.03,1,2024,12,25,6,0.0001295838987264958,41.857,0.03962844187477349,0.8701999999999999,0
6,2,0,1,4522.03,284.57,1.98,5.5,4,0.534,0.98,1,2025,10,18,2,0.0004378564494264744,5.39,0.06292970192590495,2.5629999999999997,0
3,6,1,0,3227.76,138.06,1.65,4.1,3,0.798,3.62,1,2025,6,5,4,0.0005111904230797828,14.841999999999999,0.04277269685478474,0.8281999999999997,0
0,7,1,4,7223.63,237.74,3.22,3.9,2,0.861,48.31,1,2025,2,13,4,0.00044575926507863775,188.409,0.03291143095645818,0.5421,0
3,2,3,4,5623.61,167.55,1.75,8.1,3,0.98,13.56,0,2025,11,26,6,0.0003111880091258107,109.836,0.029794029102302617,0.16200000000000014,1
4,0,3,0,8963.01,290.08,2.94,4.1,4,0.702,44.53,1,2025,7,3,4,0.00032801480752559685,182.57299999999998,0.03236412767585889,1.2218,0
7,7,3,0,1627.15,444.61,3.15,0.3,2,0.513,17.77,1,2024,12,5,4,0.0019359001935900192,5.3309999999999995,0.2732446301816059,0.14609999999999998,0
7,6,3,0,14628.72,285.08,2.18,0.6,2,0.801,167.07,1,2024,1,29,1,0.00014902192399608442,100.24199999999999,0.019487692703120982,0.11939999999999996,0
6,8,3,1,14800.06,316.23,1.32,8.6,2,0.645,234.84,1,2024,4,28,3,8.918882761286104e-05,2019.624,0.02136680526970837,3.053,1
7,0,0,0,10623.34,259.86,1.32,9.6,4,0.716,2.34,1,2024,9,24,5,0.00012425470708835452,22.464,0.024461233472711973,2.7264000000000004,1
0,1,0,3,8273.4,26.53,1.29,6.9,0,0.744,0.5,0,2024,7,1,1,0.00015592138661251723,3.45,0.0032066623153721567,1.7664000000000002,0
4,8,2,2,4988.15,117.2,3.64,3.6,0,0.532,4.37,1,2025,8,17,3,0.0007297294588173973,15.732000000000001,0.023495684772911803,1.6847999999999999,0
2,3,2,2,12300.03,246.51,2.25,9.4,4,0.743,32.14,1,2024,9,28,2,0.00018292638310638267,302.11600000000004,0.020041414533135283,2.4158,1
0,6,3,3,10428.6,155.81,3.83,6.6,0,0.713,19.37,1,2024,2,9,0,0.00036725926778282796,127.842,0.014940643998235621,1.8942,0
2,6,1,4,2857.95,91.7,2.62,8.4,0,0.856,3.44,1,2024,4,21,3,0.0009167410206616631,28.896,0.03208593572315821,1.2096000000000002,1
6,1,1,2,13708.44,252.56,2.69,7.7,2,0.823,104.15,1,2025,9,2,5,0.0001962294761475412,801.955,0.018423686429673982,1.3629000000000004,1
5,7,3,4,12426.79,162.08,2.89,3.8,4,0.593,61.34,0,2025,3,20,4,0.00023256206952881637,233.092,0.013042789006654173,1.5466,0
0,7,1,1,14272.1,129.8,3.55,4.8,1,0.603,18.23,1,2024,12,19,4,0.0002487370464052242,87.504,0.009094667217858619,1.9056,0
3,4,0,1,11022.93,232.53,2.1,1.9,2,0.626,4.85,1,2024,11,17,3,0.00019051196006869317,9.214999999999998,0.02109511717846344,0.7106,0
3,4,3,3,9394.52,67.51,1.6,2.9,0,0.589,14.87,1,2025,3,22,2,0.0001703120542614205,43.123,0.007186104239492811,1.1919,0
0,6,2,3,6564.52,463.95,3.03,7.8,3,0.829,7.24,0,2025,9,12,0,0.0004615722093923089,56.472,0.07067538829952533,1.3338000000000003,1
2,6,1,1,14024.56,433.98,2.28,8.9,4,0.997,42.61,1,2025,6,7,2,0.00016257194521610658,379.229,0.030944286309160504,0.026700000000000026,1
3,2,0,3,13057.93,354.1,2.66,7.2,0,0.826,1.41,0,2024,4,28,3,0.00020370763206725722,10.152,0.027117621246246535,1.2528000000000004,1
0,1,3,4,1155.67,54.0,3.33,4.7,0,0.803,2.0,0,2025,1,29,6,0.0028814453953118105,9.4,0.04672614154559692,0.9258999999999998,0
4,6,2,4,882.32,388.16,2.83,0.9,3,0.705,0.5,1,2025,8,13,6,0.0032074530782482545,0.45,0.43993109076072173,0.26550000000000007,0
0,2,0,0,5958.72,404.17,3.25,0.6,4,0.656,0.5,1,2024,7,13,2,0.000545419150421567,0.3,0.06782832554642608,0.20639999999999997,0
1,3,1,2,12253.02,384.11,3.0,3.7,0,0.956,9.34,0,2024,9,17,5,0.0002448375992204371,34.558,0.03134819007885403,0.16280000000000014,0
5,2,3,4,14815.5,57.87,3.64,4.6,4,0.985,76.23,1,2024,2,15,4,0.00024568863690054336,350.658,0.0039060443454490227,0.06900000000000006,0
2,0,2,1,2681.04,322.31,3.53,6.1,3,0.748,2.51,0,2025,12,26,0,0.001316653239041566,15.310999999999998,0.12021827350580372,1.5372,0
1,8,1,1,9114.9,417.33,2.96,0.1,4,0.645,18.95,1,2025,3,22,2,0.0003247430032145169,1.895,0.04578547213902511,0.0355,0
3,0,0,4,6022.92,289.1,3.44,9.9,1,0.885,0.52,1,2024,1,2,5,0.0005711515344716516,5.148000000000001,0.047999973434812354,1.1384999999999998,1
3,4,2,3,14563.76,323.56,4.08,3.6,3,0.566,13.3,0,2025,6,16,1,0.00028014743445374,47.88,0.022216790169571593,1.5624000000000002,0
2,4,2,4,12710.72,229.72,2.63,8.5,3,0.883,12.52,0,2025,7,5,2,0.0002069119609274691,106.42,0.018072933712645706,0.9944999999999999,1
0,7,1,2,12655.77,264.82,2.56,5.3,2,0.909,89.58,1,2025,12,4,4,0.00020227927656713105,474.774,0.020924842976760796,0.48229999999999984,0
5,5,1,4,7296.05,18.15,3.72,1.3,2,0.562,43.18,1,2025,11,17,1,0.0005098649269125074,56.134,0.0024876474256618304,0.5693999999999999,0
6,1,1,1,6514.88,319.84,3.12,8.0,3,0.988,7.56,1,2024,7,20,2,0.00047890367896262097,60.48,0.04909376688442457,0.09600000000000009,1
4,7,2,0,4464.4,41.64,1.43,7.1,0,0.993,4.19,0,2025,1,7,5,0.0003203118000179196,29.749000000000002,0.009327121225696624,0.04970000000000004,1
1,8,2,0,1317.44,218.07,4.14,5.3,1,0.968,2.22,0,2025,3,17,1,0.003142458100558659,11.766,0.16552556473160066,0.16960000000000014,0
5,5,0,4,13038.47,147.03,1.3,5.1,4,0.748,2.44,1,2024,3,12,5,9.970495004398523e-05,12.443999999999999,0.01127662984997473,1.2852,0
6,3,1,1,12287.06,273.17,3.67,0.9,0,0.623,9.31,0,2025,11,11,5,0.0002986882134538287,8.379000000000001,0.022232332225935254,0.3393,0
4,7,1,1,14995.91,67.57,3.7,6.6,4,0.791,41.67,1,2024,12,4,6,0.0002467339427884003,275.022,0.004505895274111407,1.3793999999999997,0
0,1,0,4,14951.23,346.13,4.35,9.1,1,0.71,1.7,1,2025,9,30,5,0.0002909459623054424,15.469999999999999,0.02315060366270869,2.6390000000000002,1
2,7,0,4,8553.76,397.71,1.38,0.9,2,0.603,3.83,1,2024,11,17,3,0.00016133256018405938,3.447,0.04649534239913208,0.3573,0
7,1,2,3,11650.32,82.51,3.17,2.6,0,0.712,7.5,0,2025,11,10,1,0.00027209553042319867,19.5,0.0070822089006997236,0.7488000000000001,0
5,2,0,1,14199.1,53.05,2.61,9.0,2,0.832,8.43,1,2024,5,7,5,0.00018381446711411285,75.87,0.003736152291342409,1.5120000000000005,1
0,6,0,2,12819.89,73.61,2.29,2.8,1,0.535,0.85,0,2024,11,3,3,0.00017862867778116663,2.38,0.005741858939507282,1.3019999999999998,0
7,3,3,2,4086.55,438.69,1.5,6.5,2,0.667,60.7,1,2025,6,3,5,0.00036705778713095396,394.55,0.1073497204243188,2.1645,0
6,6,3,4,7032.89,264.57,3.06,5.3,3,0.509,14.81,0,2024,11,12,5,0.00043509851568842965,78.493,0.03761895892015942,2.6023,0
5,7,3,1,2372.81,234.16,2.78,6.0,0,0.875,3.63,0,2025,11,13,4,0.0011716066604574322,21.78,0.09868468187507638,0.75,0
1,3,3,0,14333.74,54.25,1.55,4.2,3,0.82,28.49,0,2025,2,22,2,0.00010813646682582494,119.658,0.003784776338903873,0.7560000000000002,0
0,2,0,0,9289.53,325.13,3.22,3.0,2,0.531,2.85,1,2024,11,30,2,0.00034662679382057004,8.55,0.03499961784934221,1.407,0
6,2,3,3,3815.32,434.13,3.64,0.5,0,0.982,5.18,0,2025,2,16,3,0.0009540484153360662,2.59,0.11378599960160615,0.009000000000000008,0
6,5,2,4,10239.66,414.26,3.73,7.4,0,0.511,8.38,0,2025,12,14,3,0.00036426990739926913,62.01200000000001,0.04045642140461695,3.6186000000000003,1
3,7,0,2,9462.86,313.4,4.19,7.5,0,0.795,0.61,1,2024,10,29,5,0.0004427836827343953,4.575,0.03311895135297362,1.5374999999999996,1
4,6,0,2,5693.36,38.56,2.55,6.7,4,0.888,2.18,1,2025,7,21,1,0.0004478901738165161,14.606000000000002,0.006772802000927397,0.7504,0
2,1,3,4,2146.59,57.09,4.35,6.4,0,0.894,4.23,1,2024,5,10,0,0.002026469889452573,27.072000000000003,0.026595670342263775,0.6783999999999999,0
6,3,1,3,10237.81,25.61,4.06,2.4,2,0.517,64.07,1,2024,7,15,1,0.000396569188136916,153.76799999999997,0.002501511553740497,1.1592,0
7,1,1,3,8044.46,129.48,2.18,0.2,4,0.953,16.12,0,2025,3,6,4,0.0002709939511166691,3.224,0.016095548986507485,0.009400000000000009,0
0,3,1,0,11698.62,68.7,1.73,8.1,4,0.959,34.04,1,2025,11,11,5,0.00014788069020106644,275.724,0.005872487524169517,0.3321000000000003,1
0,1,0,1,8042.37,130.76,2.64,4.9,3,0.781,0.5,0,2025,1,23,4,0.0003282614453202228,2.45,0.01625888885987588,1.0731,0
3,6,2,0,12856.63,193.14,2.53,3.1,4,0.741,26.09,1,2025,11,24,1,0.00019678562733780157,80.879,0.0150225992347917,0.8029000000000001,0
7,7,2,4,8502.65,471.55,3.1,1.0,0,0.522,4.92,0,2024,6,27,4,0.00036459221536814997,4.92,0.05545918037317778,0.478,0
5,1,2,4,8633.6,305.58,3.13,0.6,2,0.781,41.5,1,2025,9,22,1,0.00036253706449221643,24.9,0.03539427353595256,0.1314,0
1,8,3,1,13211.48,417.65,3.67,3.5,4,0.705,64.01,1,2025,8,5,5,0.0002777887110301041,224.03500000000003,0.03161265808221335,1.0325000000000002,0
1,2,1,2,6350.5,355.47,2.88,8.0,3,0.886,7.86,1,2024,11,4,1,0.00045350759782694276,62.88,0.055975120069285886,0.9119999999999999,1
7,3,0,1,2443.22,57.14,1.55,9.2,2,0.702,1.41,1,2025,2,19,6,0.0006344086901711677,12.971999999999998,0.023387169391213238,2.7416,1
4,0,2,0,917.35,368.22,4.03,9.0,0,0.842,0.54,0,2025,7,15,5,0.0043930887883577695,4.86,0.40139532348612855,1.4220000000000002,1
3,0,3,3,11449.49,138.27,2.22,9.2,4,0.551,69.65,1,2024,1,1,1,0.00019389509925769622,640.78,0.012076520438901646,4.130799999999999,1
4,6,1,3,9494.49,319.91,4.41,9.1,4,0.566,29.34,1,2024,11,7,4,0.0004644799246720993,266.99399999999997,0.03369427952422932,3.9494000000000002,1
7,1,0,2,10709.16,171.14,1.59,5.3,1,0.57,1.06,0,2024,10,20,3,0.00014847102854005358,5.618,0.015980711839210543,2.2790000000000004,0
4,2,2,1,3587.98,498.84,4.36,2.2,2,0.523,19.23,1,2024,8,3,2,0.0012151684234583248,42.306000000000004,0.13903087531145658,1.0494,0
5,2,0,1,2477.39,132.51,1.5,8.0,1,0.771,0.5,1,2025,3,16,3,0.0006054759242589984,4.0,0.05348774314903992,1.8319999999999999,1
7,2,1,1,710.9,140.29,1.96,2.1,1,0.897,0.51,0,2025,8,16,2,0.0027570685047123367,1.0710000000000002,0.1973413982275988,0.21629999999999996,0
2,7,3,4,5583.52,465.41,1.35,2.7,4,0.805,26.55,1,2025,9,13,2,0.00024178296128607042,71.685,0.08335422815714817,0.5264999999999999,0
4,0,3,3,9053.81,13.3,3.53,2.3,3,0.787,17.8,1,2025,11,1,2,0.0003898911066169933,40.94,0.0014689948209648757,0.4898999999999999,0
7,1,3,4,6187.54,348.65,4.01,5.1,2,0.84,87.17,1,2024,11,25,1,0.0006480766184945875,444.56699999999995,0.05634711048332616,0.8160000000000001,0
5,3,1,1,6843.39,362.94,2.63,3.2,0,0.67,5.81,1,2025,4,21,1,0.00038431245333087836,18.592,0.05303511855966122,1.0559999999999998,0
6,8,2,1,13610.3,418.35,4.26,1.5,3,0.681,10.55,0,2025,3,28,0,0.000312998243976988,15.825000000000001,0.03073775008633168,0.4784999999999999,0
3,8,0,3,5549.7,487.25,3.15,4.5,0,0.657,1.06,0,2025,3,28,0,0.0005675982485539759,4.7700000000000005,0.0877975386056904,1.5434999999999999,0
0,4,2,4,7952.85,487.83,3.28,8.7,2,0.856,54.82,1,2025,11,22,2,0.00041243076381423005,476.93399999999997,0.061340274241309715,1.2528000000000001,1
2,8,2,3,11862.97,33.57,3.99,5.7,2,0.581,71.46,1,2024,8,6,5,0.00033634073086250747,407.322,0.002829814119061247,2.3883,0
0,6,2,4,6249.87,411.1,2.18,8.8,2,0.507,42.3,1,2025,6,7,2,0.000348807255190908,372.24,0.06577736816925793,4.3384,1
0,7,1,2,9520.26,323.51,2.37,2.0,3,0.798,8.88,0,2025,4,29,5,0.00024894278097446917,17.76,0.033981214798755495,0.4039999999999999,0
4,3,2,0,13004.27,324.02,4.19,1.7,0,0.971,7.49,0,2024,6,22,2,0.00032220186138860545,12.733,0.02491643129525917,0.049300000000000045,0
7,0,0,3,14268.05,65.05,4.17,5.8,1,0.805,0.99,0,2025,11,5,6,0.00029226138119785116,5.742,0.004559137373362162,1.1309999999999998,0
6,6,1,0,2632.57,325.44,4.42,4.6,3,0.891,2.35,0,2024,3,27,6,0.0016789677007638922,10.809999999999999,0.12362064446529436,0.5013999999999998,0
6,0,2,0,13935.52,491.26,4.18,6.6,4,0.836,32.97,1,2024,10,17,4,0.00029995292604796946,217.60199999999998,0.03525236230869031,1.0824000000000003,0
3,7,1,1,7635.69,456.0,1.62,7.9,1,0.749,10.97,0,2025,6,11,6,0.0002121615728244599,86.66300000000001,0.05971955383207019,1.9829,1
2,4,0,3,4244.54,220.13,3.92,7.5,2,0.859,2.29,1,2025,11,10,1,0.0009235394176989733,17.175,0.05186192143318239,1.0575,1
2,0,3,2,7157.47,20.93,2.55,9.4,0,0.912,15.04,1,2025,10,10,0,0.0003562711405007635,141.376,0.002924217635561169,0.8271999999999997,1
3,1,0,1,14710.47,181.78,4.47,4.0,3,0.612,0.97,1,2025,9,26,0,0.00030386520621027065,3.88,0.012357185052551007,1.552,0
4,7,1,4,7642.96,413.37,2.76,2.1,1,0.668,8.59,0,2024,12,9,1,0.00036111663543967254,18.039,0.05408506651873096,0.6971999999999999,0
4,2,2,1,5266.9,351.05,3.03,5.5,2,0.612,31.31,1,2024,4,5,0,0.0005752909681216655,172.20499999999998,0.06665211034954148,2.134,0
1,5,3,4,9684.31,230.21,2.95,1.1,2,0.726,114.07,1,2024,8,28,6,0.00030461643627682306,125.477,0.023771440608572014,0.30140000000000006,0
0,1,2,0,3982.11,28.5,2.26,2.9,0,0.943,2.38,0,2025,11,19,6,0.0005675383151143488,6.901999999999999,0.007157009725999533,0.16530000000000014,0
7,1,1,4,1600.02,214.02,1.45,2.1,3,0.673,0.93,0,2024,11,13,6,0.0009062386720165998,1.9530000000000003,0.13376082798965014,0.6867,0
3,7,0,1,2368.76,235.04,4.16,4.0,0,0.687,0.5,1,2024,8,18,3,0.0017561931136966175,2.0,0.09922491092385888,1.2519999999999998,0
5,7,3,4,2356.66,464.35,3.85,1.1,3,0.93,3.76,0,2024,7,22,1,0.0016336679877453687,4.136,0.19703733249599012,0.07699999999999996,0
0,6,0,1,2702.59,320.9,1.66,0.3,2,0.758,0.88,1,2024,5,30,4,0.0006142256132080707,0.264,0.11873795137257222,0.0726,0
6,5,0,1,2512.99,156.51,3.76,6.6,1,0.768,0.5,1,2024,1,26,0,0.0014962256117214952,3.3,0.062280391087907234,1.5312,0
6,0,2,0,9792.68,263.13,3.27,6.1,4,0.93,22.66,0,2024,2,17,2,0.00033392288934183494,138.226,0.026870070297405815,0.42699999999999966,0
3,0,1,0,3137.26,33.96,2.55,7.1,3,0.745,4.7,0,2024,9,7,2,0.0008128111791818337,33.37,0.010824732409809834,1.8105,1
2,4,0,1,5512.18,486.31,2.04,6.6,1,0.841,0.54,0,2025,5,1,4,0.0003700895108650298,3.564,0.08822462256312384,1.0494,0
6,0,0,3,13503.43,180.67,4.04,1.1,2,0.543,6.26,1,2025,9,17,6,0.0002991832445534209,6.886,0.013379563562739243,0.5027,0
3,2,2,0,7372.44,239.46,3.51,2.9,2,0.589,39.25,1,2024,3,15,0,0.0004760974656965672,113.825,0.03248042710418803,1.1919,0
3,7,3,3,10179.59,178.29,3.01,1.3,0,0.702,14.62,0,2025,4,11,0,0.0002956897085246066,19.006,0.017514457851445883,0.3874000000000001,0
1,2,3,2,2998.64,341.57,3.21,8.4,4,0.747,17.22,1,2025,2,28,0,0.0010704852866632874,144.648,0.11390830509831124,2.1252,1
0,2,1,3,3288.19,331.45,1.5,7.5,4,0.983,8.93,0,2025,10,6,1,0.00045617801891009946,66.975,0.10080013624516831,0.1275000000000001,1
1,5,1,2,1092.59,357.95,2.76,2.0,2,0.985,6.89,1,2025,8,12,5,0.0025261076890690927,13.78,0.3276160316312615,0.030000000000000027,0
4,5,1,1,2949.56,134.8,1.84,3.4,4,0.926,7.71,1,2024,7,18,4,0.0006238218581754567,26.214,0.04570173178372368,0.2515999999999998,0
2,1,1,0,4539.56,158.52,1.89,9.7,4,0.658,14.2,1,2025,12,14,3,0.0004163399095947624,137.73999999999998,0.034919683846011504,3.3173999999999997,1
1,7,3,4,3066.65,63.5,3.38,5.9,1,0.982,8.17,1,2025,1,28,5,0.0011021799031516474,48.203,0.020706634275186278,0.1062000000000001,0
1,3,3,2,1786.19,328.1,4.21,8.0,4,0.845,10.11,1,2025,5,21,6,0.002356972102631859,80.88,0.18368706576568003,1.2400000000000002,1
7,1,2,3,2249.22,20.86,2.53,2.6,2,0.696,12.68,1,2025,2,13,4,0.001124834387031949,32.968,0.009274326210864211,0.7904000000000001,0
1,8,0,2,7181.29,299.24,1.89,2.1,2,0.851,4.34,1,2024,9,6,0,0.0002631839126396511,9.114,0.041669393660470476,0.31290000000000007,0
6,6,0,2,3491.84,434.98,3.34,7.8,4,0.508,0.83,1,2024,5,31,0,0.000956515762463343,6.473999999999999,0.12457042705278593,3.8375999999999997,1
3,1,0,3,5781.91,445.53,4.07,6.9,0,0.573,0.87,0,2025,11,2,3,0.000703919639012022,6.003,0.07705585178600151,2.9463000000000004,0
6,6,1,2,7799.55,225.07,3.67,6.8,2,0.915,58.26,1,2025,12,5,0,0.000470539967049381,396.16799999999995,0.028856793020110134,0.5779999999999997,0
0,4,1,1,10510.73,230.19,4.07,5.5,4,0.823,28.33,0,2024,1,6,2,0.0003872233422416902,155.815,0.021900476941182963,0.9735000000000003,0
4,2,2,3,1070.03,39.41,2.97,5.6,3,0.682,0.5,0,2024,4,19,0,0.002775623113370653,2.8,0.0368307430632786,1.7807999999999995,0
4,8,0,0,12091.45,335.71,3.68,7.4,2,0.75,6.65,1,2025,3,11,5,0.000304347286719128,49.21000000000001,0.027764246637086532,1.85,1
2,0,2,4,9604.56,410.81,1.66,2.7,0,0.953,6.69,0,2024,8,12,1,0.0001728345702457999,18.063000000000002,0.04277239144739582,0.12690000000000012,0
0,8,3,4,1685.51,123.08,2.35,3.5,1,0.816,4.74,1,2024,6,29,2,0.0013942367592004795,16.59,0.07302240864782766,0.6440000000000001,0
2,5,2,2,13166.89,211.23,2.49,8.7,2,0.699,89.62,1,2025,12,13,2,0.00018911071634987458,779.694,0.016042512696620083,2.6187,1
7,0,1,4,13852.65,419.58,2.89,3.1,1,0.56,15.64,1,2025,6,14,2,0.00020862434263480275,48.484,0.030288789509588417,1.3639999999999999,0
3,1,2,3,1385.63,438.68,4.27,5.5,2,0.647,8.15,1,2025,4,20,3,0.0030816307383644977,44.825,0.3165924525306178,1.9415,0
4,5,3,3,4514.73,122.35,4.09,7.0,0,0.989,8.98,0,2024,2,21,6,0.0009059234993011765,62.86,0.027100180963202672,0.07700000000000007,1
3,8,1,0,12189.92,275.73,1.64,10.0,4,0.719,37.3,1,2025,7,24,4,0.00013453738826833974,373.0,0.022619508577578853,2.8100000000000005,1
6,4,1,3,11349.77,97.05,1.77,4.4,4,0.736,28.2,1,2024,9,12,4,0.00015595029679015522,124.08000000000001,0.00855083406976529,1.1616000000000002,0
0,8,3,4,3175.55,51.84,2.38,4.3,3,0.749,6.5,0,2024,5,4,2,0.0007494764686432271,27.95,0.016324731148934832,1.0793,0
2,0,2,1,3535.57,455.65,2.16,8.4,2,0.942,23.87,1,2025,4,12,2,0.0006109340219540272,200.508,0.12887596625155207,0.48720000000000047,1
6,3,3,1,5871.85,410.43,3.23,8.1,2,0.802,91.82,1,2024,5,16,4,0.0005500821717176017,743.742,0.06989790270528028,1.6037999999999994,1
5,3,2,0,7525.58,380.26,4.18,7.3,2,0.847,48.32,1,2025,4,20,3,0.0005554389163360166,352.736,0.050528995771754466,1.1169000000000002,1
1,6,2,4,9464.69,25.33,4.38,4.6,1,0.695,10.25,1,2025,11,14,0,0.0004627726845781531,47.15,0.002676263036612926,1.403,0
2,7,2,0,5849.25,422.02,3.36,3.2,0,0.515,4.64,0,2025,6,27,0,0.0005744326195666111,14.847999999999999,0.07214942086592298,1.552,0
2,6,0,2,7206.75,219.58,3.97,6.1,1,0.965,0.5,1,2025,7,26,2,0.0005508724459707913,3.05,0.03046865785548271,0.2135000000000002,0
4,7,1,1,11338.33,171.86,2.93,8.8,0,0.975,12.06,0,2025,9,1,1,0.0002584154809394329,106.12800000000001,0.015157435001450833,0.22000000000000022,1
3,5,0,0,1031.91,273.69,1.89,8.8,0,0.975,0.5,0,2024,11,20,6,0.0018315550774776867,4.4,0.2652266186004593,0.22000000000000022,1
5,0,2,0,4160.34,46.59,2.93,1.1,1,0.972,4.34,1,2025,3,29,2,0.0007042693626001721,4.774,0.011198603960253248,0.03080000000000003,0
4,7,1,2,10843.57,378.57,3.03,4.3,4,0.908,27.24,1,2025,9,19,0,0.0002794282694721388,117.13199999999999,0.034911933984840784,0.39559999999999984,0
1,3,1,3,13480.5,291.64,3.65,4.6,1,0.842,16.73,0,2025,5,31,2,0.0002707614702718742,76.958,0.021634212380846406,0.7268000000000001,0
4,1,3,1,7919.32,94.11,1.93,9.8,1,0.922,24.31,1,2025,3,12,6,0.0002437077930933464,238.238,0.011883596066328928,0.7643999999999996,1
4,0,0,0,8215.65,94.93,2.42,6.8,3,0.8,0.96,1,2025,7,15,5,0.00029455977311594334,6.528,0.011554776554502688,1.3599999999999997,0
4,5,1,2,2053.99,92.94,2.4,4.1,3,0.567,2.06,0,2025,4,1,5,0.00116845749005594,8.446,0.045248516302416275,1.7753,0
3,5,2,2,6987.48,29.44,4.37,0.3,1,0.696,6.88,0,2024,6,11,5,0.0006254042945382312,2.064,0.004213249984257558,0.09120000000000002,0
4,6,1,3,8222.95,294.31,2.67,5.7,4,0.986,22.69,1,2025,5,1,4,0.00032470098930432507,129.333,0.03579129144650034,0.07980000000000008,0
4,8,3,4,4015.82,420.33,3.69,1.0,4,0.676,16.94,1,2025,4,5,2,0.0009188658854231514,16.94,0.10466853594035588,0.32399999999999995,0
4,7,0,2,4404.03,9.73,3.68,8.3,1,0.934,0.5,1,2024,9,22,3,0.0008355983042803978,4.15,0.0022093400816978995,0.5477999999999996,1
4,0,3,4,5970.62,25.45,2.08,7.5,0,0.547,10.76,0,2024,9,10,5,0.0003483725308259444,80.7,0.004262538898807829,3.3974999999999995,1
2,5,0,3,791.03,286.81,3.09,4.6,0,0.667,0.5,1,2025,10,14,5,0.003906299381818641,2.3,0.3625779047570889,1.5317999999999996,0
5,3,2,0,5170.15,409.93,4.15,4.3,1,0.675,6.16,1,2024,10,10,4,0.0008026846416448267,26.488,0.07928783497577441,1.3974999999999997,0
6,6,0,0,3566.0,164.04,2.77,9.0,4,0.526,1.09,1,2025,6,17,5,0.0007767807066741447,9.81,0.046001121704991585,4.266,1
6,4,2,1,5248.71,175.46,4.32,2.9,3,0.56,4.02,0,2025,5,11,3,0.000823059380304875,11.657999999999998,0.033429166404697536,1.2759999999999998,0
6,2,3,1,2236.55,298.58,1.91,2.5,1,0.597,5.23,0,2025,10,3,0,0.0008539938744941986,13.075000000000001,0.13350025709239674,1.0075,0
1,0,2,2,13412.65,137.83,1.44,9.4,1,0.919,18.3,0,2024,9,1,3,0.00010736133426280414,172.02,0.010276119931557151,0.7613999999999996,1
7,1,3,0,9107.09,14.28,4.14,8.1,0,0.532,18.72,0,2024,10,8,5,0.0004545908737038944,151.63199999999998,0.0015680091006018387,3.7907999999999995,1
7,1,3,3,10346.98,367.88,4.0,8.2,3,0.649,24.45,0,2025,3,26,6,0.000386586230958212,200.48999999999998,0.03555433566122675,2.8781999999999996,1
1,6,1,2,11942.98,313.2,4.48,2.0,1,0.505,12.33,0,2024,3,20,6,0.0003751157583785622,24.66,0.026224610608072692,0.99,0
2,0,2,4,7727.41,290.8,3.44,1.4,2,0.848,39.58,1,2025,12,31,6,0.00044516856229965797,55.41199999999999,0.03763227265021527,0.21280000000000002,0
2,5,3,1,1760.34,371.1,4.29,0.3,0,0.81,2.94,0,2024,10,19,2,0.002437029210266199,0.882,0.21081154776918098,0.05699999999999998,0
1,0,1,3,8288.04,337.94,3.93,2.4,4,0.822,19.43,1,2024,8,28,6,0.00047417724817930414,46.632,0.04077441711188652,0.4272000000000001,0
3,8,3,4,9009.2,103.74,3.99,7.7,2,0.687,139.21,1,2024,10,5,2,0.00044288061093104825,1071.9170000000001,0.011514895884207253,2.4100999999999995,1
1,4,2,3,11308.87,176.89,3.08,2.4,2,0.604,60.49,1,2024,12,9,1,0.0002723525869516583,145.176,0.015641704255155466,0.9504,0
5,7,0,2,6759.06,63.93,2.46,7.3,0,0.86,0.5,0,2024,11,23,2,0.0003639559347009791,3.65,0.009458415815216907,1.022,1
3,6,1,2,2349.91,65.8,4.28,2.5,3,0.906,1.76,0,2025,7,7,1,0.0018213463494346593,4.4,0.028001072381495462,0.23499999999999993,0
0,2,3,3,4614.75,338.42,2.63,4.0,4,0.569,22.87,1,2024,3,23,2,0.0005699116961915597,91.48,0.07333441681564548,1.7240000000000002,0
4,2,0,2,5764.69,429.44,2.98,9.8,3,0.743,1.07,1,2024,5,21,5,0.0005169401997332034,10.486,0.07449489911859962,2.5186,1
5,8,2,1,9865.8,481.4,2.67,2.4,0,0.624,6.21,0,2024,6,3,1,0.0002706318798272821,14.904,0.04879482657260435,0.9024,0
7,6,1,3,8776.29,314.55,3.06,3.8,2,0.584,58.16,1,2024,8,24,2,0.00034866669173420656,221.00799999999998,0.035840884929736826,1.5808,0
0,1,0,4,5663.4,92.87,2.75,3.0,4,0.867,1.17,0,2025,1,27,1,0.0004855740367976834,3.51,0.016398276653600313,0.399,0
1,6,0,4,14804.47,53.72,1.36,1.1,3,0.769,1.77,0,2025,12,11,4,9.18641464368532e-05,1.9470000000000003,0.003628633784255701,0.2541,0
7,1,3,2,9283.73,406.61,4.11,4.9,1,0.608,24.06,0,2024,6,5,6,0.0004427099883344303,117.894,0.04379812855393253,1.9208000000000003,0
2,5,2,2,3939.79,289.8,2.67,3.8,1,0.655,3.31,0,2025,12,24,6,0.0006777010957436817,12.578,0.07355722005487603,1.311,0
0,7,3,2,1975.85,309.52,3.14,6.9,2,0.983,29.9,1,2024,8,7,6,0.0015891894627628616,206.31,0.15665156767973276,0.11730000000000011,0
5,0,1,1,2716.46,390.95,1.66,8.2,2,0.924,22.33,1,2024,3,6,6,0.0006110894325703305,183.10599999999997,0.1439189238935968,0.6231999999999996,1
1,3,0,0,4066.39,351.94,1.21,5.4,3,0.94,0.68,1,2025,2,28,0,0.000297561227526135,3.6720000000000006,0.0865485110872297,0.3240000000000003,0
6,8,2,3,2829.88,417.39,2.01,0.3,2,0.73,13.3,1,2025,2,21,0,0.000710277467595799,3.99,0.14749388666657243,0.081,0
1,5,3,0,3205.22,29.05,3.53,6.2,1,0.812,8.2,1,2024,12,4,6,0.0011013284579529643,50.839999999999996,0.009063340425930202,1.1655999999999997,0
2,6,3,3,4633.88,374.01,1.53,0.6,4,0.688,19.37,1,2025,7,9,6,0.00033017687121807214,11.622,0.08071205987207264,0.18720000000000003,0
7,1,0,4,3013.92,425.58,4.2,6.2,4,0.539,1.62,1,2025,4,22,5,0.0013935340022296545,10.044,0.14120480968307053,2.8582,0
7,7,1,1,13503.1,143.78,1.91,6.9,4,0.701,37.6,1,2025,3,1,2,0.00014144900059986224,259.44,0.010647925291229422,2.0631000000000004,0
4,8,0,2,1663.39,320.58,1.88,2.0,1,0.797,0.5,0,2024,3,4,1,0.0011302220164844082,1.0,0.19272690108753807,0.4059999999999999,0
0,4,1,0,8105.42,157.77,1.8,8.2,1,0.644,11.82,1,2024,7,30,5,0.00022207362480907838,96.92399999999999,0.01946475321451572,2.9191999999999996,1
6,4,1,0,6450.75,479.03,1.25,9.1,3,0.924,7.67,0,2025,3,6,4,0.0001937759175289695,69.797,0.07425958221912181,0.6915999999999995,1
2,0,2,1,14744.49,17.68,3.75,8.1,4,0.576,37.82,1,2025,2,2,3,0.00025433229633578373,306.342,0.0011990919997911084,3.4344,1
2,6,0,2,2124.56,290.32,4.09,3.1,0,0.684,0.5,0,2025,8,21,4,0.0019251044922242724,1.55,0.1366494709492789,0.9795999999999999,0
3,0,2,1,6268.91,84.09,3.23,5.9,2,0.562,39.2,1,2025,12,13,2,0.0005152410865684785,231.28000000000003,0.013413815160849335,2.5842,0
5,4,0,1,14557.32,356.4,1.82,9.1,4,0.702,3.38,1,2024,1,21,3,0.00012502301247757142,30.758,0.02448252837747607,2.7118,1
3,2,0,1,13049.85,88.77,2.14,3.2,3,0.52,1.55,0,2025,8,12,5,0.0001639865592324816,4.960000000000001,0.006802377038816538,1.536,0
4,5,1,4,12347.55,118.46,2.77,8.2,3,0.636,15.3,1,2025,1,24,0,0.00022433600187891526,125.46,0.009593806058691805,2.9847999999999995,1
3,4,3,2,4239.59,247.69,4.35,0.1,3,0.7,7.14,0,2025,5,3,2,0.001026042612611125,0.714,0.05842310223394243,0.030000000000000006,0
1,8,1,0,2977.87,457.5,2.02,0.0,4,0.739,6.06,0,2024,1,7,3,0.0006783372007508723,0.0,0.15363330165520994,0.0,0
2,5,1,3,10195.33,106.65,3.61,7.6,3,0.772,11.76,1,2024,12,26,4,0.00035408368341191505,89.37599999999999,0.010460671699689957,1.7327999999999997,1
2,5,3,0,13975.95,72.98,2.65,7.6,3,0.637,32.11,0,2024,11,1,0,0.00018961143965168735,244.03599999999997,0.005221827496520809,2.7588,1
5,8,3,4,8573.06,379.73,2.18,7.9,4,0.762,48.98,1,2025,2,3,1,0.0002542849344341461,386.942,0.044293402822329485,1.8802,1
1,3,0,0,8788.38,250.81,2.7,9.3,2,0.755,6.14,1,2025,3,5,6,0.00030722385695657224,57.102000000000004,0.02853882057899181,2.2785,1
0,3,3,2,4559.7,455.98,1.43,1.2,0,0.658,6.83,1,2025,7,5,2,0.0003136171239335921,8.196,0.1000021931267408,0.41039999999999993,0
4,7,3,0,11657.65,74.16,3.84,2.3,0,0.915,17.49,0,2025,7,13,3,0.0003293974343027969,40.227,0.006361487949972764,0.1954999999999999,0
0,1,0,1,3212.13,323.32,2.0,9.0,4,0.773,0.5,1,2025,9,9,5,0.0006226398059854364,4.5,0.10065595103560565,2.0429999999999997,1
2,1,3,0,5193.35,117.21,3.59,1.8,0,0.666,6.69,1,2024,8,13,5,0.000691268641628236,12.042000000000002,0.022569247210374805,0.6012,0
2,0,1,1,6668.83,79.22,1.43,6.8,1,0.974,9.7,1,2025,5,14,6,0.00021443041732957654,65.96,0.01187914521737696,0.17680000000000015,0
0,5,0,1,7860.35,342.03,4.35,5.3,3,0.923,0.5,1,2024,8,12,1,0.000553410471543888,2.65,0.04351332955911632,0.40809999999999974,0
3,2,3,3,4014.94,297.25,1.84,0.8,4,0.991,17.2,0,2024,10,6,3,0.0004582882932248054,13.76,0.07403597563101814,0.007200000000000007,0
1,2,2,4,2165.13,377.66,4.11,2.9,0,0.846,1.72,0,2025,3,22,2,0.0018982693879813222,4.9879999999999995,0.1744283253199577,0.44660000000000005,0
5,0,1,4,9353.99,155.42,3.87,5.2,4,0.689,24.3,1,2025,5,12,1,0.0004137271902150847,126.36000000000001,0.016615369484038363,1.6172000000000004,0
5,2,3,1,4685.14,224.54,4.39,8.5,4,0.64,28.11,1,2024,1,30,5,0.0009370050841597048,238.935,0.04792599580802281,3.06,1
4,7,2,3,8927.95,203.33,2.78,7.1,3,0.832,8.68,1,2025,2,2,3,0.0003113816721643826,61.62799999999999,0.02277454510833954,1.1928000000000003,1
6,6,3,2,2738.26,492.06,3.6,6.2,1,0.99,7.44,1,2024,12,10,5,0.001314703497841695,46.12800000000001,0.17969805642999567,0.062000000000000055,0
3,1,2,3,7476.53,146.83,2.42,5.0,2,0.813,43.65,1,2025,11,15,2,0.0003236795679279024,218.25,0.019638789652418973,0.9350000000000003,0
4,0,1,1,8222.55,148.11,1.81,3.0,0,0.941,6.15,1,2025,11,26,6,0.00022012635982754744,18.450000000000003,0.018012660306109422,0.17700000000000016,0
0,2,3,0,1251.44,177.92,2.66,1.2,4,0.665,5.83,0,2025,2,18,5,0.0021255513648277186,6.9959999999999996,0.14217221760531865,0.40199999999999997,0
0,6,1,3,5380.76,282.73,1.75,4.1,2,0.703,35.67,1,2024,6,18,5,0.0003252328667325805,146.24699999999999,0.05254462194931571,1.2177,0
4,6,3,2,2449.01,126.91,4.44,0.3,4,0.953,10.95,1,2025,4,23,6,0.0018129774888628466,3.2849999999999997,0.05182093988999636,0.014100000000000012,0
5,0,1,2,1418.94,457.73,1.52,2.1,4,0.878,4.44,1,2024,5,10,0,0.001071222179937136,9.324000000000002,0.3225858739622535,0.2562,0
5,0,0,3,14854.42,133.58,3.14,4.3,1,0.991,1.74,0,2025,9,29,1,0.00021138489419310886,7.481999999999999,0.00899260960710684,0.03870000000000003,0
1,3,2,2,5174.13,448.01,3.27,4.2,4,0.887,11.92,1,2025,6,30,1,0.0006319903056165964,50.064,0.08658653725360592,0.47459999999999997,0
7,0,0,3,12243.18,52.63,2.98,0.4,2,0.724,5.57,1,2024,1,28,3,0.00024340081580112355,2.228,0.004298719777051387,0.11040000000000001,0
5,3,1,4,4192.29,328.62,3.39,5.9,0,0.766,3.5,1,2025,2,7,0,0.0008086272657664427,20.650000000000002,0.07838675282482843,1.3806,0
0,7,3,1,10381.79,453.59,1.58,5.5,1,0.95,27.67,1,2025,8,29,0,0.0001521895549804032,152.185,0.043690924204785486,0.27500000000000024,0
1,7,3,0,11523.3,85.21,3.03,0.8,3,0.776,20.96,0,2025,7,31,4,0.0002629455104006665,16.768,0.0073945831489243535,0.1792,0
5,7,3,0,9136.76,484.2,2.15,9.4,1,0.628,27.75,1,2025,11,9,3,0.00023531317447322682,260.85,0.052994715851133224,3.4968,1
2,7,0,0,7337.85,226.99,4.3,1.0,2,0.718,2.69,1,2024,1,28,3,0.000586002711966039,2.69,0.030934129206784004,0.28200000000000003,0
1,8,0,2,6471.69,472.91,3.71,8.5,1,0.758,0.5,1,2024,3,26,5,0.0005732660247941419,4.25,0.07307364845967591,2.057,1
3,0,1,1,5558.59,338.73,4.41,0.0,0,0.548,3.75,1,2025,10,20,1,0.0007933666631285991,0.0,0.06093811560125859,0.0,0
3,7,0,4,13978.17,151.49,1.32,8.8,3,0.872,0.76,1,2025,3,14,0,9.443296225471575e-05,6.688000000000001,0.010837613221187037,1.1264,1
7,1,0,4,12543.98,94.96,2.14,0.2,4,0.555,2.82,1,2024,5,18,2,0.00017059976179808963,0.564,0.007570165131003078,0.089,0
0,7,2,3,14492.89,152.56,1.84,7.6,3,0.702,14.38,1,2025,4,17,4,0.00012695880531764196,109.288,0.010526540945249706,2.2648,1
6,1,1,4,2302.31,47.42,1.24,3.6,4,0.902,6.15,1,2024,7,5,0,0.0005385895035855293,22.14,0.020596705048407906,0.35279999999999995,0
5,8,3,0,11097.58,72.79,2.0,7.4,1,0.734,31.5,0,2024,2,21,6,0.00018021947127211518,233.10000000000002,0.0065590876569486325,1.9684000000000001,1
7,3,1,3,14105.94,53.23,3.44,4.0,0,0.921,11.19,0,2024,9,23,1,0.00024386889494780212,44.76,0.0037735875808347402,0.31599999999999984,0
4,0,2,1,3127.88,212.05,1.96,0.7,3,0.671,1.66,0,2025,1,23,4,0.0006266225046996687,1.162,0.06779352149059427,0.23029999999999995,0
3,4,2,4,1464.2,397.99,2.88,7.7,3,0.979,0.99,1,2024,12,1,3,0.001966944406501844,7.623,0.2718139598415517,0.16170000000000015,1
1,4,3,2,11246.25,71.55,4.13,0.7,3,0.605,19.59,0,2024,8,4,3,0.00036723352228520614,13.713,0.0063621207069023,0.27649999999999997,0
6,1,2,4,8829.86,66.03,3.49,9.2,3,0.519,9.47,1,2025,4,10,4,0.0003952497548092495,87.124,0.007478034759328007,4.425199999999999,1
1,0,0,1,12706.52,322.07,2.5,0.5,2,0.936,5.73,1,2024,11,30,2,0.00019674938535492014,2.865,0.02534682981650365,0.03199999999999997,0
2,7,0,2,2526.7,99.39,2.43,4.8,4,0.876,0.5,1,2024,12,11,6,0.0009617287370879014,2.4,0.03933589266632367,0.5952,0
3,4,0,2,12031.38,49.71,2.7,7.2,2,0.616,6.83,1,2025,1,23,4,0.00022441315958767824,49.176,0.004131695615964254,2.7648,1
2,1,2,2,3423.6,84.26,1.78,3.9,4,0.992,6.8,0,2024,10,11,0,0.0005199205514662928,26.52,0.024611520037387546,0.031200000000000026,0
2,7,3,0,2873.01,461.94,3.29,2.2,4,0.751,13.47,0,2025,3,7,0,0.0011451404624418292,29.634000000000004,0.1607860745350695,0.5478000000000001,0
3,2,0,4,2881.85,410.91,2.4,7.6,3,0.976,0.5,0,2024,9,15,3,0.0008327983760431667,3.8,0.1425854919582907,0.18240000000000015,1
2,1,2,1,12311.33,177.68,4.01,7.8,3,0.753,11.66,0,2024,3,24,3,0.00032571623049662383,90.948,0.014432234372728212,1.9265999999999999,1
7,0,2,4,10145.36,328.25,3.7,9.2,0,0.736,9.31,0,2025,4,26,2,0.00036469873912803487,85.652,0.03235469219426417,2.4288,1
0,5,2,3,8084.45,269.1,3.21,3.8,4,0.725,18.32,1,2024,1,20,2,0.00039705855067444294,69.616,0.033286123360278065,1.045,0
6,8,1,3,5703.04,338.89,2.4,5.1,2,0.667,40.12,1,2025,7,6,3,0.00042082818987767927,204.61199999999997,0.059422693861519466,1.6982999999999997,0
2,5,1,4,13219.41,341.65,1.89,3.6,3,0.767,12.93,0,2024,2,23,0,0.0001429715849648358,46.548,0.025844572488484735,0.8388,0
4,5,0,4,6190.45,314.74,3.76,2.6,2,0.726,2.75,1,2024,12,24,5,0.0006073871850996292,7.15,0.050842830488898226,0.7124,0
5,3,3,0,12340.69,133.78,2.81,7.5,1,0.518,35.26,1,2024,8,17,2,0.00022770201666195327,264.45,0.010840560779016408,3.6149999999999998,1
3,5,3,4,6867.46,20.46,1.94,3.4,3,0.63,13.01,1,2025,10,27,1,0.00028249163446164956,44.233999999999995,0.002979267443858428,1.258,0
2,3,2,4,5965.69,228.33,1.84,4.3,0,0.607,4.44,1,2024,3,11,1,0.00030843037435736694,19.092000000000002,0.038273862704900866,1.6899,0
2,3,0,2,7208.86,445.6,1.75,4.0,4,0.934,0.78,0,2025,10,29,6,0.0002427568297900084,3.12,0.06181282477395872,0.2639999999999998,0
1,0,3,0,4869.98,285.18,3.76,7.1,0,0.799,8.23,0,2024,2,11,3,0.0007720770927190666,58.433,0.058558762048304104,1.4270999999999996,1
1,4,1,0,11340.34,416.36,1.96,9.2,3,0.882,13.9,0,2024,2,1,4,0.00017283432419133818,127.88,0.03671494858178855,1.0856,1
6,8,3,0,7789.45,495.82,2.94,6.7,2,0.978,115.41,1,2024,9,10,5,0.0003774335800345339,773.247,0.06365276110636824,0.14740000000000014,0
0,5,1,1,3867.08,82.64,2.69,4.7,1,0.822,4.69,1,2024,7,23,5,0.0006956152962959132,22.043000000000003,0.021370129399960695,0.8366000000000002,0
3,8,1,3,13543.83,346.2,3.11,7.8,1,0.991,18.96,0,2024,1,21,3,0.00022962485500777844,147.888,0.025561454920801575,0.07020000000000005,1
1,8,2,0,6066.42,337.47,4.09,6.4,3,0.656,5.87,1,2025,9,28,3,0.0006742032368349043,37.568000000000005,0.05562918492290346,2.2016,0
5,8,3,4,8381.52,490.0,4.06,0.6,2,0.593,95.46,1,2024,6,5,6,0.0004843990111578806,57.275999999999996,0.05846194962250283,0.2442,0
5,5,1,2,13643.85,492.81,2.69,1.0,2,0.702,79.36,1,2024,9,1,3,0.00019715842669041362,79.36,0.036119570355874625,0.29800000000000004,0
2,5,2,3,9551.45,343.65,1.25,0.4,0,0.735,6.68,0,2024,5,9,4,0.00013087018201424913,2.672,0.03597883043935737,0.10600000000000001,0
0,2,3,2,2195.02,122.56,2.61,4.6,1,0.948,5.94,0,2025,4,29,5,0.0011890552250093393,27.323999999999998,0.05583548213683703,0.2392000000000002,0
0,2,0,1,14127.57,399.48,3.2,8.3,3,0.78,0.56,0,2025,11,16,3,0.0002265074602355536,4.648000000000001,0.028276625067155926,1.8259999999999998,1
6,6,3,2,9601.77,54.41,3.04,3.1,0,0.646,14.79,0,2024,4,27,2,0.0003166082920128268,45.849,0.005666663542242731,1.0974,0
6,0,3,0,5356.13,390.57,3.35,3.8,1,0.871,13.38,1,2025,7,31,4,0.0006254515853797425,50.844,0.07292018677664656,0.49019999999999997,0
5,4,0,3,2519.45,455.19,1.71,9.1,4,0.753,0.5,1,2024,8,11,3,0.0006787195618091251,4.55,0.1806703844092957,2.2477,1
2,0,2,1,12013.37,192.03,3.33,8.4,3,0.581,11.17,1,2025,4,21,1,0.00027719116284606236,93.828,0.015984690390789594,3.5196000000000005,1
4,5,2,2,9491.05,315.69,1.8,6.7,2,0.788,60.49,1,2025,12,17,6,0.00018965235669393798,405.283,0.03326186249150516,1.4203999999999999,0
2,0,1,4,8235.19,215.64,3.68,2.7,3,0.956,7.94,0,2024,9,19,4,0.00044686279247959065,21.438000000000002,0.026185188198450792,0.11880000000000011,0
2,8,3,4,13461.44,219.44,2.32,1.2,3,0.921,23.97,1,2025,1,12,3,0.00017234411771697528,28.764,0.016301376375781492,0.09479999999999995,0
3,0,3,1,11934.66,155.88,3.54,0.2,0,0.793,16.84,1,2024,6,20,4,0.0002966150690509826,3.3680000000000003,0.013061117786346657,0.04139999999999999,0
3,6,1,1,2699.29,381.3,1.36,1.1,4,0.689,5.89,1,2025,9,12,0,0.000503836193962116,6.479,0.1412593682042315,0.34210000000000007,0
0,5,0,2,5019.97,468.15,2.55,2.9,0,0.543,0.5,1,2025,9,13,2,0.0005079711631742819,1.45,0.09325752942746669,1.3253,0
3,6,1,0,4103.09,470.43,3.53,5.5,1,0.735,5.71,1,2024,4,27,2,0.0008603272168048958,31.405,0.11465261546785471,1.4575,0
1,0,2,1,11287.22,88.22,1.95,0.6,1,0.876,11.17,0,2024,6,16,3,0.00017276176064611126,6.702,0.007815919243179455,0.0744,0
2,5,1,3,986.22,437.5,3.82,1.4,2,0.68,5.6,1,2024,11,14,4,0.003873375109002048,7.839999999999999,0.4436129869603131,0.4479999999999999,0
1,6,3,0,8763.4,368.98,3.28,1.8,3,0.618,15.42,0,2024,4,20,2,0.00037428395371659403,27.756,0.04210466257388685,0.6876,0
0,5,3,3,11555.65,127.17,3.14,6.3,0,0.966,20.55,0,2025,8,15,0,0.0002717285483724412,129.465,0.011005006209083868,0.2142000000000002,0
5,4,3,4,13213.1,34.58,2.37,6.2,4,0.911,71.57,1,2024,1,27,2,0.0001793674459437982,443.734,0.0026170996965133087,0.5517999999999998,0
5,7,1,4,5460.19,134.73,2.79,5.5,3,0.819,5.9,0,2024,11,15,0,0.0005109712299388849,32.45,0.024674965523177765,0.9955000000000003,0
7,6,0,4,12408.23,456.19,3.17,2.5,2,0.568,4.75,1,2025,8,12,5,0.00025547559966248207,11.875,0.03676511476657025,1.08,0
5,7,1,1,2104.16,316.96,2.76,3.7,3,0.572,2.3,0,2025,11,24,1,0.0013116873241578587,8.51,0.1506349327047373,1.5836000000000003,0
4,0,2,4,12773.56,360.81,3.5,1.0,1,0.552,12.28,1,2025,1,19,3,0.0002740034884558416,12.28,0.028246628191357776,0.44799999999999995,0
3,5,0,2,2348.59,129.32,2.63,2.3,1,0.808,0.5,0,2025,2,10,1,0.001119820828667413,1.15,0.05506282492899995,0.4415999999999998,0
6,6,1,3,6260.67,359.97,1.87,9.0,2,0.558,49.9,1,2024,7,22,1,0.00029869007630173766,449.09999999999997,0.05749704105151685,3.9779999999999998,1
4,2,1,4,12060.78,15.03,1.91,9.8,3,0.921,15.01,1,2024,3,18,1,0.00015836455021980334,147.098,0.0012461880574888191,0.7741999999999997,1
5,4,2,2,2673.8,188.29,1.22,6.5,1,0.996,3.09,0,2025,8,29,0,0.000456279452464657,20.085,0.0704203754955494,0.026000000000000023,0
0,7,3,2,3824.15,313.75,2.19,9.2,0,0.683,8.01,1,2025,12,8,1,0.0005726762810036217,73.692,0.08204437587437731,2.9163999999999994,1
6,5,1,0,10972.66,73.9,3.67,6.4,1,0.727,15.03,1,2025,10,4,2,0.00033446766782165856,96.19200000000001,0.006734921158588711,1.7472000000000003,0
6,8,3,4,10940.53,411.68,3.82,0.3,3,0.856,19.17,0,2024,9,5,4,0.0003491604154460524,5.751,0.0376288900080709,0.0432,0
6,0,2,3,9796.64,118.28,1.87,10.0,3,0.969,10.32,1,2024,4,14,3,0.00019088177170948408,103.2,0.01207352725015924,0.3100000000000003,1
1,8,1,3,10562.25,326.49,4.36,1.0,4,0.947,22.6,1,2025,12,14,3,0.00041279083528604233,22.6,0.030911027479940355,0.05300000000000005,0
7,6,1,3,8369.5,203.19,2.86,6.8,0,0.529,7.26,0,2024,11,4,1,0.0003417169484437541,49.367999999999995,0.024277435928072168,3.2028,0
7,5,2,2,4151.09,298.43,4.23,2.5,3,0.585,3.71,0,2025,12,1,1,0.0010190094649838958,9.275,0.07189196090665344,1.0375,0
0,7,3,0,5512.59,54.62,3.53,3.9,0,0.877,9.17,0,2025,9,6,2,0.000640352357059023,35.763,0.009908228255683807,0.47969999999999996,0
6,0,3,2,3133.17,9.44,3.58,6.5,3,0.844,7.23,0,2024,5,3,0,0.001142612753217987,46.995000000000005,0.00301292301407201,1.0140000000000002,0
6,8,1,2,13672.53,454.87,1.48,4.4,2,0.567,92.84,1,2025,8,2,2,0.00010824624264858076,408.49600000000004,0.03326889756321617,1.9052000000000004,0
3,6,1,1,8959.18,135.55,1.93,2.5,3,0.751,7.39,0,2024,2,12,1,0.0002154215006284057,18.474999999999998,0.01512973285501575,0.6225,0
5,1,0,0,6312.35,410.02,1.23,3.3,2,0.89,2.5,1,2024,12,21,2,0.000194856115392841,8.25,0.06495520685640054,0.36299999999999993,0
6,2,3,1,7199.08,499.68,3.56,3.4,0,0.609,11.2,1,2025,6,29,3,0.0004945076315306956,38.08,0.06940886891102752,1.3294,0
0,6,0,3,14235.61,106.5,2.34,9.6,4,0.936,2.88,0,2025,3,14,0,0.00016437651776074223,27.648,0.007481238949367115,0.6143999999999995,1
3,4,3,1,2723.6,133.32,3.8,8.0,2,0.526,42.14,1,2025,11,8,2,0.0013952122191217505,337.12,0.04894991922455574,3.792,1
4,5,1,4,9000.33,331.77,2.32,4.6,4,0.891,23.55,1,2025,1,14,5,0.0002577683262724811,108.33,0.036861981727336665,0.5013999999999998,0
4,3,3,1,7835.39,482.76,3.9,2.0,0,0.808,12.57,0,2024,3,11,1,0.000497741656765011,25.14,0.06161275954355813,0.3839999999999999,0
3,4,3,4,9366.09,457.99,1.63,8.1,3,0.658,21.79,0,2025,6,2,1,0.0001740320667428991,176.499,0.04889874002919041,2.7701999999999996,1
1,4,1,1,762.6,251.93,1.77,1.6,3,0.86,0.56,0,2025,10,25,2,0.002321007081038552,0.8960000000000001,0.3303566745344873,0.22400000000000003,0
5,0,1,0,13145.8,397.76,2.32,2.1,0,0.891,9.74,0,2024,12,15,3,0.0001764822224588842,20.454,0.030257572760881802,0.2289,0
5,3,1,3,14015.72,68.74,2.55,3.7,1,0.967,17.32,1,2024,1,13,2,0.00018193856612432326,64.084,0.004904492955053325,0.12210000000000011,0
5,8,3,4,8694.43,488.74,2.35,8.8,0,0.684,17.49,0,2025,3,6,4,0.0002702879889768507,153.912,0.05621300073725362,2.7807999999999997,1
7,3,0,2,10601.44,482.21,3.72,1.3,2,0.843,5.11,1,2025,5,16,0,0.00035089572737288517,6.643000000000001,0.04548533029475241,0.20410000000000003,0
7,7,0,1,13876.24,82.7,1.52,1.2,0,0.801,1.17,0,2024,4,18,4,0.00010953976005027299,1.404,0.0059598277343141945,0.23879999999999993,0
2,6,3,3,10754.96,150.41,2.36,4.9,0,0.763,17.48,0,2025,3,19,6,0.00021943363806095048,85.65200000000002,0.013985175212181171,1.1613,0
2,8,0,4,2711.82,50.98,3.96,2.8,2,0.945,1.21,1,2025,1,5,3,0.0014602739119853087,3.388,0.01879918283661895,0.15400000000000014,0
1,7,3,3,8856.18,136.59,1.42,5.7,3,0.502,19.65,1,2025,10,12,3,0.00016034001115605148,112.005,0.015423128256200755,2.8386,0
1,7,1,2,9297.37,408.16,4.31,4.5,3,0.641,9.28,1,2025,4,15,5,0.00046357195637045735,41.76,0.043900586940177705,1.6155,0
3,1,1,3,6649.89,189.78,4.45,4.3,3,0.769,7.32,0,2025,12,25,4,0.0006691840015398751,31.476,0.028538817935334266,0.9932999999999998,0
1,7,3,0,11178.44,45.11,1.49,1.1,4,0.589,49.03,1,2024,6,5,6,0.00013329230196700074,53.93300000000001,0.004035446806531144,0.45210000000000006,0
5,7,1,0,14048.32,171.77,2.16,1.4,2,0.954,83.64,1,2025,3,21,0,0.0001537550397485251,117.09599999999999,0.01222708480444637,0.06440000000000005,0
5,5,1,3,13920.74,490.71,2.43,8.2,3,0.824,15.79,1,2024,6,29,2,0.00017455968576383154,129.47799999999998,0.03525028123504929,1.4432000000000003,1
1,3,3,1,7037.17,315.21,3.76,8.9,1,0.739,20.61,0,2025,6,18,6,0.0005343056939082046,183.429,0.044792153664043925,2.3229,1
0,3,2,0,2141.95,208.66,3.17,2.3,2,0.907,11.76,1,2025,10,28,5,0.0014799598496696936,27.048,0.09741590606690166,0.21389999999999992,0
3,6,3,1,14780.2,84.1,3.33,1.1,1,0.725,32.98,1,2024,10,3,4,0.00022530141676026035,36.278,0.005690044789651019,0.30250000000000005,0
2,7,1,3,12664.02,493.1,3.7,0.5,0,0.779,9.04,1,2025,9,22,1,0.00029216631053962327,4.52,0.03893708316948331,0.11049999999999999,0
1,7,2,3,2307.61,410.6,1.59,6.1,2,0.501,13.72,1,2025,7,5,2,0.0006890245752098491,83.692,0.17793301294412833,3.0439,0
4,1,3,1,13852.21,141.46,3.95,7.2,0,0.683,26.14,0,2025,5,10,2,0.0002851530549998881,188.208,0.010212088901337766,2.2823999999999995,1
6,2,1,4,13113.5,35.96,3.53,3.7,0,0.569,11.43,0,2025,4,21,1,0.00026918824112555763,42.291000000000004,0.0027422122240439244,1.5947000000000002,0
1,4,1,1,8023.15,29.26,3.11,6.8,0,0.845,8.34,0,2025,3,22,2,0.0003876283006051239,56.711999999999996,0.003646946648136954,1.054,0
3,0,3,0,9073.49,61.07,4.14,7.1,0,0.74,16.94,1,2025,8,29,0,0.00045627426712323483,120.274,0.006730596495945882,1.8459999999999999,1
2,7,0,2,6285.54,290.8,3.51,9.4,3,0.651,0.5,1,2024,10,1,5,0.0005584245744995656,4.7,0.04626491916366772,3.2805999999999997,1
0,1,3,2,1294.04,464.45,1.87,0.6,2,0.734,15.26,1,2024,11,26,5,0.0014450867052023123,9.155999999999999,0.3589147167011839,0.1596,0
3,8,3,3,5360.36,248.87,2.62,1.9,4,0.605,24.34,1,2024,9,8,3,0.0004887731421023961,46.245999999999995,0.04642785186069593,0.7505,0
5,0,3,1,12141.38,421.63,2.83,0.7,1,0.963,26.63,0,2024,3,29,0,0.00023308717789905268,18.641,0.03472669498854331,0.02590000000000002,0
3,7,3,0,567.16,223.5,1.38,8.7,0,0.527,1.27,1,2024,10,12,2,0.002433175823400804,11.049,0.39406869313773896,4.115099999999999,1
7,1,2,0,5335.74,354.58,4.35,7.9,1,0.933,6.21,1,2025,4,6,3,0.0008152571152267539,49.059000000000005,0.06645376273956377,0.5292999999999997,1
7,7,3,1,6273.45,366.2,1.62,5.7,3,0.756,13.49,1,2024,9,6,0,0.0002582311168495804,76.893,0.05837298456192366,1.3908,0
5,4,2,1,8292.24,87.81,3.5,0.8,3,0.809,6.82,0,2025,4,20,3,0.00042208136764010693,5.456,0.01058941854070794,0.15279999999999996,0
2,0,1,1,13837.91,181.25,2.87,2.7,4,0.651,32.69,1,2025,8,6,6,0.00020740126218482416,88.263,0.013098076226829052,0.9423,0
3,0,2,2,5522.02,319.01,1.28,3.0,1,0.983,5.15,0,2025,9,16,5,0.00023179923288941365,15.450000000000001,0.057770526003165505,0.051000000000000045,0
1,2,3,4,5530.82,36.28,4.25,5.6,4,0.641,28.71,0,2025,11,15,2,0.0007684213190810766,160.77599999999998,0.0065596059897085795,2.0103999999999997,0
7,1,1,0,11193.77,181.41,4.01,2.6,1,0.794,12.78,0,2025,1,23,4,0.00035823498249472693,33.228,0.016206336203084395,0.5356,0
1,6,0,1,7057.16,267.86,2.93,0.7,0,0.997,0.5,0,2024,12,10,5,0.0004151811776975441,0.35,0.03795577824507309,0.0021000000000000016,0
1,6,0,4,3756.77,498.12,1.96,7.3,2,0.941,2.55,1,2024,1,30,5,0.0005217247795313528,18.615,0.13259262611232522,0.43070000000000036,1
3,5,3,3,7060.37,237.79,1.6,3.0,4,0.768,33.26,1,2025,5,21,6,0.00022661701865482972,99.78,0.03367953804120747,0.696,0
7,5,1,3,2542.43,408.21,2.4,4.5,4,0.995,7.27,1,2024,11,28,4,0.000943978791943141,32.714999999999996,0.160558992774629,0.02250000000000002,0
0,6,0,0,3057.61,216.6,2.04,1.3,2,0.851,0.69,1,2024,7,5,0,0.0006671877708406238,0.8969999999999999,0.07083964272748977,0.19370000000000004,0
3,8,0,0,7726.33,398.4,2.87,8.0,4,0.604,2.86,1,2025,5,14,6,0.0003714570824699437,22.88,0.051563937859242355,3.168,1
4,7,3,3,6574.42,298.11,4.39,5.7,0,0.703,12.58,0,2024,8,5,1,0.000667739511622318,71.706,0.04534392387465358,1.6929000000000003,0
7,2,3,4,13765.27,443.41,3.1,9.0,1,0.667,41.68,0,2024,12,29,3,0.00022520444568105094,375.12,0.03221222685788219,2.997,1
2,5,2,1,5754.71,206.06,4.14,5.0,2,0.672,33.37,1,2024,9,21,2,0.0007194107087933188,166.85,0.03580719097921529,1.6399999999999997,0
4,1,0,1,8918.53,302.55,3.35,9.4,2,0.88,5.44,1,2024,12,14,2,0.0003756224400209451,51.136,0.03392375200845879,1.128,1
0,8,0,4,9667.83,315.38,2.77,8.9,3,0.792,0.68,0,2024,10,13,3,0.00028651724326968925,6.0520000000000005,0.0326215914015865,1.8511999999999997,1
0,6,0,2,689.87,209.27,4.02,5.8,3,0.519,0.5,0,2025,9,2,5,0.0058271848319248545,2.9,0.30334700740719267,2.7897999999999996,0
0,3,0,4,10121.29,73.01,2.76,9.3,0,0.939,0.92,1,2025,12,19,0,0.0002726925125156971,8.556000000000001,0.007213507369119944,0.5673000000000006,1
4,7,2,0,3081.52,47.69,4.07,3.2,4,0.648,5.98,1,2024,10,9,6,0.0013207767595212754,19.136000000000003,0.015476128663776317,1.1264,0
5,4,3,1,14435.52,9.32,2.16,3.7,4,0.999,70.79,0,2025,7,23,6,0.00014963091042096164,261.92300000000006,0.0006456296690385937,0.0037000000000000036,0
0,8,1,3,2655.61,436.89,1.63,0.5,3,0.977,2.16,1,2024,1,11,4,0.0006137949473002435,1.08,0.16451587394233338,0.01150000000000001,0
0,8,0,3,6512.05,119.0,4.02,5.9,3,0.97,0.5,1,2025,6,13,0,0.000617317127479058,2.95,0.018273815465176098,0.17700000000000016,0
4,6,2,0,1737.57,106.54,3.14,7.2,3,0.906,2.73,0,2024,7,14,3,0.0018071214397117816,19.656,0.061315515346144336,0.6767999999999998,1
3,4,0,4,14954.68,368.28,4.13,7.7,0,0.61,0.81,1,2024,3,28,4,0.00027616772809582014,6.237000000000001,0.024626404577028728,3.003,1
6,2,3,2,7781.83,160.69,4.29,1.5,1,0.766,17.65,0,2024,9,4,6,0.00055128420949828,26.474999999999998,0.02064938452780387,0.351,0
0,7,2,1,9133.08,253.52,1.38,4.4,1,0.612,10.04,0,2025,2,20,4,0.000151099081580365,44.176,0.027758434175546475,1.7072000000000003,0
4,5,0,4,1472.61,82.09,2.85,1.8,1,0.63,0.5,1,2025,5,15,4,0.0019353392955364966,0.9,0.05574456237564597,0.666,0
3,8,2,4,11374.43,479.91,2.44,6.6,2,0.805,72.31,1,2025,7,22,5,0.00021451624389090266,477.246,0.042192004346591434,1.2869999999999997,0
3,2,0,2,3543.63,425.94,3.27,1.6,0,0.52,0.64,0,2024,9,3,5,0.0009227825704150828,1.024,0.1201987792179206,0.768,0
3,6,1,3,13521.79,432.03,3.82,9.0,4,0.985,41.04,1,2025,12,8,1,0.0002825069757776152,369.36,0.03195065150397987,0.13500000000000012,1
0,4,1,2,3474.52,203.98,2.13,2.3,4,0.959,8.19,1,2025,5,2,0,0.0006130343184094493,18.836999999999996,0.05870738979772745,0.09430000000000008,0
4,7,0,0,3264.97,381.42,3.04,2.9,1,0.69,0.5,1,2025,10,23,4,0.0009310958446785117,1.45,0.11682190035436774,0.8990000000000001,0
6,6,2,4,1029.97,72.79,3.54,8.5,4,0.758,2.55,1,2025,12,29,1,0.0034369933104847713,21.674999999999997,0.07067196131926173,2.057,1
5,3,2,2,7344.97,5.3,1.64,4.6,1,0.733,7.61,0,2025,5,17,2,0.0002232820556108466,35.006,0.0007215822528887115,1.2282,0
5,3,1,3,8690.2,10.97,3.89,0.2,4,0.941,18.29,1,2025,4,3,4,0.00044763066442659547,3.658,0.0012623414881130469,0.011800000000000012,0
3,1,1,3,1452.78,293.71,3.2,4.9,3,0.844,1.63,0,2024,1,18,4,0.002202673494954501,7.987,0.20217101006346452,0.7644000000000002,0
6,4,0,3,11745.15,228.24,4.33,0.8,1,0.639,1.16,0,2024,4,5,0,0.00036866280975551613,0.9279999999999999,0.01943270200891432,0.2888,0
1,7,3,0,7072.69,259.49,2.32,9.9,0,0.723,14.75,1,2024,10,28,1,0.00032802229420489235,146.025,0.03668901082897738,2.7423,1
1,2,2,1,8103.66,4.72,1.56,5.9,0,0.714,6.13,0,2024,8,14,6,0.00019250560857686527,36.167,0.0005824528669761565,1.6874000000000002,0
3,5,1,2,6891.06,211.92,2.87,2.6,2,0.98,43.17,1,2025,2,18,5,0.00041648164433338267,112.242,0.030752888525132558,0.052000000000000046,0
1,5,2,0,6311.06,359.32,1.48,5.6,4,0.588,14.17,1,2025,12,9,5,0.00023450894144565253,79.35199999999999,0.05693496813530532,2.3072,0
4,1,3,3,8614.78,221.9,4.4,0.8,4,0.545,37.43,0,2024,9,6,0,0.000510750129428726,29.944000000000003,0.02575805766368961,0.364,0
2,0,3,3,2750.98,366.38,1.33,8.0,3,0.94,6.31,1,2024,11,9,2,0.00048346407462068064,50.48,0.1331816298191917,0.4800000000000004,1
7,0,2,0,3137.96,117.28,3.69,9.3,2,0.948,21.95,1,2025,11,10,1,0.0011759232112582697,204.13500000000002,0.03737460005863682,0.4836000000000005,1
5,4,0,1,12995.89,406.76,2.93,8.7,0,0.936,1.47,1,2025,8,18,1,0.0002254558941326835,12.788999999999998,0.031299126108331174,0.5567999999999995,1
7,3,1,0,14218.67,294.63,2.42,3.4,0,0.755,11.21,0,2025,1,12,3,0.00017019875979961557,38.114000000000004,0.02072134735527303,0.833,0
7,6,0,3,5912.99,106.17,1.42,3.3,1,0.83,0.84,1,2025,4,29,5,0.00024014923076142526,2.772,0.017955382978831355,0.561,0
5,4,0,3,4425.8,119.12,3.25,0.4,1,0.782,0.5,1,2025,7,20,3,0.0007343305165167879,0.2,0.02691490803922455,0.0872,0
6,3,3,2,9837.99,314.39,3.13,6.5,1,0.535,28.18,0,2025,6,27,0,0.0003181544197544417,183.17,0.03195673099891339,3.0225,0
3,0,0,1,6426.65,415.14,2.13,5.3,1,0.798,0.53,1,2024,12,18,6,0.00033143239479355494,2.809,0.06459664055145371,1.0705999999999998,0
3,7,0,1,868.1,208.4,4.2,4.6,1,0.507,0.5,1,2025,3,11,5,0.004838152286602926,2.3,0.2400645086971547,2.2678,0
5,3,3,4,2764.21,129.89,2.2,9.1,4,0.662,16.75,1,2025,7,17,4,0.0007958874325756727,152.42499999999998,0.04698991755329732,3.0757999999999996,1
1,6,0,4,10881.6,433.64,2.68,1.7,0,0.966,0.5,1,2024,12,4,6,0.00024628731068960445,0.85,0.039850757241582116,0.05780000000000005,0
7,4,0,1,10054.4,334.96,2.99,0.1,4,0.652,1.32,0,2024,12,26,4,0.0002973822406110758,0.132,0.03331476766390834,0.0348,0
4,1,3,1,892.89,224.59,1.53,0.7,3,0.97,1.98,0,2025,12,20,2,0.0017135369418405403,1.386,0.2515315436391941,0.02100000000000002,0
6,0,3,3,3718.6,244.46,4.28,2.2,1,0.625,8.4,1,2025,4,9,6,0.0011509707954606573,18.480000000000004,0.06573979454633465,0.8250000000000001,0
5,1,2,0,3850.58,102.92,2.44,0.3,1,0.657,2.39,0,2024,10,4,0,0.0006336707716759553,0.717,0.026728440910200543,0.10289999999999999,0
7,0,0,2,10242.44,313.77,1.47,5.0,0,0.814,0.65,1,2024,11,9,2,0.0001435204892584189,3.25,0.030634301982730674,0.9300000000000003,0
1,3,0,4,785.8,180.01,2.48,3.1,3,0.881,0.5,1,2024,9,14,2,0.0031560193433443624,1.55,0.22907864596589464,0.3689,0
4,2,1,2,2009.57,497.83,3.18,1.8,0,0.751,1.59,1,2024,8,24,2,0.0015824280816294034,2.862,0.24772961379797667,0.4482,0
2,7,3,1,12098.78,240.61,2.9,7.5,2,0.941,185.62,1,2024,5,3,0,0.0002396935889403725,1392.15,0.019887129115497594,0.4425000000000004,1
0,5,3,2,3088.9,243.46,3.49,2.0,3,0.52,6.06,1,2024,7,16,5,0.0011298520508919033,12.12,0.07881770209459678,0.96,0
3,0,0,3,9964.82,283.36,1.38,6.9,2,0.961,6.35,1,2024,11,19,5,0.00013848719796243184,43.815,0.02843603798161934,0.26910000000000023,0
1,4,3,1,3953.65,458.46,2.14,3.5,0,0.598,6.17,0,2024,5,2,4,0.0005412719891745603,21.595,0.11595867110138731,1.407,0
2,5,3,2,1941.9,400.61,3.9,5.1,4,0.942,10.09,1,2025,7,2,6,0.0020083423451259077,51.458999999999996,0.20629795561048458,0.29580000000000023,0
1,2,2,1,4026.0,226.11,1.46,9.3,1,0.7,4.75,1,2025,12,7,3,0.0003626428216592151,44.175000000000004,0.056162444113263786,2.7900000000000005,1
7,7,3,3,10972.87,359.63,4.02,0.4,2,0.916,123.86,1,2024,7,8,1,0.0003663581177941595,49.544000000000004,0.03277447012495363,0.033599999999999984,0
2,1,1,4,12907.6,293.53,1.5,5.0,0,0.836,10.74,0,2024,7,15,1,0.00011621060460503889,53.7,0.022740865846478043,0.8200000000000002,0
6,6,0,2,12538.19,246.69,3.95,8.5,1,0.588,0.74,1,2024,8,9,0,0.00031503749743782796,6.29,0.01967508866909817,3.5020000000000002,1
5,8,2,2,6259.16,96.97,2.39,5.9,0,0.959,5.5,0,2025,5,10,2,0.00038184037474677115,32.45,0.015492494200499748,0.24190000000000023,0
7,3,0,3,10187.23,232.5,3.22,2.8,2,0.623,3.79,1,2024,10,10,4,0.00031608199677439307,10.612,0.02282269076088397,1.0555999999999999,0
3,0,0,1,3472.27,123.66,1.7,4.0,0,0.622,0.9,0,2025,8,26,5,0.0004895932631966983,3.6,0.035613589957002194,1.512,0
0,3,3,3,4750.64,457.51,1.42,6.8,3,0.907,11.23,0,2025,6,21,2,0.00029890709462304025,76.364,0.09630491891618813,0.6323999999999997,0
6,2,1,1,13496.87,168.37,1.91,8.9,3,0.553,16.51,1,2025,9,3,6,0.00014151429183210625,146.93900000000002,0.012474744144383106,3.9783,1
1,0,1,1,688.53,476.18,1.62,0.4,3,0.611,0.5,0,2024,10,16,6,0.002352838656267701,0.2,0.6915893279886135,0.15560000000000002,0
5,8,2,4,1739.87,266.99,2.23,0.7,0,0.752,0.5,0,2024,4,12,0,0.0012817049549679,0.35,0.1534539936891837,0.17359999999999998,0
4,7,2,0,3514.35,316.14,2.9,3.3,0,0.915,2.16,0,2024,7,17,6,0.000825188157127207,7.128,0.08995689103248111,0.28049999999999986,0
3,6,1,3,884.72,271.93,3.14,2.3,1,0.574,1.34,0,2024,10,30,6,0.0035491454923591644,3.082,0.3073627814449769,0.9798,0
0,2,2,2,3130.81,65.56,3.81,2.6,1,0.774,3.17,0,2024,8,20,5,0.0012169374698560436,8.242,0.020940267854005833,0.5876,0
7,0,0,2,8954.1,188.53,3.37,2.2,2,0.856,3.62,1,2025,1,4,2,0.00037636390033615887,7.964000000000001,0.02105515908913235,0.3168000000000001,0
6,6,0,3,6610.66,50.47,3.21,2.0,1,0.93,1.14,0,2024,7,2,5,0.0004855793521373055,2.28,0.007634638598869099,0.1399999999999999,0
4,2,0,1,13443.74,311.85,2.56,1.3,0,0.968,1.59,0,2024,11,5,5,0.00019042320068671367,2.067,0.023196669974277995,0.04160000000000004,0
0,4,2,4,12352.93,223.99,2.76,9.3,1,0.892,16.07,1,2024,1,15,1,0.00022342877357841418,149.45100000000002,0.018132540215155434,1.0044,1
1,7,1,0,5456.35,389.21,2.57,1.4,1,0.826,6.15,0,2025,12,26,0,0.0004710108405802413,8.61,0.0713315678063174,0.24360000000000004,0
4,5,0,3,4261.64,111.01,3.98,2.0,1,0.717,0.5,0,2025,6,30,1,0.0009339127659774171,1.0,0.02604865732441032,0.5660000000000001,0
7,2,0,2,6005.54,83.12,1.96,2.5,3,0.556,0.5,1,2024,5,9,4,0.00032636532268538716,1.25,0.013840553888576216,1.1099999999999999,0
4,2,2,4,9059.28,203.76,1.22,9.3,4,0.855,23.98,1,2024,10,7,1,0.0001346685387801238,223.014,0.022491853657244282,1.3485000000000003,1
1,6,2,4,4386.92,463.37,3.35,7.6,3,0.996,4.49,1,2024,2,16,0,0.0007636337111230658,34.124,0.10562535902181941,0.030400000000000024,1
6,2,1,1,9550.16,355.5,1.87,7.9,3,0.868,10.85,1,2024,2,25,3,0.00019580823776774422,85.715,0.03722450723338667,1.0428000000000002,1
4,7,2,1,6436.47,210.04,4.14,1.0,3,0.508,4.7,0,2025,7,20,3,0.0006432097096700519,4.7,0.03263279406258399,0.492,0
1,8,3,0,8504.68,259.12,4.03,8.4,3,0.748,19.88,1,2024,10,26,2,0.00047385674710865075,166.992,0.030467930598211807,2.1168,1
0,2,1,2,6823.83,43.02,1.45,4.1,1,0.807,8.42,0,2025,12,15,1,0.00021249063942097032,34.522,0.006304377453717341,0.7912999999999997,0
3,8,3,2,4769.75,492.3,1.55,2.6,0,0.845,7.71,0,2024,5,9,4,0.000324964620787253,20.046,0.10321295665391268,0.4030000000000001,0
2,5,2,4,14252.57,333.54,2.83,5.8,2,0.86,86.42,1,2025,10,15,6,0.00019856068063514161,501.236,0.023402095201076018,0.812,0
5,4,2,0,11572.28,143.42,3.21,8.2,4,0.779,29.12,1,2025,5,17,2,0.00027738699720366254,238.784,0.012393409077554292,1.8121999999999996,1
7,1,0,1,2531.64,293.32,2.11,7.8,2,0.612,1.64,1,2024,4,15,1,0.0008334518335940339,12.792,0.11586165489564078,3.0264,1
6,2,3,1,13092.79,55.63,3.57,8.9,3,0.971,31.25,0,2024,1,13,2,0.0002726691560775052,278.125,0.004248903404087288,0.2581000000000002,1
3,4,3,1,7567.75,482.95,3.16,9.3,0,0.848,15.15,0,2025,8,10,3,0.00041756136236001455,140.895,0.06381685441511678,1.4136000000000004,1
1,7,2,2,13471.01,88.22,2.27,2.4,3,0.618,10.54,0,2024,10,18,0,0.00016851000778709242,25.295999999999996,0.006548877923778544,0.9168,0
3,0,1,3,12097.9,324.37,1.28,4.2,1,0.661,15.03,1,2025,4,25,0,0.00010580348655551791,63.126,0.026812091354697924,1.4238,0
4,3,0,3,6665.6,123.48,3.68,0.1,2,0.961,2.8,1,2025,5,5,1,0.0005520883341334613,0.27999999999999997,0.01852496399423908,0.0039000000000000037,0
2,4,2,0,825.8,359.06,1.91,8.8,4,0.944,2.19,1,2025,3,27,4,0.0023129086945991766,19.272000000000002,0.43480261564543476,0.49280000000000046,1
7,4,3,4,4395.82,388.63,3.95,1.5,2,0.703,51.57,1,2024,12,14,2,0.0008985809246056482,77.355,0.08840898853911217,0.44550000000000006,0
4,7,1,1,8353.7,337.04,2.59,8.6,4,0.519,25.23,1,2024,7,7,3,0.0003100422567245651,216.978,0.040346193902103256,4.1366,1
6,3,0,1,9685.43,307.64,3.1,3.3,1,0.524,0.74,0,2024,2,22,4,0.0003200683913878888,2.4419999999999997,0.031763174169861325,1.5707999999999998,0
4,7,1,2,4239.37,446.34,4.08,3.7,3,0.642,5.15,1,2024,9,15,3,0.0009624071501190036,19.055000000000003,0.10528451161375393,1.3246,0
0,5,1,3,2520.66,40.23,4.05,0.4,1,0.815,2.08,1,2025,5,4,3,0.00160672204898717,0.8320000000000001,0.01596010568660589,0.07400000000000002,0
2,0,0,4,12606.49,166.13,2.43,3.3,0,0.792,0.5,0,2024,4,26,0,0.0001927578572624101,1.65,0.013178132850619006,0.6863999999999998,0
7,2,2,2,14773.83,124.9,1.89,8.9,0,0.817,12.6,1,2024,3,7,4,0.00012792891213720477,112.14,0.008454138161871363,1.6287000000000005,1
5,2,3,1,8122.51,494.02,3.76,0.3,4,0.859,34.48,0,2025,2,14,0,0.00046291109521564146,10.344,0.06082110086660404,0.042300000000000004,0
3,4,2,3,2989.35,195.31,2.63,4.1,3,0.51,1.59,0,2025,5,18,3,0.0008797899208858113,6.519,0.06533527355445164,2.009,0
6,4,3,1,4448.46,366.57,1.83,0.3,2,0.553,49.79,1,2024,3,16,2,0.00041137831968816174,14.937,0.08240379816835489,0.13409999999999997,0
0,8,2,2,766.66,342.68,4.18,3.7,4,0.68,1.92,1,2025,8,13,6,0.005452221323663684,7.104,0.44697779980695485,1.184,0
4,1,1,3,13757.33,106.83,1.85,1.7,3,0.577,11.98,0,2025,10,6,1,0.00013447376780232793,20.366,0.007765314926660914,0.7191000000000001,0
7,1,1,3,2207.39,120.26,1.29,2.5,0,0.538,2.41,0,2025,12,3,6,0.0005844005816824395,6.025,0.05448063097141874,1.1549999999999998,0
7,5,0,1,8859.49,141.36,1.27,8.8,0,0.82,0.5,0,2024,2,24,2,0.00014334910926023958,4.4,0.01595577172049407,1.5840000000000005,1
1,3,2,1,4473.8,206.15,3.25,4.4,0,0.908,2.79,0,2024,6,4,5,0.0007264517859537753,12.276000000000002,0.04607939559211409,0.4047999999999999,0
5,0,0,3,8535.58,117.93,3.38,2.7,3,0.876,0.91,1,2024,6,1,2,0.0003959894933911931,2.4570000000000003,0.013816284306397458,0.33480000000000004,0
2,7,1,4,9945.6,10.81,2.23,5.9,1,0.909,14.22,0,2025,7,30,6,0.00022421975546975547,83.89800000000001,0.0010869128056628058,0.5368999999999998,0
6,5,2,2,12531.26,439.82,2.26,1.4,4,0.833,24.18,1,2024,11,7,4,0.00018034898326265672,33.852,0.03509782735335473,0.23380000000000004,0
4,1,2,4,3493.11,482.84,2.32,2.6,3,0.868,3.45,0,2024,3,28,4,0.0006641645983092429,8.97,0.1382263942446702,0.3432,0
5,5,1,1,659.44,171.44,3.44,5.5,2,0.636,5.5,1,2024,9,11,6,0.005216547373529054,30.25,0.2599781632900643,2.002,0
1,2,0,4,2484.84,169.91,1.39,2.4,2,0.997,0.7,1,2024,5,1,6,0.0005593921540219893,1.68,0.0683786481222131,0.007200000000000006,0
6,0,2,2,13550.27,4.54,4.27,6.8,2,0.592,86.9,1,2025,7,25,0,0.0003151228720903716,590.9200000000001,0.00033504867430685884,2.7744,0
2,4,0,1,13171.41,340.45,1.93,4.9,3,0.607,0.5,1,2025,3,2,3,0.00014652949076826246,2.45,0.025847650327489615,1.9257000000000002,0
7,5,2,2,9162.49,412.89,4.5,7.7,3,0.644,9.28,0,2025,9,12,0,0.0004911328689035404,71.456,0.04506307783146284,2.7412,1
7,3,0,2,9207.49,74.16,1.77,9.5,0,0.988,0.67,1,2025,9,2,5,0.00019223480014640256,6.365,0.008054312304439103,0.1140000000000001,1
2,8,3,3,10143.03,80.67,3.75,1.2,3,0.994,18.51,0,2025,9,25,4,0.00036971200913336546,22.212,0.007953244740476957,0.007200000000000006,0
5,8,0,3,3042.88,395.25,1.94,3.3,3,0.897,0.81,0,2024,8,19,1,0.0006375538963087601,2.673,0.12989339047218423,0.3398999999999999,0
6,1,2,1,13758.97,308.53,1.47,3.2,4,0.815,28.78,0,2025,6,19,4,0.00010683939277431378,92.096,0.02242391690657077,0.5920000000000002,0
5,3,2,1,6572.17,23.39,4.09,1.5,1,0.76,6.46,0,2025,1,24,0,0.0006223210902943777,9.69,0.0035589462841040327,0.36,0
1,6,0,0,6055.51,311.65,4.03,8.1,4,0.985,1.58,1,2025,4,6,3,0.0006655095937418979,12.798,0.05146552478651674,0.12150000000000011,1
4,0,0,0,8024.31,155.15,2.53,7.6,2,0.848,4.64,1,2025,3,29,2,0.00031529190671845925,35.263999999999996,0.01933499578156876,1.1552000000000002,1
2,8,3,0,1181.01,184.99,3.52,4.8,2,0.972,16.27,1,2024,10,31,4,0.0029804997417464713,78.09599999999999,0.15663711568911357,0.1344000000000001,0
2,8,1,2,2911.11,385.1,3.04,5.4,1,0.658,4.57,1,2025,8,25,1,0.001044275207738629,24.678000000000004,0.13228631003294275,1.8468,0
1,2,1,1,11201.49,405.66,4.01,0.6,1,0.667,12.8,0,2025,3,15,2,0.0003579880890845771,7.68,0.03621482499203231,0.19979999999999998,0
4,8,1,2,1700.58,200.78,2.24,5.6,2,0.927,12.0,1,2024,11,8,0,0.0013171976619741502,67.19999999999999,0.11806560114784369,0.4087999999999997,0
7,7,3,1,9245.71,473.63,2.93,7.9,3,0.575,21.63,0,2025,8,5,5,0.0003169037315684788,170.877,0.05122700149582888,3.3575000000000004,1
0,1,1,4,4057.56,203.82,2.8,5.7,3,0.973,4.39,1,2025,9,27,2,0.0006900698942221434,25.023,0.05023215922869902,0.15390000000000015,0
2,7,1,3,6144.79,386.15,2.37,2.7,1,0.754,6.44,0,2024,3,2,2,0.0003856925948649181,17.388,0.06284185464434097,0.6642,0
5,0,2,4,4686.06,242.45,4.14,6.7,2,0.963,29.59,1,2025,9,16,5,0.0008834714024148217,198.25300000000001,0.05173856075252984,0.24790000000000023,0
3,5,3,1,5657.25,448.87,1.75,3.6,4,0.668,28.63,0,2024,4,11,4,0.00030933757567722835,103.068,0.07934420433956428,1.1951999999999998,0
7,3,3,2,10926.17,453.97,1.69,5.4,0,0.858,18.93,0,2024,7,31,6,0.00015467451083041908,102.22200000000001,0.04154886845070139,0.7668000000000001,0
1,2,3,1,4808.26,44.62,3.1,4.9,1,0.741,13.52,0,2025,10,2,4,0.0006447238710053116,66.248,0.009279864233631292,1.2691000000000001,0
1,2,0,2,8712.87,468.31,3.37,3.8,2,0.813,4.91,1,2024,8,4,3,0.0003867841480476582,18.658,0.05374922384931716,0.7106000000000002,0
3,0,1,0,7402.73,412.94,1.84,7.2,3,0.752,8.59,1,2024,9,27,0,0.0002485569512868901,61.848,0.05578212362196109,1.7856,1
1,7,1,0,10123.23,395.86,2.49,8.8,1,0.984,15.49,1,2025,11,7,0,0.0002459689249379892,136.312,0.039104119930101364,0.14080000000000015,1
4,2,0,3,14084.03,101.25,4.32,0.1,1,0.846,0.64,0,2024,3,24,3,0.000306730388958274,0.064,0.007188993491209547,0.015400000000000004,0
5,1,0,2,11122.3,402.75,2.01,9.3,4,0.626,2.42,1,2024,6,9,3,0.00018071801695692438,22.506,0.03621103548726433,3.4782,1
2,8,2,1,3616.64,425.22,3.41,5.1,2,0.955,22.35,1,2024,9,2,1,0.000942864094850469,113.985,0.11757321712971157,0.22950000000000018,0
2,0,3,3,952.16,145.29,3.64,7.0,0,0.647,1.48,0,2024,6,26,6,0.0038228869097630654,10.36,0.15258990085699883,2.471,1
1,3,0,3,4302.83,476.18,2.68,8.6,4,0.686,1.49,1,2025,7,19,2,0.0006228458944462134,12.814,0.1106667007527604,2.7003999999999992,1
3,1,3,0,9128.63,25.88,4.29,4.7,3,0.551,18.08,1,2024,3,17,3,0.00046995003631432103,84.976,0.0028350365827073724,2.1103,0
5,1,1,0,1245.67,75.8,3.63,8.3,2,0.95,9.21,1,2024,6,9,3,0.002914094423081554,76.44300000000001,0.06085078712660656,0.4150000000000004,1
6,5,2,3,7697.31,269.25,2.71,1.8,3,0.643,6.94,0,2024,1,3,6,0.00035207104819735726,12.492,0.03497975266684075,0.6426,0
5,2,1,3,9154.22,288.32,3.08,1.6,0,0.629,6.86,0,2025,2,22,2,0.00033645684722455874,10.976,0.031495856555774276,0.5936,0
1,7,3,0,5346.54,322.93,3.49,6.6,0,0.96,9.6,0,2025,4,6,3,0.0006527586065006528,63.35999999999999,0.0603998099705604,0.26400000000000023,0
3,8,2,3,11678.23,9.47,3.15,8.7,0,0.903,10.66,1,2025,12,6,2,0.00026973265640426673,92.74199999999999,0.0008109105575074306,0.8438999999999998,1
3,4,0,1,2045.67,480.22,4.1,8.9,4,0.571,1.09,1,2025,8,31,3,0.0020042333318668207,9.701,0.23474949527538655,3.8181000000000007,1
2,8,0,2,1589.5,23.25,2.38,6.4,0,0.885,0.57,1,2025,4,26,2,0.001497326203208556,3.6479999999999997,0.014627241270839886,0.736,0
1,8,3,1,11058.74,72.39,2.19,5.3,1,0.957,28.81,0,2024,10,25,0,0.00019803341067788915,152.69299999999998,0.006545953698160912,0.22790000000000019,0
7,6,1,3,7684.62,7.99,1.91,3.3,4,0.539,18.52,1,2024,2,3,2,0.00024854839927023067,61.11599999999999,0.0010397391152718028,1.5212999999999999,0
0,7,2,0,10481.83,283.86,1.32,9.8,3,0.913,11.31,1,2024,8,25,3,0.0001259322084025404,110.83800000000001,0.02708114899783721,0.8525999999999997,1
5,2,1,3,6805.0,466.2,1.34,3.2,1,0.774,8.57,0,2024,10,22,5,0.00019691403379867744,27.424000000000003,0.06850844966936076,0.7232,0
7,0,1,3,4072.83,333.31,4.07,7.4,1,0.835,5.57,0,2025,12,24,6,0.0009993051514548853,41.218,0.08183744472516653,1.2210000000000003,1
2,4,0,4,12376.98,411.51,3.44,5.3,4,0.746,2.53,1,2024,10,16,6,0.00027793532832726564,13.408999999999999,0.03324801365114915,1.3462,0
4,6,2,0,12091.53,7.63,3.38,6.1,3,0.849,11.4,0,2025,12,20,2,0.00027953451713720265,69.53999999999999,0.0006310202265552828,0.9211000000000001,0
2,7,1,1,10573.1,271.47,3.23,3.9,1,0.517,13.82,0,2025,4,9,6,0.00030549223974047344,53.898,0.02567553508431775,1.8837,0
6,4,3,3,4446.1,230.32,4.0,9.6,1,0.881,14.11,0,2024,3,13,6,0.0008996648748341242,135.456,0.05180270349294887,1.1423999999999999,1
0,2,2,1,9058.34,249.99,2.78,5.7,3,0.517,7.57,1,2025,12,4,4,0.00030689949814204364,43.149,0.027597771777168885,2.7531,0
4,8,2,4,5734.12,37.03,4.07,9.4,4,0.728,14.93,1,2024,8,27,5,0.0007097863316428677,140.342,0.00645783485521754,2.5568000000000004,1
1,8,0,0,1827.94,342.53,2.39,0.1,0,0.575,0.5,0,2024,9,27,0,0.0013074827401337024,0.05,0.18738580040920377,0.04250000000000001,0
5,3,0,0,13801.05,252.11,4.26,5.7,3,0.912,1.39,1,2025,10,2,4,0.00030867216624822023,7.923,0.018267450664985637,0.5015999999999998,0
3,8,1,2,2483.87,382.81,3.51,7.2,1,0.657,3.98,1,2025,8,26,5,0.001413117433682117,28.656,0.15411837173443055,2.4696,1
2,7,3,2,14278.44,243.16,2.05,7.5,3,0.727,32.71,1,2025,11,8,2,0.00014357310742630145,245.32500000000002,0.01702987161062413,2.0475000000000003,1
0,8,1,3,6967.08,75.54,3.06,9.0,4,0.714,20.95,1,2024,7,21,3,0.00043920839146385576,188.54999999999998,0.010842418918686165,2.5740000000000003,1
2,3,1,2,3184.43,324.48,2.96,0.0,4,0.886,6.68,1,2025,3,11,5,0.0009295227089306407,0.0,0.10189578668709943,0.0,0
6,5,2,4,8357.56,87.02,1.66,0.0,4,0.741,15.03,1,2024,4,27,2,0.00019862256448054217,0.0,0.010412129856082397,0.0,0
6,3,0,1,13157.71,436.32,3.15,4.7,3,0.894,0.7,1,2025,7,11,0,0.0002394033612231916,3.29,0.03316078557742951,0.4981999999999999,0
6,2,1,3,11117.26,306.95,2.24,0.3,3,0.537,8.79,0,2024,8,18,3,0.0002014884962661663,2.6369999999999996,0.0276102205039731,0.1389,0
7,0,2,3,12195.14,79.44,1.37,9.7,1,0.596,15.17,0,2025,10,25,2,0.00011233983373704609,147.149,0.006514070359175868,3.9188,1
5,3,0,2,10052.36,481.21,4.33,2.2,4,0.776,2.38,0,2024,6,1,2,0.0004307446211635874,5.236,0.04787035084298612,0.4928,0
5,5,2,0,10538.01,259.66,3.32,4.7,1,0.974,11.88,1,2024,9,29,3,0.00031504999520782384,55.836000000000006,0.02464032583001914,0.12220000000000011,0
7,6,3,0,12813.34,37.38,4.09,0.6,4,0.537,55.2,1,2024,5,25,2,0.00031919858522446137,33.12,0.0029172721554255178,0.2778,0
4,1,3,1,4120.19,313.79,3.43,5.2,1,0.522,11.46,0,2024,3,14,4,0.0008324858805055108,59.592000000000006,0.0761591091672957,2.4856,0
6,5,3,3,7596.66,127.35,2.38,3.8,2,0.578,99.82,1,2024,3,2,2,0.00031329557989958744,379.316,0.016763946260593472,1.6036000000000001,0
1,6,0,3,3707.54,402.04,2.89,0.4,1,0.821,0.5,0,2024,6,18,5,0.0007794926015633008,0.2,0.10843847942301364,0.07160000000000002,0
4,2,0,2,14821.19,409.09,3.43,3.4,1,0.699,1.54,0,2024,11,10,3,0.0002314254118596415,5.236,0.027601697299609543,1.0234,0
6,6,2,2,14188.86,489.49,4.37,3.9,4,0.913,30.44,1,2025,9,1,1,0.00030798809770481915,118.71600000000001,0.03449819083421783,0.3392999999999999,0
7,0,3,1,1071.69,251.43,2.04,9.9,2,0.536,16.94,1,2025,8,5,5,0.0019035355373288917,167.70600000000002,0.2346107549757859,4.5935999999999995,1
0,1,0,2,10730.84,228.02,4.09,2.1,1,0.598,1.11,0,2024,10,22,5,0.0003811444397642682,2.3310000000000004,0.021249035490231893,0.8442000000000001,0
1,7,2,4,13916.1,376.98,4.25,5.4,2,0.65,84.12,1,2025,3,25,5,0.0003054016570734617,454.24800000000005,0.027089486278483198,1.89,0
3,4,2,0,3118.34,67.1,3.41,9.9,4,0.813,7.91,1,2024,5,7,5,0.0010935305322703746,78.309,0.021517858860804144,1.8513000000000006,1
7,1,3,4,8735.21,273.91,4.27,7.9,2,0.843,135.33,1,2025,4,24,4,0.0004888262560373477,1069.1070000000002,0.03135700229301872,1.2403000000000002,1
2,1,3,1,13774.58,273.58,2.51,9.9,1,0.562,41.73,1,2025,12,6,2,0.0001822197119621796,413.127,0.01986122262892952,4.3362,1
4,3,2,3,992.22,45.65,4.34,9.7,3,0.972,0.76,1,2024,11,7,4,0.004374029953034609,7.372,0.046007941787103664,0.27160000000000023,1
6,2,0,0,10612.59,209.57,3.52,4.9,3,0.671,0.5,1,2025,12,17,6,0.0003316815216643628,2.45,0.01974730014068196,1.6120999999999999,0
7,1,0,0,4811.56,426.79,1.34,7.0,4,0.857,1.29,1,2025,2,16,3,0.0002784959555736601,9.030000000000001,0.08870096185021074,1.0010000000000001,1
4,5,0,0,13903.74,428.22,4.19,1.1,2,0.762,6.03,1,2024,10,5,2,0.00030135776416992843,6.633000000000001,0.03079890734435483,0.26180000000000003,0
1,7,0,4,14580.34,50.52,2.8,4.4,4,0.611,3.1,1,2025,5,27,5,0.00019203941746214422,13.640000000000002,0.003464939775066974,1.7116000000000002,0
6,3,1,4,14191.86,46.27,2.72,8.1,4,0.923,40.25,1,2025,7,6,3,0.00019165916236490497,326.025,0.0032603196480235856,0.6236999999999996,1
1,3,3,0,7376.11,132.09,3.07,5.1,0,0.909,12.41,0,2025,5,20,5,0.000416208543527686,63.291,0.017907813196929006,0.4640999999999998,0
7,7,3,1,12999.62,437.51,1.69,7.0,0,0.698,24.68,1,2025,3,24,1,0.00013000380011108016,172.76,0.03365559916366786,2.1140000000000003,1
2,5,1,2,12745.97,65.32,2.75,7.5,4,0.794,36.3,1,2024,3,23,2,0.0002157544698441939,272.25,0.005124757080080998,1.5449999999999997,1
0,4,3,1,5126.96,360.28,3.94,2.5,1,0.629,12.46,0,2025,9,4,4,0.0007684865885436983,31.150000000000002,0.07027166195952377,0.9275,0
2,4,2,3,12519.27,51.48,1.25,8.8,3,0.845,11.96,0,2024,2,10,2,9.984607728725397e-05,105.24800000000002,0.004112060846998267,1.3640000000000003,1
7,7,3,1,1036.61,311.95,2.1,4.6,4,0.655,5.68,1,2025,3,18,5,0.0020258342095870194,26.127999999999997,0.300932848419367,1.5869999999999997,0
3,7,1,1,9145.91,178.68,1.21,2.1,0,0.922,6.7,0,2024,11,26,5,0.00013229957434525379,14.07,0.01953660160661979,0.16379999999999992,0
7,1,2,4,3835.13,394.67,2.57,8.7,1,0.609,4.54,1,2025,9,10,6,0.0006701206999501972,39.498,0.10290915822931687,3.4017,1
6,8,0,1,2248.22,117.61,3.6,4.2,2,0.507,1.63,1,2024,9,13,0,0.001601266779941465,6.846,0.05231249610803214,2.0706,0
3,4,3,0,1615.82,319.96,3.84,7.5,3,0.634,4.28,1,2024,1,27,2,0.002376502333180676,32.1,0.19801710586575236,2.745,1
6,8,1,4,10596.19,118.61,4.32,5.5,2,0.596,75.52,1,2024,4,3,6,0.00040769370877645646,415.35999999999996,0.011193646018049883,2.222,0
4,5,0,4,5428.19,357.12,3.21,3.8,1,0.754,1.52,1,2024,8,22,4,0.0005913573401078445,5.776,0.06578988576302598,0.9348,0
6,1,3,1,11009.12,436.97,2.04,8.1,4,0.602,65.08,1,2025,11,21,0,0.00018530091415117647,527.1479999999999,0.03969163747874489,3.2238,1
6,0,3,3,1447.67,64.27,4.25,5.8,1,0.882,3.5,0,2025,8,12,5,0.0029357519324155366,20.3,0.04439547686972859,0.6843999999999999,0
4,5,1,2,5071.71,433.43,3.76,3.9,2,0.621,33.75,1,2025,8,24,3,0.0007413673100394147,131.625,0.08546032797616583,1.4781,0
0,1,0,4,8322.62,297.19,3.1,1.1,4,0.853,1.19,0,2024,1,22,1,0.0003724788588209001,1.309,0.03570870711386558,0.16170000000000004,0
4,7,3,2,11965.49,64.43,3.5,9.0,0,0.789,25.07,1,2025,11,19,6,0.00029250787055105974,225.63,0.005384652028458509,1.8989999999999996,1
4,2,2,0,5121.91,214.34,4.25,0.4,3,0.993,4.28,0,2024,10,2,6,0.0008297685824233538,1.7120000000000002,0.04184767010744039,0.0028000000000000026,0
4,5,1,4,9575.42,81.27,3.55,8.6,0,1.0,9.43,1,2025,8,13,6,0.00037074091789185225,81.098,0.008487356168188966,0.0,1
5,2,0,4,13346.68,350.47,2.42,3.6,1,0.935,1.67,0,2024,2,11,3,0.00018131850018131848,6.012,0.026258964776258966,0.23399999999999982,0
0,3,3,2,9430.02,379.68,3.55,6.4,3,0.88,20.12,0,2024,6,28,0,0.0003764573139823669,128.768,0.040262905062767626,0.768,0
6,1,2,0,3877.91,53.79,1.33,9.2,1,0.693,5.18,0,2025,4,26,2,0.00034296824836058603,47.65599999999999,0.013870873743846556,2.8244000000000002,1
2,6,0,2,853.81,253.56,2.48,1.5,1,0.877,0.5,0,2025,6,15,3,0.0029046274932362,0.75,0.29697473676813346,0.1845,0
1,7,2,4,13116.43,407.5,2.54,5.7,1,0.978,14.19,0,2025,10,29,6,0.00019365025391817744,80.883,0.0310679049101013,0.12540000000000012,0
0,6,1,2,808.41,468.15,1.75,7.6,3,0.512,1.32,0,2025,3,28,0,0.0021647431377642534,10.032,0.5790997142539058,3.7087999999999997,1
6,4,3,4,13183.17,257.25,1.28,7.6,2,0.769,202.42,1,2024,10,11,0,9.709349117093993e-05,1538.3919999999998,0.019513516096659606,1.7555999999999998,1
5,2,3,2,8169.59,475.19,1.64,5.3,3,0.609,17.42,0,2024,7,4,4,0.00020074446820464673,92.32600000000001,0.058165709662296394,2.0723,0
5,0,0,3,14116.48,268.31,3.36,6.2,4,0.779,2.8,1,2025,8,22,0,0.00023801967629324023,17.36,0.019006862900666457,1.3701999999999999,0
0,1,1,3,12082.36,197.7,3.85,7.6,0,0.733,10.94,0,2025,3,22,2,0.0003186463571686326,83.14399999999999,0.016362697353828223,2.0292,1
2,4,3,2,14970.04,424.25,4.46,8.4,2,0.788,235.7,1,2025,10,12,3,0.0002979283956489094,1979.8799999999999,0.028339937635437178,1.7807999999999997,1
5,0,2,2,5585.32,247.0,2.34,7.6,1,0.775,6.4,1,2025,5,18,3,0.00041895540452471835,48.64,0.044223070477609164,1.7099999999999997,1
1,4,1,1,11624.23,236.48,3.18,3.5,2,0.98,75.89,1,2024,4,3,6,0.0002735665072009071,265.615,0.02034371308895299,0.07000000000000006,0
2,7,1,1,6328.0,245.67,4.29,10.0,3,0.776,8.44,0,2025,4,26,2,0.0006779393173198483,84.39999999999999,0.03882269279393173,2.2399999999999998,1
2,3,2,4,7458.2,423.55,1.75,4.3,4,0.923,16.74,1,2024,12,22,3,0.00023464106620900486,71.98199999999999,0.05678984205304229,0.3310999999999998,0
2,0,0,4,9598.83,416.14,3.57,0.2,4,0.66,0.69,1,2025,2,22,2,0.0003719203277899494,0.13799999999999998,0.04335320033795786,0.06799999999999999,0
2,6,3,0,13168.32,202.36,3.69,3.6,3,0.719,25.58,1,2024,12,7,2,0.00028021797769191514,92.088,0.015367184272557169,1.0116,0
0,3,3,0,14769.21,167.32,1.49,1.3,0,0.735,21.46,1,2024,11,24,3,0.00010088555853698337,27.898000000000003,0.011328974264703393,0.34450000000000003,0
0,7,3,2,11639.96,246.47,4.04,1.2,3,0.639,19.31,0,2025,11,17,1,0.0003470802305162561,23.171999999999997,0.02117447138993605,0.4332,0
2,6,1,0,6557.62,286.81,3.88,2.8,2,0.69,41.84,1,2024,4,17,6,0.000591678078327198,117.152,0.04373690454768651,0.8680000000000001,0
4,1,0,1,6609.68,119.93,1.31,0.5,0,0.799,0.5,0,2024,6,13,4,0.0001981941637114051,0.25,0.018144600041151766,0.10049999999999998,0
4,7,0,4,11194.94,397.18,1.5,6.9,4,0.79,2.29,1,2024,12,3,5,0.00013398910579243836,15.801000000000002,0.03547852869242711,1.4489999999999998,0
0,7,0,3,3962.27,243.75,1.36,0.7,1,0.818,0.99,1,2025,2,25,5,0.00034323758855403595,0.693,0.06151776633091637,0.12740000000000004,0
3,4,0,2,2101.87,167.69,2.3,2.0,4,0.676,0.5,1,2025,12,11,4,0.0010942636794854105,1.0,0.0797813375708298,0.6479999999999999,0
2,8,3,4,5642.02,54.3,2.88,0.9,0,0.658,7.98,0,2025,5,22,4,0.0005104554751666955,7.182,0.009624212604705406,0.30779999999999996,0
1,5,0,1,4664.97,120.18,2.96,0.6,3,0.806,0.59,0,2024,10,22,5,0.0006345164063220127,0.354,0.025762223551276858,0.11639999999999996,0
1,6,0,4,4796.47,474.69,2.08,2.7,3,0.566,0.87,1,2025,11,9,3,0.00043365224842436206,2.349,0.0989665316368079,1.1718000000000002,0
0,3,0,1,3887.31,153.24,4.21,5.7,3,0.627,0.5,1,2025,2,14,0,0.0010830111310906514,2.85,0.03942057618250153,2.1261,0
7,5,0,4,1110.35,85.26,2.42,9.6,4,0.521,0.6,1,2025,7,17,4,0.002179492952672581,5.76,0.07678659882019184,4.5984,1
7,1,0,1,759.17,230.88,1.35,8.8,1,0.536,0.5,1,2024,2,7,6,0.0017782578342136809,4.4,0.3041216064912997,4.0832,1
3,1,1,2,14821.97,154.24,2.19,8.8,1,0.622,22.16,1,2025,4,10,4,0.00014775363868635546,195.008,0.010406174078074643,3.3264000000000005,1
7,2,2,0,6702.71,18.54,2.95,1.8,2,0.51,34.78,1,2024,3,31,3,0.00044012048857850036,62.604000000000006,0.0027660453756764053,0.882,0
5,3,3,4,6072.74,162.25,2.55,2.6,0,0.623,9.17,0,2024,11,18,1,0.00041990929959128824,23.842000000000002,0.0267177583759555,0.9802000000000001,0
3,7,2,4,10354.89,272.51,2.1,0.8,4,0.827,18.91,0,2024,9,15,3,0.00020280273378085138,15.128,0.02631703475362848,0.13840000000000005,0
7,7,0,3,3664.68,276.3,1.63,7.8,4,0.531,1.48,1,2024,11,27,6,0.00044478644792996934,11.544,0.07539539605095125,3.6582,1
3,2,0,1,14274.44,178.92,3.9,0.7,1,0.718,2.16,0,2024,4,28,3,0.00027321562176869983,1.512,0.012534292063296351,0.19740000000000002,0
4,0,3,2,11902.0,224.2,4.49,5.6,2,0.957,169.85,1,2025,2,17,1,0.0003772475214249706,951.1599999999999,0.01883717022349185,0.2408000000000002,0
4,5,3,0,1796.46,482.79,2.29,2.5,1,0.896,3.54,1,2025,6,10,5,0.0012747291896284916,8.85,0.2687451988911526,0.25999999999999995,0
2,6,0,1,6554.92,189.3,2.46,2.4,3,0.653,0.5,1,2024,1,2,5,0.000375290621395837,1.2,0.02887907098789917,0.8327999999999999,0
7,0,1,1,13247.22,129.86,3.24,9.9,4,0.962,40.67,1,2025,11,4,5,0.0002445796174593613,402.63300000000004,0.009802811457800204,0.37620000000000037,1
3,0,1,2,14198.61,122.49,3.57,7.6,0,0.665,13.66,0,2025,7,9,6,0.00025143306281389516,103.816,0.008626900802261629,2.546,1
5,2,2,4,7277.32,229.42,2.49,8.4,2,0.536,47.75,1,2025,4,18,0,0.0003421589266378283,401.1,0.03152534174668697,3.8975999999999997,1
6,8,0,4,9394.47,380.0,4.19,5.7,4,0.997,1.59,1,2025,2,27,4,0.0004460070658589575,9.063,0.040449328168592806,0.017100000000000014,0
7,1,3,3,2921.99,103.79,3.05,8.7,0,0.935,6.53,0,2024,2,25,3,0.0010438091848363616,56.811,0.035520313211201957,0.5654999999999994,1
1,3,0,2,14871.95,354.94,2.69,6.5,1,0.733,2.03,0,2024,7,11,4,0.0001808774236061848,13.194999999999999,0.02386640622110752,1.7355,0
2,5,2,4,3859.24,11.55,3.33,9.5,0,0.833,3.13,1,2025,6,14,2,0.0008628641908769603,29.735,0.002992817238627295,1.5865000000000005,1
5,7,2,3,14169.61,210.05,4.34,2.8,3,0.836,11.33,1,2025,1,5,3,0.000306289305069088,31.723999999999997,0.01482397892390828,0.45920000000000005,0
5,8,3,3,9919.88,388.16,3.82,6.0,3,0.597,21.74,0,2025,9,29,1,0.00038508530345125145,130.44,0.039129505598858055,2.418,0
3,0,0,0,9312.18,170.03,1.33,6.9,2,0.6,5.69,1,2025,5,25,3,0.0001428236997137083,39.261,0.01825888245287355,2.7600000000000002,0
2,0,1,3,7933.98,282.3,2.3,3.9,2,0.735,52.47,1,2025,10,2,4,0.0002898923365070242,204.63299999999998,0.03558113330257954,1.0335,0
4,5,3,0,3844.71,103.28,2.75,8.8,3,0.956,9.11,0,2025,3,28,0,0.0007152685117993295,80.168,0.026862884326776273,0.3872000000000004,1
4,3,0,4,3059.66,371.26,2.24,9.8,0,0.505,0.5,0,2024,2,22,4,0.0007321074890674128,4.9,0.12134027963891413,4.851,1
3,4,2,0,3697.05,27.09,3.51,4.9,4,0.891,7.57,1,2024,7,27,2,0.0009494056071732868,37.093,0.007327463788696392,0.5341,0
3,0,3,4,3203.35,426.42,3.93,3.9,1,0.529,7.87,1,2024,9,30,1,0.0012268406511932821,30.693,0.13311689325237644,1.8368999999999998,0
6,6,3,2,11803.97,99.9,3.61,4.7,2,0.739,161.96,1,2025,7,16,6,0.0003058293099694425,761.2120000000001,0.008463254311896762,1.2267000000000001,0
0,3,0,0,5576.82,437.32,4.46,8.5,3,0.819,0.5,1,2024,5,14,5,0.0007997389193124398,4.25,0.07841744937078837,1.5385000000000004,1
4,1,0,2,1338.72,176.91,2.1,6.5,3,0.843,0.5,1,2024,10,21,1,0.0015686626030835425,3.25,0.1321486195769093,1.0205000000000002,0
6,0,3,1,14551.99,361.62,4.09,0.4,3,0.529,25.04,0,2025,3,24,1,0.0002810612156825286,10.016,0.024850209490248413,0.1884,0
2,7,0,4,13314.9,160.29,3.73,5.4,1,0.709,1.67,1,2025,12,16,5,0.00028013728980315285,9.018,0.01203839307843093,1.5714000000000004,0
1,8,2,3,13952.41,453.05,2.4,0.2,3,0.792,9.67,0,2025,5,11,3,0.00017201329376071947,1.9340000000000002,0.03247109280762248,0.0416,0
5,4,3,1,14926.16,64.19,3.62,7.8,0,0.533,27.81,1,2024,5,4,2,0.00024252721396527977,216.91799999999998,0.004300503277467212,3.6426,1
1,7,2,3,3021.48,90.08,1.54,3.3,2,0.568,16.98,1,2024,1,30,5,0.0005096839959225281,56.034,0.02981320412513073,1.4256000000000002,0
6,4,0,4,6245.51,247.02,3.8,4.7,4,0.832,0.87,0,2025,10,7,5,0.0006084371012135117,4.089,0.03955161387941097,0.7896000000000002,0
3,7,0,4,11494.46,41.89,2.96,8.0,4,0.761,2.07,1,2025,9,15,1,0.0002575153595732205,16.56,0.0036443643285548,1.912,1
7,5,1,2,10592.3,98.79,2.16,0.5,0,0.581,6.9,0,2024,9,2,1,0.00020392171671874856,3.45,0.009326586293817208,0.20950000000000002,0
0,8,1,0,2731.49,471.94,3.36,1.6,1,0.768,2.93,0,2025,12,27,2,0.0012300978586778646,4.688000000000001,0.17277749506679507,0.3712,0
6,3,2,0,12329.58,488.27,3.32,4.0,1,0.956,13.99,1,2024,6,11,5,0.00026927113494539147,55.96,0.039601511162586235,0.17600000000000016,0
7,4,0,2,3754.39,188.75,1.89,2.3,1,0.508,0.5,0,2024,11,14,4,0.0005034106739044159,1.15,0.05027447867696217,1.1316,0
2,7,0,3,3745.36,461.72,1.3,3.4,1,0.821,0.5,1,2025,7,18,0,0.00034709614029091997,1.7,0.12327786915009506,0.6086000000000001,0
2,7,2,3,8286.13,272.87,2.63,10.0,0,0.537,7.72,1,2024,1,15,1,0.00031739786848625353,77.2,0.03293093398245019,4.63,1
0,3,2,1,9097.63,135.6,3.08,8.3,1,0.503,11.56,1,2025,7,19,2,0.0003385497101992497,95.94800000000001,0.014904980747733202,4.125100000000001,1
0,4,0,3,8911.25,351.5,4.09,8.8,3,0.575,0.5,1,2025,2,21,0,0.00045897040258100716,4.4,0.03944452237340441,3.7400000000000007,1
6,0,2,1,1826.56,329.79,4.26,9.4,1,0.711,2.73,1,2024,4,5,0,0.0023322529782761037,25.662,0.18055251401541697,2.7166000000000006,1
4,0,1,3,13223.18,494.57,2.95,3.4,3,0.901,13.96,0,2024,8,18,3,0.00022309308350941303,47.464,0.03740174451228827,0.3365999999999999,0
7,0,1,3,4351.2,133.26,3.69,3.0,3,0.641,2.86,1,2024,4,26,0,0.000848041919470491,8.58,0.030626034197462768,1.077,0
0,7,1,2,2377.97,336.36,2.65,2.3,2,0.813,14.14,1,2025,4,17,4,0.0011143958922946885,32.522,0.14144837823858167,0.4301000000000001,0
7,4,0,3,13386.85,26.96,3.66,8.3,1,0.706,0.5,1,2024,4,30,5,0.0002734026301930626,4.15,0.00201391664207786,2.4402000000000004,1
3,5,3,1,14356.95,57.71,1.88,6.8,3,0.617,32.02,0,2025,10,25,2,0.00013094703262183123,217.73600000000002,0.00401965598542866,2.6044,0
7,1,0,0,13000.85,2.96,2.42,2.4,0,0.757,1.25,1,2024,6,6,4,0.00018614167535199622,3.0,0.00022767742109169783,0.5831999999999999,0
2,4,2,0,12237.98,499.73,3.29,3.8,0,0.899,8.71,1,2025,5,25,3,0.00026883521626935164,33.098,0.040834353381848966,0.3837999999999999,0
5,5,1,1,10001.01,401.33,1.26,5.1,0,0.916,9.4,1,2024,10,25,0,0.00012598727528519618,47.94,0.040128946976355384,0.4283999999999998,0
2,4,2,3,8487.43,393.57,3.58,5.3,3,0.923,8.08,0,2025,6,5,4,0.00042180023870594515,42.824,0.04637092735963654,0.40809999999999974,0
4,2,2,3,1761.31,255.35,3.96,8.9,3,0.669,2.67,1,2025,12,23,5,0.002248326529685291,23.763,0.1449773180189745,2.9459,1
5,3,3,1,6422.57,150.73,2.52,3.8,0,0.897,11.2,0,2024,10,6,3,0.00039236629573519637,42.559999999999995,0.023468798315938948,0.3913999999999999,0
7,3,3,1,5903.98,76.48,2.68,9.1,0,0.606,11.72,0,2025,3,1,2,0.0004539310770022934,106.652,0.01295397342131918,3.5854,1
0,8,0,1,4266.43,143.05,4.01,4.4,2,0.869,2.2,1,2025,5,9,0,0.0009398958848498627,9.680000000000001,0.03352920357301069,0.5764,0
1,7,3,1,10989.59,188.61,3.76,7.5,4,0.974,62.44,1,2025,4,28,1,0.0003421419725394669,468.29999999999995,0.017162605702305548,0.19500000000000017,1
6,6,0,4,7690.2,378.4,2.15,9.3,2,0.507,4.58,1,2024,9,6,0,0.0002795766039894931,42.594,0.049205482302150785,4.5849,1
4,1,3,4,1675.17,270.29,2.27,9.1,4,0.72,10.18,1,2025,4,12,2,0.001355086349445131,92.63799999999999,0.1613507882782046,2.548,1
0,3,2,2,3692.66,39.66,3.44,0.6,3,0.824,2.67,0,2025,7,18,0,0.00093157777862029,1.6019999999999999,0.010740225203511831,0.10560000000000003,0
3,4,2,3,10407.25,10.0,3.06,2.1,1,0.851,10.92,0,2024,5,28,5,0.0002940257993225876,22.932000000000002,0.0009608686252372145,0.31290000000000007,0
0,6,0,0,1603.9,52.06,1.74,4.8,4,0.588,0.5,1,2025,1,27,1,0.0010848556643182244,2.4,0.032458382692187794,1.9776,0
5,2,3,2,12842.5,205.84,2.22,4.3,2,0.986,173.02,1,2024,7,14,3,0.0001728635390305626,743.986,0.0160280319252482,0.06020000000000005,0
5,7,0,2,7679.62,466.66,4.17,6.4,3,0.808,0.5,1,2025,9,5,0,0.0005429956169706314,3.2,0.06076602748573497,1.2287999999999997,0
2,6,0,3,7468.51,319.06,3.47,9.4,3,0.582,1.01,1,2025,6,4,6,0.0004646174404265376,9.494,0.0427207033263663,3.9292000000000007,1
6,6,0,4,9089.91,401.11,4.45,1.1,3,0.51,0.5,1,2024,5,19,3,0.0004895538019628358,0.55,0.04412694955175574,0.539,0
1,2,0,1,12457.87,233.72,3.73,4.5,1,0.892,1.09,1,2024,3,12,5,0.00029940912852678665,4.905,0.018760831506509538,0.48599999999999993,0
7,1,3,4,5543.23,181.47,4.31,1.9,1,0.54,13.32,0,2024,10,9,6,0.0007775250170027222,25.308,0.03273723082029791,0.8739999999999999,0
0,6,3,1,10331.23,55.09,1.91,8.9,2,0.571,166.26,1,2025,2,28,0,0.0001848763409584338,1479.714,0.005332375719057654,3.8181000000000007,1
3,8,0,1,8703.11,438.09,3.75,9.6,1,0.787,0.97,1,2024,12,14,2,0.0004308804553774455,9.312,0.05033717831901469,2.0447999999999995,1
6,1,3,4,4371.91,391.8,1.27,4.8,0,0.802,7.51,1,2025,6,3,5,0.00029049088384710577,36.047999999999995,0.08961758133172916,0.9503999999999997,0
0,5,1,4,13240.13,84.89,3.41,1.0,2,0.843,76.87,1,2024,9,30,1,0.0002575503412730842,76.87,0.006411568466472762,0.15700000000000003,0
0,2,3,4,12062.68,256.62,2.75,7.9,3,0.697,27.57,1,2024,1,3,6,0.00022797587269164066,217.80300000000003,0.021273879436410483,2.3937000000000004,1
5,8,1,4,10047.55,244.2,2.34,7.0,2,0.887,75.18,1,2024,10,16,6,0.00023289259570741128,526.26,0.024304432423824716,0.7909999999999999,1
5,5,1,1,12833.44,312.92,4.05,3.5,2,0.987,84.08,1,2024,11,1,0,0.0003155817925669189,294.28,0.024383173958034635,0.04550000000000004,0
1,3,1,1,13075.77,473.15,4.02,8.9,1,0.636,20.14,1,2025,8,24,3,0.00030743887358067627,179.246,0.03618524951111866,3.2396000000000003,1
4,7,0,0,10771.26,290.31,1.27,9.8,1,0.852,1.3,1,2025,8,16,2,0.00011790635450263015,12.740000000000002,0.026952278563510675,1.4504000000000004,1
1,6,0,1,12636.69,270.57,3.21,5.6,0,0.964,1.52,0,2025,11,6,4,0.0002540222162607455,8.511999999999999,0.021411461387436107,0.20160000000000017,0
0,8,3,2,10613.34,26.11,2.41,5.7,3,0.843,23.5,0,2025,5,16,0,0.0002270727216879889,133.95000000000002,0.0024601115200304524,0.8949000000000001,0
4,2,2,1,10362.04,32.39,2.57,3.0,1,0.841,11.03,1,2024,6,1,2,0.00024802066002447393,33.089999999999996,0.0031258323650555295,0.4770000000000001,0
4,1,2,1,9469.86,94.49,3.95,5.8,0,0.612,7.9,1,2025,4,2,6,0.0004171128189857083,45.82,0.009977972219230273,2.2504,0
4,8,0,4,11414.39,17.2,2.22,4.4,4,0.768,1.68,1,2025,7,5,2,0.00019449133944082867,7.392,0.0015068698371091228,1.0208,0
6,1,0,1,2799.77,371.93,4.31,3.0,4,0.781,0.5,1,2025,5,10,2,0.0015394121659993499,1.5,0.1328430549652293,0.6569999999999999,0
3,4,0,2,13272.63,361.94,1.79,0.7,2,0.85,5.98,1,2024,12,19,4,0.00013486400208549476,4.186,0.027269651907722885,0.10500000000000001,0
0,1,3,4,13141.73,68.89,3.39,2.5,4,0.998,61.01,1,2024,12,6,0,0.0002579569052171975,152.525,0.0052420800001217495,0.0050000000000000044,0
2,7,0,3,924.09,418.2,3.42,2.0,1,0.517,0.5,0,2025,7,19,2,0.003700938220303217,1.0,0.4525533227283057,0.966,0
6,8,2,3,12474.34,78.24,2.03,5.4,2,0.533,75.89,1,2025,7,10,4,0.00016273406047935199,409.80600000000004,0.006272075316209114,2.5218,0
6,8,3,3,2368.61,151.29,2.27,6.0,3,0.539,5.84,1,2025,1,21,5,0.0009583679879760703,35.04,0.0638729043616298,2.766,0
0,3,2,2,5359.22,125.24,3.95,6.1,0,0.871,4.03,1,2025,4,11,0,0.0007370475554278421,24.583,0.023369072365008337,0.7868999999999999,0
0,4,3,3,11280.87,186.78,3.71,3.9,2,0.568,149.35,1,2024,11,25,1,0.00032887534383429644,582.4649999999999,0.016557233617619918,1.6848,0
2,6,1,2,2831.02,128.08,2.29,4.2,4,0.811,7.3,0,2024,7,12,0,0.0008088957336931566,30.66,0.04524164435433166,0.7937999999999998,0
2,6,2,4,12360.52,244.99,2.96,8.3,1,0.662,15.1,0,2025,12,15,1,0.00023947212576817155,125.33000000000001,0.019820363544575795,2.8054,1
4,7,0,4,12565.95,204.3,1.4,4.8,4,0.729,2.34,1,2024,9,1,3,0.00011141218928930959,11.232,0.016258221622718536,1.3008,0
2,7,1,4,7858.28,493.3,1.89,9.9,2,0.608,65.21,1,2025,8,8,0,0.00024051064609558324,645.579,0.06277455117404827,3.8808000000000002,1
2,3,1,2,592.6,28.91,2.8,4.4,0,0.933,0.5,1,2025,1,27,1,0.004724940938238271,2.2,0.048785015187310155,0.2947999999999998,0
7,2,3,4,4662.05,71.95,1.48,6.5,0,0.793,8.62,0,2024,8,27,5,0.0003174569127315237,56.029999999999994,0.015433124912860223,1.3454999999999997,0
3,1,3,1,9445.44,27.36,3.98,0.5,3,0.972,15.72,0,2025,2,24,1,0.0004213673476301792,7.86,0.0028966358369753023,0.014000000000000012,0
5,1,3,2,14727.2,313.29,3.57,6.5,3,0.787,32.2,0,2024,2,14,6,0.00024240860448693571,209.3,0.02127288282905101,1.3844999999999998,0
2,5,3,1,9661.3,28.2,4.31,8.5,4,0.562,57.02,1,2024,11,21,4,0.0004461097367849047,484.67,0.0029188618508896318,3.7229999999999994,1
1,3,3,4,4267.15,418.38,3.49,9.4,2,0.585,68.95,1,2025,4,29,5,0.0008178760999730501,648.13,0.09804670564662597,3.9010000000000007,1
5,1,3,0,9693.08,256.46,4.3,10.0,4,0.995,60.7,1,2025,12,23,5,0.0004436154452454741,607.0,0.026458050485500994,0.050000000000000044,1
1,3,3,0,8329.79,263.98,3.03,2.8,0,0.863,13.65,0,2025,1,25,2,0.00036375466848503977,38.22,0.03169107504510918,0.3836,0
7,2,1,4,11807.76,281.24,3.18,5.8,2,0.525,84.87,1,2025,1,30,4,0.0002693144169596943,492.24600000000004,0.023818234787969947,2.755,0
4,1,0,1,2051.22,86.24,4.42,4.5,3,0.852,0.5,0,2025,11,10,1,0.0021548151831592907,2.25,0.04204327180897222,0.6660000000000001,0
4,8,3,4,11534.9,99.65,3.32,5.6,4,0.706,61.21,1,2025,10,29,6,0.00028782217444451186,342.776,0.008638999904637233,1.6464,0
2,5,3,2,8348.37,160.09,1.3,1.6,0,0.654,12.88,1,2024,6,4,5,0.00015571902059923073,20.608000000000004,0.019176198467485268,0.5536,0
5,3,0,2,14463.38,297.15,3.59,8.6,0,0.577,1.4,1,2025,5,22,4,0.00024821307329268817,12.04,0.020544990175187267,3.6378000000000004,1
6,2,2,0,5457.15,105.85,4.19,9.1,0,0.92,4.83,1,2024,2,7,6,0.0007678000421465418,43.952999999999996,0.01939657147045619,0.7279999999999996,1
6,1,3,2,9673.02,59.05,3.83,4.5,0,0.532,17.33,0,2024,5,9,4,0.0003959466640201302,77.98499999999999,0.0061046084883521375,2.106,0
7,7,2,3,14014.41,485.09,3.13,2.8,4,0.645,28.52,0,2025,5,29,4,0.00022334154630840685,79.856,0.034613658370206093,0.9939999999999999,0
4,3,1,1,1986.39,11.97,3.42,1.4,4,0.653,4.3,0,2025,8,27,6,0.0017217162792805038,6.02,0.0060260069774817635,0.48579999999999995,0
5,8,3,1,14089.81,401.55,4.47,6.8,1,0.58,39.19,0,2024,12,5,4,0.0003172505519946685,266.49199999999996,0.0284993197211318,2.8560000000000003,0
3,6,3,1,10474.34,394.23,1.5,3.1,0,0.754,16.04,1,2024,4,12,0,0.0001432071137656406,49.724,0.037637693639885665,0.7626000000000001,0
7,0,0,4,1483.64,149.31,3.4,9.1,1,0.506,0.5,1,2025,3,26,6,0.0022916610498503677,4.55,0.10063762098622307,4.4954,1
2,4,1,4,4863.97,68.68,2.14,6.7,4,0.65,13.48,1,2024,4,12,0,0.00043996981889279745,90.316,0.014120152879232397,2.3449999999999998,0
6,6,1,4,10768.5,73.67,3.31,6.5,2,0.967,79.39,1,2025,6,22,3,0.0003073780006500441,516.035,0.006841249941960347,0.2145000000000002,0
3,2,2,0,1476.58,349.02,3.21,5.6,0,0.655,2.05,1,2025,4,12,2,0.002173942488723943,11.479999999999999,0.23637053190480706,1.9319999999999997,0
1,5,3,3,8941.47,321.76,1.71,0.5,2,0.68,101.43,1,2024,1,16,5,0.00019124372166992676,50.715,0.03598513443538926,0.15999999999999998,0
1,8,1,3,5515.3,391.59,1.88,9.3,0,0.737,4.45,0,2024,5,27,1,0.00034086994361140824,41.385000000000005,0.07100067086105923,2.4459000000000004,1
7,4,1,2,9503.28,468.8,3.25,6.3,3,0.781,10.65,0,2025,2,23,3,0.00034198718758155075,67.095,0.049330336473301845,1.3796999999999997,0
2,0,1,1,1163.26,346.27,1.62,9.9,2,0.904,9.76,1,2025,11,1,2,0.001392637931330915,96.624,0.2976720595567629,0.9503999999999998,1
4,2,0,1,13137.28,78.77,2.08,5.4,2,0.595,6.58,1,2024,6,7,0,0.00015832805573147562,35.532000000000004,0.005995913918254006,2.1870000000000003,0
4,5,3,3,14615.59,122.48,3.96,7.1,2,0.936,220.25,1,2024,3,17,3,0.0002709435609510119,1563.7749999999999,0.00838009276395958,0.4543999999999996,1
4,7,0,2,14548.73,421.25,2.28,0.6,0,0.879,1.17,0,2025,4,25,0,0.0001567147098062855,0.702,0.028954417327148145,0.0726,0
3,4,2,1,11369.95,105.44,2.81,6.3,4,0.861,26.24,1,2024,9,28,2,0.00024714268752281234,165.31199999999998,0.009273567605838196,0.8757,0
1,0,1,1,2386.25,37.19,4.31,7.6,4,0.543,6.72,1,2024,12,12,4,0.0018061812467260344,51.071999999999996,0.015585123101100051,3.4731999999999994,1
5,7,2,4,11494.82,351.94,1.95,7.8,0,0.511,10.24,0,2025,9,30,5,0.0001696416298819816,79.872,0.03061726934393057,3.8142,1
7,3,3,1,856.51,201.86,2.49,7.7,0,0.797,1.29,0,2025,12,10,6,0.00290714644312384,9.933,0.23567734177067404,1.5630999999999997,1
0,1,0,0,820.79,460.1,3.2,2.3,4,0.932,0.5,1,2025,2,11,5,0.0038986829761571175,1.15,0.5605575116655905,0.15639999999999987,0
7,6,0,1,5192.35,325.48,3.69,9.8,0,0.792,0.5,0,2025,10,27,1,0.0007106608760965651,4.9,0.06268452627423035,2.0383999999999998,1
3,5,1,4,7585.33,46.12,4.18,10.0,4,0.607,22.93,1,2024,3,23,2,0.0005510636979538134,229.3,0.006080157356370784,3.93,1
5,2,3,4,11670.91,473.98,4.22,0.8,3,0.545,20.27,0,2024,12,2,1,0.00036158277289431587,16.216,0.040612085947025554,0.364,0
7,2,1,0,10407.78,130.02,3.76,9.4,0,0.85,11.23,0,2025,11,21,0,0.00036126820513116144,105.56200000000001,0.012492577667860005,1.4100000000000004,1
3,0,2,0,6965.59,169.27,1.95,2.9,4,0.861,13.56,1,2025,6,30,1,0.0002799475708446808,39.324,0.024300884777886726,0.4031,0
4,0,2,0,4467.59,201.73,1.28,6.9,1,0.586,5.4,1,2025,1,24,0,0.0002865079382843994,37.260000000000005,0.04515409874227491,2.8566000000000003,0
3,5,3,4,14958.31,26.56,2.47,3.4,1,0.514,36.24,0,2024,11,20,6,0.00016512560576696167,123.21600000000001,0.0017756016555346159,1.6523999999999999,0
7,3,2,3,6679.63,248.76,1.67,9.7,2,0.704,47.68,1,2025,10,3,0,0.00025001384807242315,462.496,0.03724158374041676,2.8712,1
1,4,2,4,7045.11,62.54,3.54,1.0,4,0.791,12.61,1,2025,5,14,6,0.0005024761856095931,12.61,0.00887707927910281,0.20899999999999996,0
7,5,3,0,2872.55,201.08,3.38,5.0,0,0.853,5.2,0,2025,7,8,5,0.0011766548885136898,26.0,0.07000052218412212,0.7350000000000001,0
6,2,3,3,12024.74,176.0,1.35,4.3,3,0.905,24.0,1,2024,2,6,5,0.00011226853969399756,103.19999999999999,0.014636491100847087,0.40849999999999986,0
0,7,3,1,10558.39,386.65,3.96,3.3,4,0.805,51.28,0,2025,9,24,6,0.00037505718201354566,169.224,0.036620166521600356,0.6434999999999998,0
3,0,3,3,3701.16,401.78,2.02,6.5,3,0.555,8.19,1,2024,3,11,1,0.0005457748381588475,53.235,0.10855515568092165,2.8924999999999996,0
2,1,1,0,1694.53,77.55,2.63,1.3,2,0.841,9.91,1,2024,8,28,6,0.001552052781597257,12.883000000000001,0.04576490236230695,0.20670000000000005,0
6,2,0,1,10367.24,183.91,3.4,7.2,0,0.992,0.97,0,2025,10,8,6,0.00032795613876017145,6.984,0.017739533376289158,0.057600000000000054,1
7,3,2,1,9990.41,187.3,2.62,9.8,4,0.953,26.61,1,2025,12,1,1,0.000262251499187721,260.778,0.01874797931216036,0.46060000000000045,1
3,7,1,0,4462.26,76.55,2.66,8.0,2,0.936,34.7,1,2024,10,21,1,0.0005961104910964399,277.6,0.017154984245651306,0.5119999999999996,1
0,8,1,3,14287.52,399.43,1.42,8.6,3,0.651,16.85,1,2024,8,20,5,9.938743742790911e-05,144.91,0.02795656629002094,3.0014,1
4,1,3,0,2690.34,353.91,2.52,3.6,1,0.875,6.65,1,2024,4,2,5,0.0009366845826178104,23.94,0.13154842882312273,0.45,0
0,6,1,3,6768.85,96.0,3.72,3.2,4,0.926,16.5,1,2025,3,20,4,0.0005495763682161667,52.800000000000004,0.014182615953965591,0.23679999999999987,0
6,1,1,0,14182.43,183.99,4.22,5.2,1,0.839,18.1,0,2024,4,10,6,0.00029755126589731096,94.12,0.012973094173565462,0.8372000000000002,0
2,6,0,2,6586.05,53.8,2.56,0.5,4,0.625,0.88,0,2025,10,10,0,0.0003887003590923239,0.44,0.00816878098404962,0.1875,0
1,3,2,2,9758.63,314.48,2.6,9.5,4,0.977,25.14,1,2025,12,21,3,0.00026643084121439183,238.83,0.03222583497888536,0.2185000000000002,1
6,6,2,1,6265.12,61.56,3.52,1.4,2,0.725,31.96,1,2024,4,12,0,0.0005618407947493424,44.744,0.009825829353627705,0.385,0
5,3,3,2,4476.12,492.98,4.31,9.0,0,0.565,8.73,0,2025,3,30,3,0.0009628875007819272,78.57000000000001,0.11013556383653701,3.9150000000000005,1
4,1,0,0,14767.68,390.56,2.08,0.8,3,0.555,1.35,0,2024,6,19,6,0.00014084812238618387,1.08,0.02644694359574422,0.356,0
1,3,2,2,6435.34,195.73,2.65,8.2,0,0.824,5.74,0,2025,12,11,4,0.0004117886545233041,47.068,0.030414865415036345,1.4432000000000003,1
7,7,0,4,13464.44,289.7,3.83,1.5,2,0.719,5.58,1,2024,11,2,2,0.0002844529739075669,8.370000000000001,0.02151593382272118,0.42150000000000004,0
7,3,1,4,3834.34,455.76,3.21,0.4,0,0.547,2.71,0,2024,1,30,5,0.0008371714558437697,1.084,0.11886269866522008,0.1812,0
4,8,0,4,3590.02,277.5,1.56,7.2,0,0.87,0.57,1,2024,2,17,2,0.0004345379691478042,4.104,0.07729761951186902,0.936,1
3,1,1,0,951.44,88.07,3.27,2.8,1,0.9,1.04,0,2024,11,28,4,0.00343689565290507,2.912,0.09256495417472461,0.2799999999999999,0
2,8,1,0,9949.17,189.97,1.82,7.1,2,0.863,74.66,1,2024,2,27,5,0.0001829298323377729,530.0859999999999,0.019094055081981712,0.9727,1
1,4,3,4,5843.63,421.73,2.88,5.6,4,0.601,30.56,1,2024,10,27,3,0.0004928443450389569,171.136,0.07216918251155532,2.2344,0
0,3,1,0,13033.19,322.46,2.95,1.1,1,0.845,14.74,0,2025,1,2,4,0.00022634520021575684,16.214000000000002,0.024741448563245068,0.17050000000000004,0
5,7,1,2,7361.54,325.71,4.09,9.3,4,0.505,22.94,1,2025,1,18,2,0.0005555902705140501,213.34200000000004,0.04424481833964089,4.6035,1
7,5,0,2,14538.8,433.54,2.73,4.5,1,0.653,1.29,1,2025,3,17,1,0.00018777340633339753,5.805,0.029819517429223872,1.5614999999999999,0
2,1,2,2,3190.12,447.09,2.12,7.3,0,0.699,2.98,0,2024,5,29,6,0.000664551803693905,21.753999999999998,0.14014833297806978,2.1973000000000003,1
2,3,3,3,13095.04,459.98,1.96,5.0,1,0.918,32.63,0,2024,9,7,2,0.00014967499144714333,163.15,0.035126276819314795,0.4099999999999998,0
2,8,3,1,11760.65,48.33,4.09,6.0,1,0.695,32.57,0,2025,6,27,0,0.000347769893670843,195.42000000000002,0.004109466738658152,1.8300000000000003,0
3,0,2,1,11678.37,272.52,1.76,3.0,2,0.506,63.95,1,2025,2,25,5,0.0001507059632465832,191.85000000000002,0.023335448354522073,1.482,0
4,2,3,1,12749.36,370.51,2.61,2.0,4,0.676,58.52,1,2025,8,2,2,0.00020471615830127942,117.04,0.02906106659471534,0.6479999999999999,0
3,8,2,4,11534.85,378.71,1.82,5.4,0,0.749,8.57,1,2025,11,29,2,0.0001577827193244819,46.278000000000006,0.03283180968976623,1.3554000000000002,0
7,5,0,3,9580.19,303.75,3.75,4.4,0,0.975,1.31,0,2024,7,3,6,0.00039143273776407356,5.764000000000001,0.03170605175888996,0.11000000000000011,0
3,5,0,0,2403.05,84.23,2.77,3.9,2,0.971,0.67,1,2024,6,23,3,0.001152701774827823,2.613,0.03505128898691246,0.1131000000000001,0
0,6,2,1,971.63,398.91,2.36,6.7,0,0.59,1.51,1,2024,6,28,0,0.0024289081234626347,10.117,0.4105575167502033,2.7470000000000003,0
7,2,2,3,13852.29,360.34,2.39,6.9,3,0.593,13.51,1,2024,3,21,4,0.0001725346495056052,93.21900000000001,0.02601302744889112,2.8083000000000005,0
3,5,1,4,9441.43,43.98,4.01,0.5,1,0.582,10.37,0,2025,9,16,5,0.0004247237971366625,5.185,0.004658192667847985,0.20900000000000002,0
4,6,3,1,12049.79,232.44,3.03,3.4,0,0.894,19.41,0,2025,1,26,3,0.0002514566643900018,65.994,0.01928996272964093,0.36039999999999994,0
5,7,0,4,7482.07,87.81,3.57,4.1,1,0.503,0.5,0,2025,9,26,0,0.00047714068432933666,2.05,0.011736057000268642,2.0376999999999996,0
2,3,0,3,2200.97,169.4,4.16,1.0,2,0.564,1.43,1,2025,11,30,3,0.0018900757393331125,1.43,0.07696606496226664,0.43600000000000005,0
0,6,3,3,2315.19,10.02,4.18,2.4,2,0.769,28.91,1,2024,9,3,5,0.0018054673698486947,69.384,0.0043279385277234265,0.5543999999999999,0
5,4,3,3,10440.7,200.76,2.28,0.5,2,0.624,119.68,1,2025,5,24,2,0.0002183761625178388,59.84,0.019228595783807596,0.188,0
6,0,1,4,6739.44,275.39,4.34,10.0,3,0.546,8.32,1,2025,8,20,6,0.0006439704189072089,83.2,0.04086244554443693,4.539999999999999,1
0,7,3,2,3407.61,310.17,1.28,7.4,1,0.68,9.5,1,2024,5,26,3,0.00037562984026927966,70.3,0.09102274027837692,2.368,1
4,3,3,4,7628.12,332.08,2.44,0.9,0,0.637,11.75,0,2024,8,25,3,0.00031986911585030127,10.575000000000001,0.043533662291626245,0.3267,0
0,4,2,0,1431.03,418.31,4.16,0.2,1,0.756,2.25,0,2025,4,17,4,0.0029069970580630736,0.45,0.292313927730376,0.0488,0
4,8,1,1,8938.59,108.52,2.11,7.2,0,0.99,8.44,0,2025,10,15,6,0.00023605512726280093,60.768,0.012140617256189175,0.07200000000000006,1
5,1,3,3,4400.4,61.12,2.1,4.4,0,0.562,7.08,1,2024,9,17,5,0.00047722934278701944,31.152000000000005,0.013889646395782202,1.9272,0
0,2,3,2,12064.61,425.92,2.2,7.9,4,0.686,70.45,1,2025,4,15,5,0.0001823515223451069,556.5550000000001,0.035303254726012694,2.4805999999999995,1
3,4,1,3,5000.25,79.15,3.22,9.2,2,0.966,40.48,1,2024,9,18,6,0.0006439678016099196,372.41599999999994,0.015829208539573023,0.31280000000000024,1
2,0,1,1,7100.69,487.41,2.65,6.0,1,0.938,9.91,1,2025,11,13,4,0.00037320316757948876,59.46,0.0686426248716674,0.37200000000000033,0
1,0,0,4,668.5,421.43,3.6,1.9,1,0.697,0.5,1,2024,1,10,6,0.005385190725504862,0.95,0.630411368735976,0.5757000000000001,0
5,0,2,0,1550.48,250.94,4.15,7.8,2,0.849,11.05,1,2025,4,21,1,0.002676590475207678,86.19,0.1618466539394252,1.1778000000000002,1
4,7,2,4,6191.16,490.73,3.42,9.6,1,0.544,7.82,1,2024,10,21,1,0.000552400519450313,75.072,0.07926301371633103,4.377599999999999,1
5,3,0,1,7459.11,49.59,1.87,5.8,0,0.856,0.74,0,2025,11,24,1,0.0002507001505541546,4.292,0.006648246238492261,0.8352,0
4,3,0,2,9200.3,152.23,4.28,6.8,0,0.986,0.5,1,2025,7,13,3,0.00046520222166668485,3.4,0.016546199580448465,0.09520000000000008,0
5,3,2,0,4729.11,319.47,2.07,3.4,2,0.769,26.18,1,2024,6,10,1,0.0004377144959622424,89.012,0.06755393721017275,0.7853999999999999,0
3,6,0,0,10577.24,175.65,1.69,3.8,2,0.749,5.04,1,2024,3,16,2,0.0001597770306809716,19.151999999999997,0.016606411502433527,0.9538,0
5,0,3,3,12971.77,464.26,1.5,7.3,1,0.594,37.32,0,2025,3,28,0,0.00011563572280421253,272.436,0.03579002711272247,2.9638,1
0,2,2,2,11807.84,33.75,3.06,9.3,1,0.817,15.89,0,2024,12,19,4,0.0002591498529790377,147.77700000000002,0.0028582704372687976,1.7019000000000006,1
5,5,1,3,1074.47,275.16,1.58,6.3,1,0.795,1.75,0,2025,8,24,3,0.0014704924288253744,11.025,0.2560890485541709,1.2914999999999996,0
5,4,0,0,7467.35,295.84,1.66,7.9,4,0.826,1.57,1,2024,11,2,2,0.00022230108405257553,12.403,0.039617802835008396,1.3746000000000005,1
2,3,0,3,2021.49,326.71,2.19,1.7,2,0.513,0.98,1,2025,10,16,4,0.001083359304275559,1.666,0.16161841018258807,0.8279,0
6,6,3,2,4009.65,128.58,2.13,2.1,2,0.774,49.72,1,2025,3,10,1,0.0005312184355242976,104.412,0.032067636826156896,0.47459999999999997,0
6,0,0,0,14806.61,182.92,3.19,5.3,3,0.797,1.64,0,2025,12,7,3,0.00021544431844966537,8.691999999999998,0.012353941921884886,1.0758999999999996,0
5,4,2,3,2566.19,422.0,3.9,1.8,3,0.604,0.65,0,2024,9,13,0,0.001519762761136159,1.1700000000000002,0.16444612441011772,0.7128000000000001,0
2,3,1,3,7733.88,98.28,3.71,6.3,3,0.604,8.36,1,2025,4,12,2,0.0004797074689547808,52.66799999999999,0.012707722385141739,2.4948,0
5,3,0,0,9463.26,413.61,2.07,2.9,1,0.638,0.73,0,2024,11,5,5,0.00021874068766999954,2.117,0.043706925520380926,1.0497999999999998,0
7,7,1,2,10685.74,281.77,2.01,7.9,0,0.856,10.69,1,2024,7,22,1,0.00018810115162824472,84.451,0.026368786813079862,1.1376000000000002,1
2,3,2,1,8614.91,381.33,4.39,8.1,1,0.803,10.77,0,2025,1,28,5,0.0005095816439173479,87.237,0.044263956326879794,1.5956999999999995,1
0,1,1,1,641.68,357.09,1.23,4.6,0,0.923,0.91,0,2025,5,9,0,0.0019168432863732703,4.186,0.5564923326268545,0.3541999999999998,0
0,6,0,0,5233.69,104.55,4.1,1.8,4,0.648,0.5,0,2024,4,19,0,0.0007833861004377409,0.9,0.019976345561162394,0.6335999999999999,0
3,0,3,1,8006.82,284.84,1.86,6.5,0,0.956,14.85,1,2024,8,30,0,0.00023230196257690322,96.52499999999999,0.03557467259161565,0.28600000000000025,0
1,0,0,3,1774.06,433.99,4.33,9.9,4,0.872,0.86,1,2025,1,25,2,0.0024407291748869825,8.514,0.24463095949404193,1.2672,1
3,7,2,4,5584.09,216.63,2.33,6.2,2,0.698,34.13,1,2025,8,8,0,0.0004172568851863061,211.60600000000002,0.038794145509832394,1.8724000000000003,0
5,5,0,1,981.45,483.33,2.65,0.4,3,0.548,1.32,0,2025,1,2,4,0.0027000866065515308,0.528,0.4924652300168118,0.1808,0
4,1,1,4,1639.39,226.66,3.53,0.2,4,0.628,4.04,1,2025,8,11,1,0.0021532399246061034,0.808,0.13825874258108198,0.07440000000000001,0
6,2,2,3,6255.39,72.25,3.14,3.2,3,0.978,5.18,0,2024,10,29,5,0.0005019671035698814,16.576,0.011550039246154116,0.07040000000000006,0
5,2,0,4,2424.38,195.33,2.25,2.0,4,0.655,0.5,1,2025,12,17,6,0.0009280723318951649,1.0,0.08056905270625891,0.69,0
5,1,3,0,8729.34,475.9,3.03,8.1,4,0.665,51.07,1,2024,10,29,5,0.00034710527943693334,413.667,0.05451729454918699,2.7135,1
7,2,1,1,10497.24,160.54,3.61,8.4,2,0.595,82.99,1,2024,1,23,5,0.00034389992036001844,697.116,0.015293543826758271,3.4020000000000006,1
3,0,1,4,12108.51,434.18,1.34,2.6,0,0.903,9.72,1,2025,11,5,6,0.00011066596963623105,25.272000000000002,0.035857425893028955,0.2521999999999999,0
4,1,3,1,3402.18,440.74,1.24,3.3,2,0.638,44.71,1,2025,2,9,3,0.00036447219135965763,147.543,0.12954634969343187,1.1945999999999999,0
4,0,2,2,2928.5,175.74,2.71,2.4,4,0.665,5.61,0,2024,10,8,5,0.000925388424107905,13.464,0.0600102441522964,0.8039999999999999,0
4,0,3,1,2016.23,42.55,1.64,9.1,1,0.707,6.39,0,2024,1,9,5,0.0008133992649648105,58.148999999999994,0.02110374312454432,2.6663,1
7,1,2,3,9728.24,362.55,3.39,5.0,4,0.717,21.09,0,2025,8,2,2,0.00034847002129881664,105.45,0.037267789445984065,1.415,0
2,8,1,0,10743.9,156.44,1.91,6.6,1,0.706,14.66,1,2025,12,3,6,0.00017777529574921583,96.756,0.014560820558642579,1.9404000000000001,0
6,8,2,0,958.0,391.68,2.63,4.2,3,0.752,1.01,0,2024,2,20,5,0.002745302713987474,4.242,0.4088517745302714,1.0416,0
1,0,0,4,14075.08,221.88,1.85,6.3,2,0.907,8.06,1,2025,9,12,0,0.00013143797406480105,50.778,0.0157640311813503,0.5858999999999998,0
5,7,1,1,1253.58,243.15,3.01,3.9,4,0.91,2.74,1,2025,5,23,0,0.0024011231832033056,10.686,0.19396448571291822,0.35099999999999987,0
1,6,1,0,8348.8,389.18,1.58,3.4,3,0.899,7.92,0,2024,10,20,3,0.00018924875431199697,26.928,0.04661508240705252,0.3433999999999999,0
2,3,1,2,10781.38,191.8,1.28,6.3,4,0.551,30.32,0,2024,8,23,0,0.00011872320612018129,191.016,0.017789930417070915,2.8286999999999995,0
5,4,3,1,13129.05,222.12,1.37,5.9,3,0.9,28.93,0,2025,9,13,2,0.00010434875333706552,170.687,0.016918208095787587,0.5899999999999999,0
0,2,0,1,10854.26,188.72,4.35,2.9,3,0.56,0.88,0,2024,12,26,4,0.0004007643082071002,2.552,0.017386721895366428,1.2759999999999998,0
1,6,2,1,12125.06,184.3,1.67,1.5,2,0.562,60.93,1,2024,8,12,1,0.00013773127720605093,91.395,0.015199924783877359,0.6569999999999999,0
1,3,0,2,5422.03,263.45,3.54,3.7,2,0.974,3.93,1,2025,10,13,1,0.0006528919980155034,14.541000000000002,0.048588812677170724,0.09620000000000009,0
5,8,1,4,12314.96,404.59,1.42,4.2,2,0.91,82.61,1,2024,7,13,2,0.00011530691126889572,346.962,0.03285353748611445,0.3779999999999999,0
5,0,1,3,1661.67,181.52,1.56,6.3,3,0.776,1.66,1,2025,9,27,2,0.000938814566069075,10.457999999999998,0.10923950002106315,1.4111999999999998,0
4,6,0,3,13474.84,262.6,2.88,9.1,4,0.937,2.81,1,2024,9,13,0,0.00021373166583054046,25.570999999999998,0.019488172030243032,0.5732999999999995,1
4,0,1,1,8440.09,335.69,2.73,0.4,3,0.995,7.35,0,2025,11,25,5,0.00032345626646161353,2.94,0.039773272559889765,0.0020000000000000018,0
7,5,0,0,12350.82,135.45,4.34,2.4,1,0.805,1.28,1,2025,11,6,4,0.0003513936726468364,3.072,0.010966883170510136,0.46799999999999986,0
0,1,3,2,7058.62,139.48,4.32,1.9,1,0.806,16.61,0,2025,11,28,0,0.0006120176465088077,31.558999999999997,0.019760236420150113,0.36859999999999987,0
7,1,3,2,9831.88,466.77,3.77,5.0,3,0.877,20.04,0,2024,5,20,1,0.0003834465026017405,100.19999999999999,0.04747515225979162,0.615,0
3,8,2,1,8132.84,362.04,3.19,4.3,0,0.616,5.72,1,2025,10,5,3,0.0003922369061729974,24.595999999999997,0.044515814893690275,1.6512,0
0,7,2,1,11108.05,289.02,2.7,7.3,1,0.584,14.55,1,2024,4,9,5,0.00024306696494884344,106.215,0.026018968225746193,3.0368000000000004,1
4,8,1,1,1683.63,324.21,2.38,2.4,1,0.88,2.08,1,2025,10,4,2,0.0014136122544739639,4.992,0.1925660626147075,0.288,0
4,3,2,3,1375.11,15.62,4.33,5.9,4,0.672,3.1,0,2025,10,23,4,0.0031488390019707518,18.290000000000003,0.011359091272698185,1.9351999999999998,0
4,7,1,4,4083.0,309.43,3.19,8.8,2,0.568,32.24,1,2024,2,10,2,0.0007812882684300759,283.71200000000005,0.07578496203771737,3.8016000000000005,1
6,2,1,3,2813.4,255.24,3.11,9.1,0,0.657,3.1,0,2024,11,12,5,0.0011054240420843107,28.21,0.09072296865003199,3.1212999999999997,1
5,7,3,4,13140.86,273.33,1.97,9.6,0,0.679,27.52,1,2025,3,27,4,0.00014991408477070753,264.192,0.02080000852303426,3.0815999999999995,1
1,3,0,3,3678.6,180.35,1.35,7.7,4,0.983,1.23,1,2024,2,4,3,0.0003669874408742457,9.471,0.04902680367531126,0.13090000000000013,1
1,5,3,2,14650.05,41.66,4.32,9.1,2,0.849,236.39,1,2025,8,16,2,0.0002948795396602742,2151.149,0.00284367630144607,1.3741,1
2,5,1,1,5384.99,97.48,2.24,2.3,4,0.765,12.71,1,2025,1,8,6,0.00041597106029909065,29.233,0.018102169177658643,0.5405,0
1,8,0,1,3140.71,475.42,2.66,2.0,1,0.984,1.11,1,2024,5,14,5,0.000846942251911192,2.22,0.1513734155652703,0.03200000000000003,0
4,7,0,1,11950.63,204.94,1.58,0.1,1,0.952,1.47,0,2024,4,2,5,0.0001322106031230153,0.147,0.01714888671141187,0.004800000000000005,0
0,8,1,3,10051.26,233.87,3.96,7.1,2,0.756,75.18,1,2024,10,29,5,0.00039398045618161304,533.778,0.023267729617978242,1.7324,1
0,4,1,3,7723.84,27.3,1.29,9.4,1,0.953,10.54,1,2024,11,30,2,0.00016701537059286573,99.076,0.0035345113311513444,0.4418000000000004,1
7,6,0,3,8552.77,19.75,3.95,1.9,2,0.702,4.05,1,2025,3,1,2,0.0004618386791647618,7.694999999999999,0.002309193395823809,0.5662,0
0,1,2,4,10928.43,358.87,1.66,6.4,3,0.615,10.69,1,2024,6,28,0,0.00015189739056753804,68.416,0.032838202742754445,2.4640000000000004,0
2,6,3,2,3812.59,269.51,4.13,7.5,0,0.616,6.73,0,2024,7,24,6,0.001083253116647738,50.475,0.07068947880574622,2.88,1
0,4,1,1,14946.84,254.84,3.61,9.3,3,0.831,18.23,0,2024,5,15,6,0.00024152262284201877,169.53900000000002,0.017049757674531874,1.5717000000000005,1
7,6,3,0,14634.5,122.32,1.74,6.5,0,0.751,26.77,1,2025,7,6,3,0.00011889712665277256,174.005,0.008358331340325941,1.6185,0
6,3,1,1,9929.72,372.63,3.07,9.7,3,0.829,12.34,1,2025,1,9,4,0.0003091728669086339,119.698,0.03752673791406001,1.6587000000000003,1
1,3,3,3,3393.37,84.95,2.23,3.4,2,0.843,43.93,1,2025,6,27,0,0.0006571638223948464,149.362,0.025034110633382154,0.5338,0
1,8,1,1,10363.31,95.78,1.79,3.5,4,0.511,26.01,1,2025,5,28,6,0.0001727247375597179,91.03500000000001,0.009242220873446805,1.7115,0
7,1,0,0,1546.88,230.9,4.04,5.4,3,0.527,0.5,1,2024,10,6,3,0.002611708729830368,2.7,0.14926820438560198,2.5542000000000002,0
4,5,0,4,944.46,143.85,2.53,3.8,3,0.766,0.5,1,2024,6,17,1,0.0026787794083391564,1.9,0.152309256082841,0.8891999999999999,0
0,7,0,0,4236.4,124.48,2.52,0.0,1,0.596,0.79,0,2024,9,20,0,0.0005948446794448117,0.0,0.029383438768765938,0.0,0
7,7,0,1,7208.03,322.97,1.76,7.3,3,0.816,0.5,1,2025,5,8,4,0.00024417212469981397,3.65,0.04480697222403348,1.3432000000000004,1
0,8,1,2,13089.95,325.83,2.46,7.5,1,0.776,19.4,0,2024,10,29,5,0.0001879304351811886,145.5,0.024891615323205968,1.6799999999999997,1
7,6,0,2,11043.95,412.43,4.08,7.5,1,0.793,1.68,0,2024,12,12,4,0.00036943303799817997,12.6,0.03734442839744837,1.5524999999999998,1
4,7,1,2,11269.24,209.44,2.4,3.5,1,0.651,14.46,1,2024,4,27,2,0.0002129691088307641,50.61,0.018585104230631345,1.2214999999999998,0
3,7,1,0,6669.65,37.47,4.34,5.2,2,0.82,46.65,1,2025,4,24,4,0.0006507088078085057,242.58,0.005617985951286799,0.9360000000000003,0
1,4,3,3,5516.06,137.56,4.32,3.6,2,0.915,72.07,1,2024,3,18,1,0.0007831676957828595,259.452,0.02493808986849309,0.3059999999999999,0
0,4,2,0,5880.06,490.02,1.68,0.2,3,0.999,4.28,0,2024,5,24,0,0.00028571137029213985,0.8560000000000001,0.08333588432771093,0.0002000000000000002,0
3,7,0,0,14820.92,298.53,1.79,5.6,4,0.919,2.92,0,2024,8,19,1,0.00012077522852832348,16.352,0.020142474286346596,0.4535999999999997,0
3,1,0,2,1081.58,355.16,4.05,1.2,4,0.779,0.5,1,2025,11,23,3,0.0037445219031417,0.6,0.3283714565727917,0.26519999999999994,0
1,8,3,1,13071.96,4.67,2.5,0.8,0,0.597,18.61,0,2025,11,21,0,0.00019124905522966716,14.888,0.0003572532351690183,0.3224,0
5,1,3,0,8890.79,259.58,1.21,7.6,4,0.841,50.86,1,2025,2,10,1,0.00013609589249099347,386.536,0.02919650559736536,1.2084000000000001,1
0,5,3,3,6859.92,19.73,2.1,0.1,0,0.969,8.99,0,2025,7,24,4,0.00030612601896232026,0.899,0.002876126835298371,0.003100000000000003,0
3,8,2,3,11016.24,285.05,3.17,9.6,3,0.606,11.98,1,2025,1,9,4,0.00028775698423418516,115.008,0.025875434812603938,3.7824,1
7,7,2,2,7556.7,460.46,3.84,5.2,4,0.628,16.94,1,2024,4,2,5,0.0005081583230775338,88.08800000000001,0.06093400558444824,1.9344000000000001,0
5,3,3,2,13164.64,484.24,1.64,9.8,3,0.575,32.57,0,2025,2,8,2,0.00012457613728898017,319.18600000000004,0.03678338336635108,4.165000000000001,1
1,0,3,3,13560.18,270.74,1.56,0.6,2,0.868,154.48,1,2024,1,15,1,0.0001150427206718495,92.68799999999999,0.019965811663267007,0.0792,0
1,5,0,0,6614.95,229.64,4.24,5.8,4,0.703,0.75,1,2024,9,27,0,0.0006409723429504381,4.35,0.03471530397055155,1.7226000000000001,0
6,6,0,2,4514.0,472.56,3.68,3.5,4,0.531,1.8,0,2025,7,3,4,0.000815241470979176,6.3,0.10468763845813026,1.6415,0
6,4,3,1,9089.08,337.13,3.15,8.4,1,0.937,26.61,1,2024,5,6,1,0.00034656972982964173,223.524,0.03709176286268797,0.5291999999999996,1
5,3,0,1,13729.27,33.38,3.74,3.6,0,0.779,1.15,0,2025,4,10,4,0.0002724106962715425,4.14,0.002431301882765799,0.7956,0
5,1,2,4,3554.6,233.4,2.62,2.6,3,0.666,2.95,0,2025,1,12,3,0.0007370730883925055,7.670000000000001,0.06566139650030946,0.8684,0
0,7,0,1,9533.02,120.88,3.7,8.6,0,0.672,0.5,1,2025,11,19,6,0.00038812464465615306,4.3,0.012680137039469129,2.8207999999999993,1
0,5,0,0,9657.62,235.43,2.43,3.7,2,0.645,5.67,1,2025,11,19,6,0.00025161478708004664,20.979,0.02437764169640139,1.3135,0
2,6,2,3,11130.14,228.28,2.01,0.2,1,0.728,10.36,0,2024,9,25,6,0.0001805907203323588,2.072,0.02051007444650292,0.054400000000000004,0
1,8,1,1,2407.73,291.49,3.61,3.9,3,0.669,2.01,0,2025,8,21,4,0.0014993375503067204,7.838999999999999,0.12106423893044486,1.2908999999999997,0
7,6,0,0,10879.46,179.03,2.58,6.5,0,0.774,0.74,0,2025,1,25,2,0.00023714412296198527,4.81,0.01645577997437373,1.4689999999999999,0
5,5,3,2,13680.97,82.97,4.44,2.5,2,0.887,170.77,1,2025,10,15,6,0.0003245383916491302,426.925,0.006064628458362236,0.2825,0
1,4,2,3,3105.41,252.36,2.35,4.3,2,0.837,18.89,1,2025,1,15,6,0.0007567438760099311,81.227,0.08126463172334733,0.7009000000000001,0
4,6,3,0,3944.38,415.27,4.24,0.6,1,0.647,8.0,1,2024,4,20,2,0.001074947139981442,4.8,0.10528143840096542,0.2118,0
1,4,3,2,14585.23,332.34,4.28,5.9,3,0.764,31.2,0,2025,11,22,2,0.0002934475493358693,184.08,0.022786065080907192,1.3924,0
6,1,3,3,3124.17,169.85,2.0,7.6,0,0.92,5.62,0,2024,8,27,5,0.0006401700291597448,42.711999999999996,0.054366439726391325,0.6079999999999997,1
3,1,2,0,12888.58,467.83,3.83,4.1,1,0.534,13.93,1,2025,4,27,3,0.00029716229406187496,57.11299999999999,0.03629802507335952,1.9105999999999996,0
2,3,1,3,7638.03,456.19,2.63,4.2,3,0.539,8.39,1,2024,1,26,0,0.00034432962426175334,35.23800000000001,0.059726133571090974,1.9362,0
5,3,2,0,4084.85,105.46,4.23,0.9,2,0.778,21.2,1,2025,9,26,0,0.0010355337405290282,19.08,0.0258173494742769,0.19979999999999998,0
6,5,3,4,13125.87,20.67,2.69,2.0,3,0.82,23.89,0,2025,7,28,1,0.0002049387964378742,47.78,0.0015747527592456729,0.3600000000000001,0
6,1,2,2,6956.93,370.91,3.66,1.5,1,0.606,6.88,0,2024,12,1,3,0.0005260941248510477,10.32,0.05331518356516452,0.591,0
6,2,2,1,7964.85,413.98,2.74,4.8,1,0.873,8.87,0,2025,9,16,5,0.0003440115005304557,42.57599999999999,0.05197586897430586,0.6096,0
1,3,3,2,5708.88,483.96,1.95,5.3,1,0.823,14.55,1,2024,8,14,6,0.0003415731281792576,77.115,0.08477319544288897,0.9381000000000003,0
2,0,3,2,9097.79,445.03,1.86,9.5,1,0.962,29.16,0,2025,10,25,2,0.00020444525538619818,277.02,0.04891627527124719,0.3610000000000003,1
6,0,0,4,2871.1,300.67,2.6,0.7,0,0.584,0.84,0,2024,3,5,5,0.0009055762599700464,0.588,0.10472292849430533,0.2912,0
0,7,0,3,6170.68,265.5,3.69,6.0,0,0.876,0.51,0,2025,10,12,3,0.0005979892005419175,3.06,0.04302605223411358,0.744,0
5,1,3,3,14556.48,14.89,3.2,5.3,2,0.542,205.11,1,2025,4,20,3,0.0002198333663083383,1087.083,0.0010229121326034865,2.4273999999999996,0
0,5,3,0,4242.93,124.08,3.47,5.2,4,0.783,22.85,1,2025,12,18,4,0.000817831074281216,118.82000000000001,0.029243942275738698,1.1283999999999998,0
0,5,3,1,10022.68,230.35,2.13,8.7,3,0.776,24.04,0,2024,11,5,5,0.0002125180091552359,209.14799999999997,0.02298287483986319,1.9487999999999996,1
7,6,1,3,5215.26,314.62,2.79,2.1,4,0.694,12.14,1,2025,10,26,3,0.000534968534646403,25.494000000000003,0.06032681016862055,0.6426000000000002,0
5,8,2,2,11715.36,279.07,1.35,0.4,3,0.922,9.29,0,2025,2,22,2,0.00011523333469906175,3.7159999999999997,0.023820864232938638,0.031199999999999985,0
2,3,3,3,2397.67,371.58,3.9,6.7,1,0.502,6.2,1,2024,4,29,1,0.0016265791372457427,41.54,0.15497545533789053,3.3366000000000002,0
5,1,0,2,14562.41,140.6,4.47,3.5,2,0.76,7.95,1,2024,5,23,4,0.0003069546867585791,27.825,0.00965499529267477,0.84,0
5,7,3,2,7079.95,282.91,2.54,0.2,1,0.609,14.77,0,2024,2,16,0,0.0003587595957598571,2.954,0.039959321746622506,0.0782,0
5,0,0,1,3922.73,44.98,1.24,2.5,3,0.872,1.04,0,2024,2,8,4,0.0003161063850940544,2.6,0.011466504194782715,0.32,0
5,8,2,4,1565.7,207.42,1.76,3.1,0,0.522,1.07,0,2024,11,7,4,0.0011240978476080986,3.317,0.1324774861084499,1.4818,0
7,3,1,2,2961.49,375.33,3.35,6.2,2,0.916,21.7,1,2025,5,19,1,0.0011311873415071469,134.54,0.12673687907100817,0.5207999999999998,0
0,8,2,2,8036.72,347.01,3.22,1.7,0,0.919,5.18,0,2024,4,28,3,0.0004006609661653013,8.806,0.04317806269224261,0.13769999999999993,0
3,1,2,2,5386.55,495.33,3.8,4.1,0,0.916,3.6,0,2024,4,9,5,0.0007054608237183354,14.76,0.09195681837168503,0.3443999999999998,0
3,8,1,0,12518.81,139.67,2.04,4.8,1,0.576,16.05,1,2024,8,28,6,0.00016295478563857108,77.04,0.011156811230460403,2.0352,0
1,2,1,2,6747.87,249.6,3.72,4.6,0,0.815,6.45,0,2025,7,4,0,0.0005512850721783319,29.669999999999998,0.03698945000422355,0.8510000000000002,0
3,6,3,3,4106.36,165.44,3.47,9.7,3,0.507,9.02,1,2024,5,18,2,0.000845030635404592,87.49399999999999,0.04028872285917455,4.7821,1
5,1,2,3,9448.6,220.86,2.27,0.5,0,0.924,5.13,0,2025,2,1,2,0.00024024723239421712,2.565,0.023374891518320173,0.03799999999999998,0
6,1,3,0,10748.27,428.62,3.0,9.5,0,0.861,21.66,1,2025,4,9,6,0.0002791146854330976,205.77,0.03987804549011143,1.3205,1
5,3,0,1,2922.11,342.42,1.69,5.8,3,0.766,0.5,0,2025,1,14,5,0.0005783492065664879,2.9,0.11718244693047147,1.3572,0
4,8,2,4,2930.48,441.34,2.69,8.0,4,0.865,8.07,1,2025,11,17,1,0.0009179383582211787,64.56,0.15060331413283828,1.08,1
7,6,1,2,1031.74,102.55,4.11,4.3,3,0.547,1.67,1,2025,12,14,3,0.003983561750053309,7.180999999999999,0.09939519646422548,1.9478999999999997,0
3,2,1,2,11177.83,436.81,2.59,4.5,3,0.764,11.72,0,2025,7,7,1,0.00023170865901521134,52.74,0.039078246851133,1.0619999999999998,0
7,4,0,4,10125.17,30.82,3.97,8.8,4,0.646,1.96,1,2025,3,5,6,0.0003920921821559539,17.248,0.0030438995098353906,3.1152,1
1,2,3,2,7382.15,444.41,3.15,9.0,4,0.986,45.21,1,2025,8,24,3,0.00042670495722790786,406.89,0.06020061906084272,0.1260000000000001,1
1,0,3,4,12740.47,165.21,1.83,2.4,1,0.929,28.92,0,2024,6,7,0,0.0001436367732116633,69.408,0.01296733950945295,0.17039999999999988,0
1,7,1,0,12182.22,157.98,3.12,2.0,3,0.867,12.23,0,2025,2,28,0,0.0002561109551461064,24.46,0.012968079709609578,0.266,0
7,6,3,4,8987.64,256.53,2.87,5.0,0,0.967,15.24,1,2025,11,1,2,0.00031932743189535856,76.2,0.028542531743594536,0.16500000000000015,0
1,6,3,0,13089.93,470.4,2.52,9.0,4,0.673,78.96,1,2024,4,11,4,0.00019251439847271912,710.64,0.035936021048240896,2.9429999999999996,1
4,2,1,2,3484.7,24.84,1.59,3.2,1,0.95,4.0,1,2025,5,16,0,0.0004562803110741241,12.8,0.007128303727724051,0.16000000000000014,0
4,2,3,2,2122.83,176.76,2.58,6.5,1,0.663,5.33,1,2025,9,22,1,0.0012153587428103052,34.645,0.08326620596091067,2.1904999999999997,0
1,5,1,1,4411.37,428.43,1.44,7.1,1,0.866,7.18,0,2025,2,21,0,0.0003264292045328322,50.977999999999994,0.09711948895694535,0.9514,1
1,6,0,3,1327.76,198.63,1.53,7.8,0,0.868,0.5,0,2024,10,13,3,0.001152316683738025,3.9,0.14959781888293064,1.0296,1
0,3,0,4,8201.96,100.38,2.57,5.6,2,0.509,4.99,1,2024,2,3,2,0.0003133397383064536,27.944,0.012238538105525996,2.7495999999999996,0
1,3,2,1,14080.78,212.97,2.21,4.0,1,0.681,14.49,1,2025,12,7,3,0.000156951532514534,57.96,0.015124872343719594,1.2759999999999998,0
6,0,2,3,1070.48,193.39,4.25,9.7,0,0.51,1.04,0,2025,1,14,5,0.003970181600777221,10.088,0.18065727524101335,4.752999999999999,1
7,7,1,0,2270.59,457.79,2.44,6.1,2,0.999,16.73,1,2024,8,10,2,0.0010746105637741731,102.053,0.20161720081564702,0.006100000000000005,0
4,1,3,1,7056.89,381.21,3.7,7.3,2,0.561,107.11,1,2025,3,30,3,0.0005243102839919568,781.903,0.05401954685420914,3.2046999999999994,1
3,0,0,1,14041.19,253.05,2.95,3.4,1,0.771,0.71,1,2025,3,31,1,0.00021009615281895622,2.4139999999999997,0.01802197676977521,0.7786,0
4,1,2,2,5084.26,494.2,3.52,6.7,0,0.895,4.58,0,2024,8,29,4,0.0006923328075275457,30.686,0.09720195269321395,0.7034999999999999,0
7,6,0,1,7854.9,233.17,2.06,2.6,1,0.601,0.75,1,2025,1,6,1,0.0002622566805433551,1.9500000000000002,0.02968465543800685,1.0374,0
5,3,0,4,1102.81,30.06,4.31,2.5,4,0.743,0.5,1,2024,4,11,4,0.003908198148366446,1.25,0.027257641842203098,0.6425000000000001,0
5,5,0,0,2650.98,131.87,2.95,7.1,2,0.804,0.57,1,2025,12,3,6,0.001112796022602962,4.047,0.049743868305305965,1.3915999999999995,1
7,2,0,4,14806.14,218.6,3.94,5.2,1,0.58,1.76,1,2025,1,11,2,0.00026610581826188326,9.152000000000001,0.014764145145189766,2.184,0
2,5,0,4,14494.22,79.29,2.4,6.8,4,0.889,4.26,1,2025,7,11,0,0.00016558324628714066,28.967999999999996,0.00547045649921141,0.7547999999999999,0
7,0,3,2,571.63,473.83,1.53,2.7,1,0.65,0.84,0,2025,10,22,6,0.0026765565138288754,2.2680000000000002,0.8289103091160366,0.945,0
5,7,0,0,14301.27,383.66,3.42,6.0,1,0.606,1.54,1,2025,1,2,4,0.0002391396008885924,9.24,0.026826988092665895,2.364,0
7,5,2,3,9767.24,134.88,1.23,4.4,1,0.779,11.21,0,2024,3,3,3,0.00012593117400616755,49.324000000000005,0.013809428251993399,0.9723999999999999,0
3,8,1,3,13084.82,295.81,2.77,6.0,1,0.705,17.06,0,2025,2,11,5,0.00021169569012030736,102.35999999999999,0.022607112669490295,1.7700000000000002,0
2,6,1,3,7093.73,361.0,1.84,2.9,4,0.96,16.69,1,2024,10,9,6,0.000259383991214777,48.401,0.0508900113198557,0.1160000000000001,0
6,4,1,0,7976.14,470.7,3.27,7.2,0,0.94,7.09,0,2024,7,13,2,0.0004099727437081094,51.048,0.059013507786974645,0.4320000000000004,1
7,7,2,0,7588.28,440.94,4.43,8.1,2,0.742,51.19,1,2024,5,5,3,0.0005837950101999399,414.63899999999995,0.058108029751142556,2.0898,1
6,5,3,3,10169.53,258.08,2.73,2.6,2,0.68,128.34,1,2025,4,10,4,0.0002684489843680091,333.684,0.02537777065410102,0.8319999999999999,0
0,1,3,0,2524.94,387.55,3.9,3.0,1,0.663,6.13,0,2024,4,3,6,0.0015445911586017885,18.39,0.1534887957733649,1.011,0
5,1,1,1,934.62,281.51,2.88,6.6,2,0.634,6.49,1,2025,11,9,3,0.0030814662643641267,42.833999999999996,0.3012026278059532,2.4156,0
5,2,3,0,4964.98,276.8,2.84,7.0,3,0.772,10.93,1,2024,8,5,1,0.0005720063323517919,76.50999999999999,0.05575047633625917,1.5959999999999999,1
3,4,1,2,10717.87,58.26,4.27,7.0,3,0.902,11.76,1,2025,10,19,3,0.00039840005523485535,82.32,0.005435781549878846,0.6859999999999998,1
5,4,0,2,3426.88,63.94,4.14,6.8,4,0.655,0.5,1,2025,10,16,4,0.0012080959940237183,3.4,0.018658371463255205,2.3459999999999996,0
1,7,2,4,10264.77,265.24,3.79,3.9,4,0.595,21.88,1,2025,9,3,6,0.00036922405470361244,85.332,0.025839838593558356,1.5795000000000001,0
2,6,3,3,14563.72,135.16,2.18,3.9,0,0.738,24.51,1,2024,1,22,1,0.00014968703051143528,95.589,0.009280595891708987,1.0218,0
7,0,1,1,1861.56,11.5,3.0,2.5,0,0.535,1.7,0,2024,2,21,6,0.0016115516018822924,4.25,0.006177614473882121,1.1624999999999999,0
6,0,3,3,10252.73,361.7,1.94,1.6,2,0.851,122.85,1,2024,12,7,2,0.00018921789611157225,196.56,0.0352784087750287,0.23840000000000006,0
3,7,1,1,6934.38,17.21,2.66,6.9,4,0.759,19.48,1,2024,9,6,0,0.00038359593792091,134.412,0.0024818368765484444,1.6629,0
2,8,0,0,13088.06,298.04,2.8,0.9,3,0.748,0.82,0,2024,5,8,6,0.0002139354495624256,0.738,0.02277190049556619,0.2268,0
2,3,2,2,3068.67,270.06,3.94,9.4,3,0.65,2.57,1,2025,8,1,0,0.0012839438584142315,24.157999999999998,0.0880055528942506,3.29,1
0,7,2,0,10543.08,484.44,4.16,8.3,4,0.952,26.69,0,2024,7,29,1,0.0003945716052614606,221.52700000000004,0.045948622224245665,0.39840000000000036,1
6,8,2,4,12652.67,242.62,2.57,8.6,3,0.545,12.62,1,2024,3,11,1,0.00020311918353991686,108.53199999999998,0.019175399342589352,3.9129999999999994,1
0,7,2,0,14196.91,32.74,1.26,9.1,1,0.935,17.75,0,2025,7,21,1,8.875170723770173e-05,161.525,0.002306135630922504,0.5914999999999995,1
6,1,3,3,10407.1,276.29,4.04,4.1,4,0.688,52.41,1,2024,7,31,6,0.0003881965196836775,214.88099999999997,0.026548221886981003,1.2792000000000001,0
3,2,3,0,7709.03,420.71,1.78,8.5,3,0.94,17.98,1,2025,8,23,2,0.00023089805072752344,152.83,0.05457366231549235,0.5100000000000005,1
1,8,3,0,9458.78,498.43,3.25,1.6,1,0.864,21.38,0,2024,8,9,0,0.0003435961085890569,34.208,0.052694956432013426,0.21760000000000002,0
5,5,0,4,13099.12,215.74,1.28,0.2,2,0.552,5.94,1,2024,8,26,1,9.771648782513634e-05,1.1880000000000002,0.016469808658902275,0.0896,0
6,2,2,3,8773.84,160.83,2.52,7.8,3,0.916,8.25,1,2024,12,2,1,0.0002872174555268845,64.35,0.01833062832237652,0.6551999999999997,1
3,7,3,1,940.61,453.42,4.45,0.7,3,0.841,1.67,0,2024,5,31,0,0.004730972454045779,1.1689999999999998,0.4820488831715589,0.11130000000000001,0
2,1,3,2,13998.76,96.43,1.53,9.9,3,0.516,33.96,1,2025,9,2,5,0.00010929539473496224,336.204,0.006888467264243405,4.7916,1
0,5,0,0,10498.14,308.1,2.6,6.7,0,0.567,1.5,1,2024,1,3,6,0.0002476629193361872,10.05,0.029348055941338182,2.9011000000000005,0
4,6,3,0,10309.44,203.45,2.21,7.5,2,0.818,157.02,1,2024,10,10,4,0.00021436663873110467,1177.65,0.01973434056553993,1.3650000000000004,1
4,5,0,1,3627.29,21.5,4.19,2.5,0,0.831,0.5,0,2024,5,28,5,0.0011551323439813195,1.25,0.005927290070548537,0.4225000000000001,0
7,4,1,1,10053.84,174.3,4.07,6.7,4,0.873,28.67,0,2024,5,13,1,0.00040482044671488705,192.08900000000003,0.01733665942565229,0.8509,0
6,3,2,1,6211.03,133.35,1.98,0.4,3,0.86,4.42,0,2025,7,7,1,0.00031878770509883225,1.768,0.021469868926731958,0.05600000000000001,0
6,1,2,4,9942.88,343.36,1.47,8.4,2,0.83,66.58,1,2024,9,13,0,0.00014784448771382134,559.272,0.03453325394654266,1.4280000000000004,1
1,5,3,2,2045.6,474.45,3.27,1.7,0,0.883,3.44,0,2024,6,27,4,0.0015985529917872507,5.848,0.23193684004693,0.1989,0
3,5,3,3,10038.76,134.76,2.31,7.0,1,0.788,28.55,1,2024,4,22,1,0.00023010810100052196,199.85,0.01342396869732915,1.4839999999999998,1
0,4,2,4,14991.5,405.92,3.42,2.2,0,0.63,9.61,1,2025,11,7,0,0.0002281292732548444,21.142,0.027076676783510657,0.8140000000000001,0
2,4,0,4,1199.07,28.62,1.31,0.7,4,0.956,0.5,1,2024,1,27,2,0.001092513364524173,0.35,0.023868498086016664,0.030800000000000025,0
3,6,2,1,14669.03,269.52,1.64,4.8,4,0.509,32.28,1,2024,5,14,5,0.00011180016674585843,154.944,0.018373403013014492,2.3568,0
2,0,3,4,6400.17,36.2,3.47,1.7,1,0.683,14.36,0,2024,1,16,5,0.0005421730985270704,24.412,0.005656099759850129,0.5388999999999999,0
5,4,1,3,13125.93,467.08,1.9,7.3,3,0.864,13.98,1,2025,1,1,6,0.0001447516480736984,102.054,0.035584526201191076,0.9928,1
1,7,0,2,11844.59,383.41,4.03,2.4,1,0.714,0.94,0,2024,8,31,2,0.00034023972125670876,2.256,0.03237005248809794,0.6864,0
1,8,3,3,8721.74,329.32,1.39,3.4,0,0.512,15.08,0,2025,8,25,1,0.0001593718684574408,51.272,0.03775852066216145,1.6592,0
1,7,0,1,11207.51,412.12,1.91,5.7,0,0.533,0.5,0,2024,11,27,6,0.00017042144062329634,2.85,0.03677177178516905,2.6618999999999997,0
5,4,0,2,13238.48,324.11,4.5,2.8,4,0.824,2.07,1,2024,1,17,6,0.0003399181779177066,5.795999999999999,0.02448241792109064,0.49280000000000007,0
4,8,1,3,6360.03,484.5,2.63,3.8,1,0.982,7.29,0,2024,6,27,4,0.0004135200620122861,27.701999999999998,0.07617888594865119,0.06840000000000006,0
3,6,1,0,5241.98,357.27,3.52,8.2,2,0.776,41.3,1,2024,9,28,2,0.0006715019897061798,338.65999999999997,0.06815554427907013,1.8367999999999995,1
4,8,1,3,10180.1,462.4,1.8,1.8,0,0.753,8.3,0,2024,2,23,0,0.00017681555191009912,14.940000000000001,0.04542195066846101,0.4446,0
7,2,3,0,12213.77,259.05,3.21,0.8,0,0.659,18.25,0,2024,5,9,4,0.000262818114308686,14.600000000000001,0.021209667449116856,0.2728,0
6,0,2,4,11553.13,59.42,3.6,3.3,4,0.628,23.39,1,2025,3,7,0,0.00031160386838891284,77.187,0.005143194961019222,1.2276,0
7,7,0,0,12068.3,264.56,2.24,4.2,0,0.51,1.01,0,2025,6,22,3,0.00018561023507867723,4.242,0.021921894550185197,2.058,0
1,2,2,4,6815.96,64.31,3.94,5.4,0,0.636,5.87,1,2024,4,26,0,0.0005780550355342461,31.698000000000004,0.009435207953098317,1.9656,0
6,6,3,4,12358.6,296.65,3.19,3.7,0,0.725,20.62,0,2024,3,6,6,0.0002581198517631447,76.29400000000001,0.024003527907691807,1.0175,0
4,1,2,3,2243.03,241.76,2.48,7.9,0,0.599,2.1,1,2025,5,2,0,0.0011056472717707743,16.59,0.10778277597713805,3.1679000000000004,1
0,4,2,1,8395.09,311.67,3.04,0.4,1,0.544,7.41,1,2025,4,4,0,0.00036211642757850125,2.9640000000000004,0.03712527203401036,0.1824,0
0,4,2,4,583.5,6.01,3.1,4.3,3,0.859,0.62,1,2025,1,5,3,0.005312767780634105,2.666,0.010299914310197085,0.6063000000000001,0
7,1,0,4,5206.49,98.23,1.75,3.8,1,0.947,1.1,1,2025,6,9,1,0.00033611895922204787,4.18,0.018866837351075295,0.20140000000000016,0
2,5,0,0,5813.69,246.17,2.53,6.5,0,0.968,0.56,0,2025,8,30,2,0.00043517972234501665,3.6400000000000006,0.042343158991965515,0.20800000000000018,0
2,5,1,4,6244.5,475.3,2.33,9.7,0,0.809,5.81,1,2024,4,21,3,0.00037312835295059656,56.35699999999999,0.07611498118344143,1.8526999999999993,1
4,6,1,2,10584.27,192.42,2.52,5.1,2,0.526,73.58,1,2025,4,7,1,0.00023808916439206482,375.258,0.018179808338222664,2.4173999999999998,0
7,7,3,4,6134.09,212.76,3.71,9.9,0,0.87,13.33,1,2025,5,30,0,0.0006048166883759449,131.967,0.034684851379748256,1.2870000000000001,1
4,1,3,1,7006.06,357.63,2.79,3.0,3,0.555,13.6,1,2024,8,14,6,0.00039822667804729047,40.8,0.051045808913997306,1.335,0
3,0,0,2,3944.39,302.29,4.3,0.3,1,0.835,0.5,0,2025,9,21,3,0.0010901558922925979,0.15,0.07663795922816964,0.04950000000000001,0
3,0,1,2,5912.15,150.16,2.17,1.7,4,0.89,13.06,1,2024,2,14,6,0.00036704075505526756,22.202,0.025398543677004136,0.18699999999999997,0
6,5,3,0,3795.41,206.0,2.57,4.0,2,0.863,51.1,1,2025,11,5,6,0.0006771336957008597,204.4,0.05427608611454362,0.548,0
3,7,2,1,1561.34,109.63,3.8,3.2,2,0.976,9.44,1,2025,6,17,5,0.0024338068582115363,30.208,0.07021532785940282,0.07680000000000008,0
3,6,0,0,9250.0,483.04,3.0,1.0,3,0.869,1.24,0,2024,11,4,1,0.0003243243243243243,1.24,0.052220540540540546,0.131,0
2,3,1,1,10189.09,66.19,3.01,4.3,4,0.847,26.54,0,2025,4,14,1,0.00029541401636456246,114.12199999999999,0.006496164034275877,0.6579,0
7,7,1,1,9482.61,186.55,1.38,3.4,1,0.631,11.37,1,2025,10,20,1,0.00014552955357227597,38.657999999999994,0.01967285378181745,1.2546,0
6,5,0,1,7220.66,13.89,2.52,1.2,4,0.962,0.95,1,2024,2,1,4,0.00034899856799793926,1.14,0.0019236468688457844,0.045600000000000036,0
2,1,2,3,6006.89,111.67,2.09,3.0,2,0.59,32.76,1,2024,3,3,3,0.0003479337893652122,98.28,0.018590318783929787,1.23,0
2,4,0,1,13018.34,390.46,4.5,8.9,1,0.952,1.49,1,2025,5,5,1,0.00034566619092756836,13.261000000000001,0.02999307131323963,0.4272000000000004,1
0,8,2,3,8026.69,101.39,2.22,3.0,2,0.656,44.71,1,2025,2,15,2,0.00027657726908601185,134.13,0.012631607798482315,1.032,0
7,2,3,0,7448.14,40.95,4.12,7.1,3,0.565,17.43,1,2025,3,12,6,0.0005531582381641591,123.75299999999999,0.005498016954568524,3.0885000000000002,1
5,8,0,0,871.81,237.75,3.43,6.1,3,0.913,0.5,0,2025,12,3,6,0.003934343492274693,3.05,0.2727085029995068,0.5306999999999997,0
4,5,0,3,5448.09,5.97,2.33,4.3,4,0.501,0.5,1,2024,4,20,2,0.00042767281744611414,2.15,0.0010957968756022752,2.1456999999999997,0
2,3,1,0,6012.84,43.3,2.99,2.4,4,0.916,13.18,1,2025,5,17,2,0.0004972691772939244,31.631999999999998,0.00720125597887188,0.20159999999999992,0
2,3,3,1,6282.93,404.01,3.97,3.7,2,0.631,82.81,1,2025,12,30,5,0.0006318707991335253,306.39700000000005,0.06430280139998376,1.3653,0
1,0,3,3,8912.5,385.97,4.12,5.9,2,0.942,128.79,1,2025,3,30,3,0.00046227208976157085,759.861,0.043306591865357645,0.34220000000000034,0
1,2,3,3,8237.24,457.65,1.73,3.5,3,0.846,16.1,0,2024,3,16,2,0.000210021803419592,56.35000000000001,0.05555865799709611,0.5390000000000001,0
7,7,1,1,9314.62,427.4,2.32,2.1,4,0.833,22.45,1,2024,3,23,2,0.0002490708155566196,47.145,0.04588485627969793,0.35070000000000007,0
5,5,2,1,11590.81,341.9,2.31,1.2,1,0.683,10.41,1,2024,11,25,1,0.000199295821430944,12.491999999999999,0.029497507076727165,0.3803999999999999,0
1,3,3,2,12288.29,27.11,1.34,8.8,0,0.53,23.97,1,2025,9,14,3,0.00010904690563129614,210.936,0.0022061653818391327,4.136,1
5,7,3,1,10912.78,391.64,3.17,4.4,2,0.915,147.62,1,2024,5,31,0,0.000290485100955027,649.528,0.03588819714133337,0.3739999999999999,0
1,4,1,0,14355.09,422.91,4.02,6.3,3,0.585,15.35,0,2024,3,8,0,0.00028004004154623895,96.705,0.029460630340875607,2.6145,0
2,3,3,4,764.37,399.74,2.46,4.9,0,0.686,1.59,1,2024,5,9,4,0.0032183366694140273,7.791000000000001,0.5229666261103916,1.5385999999999997,0
1,0,1,4,3338.78,254.73,3.64,8.7,4,0.8,9.78,1,2024,10,8,5,0.0010902185828356465,85.08599999999998,0.07629433505651764,1.7399999999999995,1
0,8,1,2,609.66,117.22,3.27,5.5,2,0.741,3.54,1,2025,10,1,6,0.005363645310500935,19.47,0.1922711019256635,1.4245,0
7,7,0,1,9888.38,422.82,2.44,4.8,1,0.599,1.4,1,2025,10,10,0,0.00024675427117485375,6.72,0.042759279073012975,1.9248,0
3,1,3,3,13521.44,363.85,1.67,9.2,1,0.57,40.31,1,2025,8,22,0,0.0001235075554082997,370.852,0.026909116188808292,3.956,1
2,3,2,2,4030.49,490.4,3.54,7.2,2,0.562,25.56,1,2025,7,15,5,0.0008783051192286795,184.03199999999998,0.12167255098015378,3.1535999999999995,1
7,5,1,3,13942.0,78.69,4.02,1.1,0,0.932,9.41,1,2025,12,30,5,0.0002883373977908478,10.351,0.00564409697317458,0.07479999999999995,0
4,8,0,1,1373.88,113.61,3.46,1.8,4,0.516,0.5,0,2024,11,28,4,0.0025184149998544268,0.9,0.08269281159926631,0.8712,0
2,5,2,4,14049.32,106.69,1.26,7.9,1,0.989,17.57,0,2025,1,25,2,8.968405588313172e-05,138.803,0.007593961842993113,0.08690000000000007,1
2,0,2,2,5598.53,396.48,1.91,8.4,3,0.599,6.63,0,2025,9,3,6,0.00034116098332955257,55.692,0.07081858987984346,3.3684000000000003,1
6,3,2,1,1970.6,94.27,1.43,5.5,2,0.555,12.4,1,2025,6,27,0,0.0007256673094488988,68.2,0.047838221861362024,2.4475,0
5,4,1,1,7545.14,34.26,3.08,5.5,1,0.788,10.76,1,2024,10,28,1,0.00040820978802248866,59.18,0.004540671213522877,1.166,0
3,2,2,3,4223.26,499.28,3.7,6.3,1,0.54,5.11,1,2025,4,9,6,0.0008761004532043966,32.193,0.1182214687232138,2.8979999999999997,0
7,5,3,3,4630.66,13.38,1.56,4.4,4,0.801,23.04,1,2025,6,1,3,0.0003368850228693102,101.376,0.0028894369269175453,0.8755999999999998,0
2,6,1,1,4955.7,417.79,3.97,6.8,3,0.925,5.6,0,2025,9,11,4,0.0008010977258510403,38.08,0.0843049417842081,0.5099999999999997,0
0,4,0,3,12143.88,183.32,3.03,1.1,3,0.524,1.1,1,2025,3,16,3,0.00024950839435172284,1.2100000000000002,0.015095669588302916,0.5236000000000001,0
5,2,1,1,8317.84,420.97,3.48,9.6,0,0.9,8.9,0,2024,4,11,4,0.00041837784809517855,85.44,0.05061049503236417,0.9599999999999997,1
0,8,2,4,5013.96,277.76,4.41,7.5,3,0.697,4.69,0,2025,12,19,0,0.000879544312280114,35.175000000000004,0.05539733065281733,2.2725000000000004,1
5,4,0,2,9349.84,450.91,1.48,6.3,0,0.58,0.89,0,2024,4,27,2,0.00015829147878466368,5.607,0.04822649371540048,2.6460000000000004,0
6,1,0,4,10884.18,463.17,4.17,3.2,1,0.588,0.52,0,2025,11,1,2,0.0003831248656306676,1.6640000000000001,0.042554423024977535,1.3184000000000002,0
3,7,1,4,4453.05,5.54,1.62,1.6,3,0.959,3.49,0,2025,10,28,5,0.00036379560076801296,5.5840000000000005,0.0012440911285523406,0.06560000000000006,0
2,8,3,4,6496.46,38.63,2.5,4.1,1,0.555,15.75,0,2025,7,18,0,0.00038482496621236795,64.57499999999999,0.00594631537791351,1.8244999999999996,0
7,2,1,4,2267.35,125.93,4.01,6.6,1,0.933,3.16,0,2024,8,8,4,0.0017685844708580502,20.855999999999998,0.05554060908108585,0.44219999999999965,0
3,7,3,1,3126.67,334.99,4.19,6.3,4,0.772,16.57,1,2025,3,16,3,0.0013400838591856514,104.391,0.10713954462735115,1.4364,0
0,5,1,1,10376.21,444.25,2.87,3.8,3,0.52,10.09,1,2025,4,7,1,0.00027659424780338877,38.342,0.04281428382810294,1.8239999999999998,0
6,5,0,1,3130.86,230.51,3.16,6.1,2,0.732,2.16,1,2024,8,21,6,0.0010093073468631622,13.176,0.07362513814095807,1.6348,0
1,5,0,0,8114.87,303.88,3.54,8.1,3,0.909,0.5,0,2025,2,27,4,0.00043623619355578094,4.05,0.0374473035304324,0.7370999999999998,1
4,6,0,1,10781.17,95.06,3.95,0.3,4,0.863,1.45,0,2024,12,13,0,0.0003663795302365142,0.435,0.008817224846653935,0.041100000000000005,0
2,3,3,1,2049.72,402.68,1.6,4.5,1,0.744,5.27,1,2025,4,9,6,0.0007805944226528502,23.714999999999996,0.1964561013211561,1.1520000000000001,0
1,8,0,3,8726.03,483.7,3.87,7.6,2,0.93,5.14,1,2025,2,12,6,0.00044350065264501723,39.06399999999999,0.05543185159803484,0.5319999999999996,1
3,7,0,0,4220.16,135.03,2.79,5.5,4,0.56,0.59,1,2025,3,1,2,0.0006611123748862602,3.2449999999999997,0.03199641719745223,2.42,0
4,8,1,2,14462.44,247.92,2.69,6.5,4,0.955,40.34,1,2024,4,7,3,0.00018599904303838078,262.21000000000004,0.017142335594823557,0.29250000000000026,0
3,1,0,1,7511.41,43.97,2.6,5.2,2,0.923,4.23,1,2024,11,16,2,0.0003461400722367705,21.996000000000002,0.005853761144711845,0.4003999999999998,0
5,4,2,3,12186.89,280.01,2.88,9.9,3,0.854,13.59,0,2025,3,13,4,0.0002363195204026622,134.541,0.02297632948192689,1.4454000000000002,1
6,2,2,1,8478.28,251.89,4.32,0.5,1,0.909,7.74,0,2024,11,16,2,0.0005095373118132452,3.87,0.02971003552607368,0.045499999999999985,0
2,0,3,2,1129.48,73.07,3.01,4.9,3,0.772,2.09,1,2025,11,12,6,0.0026649431596841022,10.241,0.06469348726847753,1.1172,0
7,1,2,1,9680.69,221.59,4.35,0.9,4,0.838,17.74,1,2024,9,18,6,0.00044934813530853686,15.966,0.022889897311038777,0.14580000000000004,0
4,3,3,4,14295.35,167.72,1.79,1.6,0,0.78,21.59,0,2025,1,18,2,0.0001252155421168422,34.544000000000004,0.011732486437897637,0.352,0
6,4,2,2,9223.37,261.39,3.59,3.8,0,0.678,6.35,0,2024,6,5,6,0.00038922866587809006,24.13,0.02833996684509024,1.2235999999999998,0
1,8,0,4,12378.24,293.24,3.88,1.6,0,0.784,0.5,0,2025,12,4,4,0.00031345328576598937,0.8,0.023689959154128536,0.34559999999999996,0
7,5,2,2,13320.99,5.24,3.44,9.6,3,0.629,13.88,0,2025,4,30,6,0.0002582390648142518,133.248,0.0003933641568682208,3.5616,1
1,8,3,1,3807.16,380.74,3.2,9.5,0,0.72,7.45,1,2024,3,9,2,0.0008405215436178149,70.775,0.10000630391157714,2.66,1
5,4,2,1,3574.65,356.79,3.06,3.4,2,0.64,19.98,1,2024,4,3,6,0.0008560278628676933,67.932,0.09981117032436743,1.224,0
4,0,2,2,9359.22,183.78,4.04,6.4,1,0.561,10.32,1,2024,3,28,4,0.00043165990328253854,66.048,0.01963625173892696,2.8095999999999997,0
2,8,3,3,6459.91,27.42,3.91,5.3,0,0.661,11.52,0,2024,4,5,0,0.0006052715904710747,61.056,0.004244641179211475,1.7966999999999997,0
1,5,2,0,12677.99,377.71,1.6,8.2,0,0.926,10.96,0,2025,3,18,5,0.00012620297066017565,89.872,0.029792577530034333,0.6067999999999996,1
3,8,0,4,13550.34,477.63,4.0,6.3,4,0.691,2.49,1,2024,4,8,1,0.00029519554490883626,15.687000000000001,0.035248562028701864,1.9467000000000003,0
2,0,0,1,5624.61,120.84,2.57,0.0,1,0.874,1.4,0,2025,1,16,4,0.00045692056871498644,0.0,0.021484156234832283,0.0,0
5,0,1,4,3934.62,162.44,2.04,7.6,0,0.588,3.78,0,2024,5,13,1,0.0005184744651325923,28.727999999999998,0.04128480005693053,3.1312,1
6,6,0,0,11817.62,92.72,4.07,7.5,4,0.712,1.76,1,2025,7,23,6,0.0003444009876777219,13.2,0.00784591144409788,2.16,1
5,0,0,1,4484.69,288.89,2.63,5.1,0,0.557,0.5,1,2024,3,2,2,0.0005864396424279047,2.55,0.0644169385174895,2.2592999999999996,0
4,0,1,4,12427.91,78.27,3.87,9.0,2,0.569,100.25,1,2025,8,23,2,0.0003113958823325885,902.25,0.006297921372137391,3.8790000000000004,1
7,6,1,0,6644.2,178.74,2.07,9.1,0,0.809,6.93,1,2025,7,29,5,0.00031154992324132323,63.062999999999995,0.026901658589446438,1.7380999999999995,1
1,7,0,2,10179.47,348.81,1.21,5.2,2,0.804,5.22,1,2025,7,29,5,0.00011886669934682258,27.144,0.03426602760261586,1.0191999999999999,0
0,1,0,4,1885.26,280.5,2.84,6.1,4,0.607,0.5,1,2024,12,3,5,0.001506423517180654,3.05,0.14878584386238503,2.3973,0
6,5,3,0,9545.96,193.84,1.53,10.0,4,0.737,59.05,1,2025,11,17,1,0.0001602772272249203,590.5,0.020305972369463104,2.63,1
7,2,1,0,7050.63,210.7,3.69,3.0,3,0.932,6.43,0,2024,5,5,3,0.0005233574872032712,19.29,0.029883854350604127,0.20399999999999985,0
3,2,3,1,9005.82,281.49,2.11,3.2,3,0.587,17.17,0,2025,2,24,1,0.00023429293501313594,54.94400000000001,0.03125645415964343,1.3216,0
7,4,1,1,2936.21,3.93,2.66,1.8,1,0.51,2.77,0,2024,12,28,2,0.0009059297529808836,4.986,0.0013384601237649897,0.882,0
6,2,2,1,11184.67,40.18,1.49,9.0,0,0.826,9.27,1,2025,11,12,6,0.0001332180565005494,83.42999999999999,0.0035924171209342787,1.5660000000000003,1
2,0,3,3,13010.56,440.75,2.15,7.4,1,0.527,37.52,1,2025,3,9,3,0.00016525038122878647,277.648,0.033876328151901225,3.5002,1
1,8,0,2,3642.73,39.86,3.78,1.1,3,0.99,1.06,1,2024,2,22,4,0.001037683276004535,1.1660000000000001,0.010942342693529304,0.011000000000000012,0
7,4,2,0,1887.86,353.69,1.7,9.8,0,0.805,2.05,1,2024,10,21,1,0.0009004905024737004,20.09,0.18734969754113123,1.9109999999999996,1
6,4,1,3,842.76,460.1,3.34,7.3,3,0.735,1.61,1,2025,9,6,2,0.003963168636385211,11.753,0.5459442783236035,1.9345,1
3,7,3,0,9808.59,136.07,4.23,8.5,3,0.715,23.79,1,2024,11,15,0,0.0004312546451630663,202.215,0.01387253417667575,2.4225000000000003,1
7,5,0,4,9302.86,185.88,3.44,0.5,4,0.787,1.91,0,2024,12,26,4,0.00036977875621045566,0.955,0.01998095209430218,0.10649999999999998,0
3,4,2,3,8427.11,284.89,3.88,5.0,1,0.545,9.26,0,2024,4,16,5,0.00046041881499114167,46.3,0.03380637015536761,2.275,0
4,0,1,1,3863.23,440.97,1.56,7.0,3,0.965,4.41,0,2025,8,14,4,0.0004038071768960171,30.87,0.11414541717681836,0.24500000000000022,1
2,8,0,1,6168.14,471.01,2.03,5.4,1,0.813,0.5,0,2025,6,3,5,0.0003291105584503594,2.7,0.07636175573187379,1.0098000000000003,0
4,8,2,2,9119.91,370.04,4.15,6.7,2,0.592,57.79,1,2024,8,5,1,0.00045504835025784253,387.193,0.040574961814316156,2.7336000000000005,0
4,5,1,3,7703.12,44.22,3.56,8.2,3,0.781,9.08,1,2024,6,7,0,0.0004621504013957981,74.45599999999999,0.005740531109472526,1.7957999999999996,1
3,8,3,4,14822.89,334.91,3.31,3.7,0,0.567,24.8,1,2025,11,3,1,0.00022330328296303893,91.76,0.022594109515755703,1.6021000000000003,0
3,7,2,4,2478.38,205.74,3.39,8.5,0,0.509,2.31,1,2025,5,8,4,0.0013678289850628234,19.635,0.08301390424390126,4.1735,1
2,8,2,2,10579.6,235.88,2.57,1.6,0,0.815,6.73,1,2024,8,17,2,0.00024292033725282618,10.768,0.022295738969337214,0.2960000000000001,0
1,6,1,4,6362.62,25.53,1.35,2.7,0,0.824,5.04,0,2024,4,20,2,0.0002121767448000981,13.608,0.0040124979961085215,0.4752000000000002,0
6,1,2,1,6708.89,96.34,3.79,0.4,0,0.792,4.3,0,2024,12,24,5,0.0005649220660943912,1.72,0.014360050619402017,0.0832,0
3,6,3,2,10905.17,395.47,3.44,3.6,2,0.592,143.58,1,2025,7,23,6,0.0003154467101384022,516.888,0.03626445071466103,1.4688,0
5,3,0,3,10540.32,227.53,2.76,3.8,0,0.802,0.5,1,2025,1,11,2,0.0002618516325880049,1.9,0.021586631145923463,0.7523999999999997,0
5,8,3,2,14873.21,151.53,4.17,8.1,2,0.528,231.26,1,2024,4,27,2,0.00028036987308052534,1873.206,0.010188116754890168,3.8231999999999995,1
3,2,2,4,2361.72,192.63,2.31,6.5,2,0.805,15.47,1,2024,10,12,2,0.0009781007062649256,100.555,0.08156343681723491,1.2674999999999996,0
6,2,2,1,2009.59,427.35,2.17,4.4,2,0.777,11.63,1,2025,8,10,3,0.0010798222523002205,51.172000000000004,0.21265531775138213,0.9812,0
7,4,3,3,11002.91,374.75,4.08,6.5,3,0.828,24.11,0,2024,8,19,1,0.0003708109945459883,156.715,0.03405917161914439,1.1180000000000003,0
6,3,0,2,8886.61,136.89,3.83,0.5,0,0.948,0.5,0,2025,3,15,2,0.00043098549390600013,0.25,0.01540407421952803,0.026000000000000023,0
4,6,0,1,4475.33,59.63,2.9,1.8,2,0.925,1.9,1,2025,7,28,1,0.0006479969074906208,3.42,0.013324157101264042,0.13499999999999993,0
2,0,1,2,1651.58,126.75,1.63,6.3,1,0.99,2.54,1,2025,9,28,3,0.0009869337240702842,16.002,0.07674469296068008,0.06300000000000006,0
2,1,1,1,1742.04,460.46,1.91,6.4,2,0.988,12.23,1,2025,9,20,2,0.001096415696539689,78.272,0.2643222888108195,0.07680000000000008,0
3,7,3,2,13465.77,291.21,3.37,7.7,0,0.886,25.95,1,2025,11,22,2,0.00025026418838284035,199.815,0.021625944895835882,0.8777999999999999,1
5,7,1,1,3282.08,267.21,2.47,4.0,0,0.978,2.86,0,2025,10,20,1,0.000752571539999025,11.44,0.08141483449519817,0.08800000000000008,0
3,7,0,4,5188.89,298.6,3.96,7.2,4,0.934,1.3,1,2025,7,24,4,0.0007631690014627406,9.360000000000001,0.05754602622140766,0.4751999999999996,1
4,3,1,4,3786.52,183.65,4.33,6.8,2,0.864,28.34,1,2024,1,27,2,0.001143530207155911,192.712,0.04850099827810232,0.9248000000000001,0
5,4,2,1,5647.45,403.75,3.86,9.6,0,0.538,5.24,1,2025,9,15,1,0.0006834943204455108,50.304,0.07149244349219559,4.435199999999999,1
6,1,0,4,1506.65,262.12,2.45,2.2,3,0.525,0.5,0,2025,11,4,5,0.0016261241827896327,1.1,0.17397537583380346,1.045,0
3,2,0,2,8026.37,59.26,3.8,5.5,2,0.919,3.8,1,2025,12,11,4,0.0004734394252943734,20.9,0.007383163248143308,0.4454999999999998,0
2,4,1,3,1480.38,65.4,2.36,6.0,3,0.745,2.83,1,2024,9,30,1,0.0015941852767532658,16.98,0.04417784622867102,1.53,0
1,5,1,3,12105.17,268.89,1.75,10.0,4,0.907,37.66,1,2024,1,30,5,0.0001445663299234955,376.59999999999997,0.022212823116073543,0.9299999999999997,1
7,3,3,3,3888.83,468.35,1.31,2.0,4,0.656,17.74,0,2024,7,3,6,0.0003368622439139793,35.48,0.12043468086802459,0.688,0
5,2,3,4,8330.17,154.87,2.47,5.2,0,0.699,14.94,0,2024,10,6,3,0.00029651255616632076,77.688,0.018591457317197607,1.5652000000000004,0
7,3,0,4,13261.15,434.9,4.18,3.5,4,0.85,3.23,0,2025,12,20,2,0.0003152064489128017,11.305,0.03279504417037738,0.5250000000000001,0
1,4,2,2,9937.72,382.28,1.99,5.3,2,0.958,59.49,1,2024,11,12,5,0.00020024713918283068,315.297,0.038467576063724876,0.2226000000000002,0
7,3,0,0,8227.89,124.66,1.88,2.3,2,0.544,3.33,1,2024,12,13,0,0.00022849114414509673,7.659,0.015150907462302,1.0487999999999997,0
6,2,3,2,5202.84,19.13,4.4,0.5,3,0.931,8.26,0,2024,12,25,6,0.0008456919682327345,4.13,0.0036768380346118654,0.034499999999999975,0
0,7,3,2,5328.53,51.82,1.28,5.7,2,0.897,76.95,1,2024,1,7,3,0.00024021634484557657,438.615,0.009725008585857639,0.5871,0
7,5,2,1,10207.56,364.52,3.79,3.4,0,0.658,6.58,1,2024,7,4,4,0.0003712934334943905,22.372,0.035710786906959155,1.1627999999999998,0
6,2,2,4,14915.02,100.64,2.26,1.8,2,0.678,77.47,1,2024,5,26,3,0.00015152510690565616,139.446,0.006747560512825326,0.5795999999999999,0
0,5,2,3,10096.67,186.26,1.32,3.2,3,0.523,7.89,0,2025,8,2,2,0.00013073617341162979,25.248,0.01844766640882588,1.5264,0
0,1,3,2,8587.86,251.35,4.23,0.5,0,0.508,11.5,0,2025,11,4,5,0.0004925557705877832,5.75,0.02926805979603766,0.246,0
5,3,3,0,11094.43,363.01,1.66,9.5,4,0.739,68.05,1,2025,2,14,0,0.0001496246314592097,646.475,0.03272002256988416,2.4795000000000003,1
1,7,3,3,7245.48,57.5,3.02,5.8,3,0.548,15.12,0,2024,3,12,5,0.00041681158460171036,87.696,0.00793598215715177,2.6215999999999995,0
2,4,2,1,1372.06,203.78,2.1,8.1,1,0.597,1.38,0,2024,5,25,2,0.0015305453114295294,11.177999999999999,0.1485212016967188,3.2643,1
3,6,0,2,8653.3,243.05,1.42,4.2,1,0.923,1.82,1,2025,10,10,0,0.00016409924537459699,7.644000000000001,0.028087550414292818,0.32339999999999985,0
2,4,3,2,14385.57,270.87,1.36,9.0,1,0.786,43.72,1,2024,2,1,4,9.453918058165232e-05,393.48,0.018829285179523647,1.9259999999999997,1
4,3,3,4,3041.89,409.36,1.58,4.8,0,0.817,5.71,0,2024,4,3,6,0.000519413917005546,27.407999999999998,0.13457422852239892,0.8784000000000002,0
6,4,0,1,10505.07,86.67,1.44,5.7,3,0.594,1.26,0,2025,6,27,0,0.00013707666869425906,7.182,0.008250301997035718,2.3142,0
1,7,1,1,3413.54,404.11,3.71,4.9,1,0.914,4.38,0,2024,8,8,4,0.0010868482572344252,21.462,0.1183844337549875,0.4213999999999999,0
5,2,3,3,8269.5,346.75,2.8,7.3,1,0.934,23.32,1,2025,1,20,1,0.0003385936271842312,170.236,0.04193119293790435,0.4817999999999996,1
6,6,3,0,1901.81,278.38,2.33,5.7,3,0.762,4.19,1,2025,3,5,6,0.0012251486741577762,23.883000000000003,0.14637634674336553,1.3566,0
1,8,3,4,7030.38,350.06,2.58,2.7,2,0.956,88.81,1,2025,4,9,6,0.00036697874083619947,239.78700000000003,0.04979247209965891,0.11880000000000011,0
6,4,2,1,11464.37,206.6,4.27,1.5,0,0.922,7.04,0,2024,12,15,3,0.00037245832086717364,10.56,0.018021051309404703,0.11699999999999994,0
1,5,3,4,5539.79,70.06,4.21,6.1,2,0.866,80.27,1,2024,6,10,1,0.0007599566048532526,489.64699999999993,0.012646688773401159,0.8174,0
3,1,1,0,10141.22,333.22,3.56,4.9,0,0.867,8.41,0,2025,1,13,1,0.0003510425767313992,41.209,0.03285797961192046,0.6517000000000001,0
1,7,3,0,12034.02,262.81,4.12,1.0,3,0.553,20.93,0,2024,11,15,0,0.00034236273497966597,20.93,0.02183891999514709,0.44699999999999995,0
1,8,1,2,13944.08,320.05,2.25,4.0,3,0.635,13.75,1,2024,11,28,4,0.0001613587988594443,55.0,0.02295239269998451,1.46,0
4,1,3,4,3902.31,169.66,2.46,5.1,1,0.533,9.59,0,2025,8,4,1,0.0006303958424625414,48.909,0.0434768124521117,2.3816999999999995,0
4,8,1,1,6290.08,453.53,3.23,8.3,2,0.504,48.22,1,2025,9,2,5,0.0005135069824231171,400.226,0.07210242159082238,4.1168000000000005,1
5,3,3,1,2710.03,294.1,3.26,0.8,0,0.579,3.44,0,2024,3,27,6,0.001202938712855577,2.7520000000000002,0.10852278388062125,0.33680000000000004,0
3,5,2,3,14891.01,43.62,2.79,3.5,4,0.94,32.13,1,2024,2,23,0,0.00018736136769769142,112.45500000000001,0.0029292841788434764,0.2100000000000002,0
2,0,2,0,13941.51,225.45,2.52,8.2,2,0.62,93.54,1,2024,6,8,2,0.00018075516927506418,767.028,0.01617113210835842,3.1159999999999997,1
0,3,0,0,8329.38,378.42,4.45,6.5,4,0.985,2.11,1,2024,6,10,1,0.0005342534498366026,13.715,0.045431952918464524,0.09750000000000009,0
5,7,0,3,12709.48,397.27,3.91,2.9,1,0.799,0.5,1,2025,9,24,6,0.0003076443725471066,1.45,0.03125776979073888,0.5828999999999999,0
2,8,2,3,8053.89,247.8,2.64,8.5,4,0.619,19.96,1,2024,2,20,5,0.00032779191173457794,169.66,0.030767740805995612,3.2385,1
2,3,2,3,9541.99,447.48,3.6,4.9,1,0.749,9.94,0,2025,11,21,0,0.00037727979174155497,48.706,0.04689587811347529,1.2299,0
1,0,0,2,1792.3,134.57,2.09,5.0,0,0.61,0.5,0,2024,3,24,3,0.001166099425319422,2.5,0.07508229649054288,1.9500000000000002,0
1,5,3,3,11451.42,205.89,1.53,9.8,4,0.992,72.22,1,2024,10,5,2,0.00013360788443703925,707.7560000000001,0.017979429625321574,0.07840000000000008,1
7,5,1,3,2351.85,449.4,2.36,9.5,3,0.924,3.12,0,2025,3,29,2,0.0010034653570593364,29.64,0.19108361502646853,0.7219999999999995,1
6,0,0,1,12477.98,448.23,2.53,3.6,0,0.513,1.61,1,2025,11,8,2,0.0002027571770430791,5.796,0.035921679630837686,1.7532,0
1,0,1,2,11839.41,343.17,1.25,1.4,0,0.974,8.67,0,2025,3,10,1,0.00010557958546920835,12.138,0.028985397076374583,0.03640000000000003,0
6,1,1,4,10776.8,429.63,3.89,3.3,0,0.861,9.38,0,2025,5,12,1,0.00036096058199094357,30.954,0.039866194046470196,0.4587,0
2,8,3,1,1024.33,45.3,2.39,0.3,4,0.541,5.37,1,2025,9,13,2,0.0023332324543848177,1.611,0.044224029365536495,0.1377,0
1,4,2,2,4895.36,432.63,3.12,0.2,2,0.835,23.5,1,2025,3,28,0,0.00063733821414564,4.7,0.08837552294417571,0.03300000000000001,0
1,4,2,4,4315.13,160.99,1.44,4.0,3,0.823,3.42,0,2025,2,28,0,0.00033370952902925287,13.68,0.037308261860013486,0.7080000000000002,0
5,0,2,2,5721.98,89.99,1.78,9.4,3,0.609,5.35,0,2024,10,6,3,0.00031108112925945215,50.29,0.015727073495538257,3.6754000000000002,1
3,6,1,4,1770.82,120.45,4.14,8.7,0,0.879,1.61,0,2024,8,8,4,0.0023378999559526092,14.007,0.06801933567499803,1.0527,1
2,0,2,0,14085.89,209.57,3.21,5.1,2,0.544,84.27,1,2025,6,8,3,0.0002278876237142275,429.77699999999993,0.014878009128283694,2.3255999999999997,0
5,8,0,2,8530.13,126.34,4.34,5.7,1,0.745,1.87,1,2024,4,26,0,0.0005087847430226737,10.659,0.014811028671309817,1.4535,0
6,3,3,0,4930.1,160.96,4.5,0.1,1,0.505,9.65,0,2024,12,19,4,0.0009127603902557757,0.9650000000000001,0.032648424981237704,0.0495,0
0,8,2,2,6256.23,68.35,2.43,2.2,3,0.984,4.98,0,2025,3,16,3,0.0003884128300909654,10.956000000000001,0.01092510985050102,0.03520000000000004,0
6,2,0,2,6984.44,148.79,2.19,0.2,2,0.876,2.04,1,2024,4,23,5,0.0003135541288922233,0.40800000000000003,0.0213030679624995,0.024800000000000003,0
2,8,2,1,9208.62,286.57,4.03,7.5,1,0.579,11.11,1,2024,10,17,4,0.00043763343476004,83.32499999999999,0.0311197551859019,3.1575,1
6,2,2,2,7977.35,221.49,4.5,1.5,2,0.671,40.91,1,2025,11,25,5,0.0005640970999141318,61.364999999999995,0.027764859257773573,0.49349999999999994,0
3,5,0,2,13831.18,174.01,3.28,8.7,2,0.58,8.52,1,2025,11,25,5,0.00023714534840845104,74.124,0.012580994535534929,3.654,1
1,4,0,0,7705.97,373.48,3.82,6.4,4,0.883,1.89,1,2025,8,30,2,0.0004957195525027997,12.096,0.048466318970875825,0.7488,0
0,8,1,1,14886.29,446.86,3.78,2.3,3,0.529,14.03,0,2025,5,13,5,0.0002539249201782311,32.269,0.030018224822974695,1.0833,0
0,2,3,2,12845.66,378.64,2.37,1.6,0,0.92,19.54,1,2025,6,23,1,0.00018449811064593022,31.264,0.029476103213069628,0.12799999999999995,0
4,0,3,4,3523.4,166.67,3.1,6.3,2,0.971,51.46,1,2025,11,14,0,0.0008798319804734063,324.198,0.047303740705000846,0.18270000000000017,0
4,0,2,1,13993.63,372.48,3.95,9.0,2,0.838,96.13,1,2024,11,11,1,0.0002822712905800711,865.17,0.02661782539626959,1.4580000000000002,1
5,8,2,3,2187.31,76.84,3.47,7.2,0,0.606,0.84,1,2024,2,16,0,0.0015864235064988502,6.048,0.03512990842633189,2.8368,1
1,7,2,4,12353.02,66.03,1.27,3.5,4,0.68,25.63,1,2024,8,13,5,0.0001028088677910341,89.705,0.005345251606489749,1.1199999999999999,0
0,5,3,0,6019.04,173.47,2.31,5.9,3,0.739,12.91,1,2025,2,8,2,0.00038378213136978657,76.16900000000001,0.028820210531912065,1.5399,0
6,3,0,3,13230.63,404.04,1.68,3.1,1,0.802,1.82,0,2025,9,5,0,0.00012697808040886943,5.642,0.030538228338333098,0.6137999999999999,0
2,1,3,1,13086.82,123.93,1.97,10.0,2,0.834,218.0,1,2024,2,26,1,0.0001505331318074215,2180.0,0.00946983300756028,1.6600000000000004,1
4,0,1,0,12185.92,32.56,4.19,7.5,3,0.777,13.86,1,2024,1,8,1,0.0003438394474935007,103.94999999999999,0.002671936136130879,1.6724999999999999,1
0,3,3,1,11955.44,66.72,1.32,6.1,1,0.676,32.75,0,2024,7,28,3,0.00011040998909283138,199.77499999999998,0.00558072308505584,1.9763999999999997,0
0,6,2,1,4917.85,429.51,1.93,4.2,1,0.945,5.19,1,2024,11,4,1,0.0003924479193143345,21.798000000000002,0.08733694602316051,0.2310000000000002,0
2,0,1,2,1673.33,317.26,2.22,6.2,4,0.541,4.97,1,2024,8,4,3,0.0013266958699120917,30.814,0.18959798724698654,2.8457999999999997,0
4,1,3,0,6343.21,127.35,3.24,3.4,0,0.733,11.3,1,2024,5,20,1,0.0005107823956640251,38.42,0.020076585829572093,0.9078,0
5,4,0,3,3016.11,278.09,2.96,0.3,0,0.888,1.25,0,2024,9,18,6,0.0009813965671013325,0.375,0.0922015443733816,0.0336,0
6,6,0,2,10576.79,264.26,1.92,4.0,1,0.53,1.04,0,2024,10,23,6,0.0001815295566991497,4.16,0.024984896173602764,1.88,0
1,8,0,1,5518.45,328.06,1.74,9.3,1,0.853,0.8,1,2024,12,1,3,0.0003153059282950829,7.440000000000001,0.05944785220487637,1.3671000000000002,1
6,3,2,1,14646.35,117.36,1.98,6.3,1,0.91,17.96,1,2024,5,2,4,0.00013518726508652325,113.148,0.008012917894219379,0.5669999999999998,0
1,3,0,2,9794.1,432.34,2.86,0.8,1,0.83,0.72,1,2024,1,8,1,0.0002920125381607294,0.576,0.044142902359583826,0.13600000000000004,0
2,7,3,1,12425.97,155.37,2.09,8.8,0,0.506,25.23,0,2025,5,24,2,0.00016819612472909558,222.02400000000003,0.012503651626392146,4.3472,1
6,4,0,3,2421.61,347.37,4.33,2.7,2,0.59,0.58,1,2025,3,16,3,0.0017880666168375585,1.566,0.14344588930504912,1.1070000000000002,0
1,3,1,3,12999.21,9.05,2.73,2.4,1,0.671,15.04,1,2024,6,28,0,0.00021001276231401756,36.096,0.0006961961534585565,0.7895999999999999,0
5,2,1,0,13879.98,186.96,1.39,3.0,1,0.617,17.18,1,2024,5,12,3,0.0001001442365190728,51.54,0.013469760042881907,1.149,0
3,0,0,1,7562.4,176.5,3.61,5.8,1,0.981,0.5,1,2025,1,24,0,0.0004773616841214429,2.9,0.02333915159208717,0.11020000000000009,0
0,8,0,4,9290.67,272.2,2.29,5.4,3,0.826,0.67,0,2025,6,29,3,0.0002464838380870271,3.6180000000000003,0.029298209924580248,0.9396000000000003,0
6,3,1,0,11589.74,37.3,3.36,4.9,2,0.648,79.42,1,2025,12,21,3,0.00028991159422040526,389.158,0.003218363828696761,1.7248,0
6,2,2,3,3035.16,395.28,2.12,7.2,2,0.965,20.64,1,2024,8,23,0,0.0006984804754938785,148.608,0.13023366148736804,0.2520000000000002,1
0,3,3,0,7787.21,109.67,3.08,3.2,3,0.87,15.66,1,2025,5,27,5,0.00039552034682511453,50.112,0.014083349492308541,0.41600000000000004,0
2,3,2,3,6280.61,338.84,3.75,7.8,1,0.642,7.89,1,2025,7,26,2,0.0005970757617492569,61.541999999999994,0.05395017362963152,2.7923999999999998,1
1,8,3,1,2622.42,401.8,4.26,1.8,3,0.689,5.01,0,2025,11,15,2,0.0016244537488274188,9.018,0.15321725734245467,0.5598000000000001,0
7,7,2,4,5829.25,281.38,2.06,7.8,1,0.6,7.44,1,2024,12,28,2,0.00035339023030407,58.032000000000004,0.04827036068104816,3.12,1
6,3,3,4,1488.5,370.7,2.31,6.6,2,0.986,22.72,1,2024,3,14,4,0.001551897883775613,149.952,0.24904266039637218,0.09240000000000008,0
4,2,0,3,874.27,331.27,2.73,6.8,2,0.759,0.5,1,2025,2,10,1,0.003122605144863715,3.4,0.37891040525238195,1.6387999999999998,0
5,3,0,4,2459.91,178.41,4.26,4.8,4,0.948,0.84,1,2024,2,13,5,0.0017317706745368733,4.032,0.07252704367232948,0.2496000000000002,0
7,6,3,3,14465.17,404.62,4.17,6.7,0,0.673,27.33,1,2025,3,22,2,0.00028827867214833975,183.111,0.027972018303276076,2.1908999999999996,0
5,1,3,0,8468.18,148.06,1.5,0.8,0,0.93,12.84,0,2024,1,20,2,0.00017713369342645054,10.272,0.01748427643248018,0.055999999999999966,0
5,1,0,4,14504.42,286.04,1.64,8.5,1,0.527,0.5,1,2025,4,15,5,0.00011306898173108611,4.25,0.01972088508192675,4.0205,1
1,8,3,0,6771.22,372.95,2.84,0.6,3,0.991,11.3,0,2024,3,20,6,0.0004194222016121171,6.78,0.05507870073635179,0.005400000000000005,0
3,1,2,4,5021.33,190.1,1.55,1.5,1,0.956,4.31,0,2024,11,16,2,0.0003086831576494674,6.465,0.037858495657525,0.06600000000000006,0
0,8,3,1,7839.06,152.08,2.34,5.8,1,0.682,21.12,0,2025,8,12,5,0.00029850517791674,122.496,0.01940028523828112,1.8443999999999996,0
1,5,0,3,6872.92,230.21,1.69,7.4,3,0.887,0.5,1,2025,3,15,2,0.0002458925754992056,3.7,0.03349522473708409,0.8361999999999999,1
4,8,2,1,2032.14,409.16,3.3,0.8,2,0.876,9.02,1,2025,8,10,3,0.0016239038648911983,7.216,0.2013443955632978,0.09920000000000001,0
4,2,0,1,9791.98,465.03,4.33,9.2,3,0.951,1.98,0,2025,2,18,5,0.00044219861560174757,18.215999999999998,0.04749090582292856,0.45080000000000037,1
2,1,1,0,3632.55,273.0,4.49,9.7,3,0.654,4.81,1,2025,12,27,2,0.0012360463035608594,46.65699999999999,0.07515381756617252,3.3561999999999994,1
3,4,0,1,9484.03,331.07,2.44,6.1,1,0.733,1.03,1,2025,10,17,0,0.0002572745974021592,6.2829999999999995,0.03490815613193969,1.6287,0
3,0,2,2,9927.92,451.73,3.18,4.8,1,0.932,11.18,0,2025,3,3,1,0.000320308785727524,53.663999999999994,0.045500970998960506,0.32639999999999975,0
0,8,2,4,2704.36,50.17,4.03,7.4,1,0.889,3.38,0,2024,10,23,6,0.0014901862178112381,25.012,0.018551524205357276,0.8213999999999999,1
2,7,1,1,1389.57,116.81,1.59,3.3,1,0.697,2.18,0,2024,4,27,2,0.0011442388652604764,7.194,0.08406197600696619,0.9999000000000001,0
6,3,2,1,11821.04,354.74,3.48,4.9,2,0.923,69.86,1,2025,2,18,5,0.00029439034128976804,342.314,0.030009203927911586,0.3772999999999998,0
7,2,3,0,7167.11,412.05,2.55,9.2,2,0.523,116.21,1,2024,1,22,1,0.00035579194403322957,1069.1319999999998,0.05749179236819304,4.3884,1
0,7,0,3,1343.38,428.66,1.88,9.6,0,0.891,0.5,1,2024,11,28,4,0.0013994551057779627,4.8,0.3190906519376498,1.0463999999999998,1
5,1,0,1,14925.56,208.14,2.53,9.3,2,0.603,8.58,1,2024,6,24,1,0.00016950787776137043,79.79400000000001,0.013945205406028316,3.6921000000000004,1
3,6,2,3,1337.82,45.58,1.45,2.6,3,0.643,1.72,0,2025,9,24,6,0.00108385283520952,4.472,0.034070353261275804,0.9282,0
7,3,3,1,10578.01,219.45,3.49,2.3,1,0.747,24.38,0,2025,4,16,6,0.00032992973158467426,56.07399999999999,0.020745868079156665,0.5819,0
2,3,1,0,14763.34,116.14,2.03,3.0,1,0.725,18.18,0,2025,12,7,3,0.00013750276021550677,54.54,0.007866783532723624,0.8250000000000001,0
7,3,1,1,3968.11,146.31,2.23,4.4,0,0.76,3.42,0,2025,1,5,3,0.0005619803886485001,15.048,0.03687145769648523,1.056,0
7,1,1,2,2562.62,386.36,1.6,3.1,1,0.772,3.91,0,2024,3,31,3,0.0006243610055333995,12.121,0.15076757381117764,0.7068,0
2,6,3,2,2260.08,38.69,4.05,3.7,4,0.666,10.66,1,2025,3,23,3,0.0017919719655941383,39.442,0.017118863049095608,1.2358,0
6,4,0,0,4897.49,413.96,2.83,6.2,3,0.588,0.5,0,2024,4,18,4,0.0005778470195957521,3.1,0.08452493011726415,2.5544000000000002,0
3,6,1,4,1965.16,214.41,3.09,7.6,3,0.884,1.81,0,2024,9,6,0,0.0015723910521280708,13.756,0.1091056198986342,0.8815999999999999,1
7,6,3,2,10536.34,298.44,3.08,7.4,2,0.7,160.19,1,2025,3,22,2,0.00029232162211925586,1185.406,0.028324826267945035,2.2200000000000006,1
4,8,0,0,1403.23,45.74,2.55,8.1,2,0.753,1.59,1,2025,8,26,5,0.0018172359484902687,12.879,0.03259622442507643,2.0006999999999997,1
0,4,2,2,7886.62,169.34,1.84,0.3,2,0.822,38.96,1,2025,2,14,0,0.0002333065368941321,11.688,0.021471809216115398,0.05340000000000001,0
0,7,1,3,14952.1,45.76,3.66,0.5,2,0.955,83.89,1,2025,6,20,0,0.00024478166946448993,41.945,0.00306043967068171,0.02250000000000002,0
2,8,3,3,12302.57,480.81,1.62,7.9,0,0.854,23.96,1,2024,3,21,4,0.00013167980348821427,189.28400000000002,0.03908207797232611,1.1534000000000002,1
0,6,3,4,9420.68,403.82,1.54,5.3,1,0.523,23.25,0,2025,2,9,3,0.00016347015289766768,123.225,0.042865270872166336,2.5281,0
0,1,2,0,4940.68,230.36,3.54,5.8,4,0.919,11.77,1,2024,11,13,6,0.0007165005626755831,68.26599999999999,0.04662516090902467,0.4697999999999998,0
0,2,1,3,9546.49,112.58,1.89,0.5,2,0.995,54.99,1,2024,12,13,0,0.00019797852404391562,27.495,0.011792815998340752,0.0025000000000000022,0
0,8,1,0,8142.1,466.79,2.21,2.6,2,0.736,50.99,1,2024,8,14,6,0.00027142874688348213,132.574,0.05733041844241658,0.6864,0
4,5,3,4,6678.21,172.95,2.77,6.4,3,0.985,14.72,0,2024,12,7,2,0.0004147818053041159,94.20800000000001,0.025897658204818354,0.09600000000000009,0
5,8,0,1,2395.3,81.33,2.68,8.6,4,0.774,0.57,1,2024,6,21,0,0.0011188577631194422,4.901999999999999,0.03395399323675531,1.9435999999999998,1
1,3,2,1,13355.76,282.02,3.54,9.2,2,0.73,92.37,1,2024,3,19,5,0.00026505417887113874,849.804,0.02111598291673405,2.484,1
5,3,0,1,7021.88,471.94,3.26,5.0,2,0.666,3.87,1,2025,6,6,0,0.00046426313181085403,19.35,0.06720992098982038,1.67,0
4,8,1,0,3322.03,2.91,3.33,5.5,0,0.829,2.82,1,2025,10,10,0,0.0010023991354683732,15.51,0.0008759704156795694,0.9405000000000002,0
0,2,3,1,5832.51,119.82,3.56,8.3,3,0.615,14.23,0,2024,4,26,0,0.0006103718639145067,118.10900000000001,0.020543470992762977,3.1955000000000005,1
2,8,2,1,6504.88,469.29,2.17,5.4,4,0.552,14.68,0,2025,6,27,0,0.00033359570045873253,79.272,0.07214429781948323,2.4192,0
0,4,2,0,12499.3,86.37,2.26,5.2,4,0.514,27.66,1,2025,6,6,0,0.00018081012536702056,143.832,0.00690998695926972,2.5272,0
5,2,3,2,11137.41,57.51,2.65,9.1,2,0.646,178.98,1,2024,7,17,6,0.00023793682732340822,1628.7179999999998,0.0051636780903280026,3.2213999999999996,1
3,7,0,2,11654.92,285.52,2.21,7.9,1,0.698,0.5,1,2024,12,23,1,0.00018961949116767853,3.95,0.024497808650767228,2.3858000000000006,1
5,7,2,0,659.95,431.06,4.45,9.1,1,0.776,1.51,1,2024,12,25,6,0.0067429350708387,13.741,0.6531706947496022,2.0383999999999998,1
5,1,2,3,6534.23,239.08,3.89,2.2,1,0.646,6.24,0,2025,10,22,6,0.0005953264577463604,13.728000000000002,0.03658885591722361,0.7788,0
7,7,0,2,7479.49,497.29,1.74,5.2,3,0.992,0.76,0,2024,5,31,0,0.0002326361824135068,3.9520000000000004,0.06648715353586943,0.04160000000000004,0
6,5,0,4,778.29,339.91,1.22,8.4,1,0.646,0.98,1,2024,8,29,4,0.0015675390921121948,8.232,0.4367395186884067,2.9736,1
7,4,3,4,4267.29,37.96,1.34,1.1,4,0.72,18.49,0,2024,4,15,1,0.00031401662413381795,20.339,0.00889557541202965,0.30800000000000005,0
5,4,3,2,11524.2,496.42,2.01,7.9,2,0.552,178.61,1,2024,5,29,6,0.0001744155776539803,1411.0190000000002,0.0430763089845716,3.5391999999999997,1
1,2,0,1,2488.09,204.54,1.58,1.8,1,0.63,0.5,0,2024,9,19,4,0.000635025260340261,0.9,0.08220763718354239,0.666,0
0,2,3,0,8262.0,144.41,2.96,8.1,1,0.524,24.18,1,2024,7,21,3,0.0003582667634955217,195.85799999999998,0.017478818687969015,3.8555999999999995,1
5,0,2,2,3620.43,279.38,4.03,6.1,4,0.78,9.39,1,2024,6,26,6,0.0011131274461873314,57.279,0.07716762925950785,1.3419999999999999,0
6,5,0,3,675.75,152.85,3.63,1.9,0,0.876,0.82,0,2025,9,8,1,0.00537180910099889,1.5579999999999998,0.22619311875693673,0.23559999999999998,0
5,0,3,4,3997.42,44.14,1.91,4.7,2,0.598,55.24,1,2024,6,5,6,0.0004778081862801507,259.62800000000004,0.011042122168798876,1.8894000000000002,0
0,3,0,0,14650.17,1.71,2.52,6.8,3,0.684,1.95,0,2025,11,2,3,0.0001720116558374408,13.26,0.00011672219503254911,2.1487999999999996,0
1,6,1,0,12122.29,225.34,2.88,6.3,2,0.508,88.6,1,2024,3,18,1,0.0002375788732986919,558.18,0.018588896982335845,3.0995999999999997,0
0,8,2,1,14413.86,418.59,3.87,4.3,4,0.92,31.39,1,2024,6,30,3,0.0002684915768572749,134.977,0.029040798231701984,0.3439999999999998,0
5,2,0,3,7573.88,286.59,3.97,9.0,2,0.89,4.42,1,2025,10,5,3,0.0005241699102705615,39.78,0.03783925808172297,0.9899999999999999,1
1,2,1,4,2091.17,499.6,4.2,5.2,0,0.532,1.18,0,2025,5,20,5,0.002008445033163253,6.136,0.2389093187067527,2.4335999999999998,0
0,2,2,1,8445.41,144.14,2.88,5.1,4,0.682,19.5,1,2025,4,20,3,0.00034101363936149933,99.44999999999999,0.01706725901998837,1.6217999999999997,0
1,0,2,2,7088.47,140.95,3.49,0.6,0,0.978,4.62,0,2025,7,31,4,0.0004923488425569975,2.772,0.019884403827624294,0.013200000000000012,0
0,2,0,2,12743.18,80.71,1.57,9.2,0,0.696,0.98,1,2025,8,16,2,0.00012320315651195385,9.016,0.006333583924891588,2.7968,1
2,1,2,0,1922.2,82.87,3.07,1.8,4,0.763,3.74,1,2025,4,4,0,0.001597128290500468,6.732,0.04311205909894912,0.4266,0
4,3,0,1,7579.5,143.31,2.02,5.3,0,0.678,0.5,1,2025,11,28,0,0.00026650834487763046,2.65,0.018907579655650108,1.7065999999999997,0
5,8,0,3,2675.71,396.63,2.62,8.0,1,0.798,0.5,1,2025,8,1,0,0.0009791793580021752,4.0,0.14823355296351248,1.6159999999999997,1
0,6,3,3,5207.8,452.97,3.29,2.2,0,0.989,8.18,0,2025,10,20,1,0.0006317446906563232,17.996000000000002,0.08697914666461846,0.024200000000000024,0
7,2,0,4,11191.68,487.57,2.05,5.3,1,0.999,0.84,0,2025,10,12,3,0.00018317178475438895,4.452,0.043565398581803624,0.005300000000000004,0
1,8,1,0,7402.26,116.91,1.37,2.4,4,0.887,17.17,0,2025,10,1,6,0.00018507861112687207,41.208000000000006,0.015793825129082197,0.27119999999999994,0
4,3,2,4,5950.38,440.77,1.23,7.6,1,0.702,7.28,1,2024,11,26,5,0.00020670948746130498,55.327999999999996,0.0740742608035117,2.2648,1
3,6,3,2,6219.91,164.8,1.27,5.6,2,0.747,88.27,1,2025,10,4,2,0.00020418301872535133,494.31199999999995,0.026495560225147954,1.4167999999999998,0
0,8,1,4,7161.98,57.31,1.23,8.6,2,0.678,56.33,1,2024,11,19,5,0.0001717402170908045,484.438,0.008001977106889437,2.7691999999999997,1
2,7,0,1,11882.74,435.14,1.56,8.9,3,0.993,0.5,0,2024,6,3,1,0.0001312828522714458,4.45,0.03661950021628008,0.06230000000000006,1
7,4,2,0,13435.23,318.42,1.99,6.5,2,0.854,84.66,1,2025,3,26,6,0.00014811804487158017,550.29,0.023700375803019376,0.9490000000000001,0
7,2,3,0,14352.35,83.2,1.93,7.3,0,0.724,27.47,1,2024,3,10,3,0.00013447275184900033,200.53099999999998,0.005796960079708201,2.0148,1
1,2,2,0,11910.1,215.49,4.46,5.5,3,0.506,10.02,1,2025,4,25,0,0.0003744720867163164,55.11,0.018093047077690366,2.717,0
2,4,2,3,5073.4,144.34,2.21,3.8,2,0.76,28.79,1,2025,3,28,0,0.0004356053139906178,109.40199999999999,0.02845034887846415,0.9119999999999999,0
6,0,2,2,10477.95,368.66,1.62,6.5,4,0.992,24.91,1,2025,10,8,6,0.00015461039611756115,161.915,0.03518436335351858,0.052000000000000046,0
1,8,3,1,6845.25,227.25,3.0,9.1,1,0.762,20.24,0,2024,11,6,6,0.00043826010737372633,184.18399999999997,0.03319820313355977,2.1658,1
6,6,2,4,4192.72,494.65,4.03,4.2,4,0.591,9.76,1,2024,10,8,5,0.000961189871968555,40.992,0.11797830525291457,1.7178000000000002,0
5,0,2,2,12692.64,28.32,3.44,3.1,0,0.511,8.55,0,2025,8,28,4,0.00027102320714997036,26.505000000000003,0.0022312143100253375,1.5159,0
3,7,3,3,1057.18,178.15,2.18,3.9,2,0.677,13.98,1,2024,2,27,5,0.002062089710361528,54.522,0.16851434949582852,1.2596999999999998,0
1,7,2,3,13575.55,241.47,3.05,4.4,2,0.959,78.64,1,2024,12,26,4,0.00022466861379465288,346.016,0.01778712464688355,0.18040000000000017,0
6,4,2,2,7191.42,252.06,3.56,0.7,1,0.998,5.77,0,2025,6,3,5,0.0004950343603905765,4.039,0.0350501013708002,0.001400000000000001,0
6,0,0,1,9739.42,158.65,3.6,5.0,0,0.973,1.14,0,2024,3,16,2,0.0003696318671953771,5.699999999999999,0.01628947103626294,0.13500000000000012,0
4,7,2,3,10060.63,364.89,3.4,4.9,0,0.865,6.99,1,2024,11,13,6,0.00033795100306839636,34.251000000000005,0.03626910044400798,0.6615000000000001,0
1,8,0,0,13479.21,437.5,4.07,5.9,4,0.779,2.61,1,2025,4,17,4,0.00030194647905923275,15.399000000000001,0.032457391790765185,1.3038999999999998,0
6,1,3,0,9731.71,469.42,4.07,3.6,2,0.795,128.04,1,2025,4,7,1,0.0004182204360795791,460.94399999999996,0.04823612705269681,0.7379999999999999,0
3,1,1,2,9402.04,402.74,3.11,6.1,1,0.769,13.53,0,2024,2,8,4,0.00033077927768867177,82.53299999999999,0.04283538466120118,1.4090999999999998,0
7,2,3,0,1466.45,425.44,2.62,8.8,0,0.854,2.39,0,2024,2,28,6,0.0017866275699819291,21.032000000000004,0.29011558525691294,1.2848000000000002,1
2,3,2,0,8016.92,275.72,3.32,9.6,0,0.709,6.83,1,2025,1,12,3,0.0004141241274704001,65.568,0.034392260369318896,2.7936,1
7,4,0,2,2677.45,413.12,3.9,5.8,4,0.835,1.23,1,2024,10,20,3,0.001456609833983828,7.1339999999999995,0.15429606528599976,0.9570000000000002,0
1,3,3,2,11192.79,152.45,1.22,0.4,0,0.561,16.11,0,2024,3,19,5,0.00010899873936703895,6.444,0.0136203752594304,0.17559999999999998,0
1,4,0,2,7927.22,199.84,4.47,9.7,0,0.633,0.95,1,2025,10,22,6,0.0005638798973662898,9.214999999999998,0.025209341988742584,3.5599,1
1,2,0,3,10363.3,159.14,1.8,7.1,2,0.918,5.32,1,2024,4,2,5,0.00017368984782839444,37.772,0.01535611243522816,0.5821999999999997,1
2,4,0,1,1104.26,234.23,2.75,3.4,3,0.952,0.5,1,2025,9,21,3,0.002490355532211617,1.7,0.21211490047633708,0.16320000000000015,0
0,2,1,0,1729.48,143.5,4.08,1.5,4,0.77,3.78,0,2025,8,31,3,0.002359090593704466,5.67,0.0829729167148507,0.345,0
2,4,1,1,10886.69,480.84,1.94,1.4,4,0.516,23.88,1,2025,6,3,5,0.00017819925064459444,33.431999999999995,0.04416769468038494,0.6776,0
3,1,0,2,1545.22,157.11,2.77,1.7,2,0.963,0.5,1,2025,1,28,5,0.0017926249983821073,0.85,0.10167484241726098,0.06290000000000005,0
3,2,3,1,1533.22,49.92,1.64,0.5,3,0.851,2.36,0,2025,4,18,0,0.0010696442780553344,1.18,0.03255892826861116,0.07450000000000001,0
5,7,2,1,675.57,263.88,2.5,9.0,2,0.707,5.35,1,2025,8,17,3,0.003700578770519709,48.15,0.3906034903858963,2.6370000000000005,1
7,4,1,2,14369.27,29.49,1.78,5.4,1,0.799,19.04,0,2025,7,21,1,0.00012387546479396657,102.816,0.0020522963240303784,1.0854,0
3,1,3,3,11193.87,56.16,2.4,7.0,2,0.715,168.59,1,2024,2,12,1,0.0002144030616757207,1180.13,0.005017031643211865,1.995,1
3,0,1,1,5622.15,110.48,2.43,8.3,1,0.733,8.37,1,2025,4,5,2,0.00043221899095541744,69.471,0.01965084531718293,2.2161000000000004,1
7,2,2,4,4799.77,232.71,4.48,7.9,4,0.943,11.58,1,2025,8,8,0,0.0009333780576985981,91.482,0.048483573171214454,0.4503000000000004,1
1,7,3,2,5570.7,217.19,4.48,8.8,1,0.581,17.37,0,2025,10,29,6,0.0008042077297287595,152.85600000000002,0.038987918932988676,3.6872000000000007,1
5,2,1,1,11732.48,400.05,1.58,9.7,0,0.552,12.19,1,2024,7,11,4,0.0001346688850098189,118.24299999999998,0.034097650283656994,4.345599999999999,1
7,7,2,0,10089.87,370.0,3.6,4.4,3,0.501,9.27,0,2024,11,25,1,0.00035679349684386417,40.788000000000004,0.03667044273117493,2.1956,0
3,2,0,2,3185.34,213.73,1.37,9.5,0,0.657,0.5,0,2025,9,11,4,0.00043009537443412636,4.75,0.06709801779401885,3.2584999999999997,1
7,1,3,0,3024.59,167.52,1.3,7.2,3,0.574,7.38,0,2025,5,2,0,0.0004298103213989334,53.136,0.055386019262114866,3.0672000000000006,1
3,4,0,2,1926.74,158.92,1.55,0.7,2,0.61,1.37,1,2025,5,28,6,0.0008044676500202414,0.959,0.08248128963949468,0.27299999999999996,0
1,5,3,4,10074.39,387.22,4.39,6.8,3,0.506,22.66,1,2024,6,3,1,0.0004357583933121509,154.088,0.038436074045177925,3.3592,0
6,0,0,3,11583.4,26.98,4.3,6.9,0,0.614,0.5,1,2024,3,4,1,0.0003712208850596543,3.45,0.0023291952276533663,2.6634,0
5,4,1,2,4343.17,7.4,1.84,9.1,0,0.666,4.36,0,2025,4,6,3,0.0004236536907374107,39.676,0.0017038246257917605,3.0393999999999997,1
6,6,2,1,803.7,397.98,1.73,3.7,0,0.516,0.87,0,2024,4,15,1,0.0021525444817718053,3.2190000000000003,0.4951847704367301,1.7908,0
3,4,2,3,1691.49,239.1,1.99,5.8,3,0.804,1.68,0,2024,12,17,5,0.0011764775434675936,9.744,0.14135466363974958,1.1367999999999996,0
3,0,3,1,14533.97,66.31,2.9,0.1,4,0.784,61.23,1,2024,3,27,6,0.00019953254341380916,6.123,0.004562414811644719,0.021599999999999998,0
5,5,1,2,4783.95,118.55,3.08,3.3,0,0.549,4.38,0,2025,5,31,2,0.0006438194379121856,14.453999999999999,0.02478077739106805,1.4882999999999997,0
3,5,0,0,11653.74,466.32,1.93,0.6,0,0.798,0.5,0,2025,10,23,4,0.0001656120696016901,0.3,0.04001462191536794,0.12119999999999997,0
3,5,2,0,9557.62,429.89,3.7,5.2,2,0.999,56.81,1,2024,6,25,5,0.0003871256651760585,295.41200000000003,0.0449787708655502,0.005200000000000005,0
3,2,1,3,6038.12,355.18,2.22,8.2,1,0.972,8.84,1,2024,2,10,2,0.00036766410737116857,72.488,0.058822944890131366,0.2296000000000002,1
7,2,3,4,3482.47,241.63,4.24,2.1,0,0.501,5.17,1,2024,9,10,5,0.0012175266405740754,10.857000000000001,0.06938466088724382,1.0479,0
6,5,0,1,2260.1,260.64,3.37,5.3,1,0.898,0.62,0,2025,12,25,4,0.0014910844652891466,3.286,0.11532233087031547,0.5405999999999999,0
5,7,0,3,9417.69,487.65,2.64,2.0,4,0.677,1.08,0,2025,3,24,1,0.00028032351882467996,2.16,0.05178021361926332,0.6459999999999999,0
5,0,3,2,11732.19,482.92,3.81,1.2,3,0.532,21.24,0,2025,3,25,5,0.00032474755352581233,25.487999999999996,0.04116196549834259,0.5616,0
1,0,1,0,9836.61,108.42,3.9,5.1,2,0.648,69.29,1,2025,6,20,0,0.00039647805493965907,353.379,0.011022089927322521,1.7951999999999997,0
2,6,3,1,8189.38,405.74,2.16,0.8,0,0.661,11.82,1,2025,6,19,4,0.00026375623063040185,9.456000000000001,0.04954465417406446,0.2712,0
5,1,0,0,1108.29,99.42,2.32,5.9,1,0.762,0.5,0,2025,9,16,5,0.002093314926598634,2.95,0.08970576293208457,1.4042000000000001,0
3,4,2,4,14543.09,107.56,4.29,0.3,2,0.831,69.95,1,2024,6,11,5,0.00029498545357279645,20.985,0.0073959523044965,0.05070000000000001,0
4,6,1,0,12081.36,338.37,1.74,1.1,4,0.875,26.24,0,2025,1,7,5,0.00014402352053080115,28.864,0.02800760841494666,0.1375,0
1,5,1,2,4745.92,203.1,1.34,5.5,3,0.623,4.84,0,2025,1,16,4,0.0002823477850448385,26.619999999999997,0.042794653091497534,2.0735,0
5,8,0,3,14709.57,465.84,2.7,5.9,3,0.661,1.91,0,2024,10,16,6,0.00018355397200597978,11.269,0.03166917863676504,2.0000999999999998,0
7,6,1,2,9227.28,45.42,3.84,0.3,3,0.654,7.76,0,2025,1,31,0,0.0004161573074622207,2.328,0.00492236065232658,0.10379999999999999,0
2,7,1,1,8945.13,256.25,3.75,5.7,3,0.681,8.93,1,2025,2,22,2,0.0004192225266709372,50.901,0.028646872655847373,1.8182999999999998,0
6,0,3,3,11347.06,459.34,4.23,8.4,3,1.0,26.97,1,2024,12,12,4,0.00037278378716601484,226.548,0.040480970401143554,0.0,1
5,3,3,4,12270.66,452.15,2.96,7.2,1,0.889,35.21,1,2025,11,26,6,0.00024122581833414014,253.512,0.03684805870262887,0.7991999999999999,1
5,1,1,3,10018.94,79.11,1.53,1.3,2,0.987,59.3,1,2025,9,4,4,0.00015271076580955669,77.09,0.00789604489097649,0.016900000000000016,0
1,7,1,0,2357.39,183.95,3.14,5.9,3,0.847,3.28,0,2024,2,23,0,0.0013319815558732327,19.352,0.07803121248499399,0.9027000000000002,0
0,6,2,0,5404.88,309.94,3.77,6.7,0,0.703,4.69,1,2025,10,8,6,0.0006975177987300366,31.423000000000002,0.057344473882861416,1.9899000000000002,0
0,8,2,2,13957.21,80.54,1.51,0.4,2,0.695,67.18,1,2025,10,24,0,0.0001081878111742963,26.872000000000003,0.005770494246342931,0.12200000000000003,0
4,0,3,4,3756.93,484.04,1.77,8.6,0,0.744,7.17,1,2024,12,8,3,0.0004711293529557378,61.662,0.12883923842073183,2.2016,1
1,8,2,2,5896.42,457.46,1.24,9.1,1,0.708,7.76,1,2024,3,8,0,0.0002102970955257597,70.616,0.07758266880581777,2.6572000000000005,1
5,5,3,3,6765.11,84.31,3.16,8.5,3,0.914,15.24,0,2024,12,3,5,0.00046710253048361374,129.54,0.012462472894010593,0.7309999999999997,1
4,7,1,2,6871.37,61.46,4.13,8.2,0,0.733,6.91,0,2024,4,6,2,0.0006010446242888973,56.662,0.008944358985180539,2.1894,1
2,6,0,3,9387.62,43.62,3.41,7.4,0,0.648,0.5,1,2025,7,25,0,0.00036324435799489114,3.7,0.004646545130714707,2.6048,1
7,0,0,4,14174.6,454.81,4.44,6.3,1,0.887,1.97,0,2025,11,25,5,0.0003132363523485672,12.411,0.03208626698460627,0.7118999999999999,0
3,0,2,4,3990.04,97.62,1.41,6.8,3,0.927,4.27,0,2025,1,30,4,0.0003533799159908171,29.035999999999998,0.024465920141151468,0.4963999999999997,0
6,2,2,0,2261.77,208.73,4.18,8.1,0,0.71,2.14,0,2024,10,17,4,0.0018481101084548825,17.334,0.09228612988942288,2.349,1
7,6,2,1,3363.32,224.98,3.89,6.6,3,0.834,2.86,1,2024,9,15,3,0.001156595268960432,18.875999999999998,0.06689223743206117,1.0956000000000001,0
5,0,2,2,13360.41,299.91,2.24,3.3,4,0.529,27.85,0,2025,11,3,1,0.00016765952541875588,91.905,0.022447664405508515,1.5542999999999998,0
1,4,0,2,9864.26,36.8,4.41,3.8,3,0.765,0.5,1,2025,9,9,5,0.0004470685079265956,1.9,0.0037306397033330424,0.8929999999999999,0
0,3,0,2,4645.65,114.15,2.15,9.0,1,0.522,0.5,1,2024,6,2,3,0.0004627985319600056,4.5,0.024571373220109136,4.302,1
1,7,3,0,12331.23,465.81,4.13,0.2,1,0.515,25.74,1,2024,12,7,2,0.0003349219826408233,5.148,0.037774820516688117,0.097,0
3,2,2,3,12989.86,454.3,4.11,7.0,3,0.806,12.87,0,2024,3,24,3,0.0003164006386519947,90.08999999999999,0.03497343312399056,1.3579999999999997,1
1,2,1,1,12774.46,390.86,3.7,9.5,4,0.652,39.34,1,2025,8,19,5,0.00028964042315683013,373.73,0.030596988052723952,3.3059999999999996,1
4,7,2,2,13824.43,10.68,3.06,7.1,2,0.871,89.8,1,2025,11,10,1,0.00022134728158773996,637.5799999999999,0.0007725454141689747,0.9158999999999999,1
0,8,3,2,4157.49,164.18,1.6,9.9,1,0.948,13.35,1,2024,5,24,0,0.0003848475883285348,132.165,0.03949017315736178,0.5148000000000005,1
0,7,3,3,11448.11,314.35,2.96,6.9,4,0.57,64.43,1,2024,12,24,5,0.0002585579628427749,444.56700000000006,0.02745868095257645,2.9670000000000005,0
1,2,2,3,7177.82,138.32,2.38,0.3,3,0.862,4.41,0,2024,11,13,6,0.000331576996915498,1.323,0.019270474879559532,0.0414,0
3,1,2,2,12708.98,454.88,3.81,8.3,1,0.757,15.9,1,2025,11,2,3,0.00029978802390121,131.97000000000003,0.03579201478010037,2.0169,1
5,0,2,1,11063.11,317.31,3.7,2.8,4,0.556,22.03,1,2025,12,16,5,0.00033444483513225484,61.684,0.028681808279950212,1.2431999999999999,0
0,1,2,3,11758.49,36.88,4.21,4.5,0,0.826,8.47,0,2025,11,9,3,0.00035803916999546713,38.115,0.0031364571471336885,0.7830000000000001,0
7,0,0,0,10014.35,454.59,1.25,3.1,4,0.805,1.46,1,2025,2,5,6,0.0001248208820342808,4.526,0.045393859811170965,0.6044999999999998,0
3,5,2,3,3072.72,478.93,3.87,2.7,1,0.758,2.92,0,2024,5,12,3,0.001259470436616418,7.884,0.15586516181103388,0.6534,0
1,5,2,4,8402.89,39.78,4.3,4.3,0,0.963,6.61,0,2025,9,1,1,0.0005117287028629436,28.423000000000002,0.00473408553485765,0.15910000000000013,0
0,6,0,2,14777.71,266.65,3.8,3.8,4,0.761,2.98,0,2025,12,26,0,0.0002571440365252803,11.324,0.0180440677209121,0.9081999999999999,0
2,6,0,2,14092.13,152.38,1.63,6.3,4,0.995,3.4,1,2024,3,27,6,0.00011566739733454062,21.419999999999998,0.01081312761094313,0.03150000000000003,0
7,7,1,2,1126.02,197.03,1.47,8.1,1,0.755,0.85,1,2024,11,13,6,0.0013054830287206266,6.885,0.17497913003321433,1.9845,1
6,6,0,3,2889.81,90.65,1.27,3.0,2,0.558,1.41,1,2025,7,26,2,0.00043947525961914453,4.2299999999999995,0.03136884431848461,1.3259999999999998,0
2,8,2,0,2410.07,289.46,3.27,2.1,4,0.735,5.25,1,2025,1,20,1,0.0013568070636952453,11.025,0.12010439530802008,0.5565000000000001,0
0,2,3,4,11026.71,479.03,3.28,6.7,1,0.591,31.39,1,2025,10,20,1,0.00029745953235371203,210.31300000000002,0.04344269505591423,2.7403000000000004,0
3,1,1,3,12357.89,252.03,4.46,6.7,1,0.799,16.41,1,2024,12,2,1,0.0003609030344176878,109.947,0.02039425824311432,1.3466999999999998,0
2,0,3,3,3595.91,42.37,2.51,9.0,4,0.847,21.56,1,2024,5,10,0,0.0006980152450979029,194.04,0.011782831049720376,1.3770000000000002,1
3,2,2,4,7834.86,310.38,2.3,0.2,0,0.734,5.22,0,2025,11,17,1,0.0002935598083437356,1.044,0.03961525796249071,0.053200000000000004,0
3,1,0,2,12690.19,170.77,3.26,8.5,1,0.549,1.32,1,2025,12,20,2,0.0002568913467804658,11.22,0.013456851315858944,3.8334999999999995,1
6,6,0,4,11125.62,428.11,3.92,5.2,2,0.734,5.39,1,2025,12,2,5,0.0003523399145395942,28.028,0.03847965326876165,1.3832000000000002,0
3,5,1,2,8362.44,217.9,4.29,6.2,1,0.541,10.64,0,2025,6,23,1,0.0005130081650810051,65.968,0.02605698815178345,2.8457999999999997,0
0,7,3,4,9060.04,97.23,3.85,0.9,3,0.841,15.32,0,2024,4,5,0,0.0004249429362342771,13.788,0.010731740698716562,0.14310000000000003,0
1,4,1,1,7871.23,96.36,2.61,4.3,4,0.895,19.1,1,2025,10,23,4,0.00033158731227520986,82.13000000000001,0.01224205111526407,0.4514999999999999,0
4,3,3,2,4814.45,384.61,3.3,2.3,4,0.981,22.37,0,2025,11,17,1,0.0006854365503847792,51.451,0.07988659140711817,0.04370000000000004,0
4,1,1,1,8692.82,133.53,4.03,2.5,4,0.574,20.86,1,2025,3,9,3,0.00046360099484402074,52.15,0.015360953062412428,1.0650000000000002,0
2,5,2,0,10488.84,383.85,2.82,5.0,4,0.766,22.82,0,2025,6,4,6,0.00026885718535128765,114.1,0.03659603921882687,1.17,0
5,8,2,4,13163.18,103.74,1.92,8.1,3,0.784,13.35,0,2025,1,5,3,0.00014586141038867506,108.13499999999999,0.0078810743300631,1.7495999999999996,1
2,0,1,4,9726.22,161.52,1.76,7.4,4,0.961,28.22,1,2024,1,19,0,0.00018095416307671429,208.828,0.016606657056903916,0.28860000000000025,1
7,3,2,2,11536.26,233.28,1.2,5.9,4,0.814,26.69,1,2025,1,6,1,0.00010401984698680508,157.471,0.02022145825423491,1.0974000000000004,0
7,2,3,4,2821.04,471.65,3.57,5.4,0,0.573,4.17,1,2024,11,12,5,0.001265490741003318,22.518,0.1671901142840938,2.3058000000000005,0
6,0,3,3,7192.58,465.93,1.57,4.3,4,0.718,36.57,1,2024,7,3,6,0.00021828050574341894,157.251,0.06477925862486063,1.2126000000000001,0
7,2,3,3,635.31,104.23,2.0,9.7,1,0.827,1.94,1,2024,8,7,6,0.003148069446411988,18.817999999999998,0.16406163919976077,1.6781000000000004,1
0,6,0,1,4076.84,179.75,2.18,5.6,1,0.85,0.5,1,2024,12,15,3,0.0005347278774737297,2.8,0.044090521089863714,0.8400000000000001,0
6,6,1,0,11033.69,75.55,3.05,2.5,2,0.932,68.81,1,2025,5,12,1,0.00027642610948830354,172.025,0.00684721067929224,0.16999999999999987,0
6,8,0,0,14881.24,255.48,2.51,2.3,2,0.59,6.96,1,2024,7,15,1,0.00016866873997059382,16.008,0.01716792417836148,0.943,0
1,4,1,3,1938.08,230.83,3.43,6.1,1,0.976,2.89,0,2024,8,19,1,0.0017697927846115746,17.629,0.11910241063320401,0.1464000000000001,0
2,0,1,0,6321.67,450.48,1.38,5.2,4,0.53,17.81,1,2024,5,20,1,0.00021829674753664772,92.612,0.07125965132631093,2.444,0
4,3,1,1,12101.03,465.07,1.61,0.1,2,0.992,67.54,1,2024,6,7,0,0.00013304652579160616,6.754000000000001,0.03843226568316912,0.0008000000000000008,0
3,2,1,0,3458.52,192.4,2.85,8.3,3,0.929,4.83,1,2024,3,20,6,0.000824051906595885,40.089000000000006,0.05563073222071869,0.5892999999999996,1
3,7,0,1,8548.73,246.38,2.31,7.0,4,0.83,1.98,1,2024,10,29,5,0.00027021557588086185,13.86,0.028820655231829757,1.1900000000000004,1
4,2,2,4,11129.53,448.22,2.18,6.6,2,0.867,70.49,1,2024,4,13,2,0.00019587529751930225,465.2339999999999,0.040273039382615436,0.8778,0
7,3,2,4,9431.79,403.55,1.42,0.7,3,0.536,7.04,0,2025,6,3,5,0.00015055466671755837,4.928,0.042786151939345554,0.3248,0
7,6,2,3,3226.36,2.82,4.16,3.6,4,0.521,6.19,1,2025,7,6,3,0.0012893787426077686,22.284000000000002,0.000874050013017766,1.7244,0
6,5,0,2,5653.08,160.71,3.48,9.4,2,0.551,3.61,1,2025,6,23,1,0.0006155936232991573,33.934,0.028428750344944704,4.2206,1
7,3,0,3,11864.98,211.47,1.6,8.6,3,0.544,0.5,0,2024,2,8,4,0.00013485062764539006,4.3,0.017823038892606648,3.9215999999999993,1
4,3,1,4,8536.28,115.63,1.41,2.9,4,0.774,19.89,1,2025,11,8,2,0.00016517733720074784,57.681,0.013545713120937924,0.6553999999999999,0
6,1,1,2,575.83,100.59,4.42,1.6,2,0.608,3.51,1,2024,12,10,5,0.00767587656079051,5.616,0.17468697358595417,0.6272000000000001,0
6,1,0,1,11534.37,19.85,3.45,4.5,1,0.93,1.7,0,2025,9,24,6,0.00029910606300994334,7.6499999999999995,0.0017209435799267754,0.3149999999999998,0
6,4,0,0,1012.01,322.04,2.58,3.6,3,0.723,0.79,0,2024,5,14,5,0.0025493819231035266,2.8440000000000003,0.31821819942490687,0.9972000000000001,0
5,5,0,4,11313.14,131.99,3.52,6.8,1,0.848,1.07,1,2025,9,3,6,0.0003111426182297753,7.276,0.011666964255723876,1.0336,0
0,3,1,2,3435.97,27.12,3.7,9.7,1,0.826,5.39,0,2025,1,20,1,0.0010768429293620144,52.282999999999994,0.007892967633594008,1.6878000000000002,1
5,3,2,2,14392.07,116.26,3.77,3.6,3,0.66,12.64,1,2024,6,6,4,0.00026194980986056905,45.504000000000005,0.008078059653684286,1.224,0
6,5,0,0,5835.14,401.16,2.78,0.6,1,0.622,0.5,0,2024,6,15,2,0.0004764238732918147,0.3,0.06874899316897282,0.2268,0
5,4,0,1,5240.51,425.89,2.62,9.0,1,0.671,0.8,1,2024,7,4,4,0.0004999513406137952,7.2,0.08126880780687375,2.9609999999999994,1
3,5,3,0,2658.88,242.05,1.24,0.4,4,0.898,10.87,0,2025,12,10,6,0.0004663617763870502,4.348,0.09103457094716573,0.040799999999999996,0
3,6,1,3,4931.26,208.62,4.26,9.5,2,0.793,40.36,1,2025,10,1,6,0.0008638765751552341,383.42,0.04230561763119365,1.9664999999999997,1
1,7,2,0,13211.44,488.95,3.19,6.6,4,0.627,31.2,1,2024,6,18,5,0.0002414574035835609,205.92,0.03700959168720442,2.4617999999999998,0
6,4,0,2,14946.85,101.08,1.87,9.4,3,0.909,1.59,0,2025,3,24,1,0.0001251099730043454,14.946000000000002,0.006762628915122584,0.8553999999999997,1
1,6,1,2,5840.49,108.46,4.23,2.0,3,0.527,5.63,0,2024,2,14,6,0.0007242543005809445,11.26,0.018570359678725588,0.946,0
3,8,3,1,7004.85,146.64,4.22,0.4,0,0.85,10.37,0,2025,2,24,1,0.0006024397381814028,4.148,0.020934067110644765,0.06000000000000001,0
0,8,1,2,10970.03,87.21,4.46,4.9,1,0.72,14.39,1,2025,1,8,6,0.0004065622427650608,70.51100000000001,0.007949841522767028,1.3720000000000003,0
2,4,0,4,13349.84,190.3,4.08,4.5,1,0.866,1.36,0,2025,11,23,3,0.00030562164040917345,6.12,0.014254852492614144,0.603,0
3,8,1,4,9099.14,455.51,4.49,3.3,4,0.964,23.03,1,2024,8,31,2,0.0004934532274478687,75.999,0.05006077497433824,0.1188000000000001,0
5,1,2,2,6177.12,308.06,2.01,9.6,2,0.875,42.74,1,2025,3,30,3,0.00032539435853601675,410.30400000000003,0.04987113735851011,1.2,1
6,8,0,2,6483.02,206.56,3.98,8.2,1,0.721,1.56,1,2025,9,17,6,0.0006139114178268769,12.792,0.031861694087015,2.2878,1
3,2,1,0,10586.46,467.27,3.92,6.6,0,0.575,9.64,0,2024,10,18,0,0.00037028430655762176,63.624,0.04413845610336222,2.805,0
7,4,2,0,546.66,25.18,1.96,1.6,2,0.903,3.1,1,2025,4,4,0,0.0035854095781655874,4.960000000000001,0.04606153733582117,0.15519999999999998,0
0,3,0,0,9484.05,105.93,1.52,7.3,2,0.73,5.24,1,2024,8,27,5,0.00016026908335573938,38.252,0.01116927894728518,1.971,1
0,5,0,3,5654.65,283.38,4.43,7.3,4,0.538,0.85,1,2025,6,30,1,0.0007834260299045918,6.205,0.05011450752920163,3.3726,1
2,1,2,2,12015.86,308.16,2.18,4.3,3,0.86,10.65,0,2024,9,1,3,0.00018142688080586826,45.795,0.025646104398686403,0.602,0
7,6,0,1,1848.36,20.74,4.07,9.2,3,0.646,0.69,1,2024,11,12,5,0.002201952000692506,6.347999999999999,0.011220757861022744,3.2567999999999997,1
3,1,0,4,9028.93,202.12,1.21,1.7,1,0.524,1.0,0,2025,4,25,0,0.0001340136649636225,1.7,0.02238581980367552,0.8091999999999999,0
3,5,1,1,7474.11,324.93,1.27,2.7,2,0.951,46.8,1,2024,7,17,6,0.00016991989681714614,126.36,0.04347407249826401,0.13230000000000014,0
5,7,1,3,9813.72,349.34,2.74,0.6,2,0.742,58.05,1,2025,1,11,2,0.00027920095539713793,34.83,0.03559710283154604,0.1548,0
1,7,3,4,1440.38,319.43,1.99,8.0,3,0.64,3.95,1,2025,11,25,5,0.0013815798608700482,31.6,0.22176786681292435,2.88,1
6,1,0,0,8909.76,160.96,3.48,6.2,4,0.858,2.29,1,2025,8,7,4,0.00039058291132421075,14.198,0.01806558201343246,0.8804000000000001,0
1,0,3,3,8641.53,47.67,3.07,3.1,4,0.943,41.5,0,2025,3,27,4,0.00035526116324308306,128.65,0.005516384251399925,0.17670000000000016,0
4,1,2,3,8629.57,214.13,1.46,1.6,3,0.5,6.36,0,2025,4,17,4,0.0001691857184077538,10.176000000000002,0.02481351909770707,0.8,0
0,3,1,2,9250.57,65.25,1.74,0.4,1,0.844,9.69,1,2024,10,15,5,0.00018809651729569097,3.876,0.007053619398588412,0.06240000000000001,0
5,7,1,3,10308.79,473.86,2.48,1.7,2,0.884,62.59,1,2025,1,26,3,0.0002405713958670222,106.403,0.04596659743772062,0.1972,0
1,6,3,2,12172.34,238.11,1.81,4.5,4,0.605,61.72,0,2025,5,29,4,0.00014869778530668713,277.74,0.019561563347721144,1.7775,0
6,3,2,3,4412.4,159.31,3.81,2.5,2,0.745,23.07,1,2025,6,24,5,0.0008634756595050314,57.675,0.03610506753694135,0.6375,0
5,7,1,2,12463.22,383.39,2.57,2.6,0,0.545,10.05,1,2025,3,4,5,0.00020620674271977867,26.130000000000003,0.030761713265111262,1.1829999999999998,0
0,2,2,3,7724.71,249.48,1.51,8.8,4,0.873,19.99,1,2024,6,14,0,0.0001954765939433325,175.912,0.03229635805098185,1.1176000000000001,1
4,7,1,3,1617.35,155.71,2.8,5.2,0,0.924,1.03,1,2024,7,23,5,0.0017312270071413113,5.356000000000001,0.09627477045784773,0.3951999999999998,0
6,4,3,1,1348.99,406.17,1.5,7.3,4,0.554,7.12,1,2025,9,11,4,0.001111943009214301,51.976,0.3010919280350485,3.2557999999999994,1
1,7,1,3,5346.46,433.71,1.63,0.4,4,0.908,12.06,1,2024,5,21,5,0.0003048746273235,4.824000000000001,0.08112096602237742,0.03679999999999999,0
3,2,2,3,11881.01,336.83,1.99,3.7,0,0.886,8.54,0,2024,9,13,0,0.0001674941776835471,31.598,0.02835028335133124,0.4218,0
6,6,1,3,10761.37,24.44,4.04,4.8,4,0.673,27.11,1,2024,2,23,0,0.00037541688465316214,130.128,0.0022710863022087336,1.5695999999999997,0
7,2,1,2,11934.92,283.6,4.25,1.9,0,0.845,8.41,0,2025,10,18,2,0.00035609790430099237,15.979,0.023762203684649753,0.29450000000000004,0
6,3,0,1,8000.4,381.88,3.93,1.2,2,0.5,3.35,1,2025,5,7,6,0.0004912254387280636,4.02,0.04773261336933154,0.6,0
6,1,3,1,6882.89,69.12,2.3,8.7,3,0.966,16.83,0,2025,1,15,6,0.0003341619581309595,146.42099999999996,0.01004229328087475,0.29580000000000023,1
3,7,0,1,2638.06,115.11,2.1,9.4,2,0.775,1.91,1,2025,7,21,1,0.0007960395138852036,17.954,0.04363433735396466,2.1149999999999998,1
1,2,1,2,5258.79,441.37,3.01,0.8,4,0.81,11.95,0,2024,4,15,1,0.0005723750140241386,9.56,0.08392995346838342,0.15199999999999997,0
7,5,3,0,6793.28,11.04,3.58,3.5,1,0.832,15.88,1,2025,12,29,1,0.0005269913797164257,55.580000000000005,0.0016251354279523294,0.5880000000000001,0
1,0,3,2,1784.71,376.61,4.48,9.6,1,0.781,5.61,0,2025,6,12,4,0.0025102117430843107,53.856,0.2110202778042371,2.1024,1
5,7,3,2,3698.87,237.41,1.63,0.8,3,0.928,7.13,0,2024,5,7,5,0.00044067512510577553,5.704000000000001,0.06418446714807495,0.057599999999999964,0
7,2,2,4,9174.27,223.94,1.36,6.4,0,0.805,7.88,0,2024,10,18,0,0.000148240677459896,50.432,0.02440957155174199,1.2479999999999998,0
7,4,2,1,11167.12,4.54,3.49,9.7,0,0.954,10.06,0,2024,3,26,5,0.000312524625865935,97.582,0.0004065506594359154,0.4462000000000004,1
0,8,0,2,14976.04,409.88,3.95,9.8,1,0.791,2.92,1,2024,6,13,4,0.00026375463740748557,28.616,0.027369050830526626,2.0481999999999996,1
3,8,3,1,14030.14,180.55,3.99,4.7,3,0.586,29.2,1,2024,10,6,3,0.00028438775379290585,137.24,0.012868724046944651,1.9458000000000002,0
5,4,0,2,9817.2,270.84,3.44,1.6,4,0.957,2.18,0,2025,4,5,2,0.00035040541091146146,3.4880000000000004,0.027588314386994252,0.06880000000000007,0
2,6,1,3,6608.1,338.97,4.35,2.0,3,0.841,6.09,0,2025,6,9,1,0.0006582830162981795,12.18,0.05129613655967676,0.31800000000000006,0
0,5,0,1,9724.57,351.61,2.89,8.9,2,0.85,5.46,1,2024,5,30,4,0.0002971853768341428,48.594,0.03615686863275189,1.3350000000000002,1
7,4,1,0,11891.95,478.03,4.22,9.1,3,0.993,13.99,0,2025,3,23,3,0.0003548619023793406,127.309,0.04019778085175265,0.06370000000000005,1
1,4,3,3,2215.87,266.14,4.39,6.1,2,0.538,32.19,1,2024,4,3,6,0.0019811631548782194,196.35899999999998,0.12010632392694517,2.8181999999999996,0
1,3,3,4,6443.62,200.46,4.0,7.7,0,0.714,12.27,1,2024,8,15,4,0.0006207690708018164,94.479,0.03110984198323303,2.2022000000000004,1
0,1,1,4,12677.13,476.9,2.22,7.4,1,0.62,17.21,1,2025,4,6,3,0.00017511850079631591,127.35400000000001,0.03761892478818155,2.8120000000000003,1
0,6,0,0,6065.58,321.41,1.85,6.6,1,0.815,0.5,1,2024,12,23,1,0.0003049996867570785,3.3,0.05298916179491492,1.2210000000000003,0
6,1,2,1,8792.15,149.78,3.01,8.3,3,0.903,8.72,1,2024,1,28,3,0.00034235084706243636,72.376,0.017035651120601902,0.8050999999999998,1
4,6,1,0,9022.66,64.11,2.69,6.9,1,0.983,12.98,0,2025,2,28,0,0.00029813824304584233,89.56200000000001,0.00710544340582489,0.11730000000000011,0
7,1,3,0,3174.91,421.43,4.1,5.3,3,0.727,6.7,0,2024,2,24,2,0.001291375188588023,35.51,0.13273762090893915,1.4469,0
0,3,1,4,5752.41,181.73,1.53,2.4,2,0.893,35.71,1,2025,2,9,3,0.0002659754781039599,85.704,0.031591976232570346,0.2568,0
1,6,1,2,5350.41,330.57,2.05,7.4,4,0.959,14.8,1,2025,5,29,4,0.00038314820733364357,109.52000000000001,0.06178405019428418,0.3034000000000003,1
6,4,2,4,879.85,235.94,3.68,4.7,4,0.842,1.95,1,2025,1,17,0,0.004182531113257942,9.165000000000001,0.26815934534295616,0.7426000000000001,0
2,7,3,4,850.78,100.27,1.51,2.9,4,0.621,4.73,1,2024,8,29,4,0.0017748419097769106,13.717,0.11785655516114624,1.0991,0
2,4,1,3,12559.61,301.24,2.26,8.0,0,0.804,12.3,0,2025,1,30,4,0.00017994189310018382,98.4,0.023984821184734238,1.5679999999999996,1
3,8,1,1,4459.53,31.28,2.48,7.0,3,0.985,4.26,0,2024,3,24,3,0.0005561124154339135,29.82,0.007014192078537425,0.1050000000000001,1
0,5,0,0,8012.14,207.26,3.25,9.4,2,0.994,4.28,1,2025,1,18,2,0.00040563444972254603,40.232000000000006,0.02586824493830612,0.056400000000000054,1
7,7,3,3,4831.52,273.76,1.72,1.7,0,0.821,7.56,0,2024,8,17,2,0.0003559956287048382,12.851999999999999,0.05666125774083518,0.30430000000000007,0
6,1,0,1,14139.85,218.59,4.04,6.5,0,0.943,0.86,0,2024,1,29,1,0.00028571731666177504,5.59,0.01545914560621223,0.37050000000000033,0
2,4,0,2,4259.8,374.59,2.68,2.4,1,0.6,0.5,1,2024,11,22,0,0.0006291375181933424,1.2,0.08793605333583736,0.96,0
2,6,1,4,6730.02,414.13,4.23,9.0,3,0.623,7.84,1,2024,4,11,4,0.0006285271069030999,70.56,0.06153473540940443,3.393,1
6,8,0,1,13154.59,385.85,2.74,1.0,4,0.976,2.41,1,2025,10,27,1,0.0002082923146977595,2.41,0.02933196701683595,0.02400000000000002,0
1,0,2,3,12708.04,20.37,2.11,6.6,2,0.568,80.22,1,2024,12,9,1,0.0001660366193370496,529.452,0.001602922244500332,2.8512000000000004,0
3,5,2,4,3198.47,97.87,1.67,7.9,4,0.596,7.88,1,2024,5,29,6,0.0005221246408439036,62.252,0.03059900514933703,3.1916,1
4,0,3,3,12138.33,268.77,1.21,3.5,0,0.71,19.42,0,2024,5,20,1,9.968422344754179e-05,67.97,0.022142255153715543,1.0150000000000001,0
5,4,0,3,7143.71,467.48,2.96,9.5,4,0.795,2.11,1,2024,2,9,0,0.00041435052654713024,20.044999999999998,0.06543938653724746,1.9474999999999996,1
7,2,2,1,7503.05,417.64,1.55,8.5,0,0.802,6.26,1,2024,10,20,3,0.00020658265638640285,53.21,0.0556626971698176,1.6829999999999996,1
0,1,2,3,2435.46,421.42,2.49,2.9,3,0.646,2.3,0,2025,4,28,1,0.0010223941267768718,6.669999999999999,0.1730350734563491,1.0266,0
4,6,1,2,1668.72,152.3,3.14,0.1,0,0.96,0.57,0,2025,12,13,2,0.001881681768061748,0.056999999999999995,0.09126755836809052,0.0040000000000000036,0
3,5,3,4,11055.12,215.29,2.11,3.0,4,0.958,53.76,1,2024,5,22,6,0.0001908617907358762,161.28,0.019474234562808904,0.1260000000000001,0
0,4,3,4,7698.69,235.88,1.78,2.8,4,0.696,37.23,1,2025,12,23,5,0.0002312081665841851,104.24399999999999,0.03063897883925707,0.8512000000000001,0
6,3,1,1,6834.34,79.53,3.76,8.9,0,0.717,5.9,1,2025,4,25,0,0.0005501628540575973,52.510000000000005,0.011636822282766149,2.5187000000000004,1
2,1,0,1,11077.87,16.5,4.32,9.7,3,0.851,0.63,1,2025,4,4,0,0.00038996666326649435,6.111,0.0014894560055317492,1.4453,1
1,5,3,0,11599.94,473.5,1.53,0.7,2,0.831,133.67,1,2025,9,22,1,0.0001318972339512101,93.56899999999999,0.04081917665091371,0.11830000000000002,0
6,0,1,3,2804.17,121.12,1.71,4.7,0,0.691,1.75,1,2024,1,6,2,0.0006098061101859017,8.225,0.04319281641269966,1.4523000000000004,0
1,2,3,2,9348.26,120.73,4.37,5.5,4,0.707,49.56,1,2024,3,22,0,0.00046746667294234436,272.58000000000004,0.012914702843095935,1.6115000000000002,0
4,1,3,0,2462.63,42.61,1.32,0.9,3,0.674,4.51,0,2024,1,20,2,0.0005360123120403796,4.059,0.0173026398606368,0.2934,0
5,3,1,2,11394.94,464.33,4.43,3.8,4,0.618,28.13,1,2024,9,19,4,0.0003887690501222472,106.89399999999999,0.04074878849735058,1.4516,0
7,7,0,1,10025.85,290.29,1.22,3.2,3,0.729,1.0,0,2024,8,8,4,0.0001216854431295102,3.2,0.02895415351316846,0.8672000000000001,0
4,5,2,1,14370.91,333.85,4.08,5.4,0,0.843,10.5,0,2024,6,2,3,0.00028390686463139773,56.7,0.023230957538527486,0.8478000000000002,0
7,7,2,2,1499.89,455.88,2.21,6.6,3,0.871,0.5,1,2025,7,15,5,0.001473441385701618,3.3,0.30394228910120075,0.8513999999999999,0
4,3,3,4,1327.29,173.46,4.3,7.0,1,0.889,4.23,0,2025,9,15,1,0.0032396838671277565,29.610000000000003,0.13068734037022806,0.7769999999999999,1
1,0,2,1,4591.71,311.13,2.25,1.4,2,0.687,23.85,1,2025,6,24,5,0.0004900135243732727,33.39,0.06775907015033615,0.43819999999999987,0
0,1,3,1,4294.73,20.36,3.36,8.1,4,0.882,26.42,1,2025,3,9,3,0.0007823541875740734,214.002,0.004740693827085754,0.9557999999999999,1
6,2,0,2,4081.19,94.2,1.46,6.8,3,0.503,0.5,0,2024,4,23,5,0.00035773879677250997,3.4,0.02308150318902085,3.3796,0
3,4,2,2,13640.69,415.79,2.0,8.9,3,0.739,14.45,1,2024,10,22,5,0.00014662014898073338,128.605,0.030481595872349568,2.3229,1
1,0,3,1,4118.42,383.62,3.75,4.5,1,0.897,9.52,1,2024,8,31,2,0.0009105433637171536,42.839999999999996,0.09314737205044653,0.4634999999999999,0
1,7,1,3,4443.27,175.97,2.94,8.9,2,0.815,36.6,1,2024,11,4,1,0.0006616748475784726,325.74,0.0396037152817632,1.6465000000000005,1
7,6,1,1,11511.27,189.03,4.26,8.7,4,0.737,34.61,1,2024,5,4,2,0.0003700721119389954,301.10699999999997,0.016421298431884578,2.2881,1
7,1,0,2,7021.23,267.24,2.61,4.4,3,0.822,0.5,1,2024,2,18,3,0.00037172973966099955,2.2,0.03806170713678373,0.7832000000000002,0
2,5,0,3,11762.3,1.12,4.07,3.8,0,0.953,1.12,1,2024,9,1,3,0.0003460207612456748,4.256,9.521947238210216e-05,0.17860000000000015,0
7,7,1,2,1447.81,121.38,2.68,9.3,0,0.783,1.2,1,2025,3,5,6,0.001851071618513479,11.16,0.0838369675578978,2.0181,1
2,5,2,1,7569.78,104.91,4.43,7.2,0,0.9,6.27,0,2025,10,16,4,0.0005852217633801775,45.144,0.0138590553490326,0.7199999999999999,1
7,0,0,0,987.4,125.99,4.37,9.3,3,0.99,0.5,1,2025,9,29,1,0.004425764634393357,4.65,0.12759773141583958,0.0930000000000001,1
0,6,0,1,1408.47,403.15,2.29,8.0,3,0.853,1.0,1,2025,4,13,3,0.001625877725475161,8.0,0.28623257861367296,1.1760000000000002,1
6,1,1,1,13643.34,140.56,4.12,6.1,4,0.787,37.99,1,2024,3,5,5,0.0003019788409582991,231.739,0.010302462593470514,1.2992999999999997,0
4,1,2,0,2519.06,96.57,4.0,1.2,2,0.519,12.39,1,2024,4,23,5,0.0015878938969298073,14.868,0.03833572840662787,0.5771999999999999,0
1,0,2,4,8220.1,252.63,1.9,2.9,0,0.687,6.14,0,2025,5,26,1,0.0002311407403802873,17.805999999999997,0.03073320275909052,0.9076999999999998,0
5,4,3,3,6460.89,432.96,3.26,9.7,4,0.783,40.14,1,2025,9,3,6,0.0005045744471736866,389.358,0.06701243946267464,2.1048999999999998,1
4,8,1,3,5536.48,121.43,1.44,3.2,3,0.899,4.64,0,2025,7,2,6,0.00026009305551541776,14.847999999999999,0.021932708146692487,0.32319999999999993,0
6,3,2,3,13547.58,40.19,3.96,0.9,1,0.719,12.31,0,2024,1,17,6,0.00029230312720057754,11.079,0.0029665814854018206,0.2529,0
7,3,2,2,816.44,178.85,1.78,7.1,4,0.98,3.14,0,2025,10,9,4,0.002180196952623585,22.294,0.2190608005487237,0.14200000000000013,1
5,4,2,2,10124.95,374.08,1.43,7.3,3,0.636,10.07,0,2025,6,11,6,0.0001412352653593351,73.511,0.036946355290643405,2.6572,1
1,0,1,3,14469.22,275.79,2.52,2.9,1,0.872,17.72,1,2025,8,11,1,0.00017416280905259578,51.388,0.019060460757387064,0.3712,0
7,5,1,0,8622.44,408.58,3.1,3.0,4,0.71,20.53,1,2024,9,4,6,0.0003595270016375875,61.59,0.04738565881583403,0.8700000000000001,0
1,2,0,0,14083.93,479.84,4.02,4.7,3,0.743,0.82,1,2024,5,27,1,0.00028543169413650874,3.854,0.03407003584936875,1.2079,0
7,3,0,2,1257.74,396.54,4.42,0.2,2,0.901,0.54,1,2024,10,25,0,0.00351423982699127,0.10800000000000001,0.3152797875554566,0.019799999999999998,0
4,2,2,4,6572.5,302.3,2.65,7.9,1,0.648,8.05,1,2025,3,15,2,0.000403195131228604,63.595000000000006,0.04599467478128566,2.7808,1
5,0,1,3,4272.29,247.18,1.4,3.2,1,0.548,4.41,0,2024,1,2,5,0.0003276931107204801,14.112000000000002,0.057856559362777345,1.4464,0
7,0,1,1,11096.9,20.99,3.67,8.5,3,0.76,12.69,0,2025,9,21,3,0.0003307229947102344,107.865,0.0018915192531247466,2.04,1
5,1,1,2,14728.81,492.18,3.07,8.0,4,0.764,43.35,1,2024,12,27,0,0.00020843503310858107,346.8,0.033416141562013495,1.888,1
7,0,1,3,4219.69,192.36,2.68,6.6,0,0.899,3.71,1,2024,9,3,5,0.0006351177456163842,24.485999999999997,0.0455862871443163,0.6665999999999999,0
3,0,2,4,9985.53,76.96,2.22,3.2,0,0.984,6.92,0,2025,8,7,4,0.0002223216994991753,22.144000000000002,0.007707152249304743,0.05120000000000005,0
6,3,1,0,3372.42,333.69,2.86,5.2,2,0.528,23.69,1,2025,3,2,3,0.0008480556988749917,123.18800000000002,0.09894675040475386,2.4544,0
1,8,1,2,8697.29,142.86,2.32,4.4,4,0.796,22.31,0,2024,7,10,6,0.00026674975768314034,98.164,0.016425806199402343,0.8975999999999998,0
5,3,1,2,7227.02,293.3,3.7,3.4,1,0.841,9.38,0,2025,11,11,5,0.000511967588300572,31.892000000000003,0.0405838090942048,0.5406000000000001,0
6,1,0,3,14594.08,293.8,2.99,8.5,3,0.993,0.75,1,2025,11,15,2,0.00020487759420258079,6.375,0.020131450560775328,0.05950000000000005,1
6,4,0,4,9323.65,223.42,4.09,4.8,2,0.971,5.11,1,2024,3,28,4,0.00043866940522220376,24.528000000000002,0.023962718463262776,0.13920000000000013,0
6,2,1,1,5567.84,418.22,2.99,8.3,3,0.856,6.95,1,2025,6,20,0,0.0005370125578321217,57.68500000000001,0.07511350900887957,1.1952000000000003,1
1,8,3,4,2154.39,133.22,1.99,1.1,2,0.761,25.69,1,2025,1,4,2,0.0009236953383556367,28.259000000000004,0.06183652913353664,0.2629,0
4,3,3,3,2693.08,224.87,4.01,1.4,4,0.581,11.31,1,2024,3,10,3,0.0014890014407295735,15.834,0.08349919051792,0.5866,0
6,1,2,4,3767.1,269.31,3.04,9.8,4,0.692,10.14,1,2025,6,22,3,0.0008069868068275332,99.37200000000001,0.07149000557457992,3.0184000000000006,1
4,0,1,1,4139.02,332.15,1.88,5.9,4,0.793,12.02,1,2025,7,11,0,0.00045421379940179066,70.918,0.08024846461239615,1.2212999999999998,0
0,4,3,2,12833.93,392.2,3.26,5.1,4,0.863,67.06,1,2025,6,3,5,0.00025401416401678984,342.006,0.030559618137234658,0.6987,0
2,6,0,0,8637.73,198.01,2.38,5.2,0,0.818,0.81,0,2025,6,3,5,0.0002755353547749235,4.212000000000001,0.022923846890328826,0.9464000000000002,0
0,4,3,0,8089.17,323.38,3.99,2.2,4,0.857,37.72,1,2025,7,21,1,0.0004932520889040532,82.98400000000001,0.039976907395938024,0.31460000000000005,0
2,7,3,1,2164.15,76.15,2.7,7.2,1,0.715,5.62,1,2024,1,21,3,0.0012476029850056604,40.464,0.035187024928955944,2.0520000000000005,1
6,2,3,3,12972.03,466.39,3.6,0.8,0,0.864,19.7,0,2025,2,3,1,0.00027752017224752024,15.76,0.0359535092040336,0.10880000000000001,0
5,5,0,0,10980.81,192.15,1.52,5.7,2,0.572,6.14,1,2025,4,26,2,0.00013842330392748806,34.998,0.017498709111622913,2.4396000000000004,0
2,8,1,4,1481.19,365.03,2.51,5.7,0,0.581,1.58,0,2024,2,14,6,0.0016945834092857769,9.006,0.24644373780541318,2.3883,0
4,8,1,4,10763.61,11.15,4.44,9.1,2,0.581,86.3,1,2025,10,12,3,0.0004125010103487585,785.3299999999999,0.0010358978075199678,3.8129000000000004,1
7,0,0,4,8381.3,103.39,3.87,5.3,3,0.945,1.06,0,2025,1,31,0,0.000461742211828714,5.618,0.012335795163041533,0.29150000000000026,0
5,7,0,0,1685.02,244.05,1.73,1.4,4,0.538,0.53,1,2025,1,17,0,0.001026694045174538,0.742,0.1448350761415295,0.6467999999999999,0
2,5,3,1,7145.36,439.25,2.12,5.7,0,0.901,13.58,0,2024,9,16,1,0.000296696037708387,77.406,0.06147345969972122,0.5642999999999999,0
6,2,0,4,7528.1,264.1,2.29,0.9,0,0.617,0.5,0,2024,1,17,6,0.0003041936212324491,0.45,0.03508189317357634,0.3447,0
6,5,0,3,2903.73,465.01,3.35,2.0,1,0.734,0.5,0,2024,12,31,5,0.0011536885316472262,1.0,0.16014229973172436,0.532,0
3,8,3,4,14212.62,242.41,3.7,0.3,4,0.958,59.8,0,2024,3,10,3,0.0002603320147868584,17.939999999999998,0.017055968568779015,0.01260000000000001,0
5,4,1,3,12824.64,245.73,3.67,5.1,4,0.793,33.32,1,2024,12,19,4,0.0002861678768370886,169.932,0.01916077176435362,1.0556999999999996,0
0,2,1,3,10200.82,60.75,2.88,0.8,4,0.605,21.59,1,2024,9,3,5,0.0002823302440392047,17.272000000000002,0.005955403585201974,0.31600000000000006,0
5,4,3,2,7203.29,401.53,3.88,4.7,4,0.642,37.7,1,2025,11,3,1,0.0005386427590725905,177.19000000000003,0.05574258429134465,1.6826,0
2,6,0,3,6470.6,124.24,2.64,9.3,3,0.96,1.26,0,2025,10,5,3,0.00040799925818316694,11.718000000000002,0.019200692362377522,0.3720000000000004,1
5,0,3,2,9939.12,449.91,1.61,7.2,1,0.714,28.06,1,2024,4,16,5,0.00016198617181400365,202.03199999999998,0.04526658295704247,2.0592,1
1,4,1,3,8408.76,455.5,3.06,0.8,0,0.793,5.87,0,2025,8,18,1,0.0003639062120931029,4.696000000000001,0.054169699218434106,0.16559999999999997,0
4,3,1,4,1402.96,471.71,4.34,2.2,1,0.73,0.72,1,2024,12,6,0,0.003093459542681188,1.584,0.3362248389120146,0.5940000000000001,0
7,6,2,1,7931.29,260.6,3.82,6.7,3,0.689,7.92,1,2024,5,16,4,0.00048163665683640365,53.064,0.032857202296221674,2.0837000000000003,0
5,2,3,3,12192.85,338.87,3.11,8.9,1,0.612,37.59,1,2024,2,15,4,0.00025506751907880434,334.55100000000004,0.02779251774605609,3.4532000000000003,1
6,2,0,4,7158.98,389.48,3.33,0.3,3,0.843,0.5,0,2024,12,26,4,0.00046515006327717083,0.15,0.054404398391949695,0.04710000000000001,0
0,5,2,1,1253.37,66.38,4.27,8.1,2,0.859,8.33,1,2025,7,13,3,0.0034068152261502987,67.473,0.052961216560153825,1.1421000000000001,1
5,4,0,2,11901.03,300.88,2.61,5.6,0,0.637,1.01,0,2024,12,12,4,0.00021930874890660723,5.656,0.025281845352881218,2.0328,0
7,4,3,3,3419.77,18.11,2.29,5.5,1,0.895,9.93,0,2025,10,20,1,0.0006696356772531487,54.614999999999995,0.005295677779499791,0.5774999999999999,0
1,8,1,0,4250.0,249.29,4.42,9.6,1,0.927,6.65,1,2024,6,28,0,0.00104,63.84,0.05865647058823529,0.7007999999999995,1
6,8,1,1,2888.24,78.27,4.05,7.5,3,0.96,3.4,0,2025,12,2,5,0.0014022380411600145,25.5,0.02709954851397391,0.30000000000000027,1
7,5,1,0,5288.12,92.28,2.27,8.5,3,0.581,6.37,0,2025,4,20,3,0.0004292640862915365,54.145,0.017450436071798674,3.5615000000000006,1
7,7,2,4,11472.9,183.16,2.73,3.5,1,0.652,11.34,0,2025,12,13,2,0.00023795204351123082,39.69,0.015964577395427487,1.218,0
5,0,2,2,8031.09,216.79,2.57,5.5,4,0.93,17.59,1,2025,5,5,1,0.0003200063752242846,96.745,0.02699384516921115,0.38499999999999973,0
6,1,2,1,3470.78,311.96,1.69,6.2,1,0.599,3.65,0,2025,10,8,6,0.0004869222480249396,22.63,0.08988181330997642,2.4862,0
3,8,0,3,13228.54,38.14,4.36,3.2,0,0.502,1.31,0,2024,7,5,0,0.00032959041587355824,4.192,0.0028831601975728236,1.5936000000000001,0
0,6,2,2,13253.94,252.34,2.53,5.7,3,0.935,12.0,0,2024,5,18,2,0.00019088663446492136,68.4,0.019038866933153462,0.3704999999999997,0
1,3,0,2,13123.39,92.13,4.09,2.4,0,0.663,0.5,1,2024,3,5,5,0.0003116572775784306,1.2,0.007020289726968412,0.8087999999999999,0
5,3,2,2,3962.55,287.41,1.82,1.4,4,0.707,7.31,0,2025,4,13,3,0.0004593001981047558,10.233999999999998,0.0725315768886197,0.4102,0
4,8,2,2,7042.97,319.06,3.01,3.7,1,0.723,7.4,1,2024,2,7,6,0.0004273765187129861,27.380000000000003,0.04530191098357653,1.0249000000000001,0
5,4,2,0,14782.35,278.8,1.28,7.4,4,0.924,37.01,1,2024,10,27,3,8.658975061475341e-05,273.874,0.018860330055775976,0.5623999999999997,1
3,4,1,3,11694.18,369.41,3.72,9.2,1,0.669,17.69,1,2024,7,25,4,0.0003181069557677409,162.748,0.031589217884451924,3.0451999999999995,1
1,8,2,2,893.93,168.47,3.12,4.6,3,0.946,0.5,0,2024,2,14,6,0.0034902061682682093,2.3,0.18845994652825165,0.2484000000000002,0
0,3,0,3,1445.47,382.79,3.26,6.4,1,0.808,0.5,1,2024,7,23,5,0.00225532179844618,3.2,0.26482043902675256,1.2287999999999997,0
4,7,3,4,7227.0,216.95,1.37,1.0,4,0.764,32.54,1,2024,2,12,1,0.00018956690189566902,32.54,0.030019371800193716,0.236,0
5,0,0,0,13683.69,242.61,1.9,9.0,0,0.663,0.78,0,2024,11,19,5,0.00013885143554114422,7.0200000000000005,0.017729866724545792,3.0329999999999995,1
7,0,1,0,8311.18,324.4,1.45,5.7,3,0.622,8.3,1,2024,11,13,6,0.00017446379455143552,47.31,0.03903176203619702,2.1546000000000003,0
5,5,0,3,7718.28,10.16,2.15,7.8,1,0.812,0.59,1,2025,6,11,6,0.00027855947179941643,4.601999999999999,0.0013163554574335216,1.4663999999999995,1
1,3,1,4,2029.37,327.34,3.27,7.9,0,0.723,2.03,0,2025,2,11,5,0.0016113375086849614,16.037,0.16130129054829823,2.1883000000000004,1
6,5,1,2,10023.31,309.67,3.07,2.6,2,0.955,63.17,1,2025,7,10,4,0.000306286047223921,164.24200000000002,0.030894983792779034,0.1170000000000001,0
3,7,0,0,12420.5,155.61,3.22,5.3,4,0.746,2.96,1,2025,4,29,5,0.00025924882251117105,15.687999999999999,0.012528481140050724,1.3462,0
2,7,3,4,6016.09,43.81,3.01,9.6,2,0.756,98.42,1,2024,9,16,1,0.0005003249618938546,944.832,0.00728213839886039,2.3424,1
0,5,0,4,11746.37,46.38,2.1,0.9,0,0.708,0.5,0,2024,2,7,6,0.00017877863544226853,0.45,0.003948453862767817,0.26280000000000003,0
7,5,0,0,14484.91,461.69,2.01,6.8,2,0.895,7.93,1,2025,10,24,0,0.00013876510106034486,53.924,0.031873860452015235,0.7139999999999999,0
4,8,3,1,3454.61,344.95,1.65,9.6,1,0.712,11.0,1,2024,7,14,3,0.00047762265494513125,105.6,0.09985208171110486,2.7648,1
4,6,0,2,8088.28,64.42,4.0,3.0,1,0.635,0.5,1,2024,10,19,2,0.0004945427210729599,1.5,0.00796461052288002,1.095,0
6,5,0,1,4663.5,179.0,3.23,8.6,3,0.931,0.5,1,2024,12,31,5,0.0006926128444301491,4.3,0.03838318859225903,0.5933999999999996,1
6,0,3,4,11996.39,296.65,1.82,9.3,0,0.798,24.14,0,2024,2,18,3,0.00015171230678562468,224.502,0.024728272421953603,1.8785999999999998,1
2,4,0,4,8875.1,417.95,1.78,7.5,2,0.796,5.55,1,2025,11,2,3,0.00020056112043807957,41.625,0.04709242712758166,1.5299999999999998,1
4,3,0,2,9701.45,22.79,4.08,2.3,2,0.805,4.77,1,2024,12,5,4,0.0004205556901287952,10.970999999999998,0.002349133376969422,0.44849999999999984,0
1,2,0,0,12069.76,119.08,3.65,3.3,0,0.859,1.19,0,2024,10,6,3,0.00030240866429821306,3.9269999999999996,0.00986597910811814,0.46530000000000005,0
4,0,3,1,6241.57,444.98,3.38,0.4,1,0.657,13.91,0,2024,5,7,5,0.0005415304162254049,5.564,0.07129295994437297,0.1372,0
3,8,1,2,13768.81,5.57,2.54,8.3,2,0.517,108.14,1,2025,1,11,2,0.00018447491104895777,897.5620000000001,0.0004045375017884625,4.008900000000001,1
7,3,3,2,8228.92,101.5,2.06,8.5,3,0.905,18.95,1,2025,3,23,3,0.0002503366176849453,161.075,0.012334546939331042,0.8074999999999998,1
4,3,3,0,2790.34,479.55,4.43,6.3,0,0.564,4.51,1,2025,2,13,4,0.0015876201466487954,28.412999999999997,0.17186077682289613,2.7468000000000004,0
6,1,2,2,10590.54,307.09,3.83,3.5,2,0.861,58.4,1,2025,3,26,6,0.0003616435044860791,204.4,0.028996632844028723,0.48650000000000004,0
5,4,3,1,12002.29,131.57,2.2,0.8,1,0.541,25.74,0,2025,1,30,4,0.00018329835389746456,20.592,0.010962074737404277,0.36719999999999997,0
1,7,3,3,5093.04,34.43,4.0,7.5,3,0.688,11.49,1,2024,12,13,0,0.0007853855457644157,86.175,0.006760206085167209,2.3400000000000003,1
1,3,0,1,12929.1,15.07,3.7,7.3,0,0.532,1.31,1,2024,7,10,6,0.00028617614528466794,9.563,0.0011655877052540392,3.4164,1
5,1,2,4,13639.08,123.13,2.18,9.1,3,0.761,14.2,0,2025,5,23,0,0.00015983482756901492,129.22,0.009027735008519637,2.1748999999999996,1
5,0,1,1,4515.12,440.86,2.61,7.3,2,0.827,34.0,1,2025,12,9,5,0.0005780577260405039,248.2,0.0976408157479757,1.2629000000000004,1
7,3,2,1,14761.06,208.54,1.81,8.3,2,0.586,99.36,1,2025,5,24,2,0.00012261992024962978,824.6880000000001,0.014127711695501543,3.4362000000000004,1
7,0,0,4,2540.32,360.45,1.57,7.5,4,0.686,0.5,1,2025,1,11,2,0.0006180323738741576,3.75,0.14189157271524847,2.3549999999999995,1
2,7,0,3,3429.23,459.22,3.59,6.3,0,0.965,0.75,0,2025,6,15,3,0.0010468822447021633,4.725,0.1339134441259408,0.2205000000000002,0
3,4,2,4,3171.26,204.61,2.08,4.3,1,0.721,3.04,0,2024,9,30,1,0.0006558907185156688,13.072,0.06452009611321682,1.1997,0
4,0,1,1,13462.85,96.45,3.91,9.0,1,0.901,19.78,1,2024,3,25,1,0.0002904288467894985,178.02,0.007164159149065762,0.8909999999999998,1
0,3,3,3,9987.24,259.04,4.49,6.5,0,0.964,18.79,0,2025,3,10,1,0.00044957365598503695,122.13499999999999,0.025937095734156788,0.2340000000000002,0
3,1,0,3,2705.51,454.13,1.45,4.0,4,0.987,0.79,0,2024,3,21,4,0.0005359433156780052,3.16,0.16785375030955346,0.052000000000000046,0
2,3,2,1,6884.69,402.38,2.76,0.8,4,0.949,11.95,1,2025,3,16,3,0.0004008895099125741,9.56,0.058445623550225215,0.04080000000000004,0
1,4,2,0,9421.82,33.85,3.85,2.9,0,0.659,6.85,1,2025,9,8,1,0.000408625934267477,19.865,0.0035927241233647007,0.9888999999999999,0
7,0,3,0,1710.23,346.59,3.8,5.4,4,0.981,8.69,0,2024,7,3,6,0.0022219233670325044,46.926,0.20265695257363042,0.1026000000000001,0
6,8,2,3,13295.04,286.38,3.71,2.8,2,0.906,71.85,1,2025,7,12,2,0.00027905143572339757,201.17999999999998,0.021540363925193155,0.2631999999999999,0
7,1,0,4,12152.25,453.82,2.35,2.2,2,0.919,5.72,1,2024,10,27,3,0.0001933798267810488,12.584,0.037344524676500235,0.17819999999999994,0
5,0,0,1,7825.5,62.12,2.7,5.3,2,0.508,4.41,1,2024,11,24,3,0.0003450258769407706,23.373,0.007938150916874321,2.6075999999999997,0
5,2,1,0,14523.34,267.48,3.16,1.7,3,0.977,13.35,0,2024,4,15,1,0.00021758080441551325,22.695,0.018417251128184015,0.03910000000000003,0
7,7,2,0,6557.53,439.85,4.41,8.0,3,0.889,6.53,0,2024,3,22,0,0.0006725093137202575,52.24,0.06707556046255221,0.8879999999999999,1
1,5,2,4,14769.6,205.6,2.28,4.8,1,0.884,16.17,0,2024,12,1,3,0.00015437114072148196,77.616,0.013920485321200302,0.5568,0
6,4,1,4,10184.84,241.52,4.25,5.7,1,0.541,13.86,1,2025,11,7,0,0.00041728686950408646,79.002,0.023713676405323993,2.6163,0
6,8,1,1,9702.73,36.16,2.09,1.5,3,0.616,8.62,1,2024,10,29,5,0.00021540329371218204,12.93,0.0037267861725514364,0.5760000000000001,0
4,0,1,4,2906.35,139.79,4.46,3.2,0,0.981,3.25,0,2024,11,9,2,0.0015345708534760096,10.4,0.04809812995681869,0.060800000000000055,0
1,4,1,3,13287.95,162.93,3.41,4.1,3,0.75,13.64,0,2025,4,1,5,0.0002566234821774615,55.924,0.012261485029669738,1.025,0
2,1,2,3,6698.6,472.62,2.73,8.1,3,0.699,6.26,1,2025,9,9,5,0.0004075478458185292,50.705999999999996,0.07055504135192428,2.4381000000000004,1
0,2,0,3,2852.38,142.05,3.22,7.7,4,0.92,0.5,1,2025,3,12,6,0.0011288818460373443,3.85,0.049800517462610175,0.6159999999999997,1
4,1,2,0,682.81,230.97,2.1,2.2,3,0.544,0.57,0,2024,6,19,6,0.0030755261346494638,1.254,0.3382639387238031,1.0032,0
2,7,0,3,8616.46,335.98,2.1,6.2,2,0.708,5.35,1,2025,12,7,3,0.0002437195785740316,33.17,0.03899281143300149,1.8104000000000002,0
4,3,3,3,8147.29,81.93,1.57,2.4,2,0.688,102.25,1,2025,3,30,3,0.00019270211321801482,245.39999999999998,0.010056104545192329,0.7488000000000001,0
6,2,1,3,10930.63,243.73,1.58,9.9,2,0.675,90.53,1,2024,12,25,6,0.00014454793548038863,896.2470000000001,0.022297891338376653,3.2175,1
2,6,0,3,13408.74,369.53,2.35,9.5,0,0.654,0.56,1,2025,4,2,6,0.00017525882372243777,5.32,0.027558890693681882,3.287,1
4,7,3,1,1651.4,433.56,3.72,5.6,4,0.605,8.29,0,2024,2,13,5,0.002252634128618142,46.42399999999999,0.26254087440959184,2.2119999999999997,0
6,5,2,3,11106.7,313.5,3.21,7.0,2,0.586,71.5,1,2024,12,27,0,0.00028901473885132396,500.5,0.02822620580370407,2.898,1
4,6,2,3,3217.47,334.86,1.54,8.0,4,0.82,9.2,1,2025,9,21,3,0.00047863694144778356,73.6,0.10407556247610701,1.4400000000000004,1
0,4,0,0,12943.57,64.02,4.01,7.2,0,0.96,1.19,1,2025,3,21,0,0.00030980633627353195,8.568,0.004946085199060228,0.28800000000000026,1
4,1,3,1,12376.42,472.94,3.18,7.0,4,0.754,68.82,1,2024,10,8,5,0.0002569402137290105,481.73999999999995,0.038212988893395666,1.722,1
0,4,2,1,8341.51,67.15,4.37,9.6,3,0.649,8.45,1,2025,10,16,4,0.0005238859630930131,81.11999999999999,0.008050101240662662,3.3695999999999997,1
4,7,3,3,10798.52,387.56,3.41,6.0,0,0.58,19.16,0,2024,2,28,6,0.00031578401484647897,114.96000000000001,0.035890103458622105,2.5200000000000005,0
6,6,0,0,5058.08,133.14,1.78,6.4,3,0.915,0.5,0,2024,3,17,3,0.0003519121880239142,3.2,0.026322240850283108,0.5439999999999998,0
1,0,2,0,7331.93,466.86,2.76,8.5,4,0.986,18.46,0,2025,11,18,5,0.0003764356724627758,156.91,0.06367491233549692,0.1190000000000001,1
1,5,3,0,12413.74,360.26,3.34,6.7,2,0.675,184.31,1,2025,10,14,5,0.00026905670652035567,1234.877,0.029021068590126747,2.1774999999999998,0
7,4,2,1,7159.35,377.15,1.29,7.3,3,0.645,7.33,1,2025,2,19,6,0.0001801839552473339,53.509,0.05267936335002479,2.5915,1
0,8,0,1,5688.07,110.31,1.25,2.3,1,0.801,1.04,1,2025,1,7,5,0.00021975819566214905,2.392,0.01939322125079333,0.4576999999999999,0
5,1,3,4,7666.08,222.08,1.63,3.7,4,0.888,38.13,1,2025,6,9,1,0.00021262496608436123,141.08100000000002,0.028969173293260705,0.4144,0
4,3,2,3,12509.61,309.29,2.03,1.5,4,0.728,23.01,1,2025,11,26,6,0.00016227524279334045,34.515,0.024724192041158756,0.40800000000000003,0
1,0,0,0,5360.52,385.22,2.62,5.1,0,0.815,0.5,1,2024,6,12,6,0.0004887585532746823,2.55,0.07186243125666913,0.9435000000000002,0
5,3,0,0,3019.54,52.88,2.81,4.6,3,0.858,0.5,0,2024,2,1,4,0.0009306053239897469,2.3,0.01751260125714513,0.6532,0
0,2,2,0,10824.2,481.22,1.66,10.0,2,0.98,77.32,1,2024,5,26,3,0.00015336006356127935,773.1999999999999,0.044457789028288466,0.20000000000000018,1
2,6,0,1,12476.68,445.22,3.42,6.1,3,0.583,1.45,1,2025,9,14,3,0.00027411138219462226,8.844999999999999,0.035684172392014546,2.5437000000000003,0
5,8,0,3,1959.24,135.9,3.17,7.9,3,0.999,0.5,0,2025,11,25,5,0.0016179743165717318,3.95,0.06936363079561463,0.007900000000000008,1
1,2,3,2,3978.17,411.56,2.17,3.3,0,0.696,6.47,1,2025,3,24,1,0.0005454769404022453,21.351,0.10345460349859358,1.0032,0
4,0,1,4,2558.59,259.64,1.25,8.3,3,0.862,3.14,1,2024,2,5,1,0.0004885503343638488,26.062000000000005,0.10147776705138375,1.1454000000000002,1
2,8,0,4,5545.15,231.44,1.46,6.2,4,0.786,1.01,1,2024,5,9,4,0.00026329314806632824,6.2620000000000005,0.041737374101692475,1.3267999999999998,0
3,5,0,4,7030.09,157.9,2.49,7.0,3,0.743,0.64,1,2024,3,9,2,0.00035419176710397736,4.48,0.022460594387838564,1.799,1
4,5,0,4,11357.98,290.9,1.71,2.9,1,0.849,1.58,1,2024,8,29,4,0.0001505549402270474,4.582,0.025611948603536897,0.43790000000000007,0
2,1,0,0,9941.64,365.21,2.44,5.5,4,0.698,1.94,0,2025,10,22,6,0.00024543234315465055,10.67,0.03673538772274997,1.6610000000000003,0
5,1,2,3,9503.46,206.06,3.27,6.3,4,0.563,22.34,1,2025,1,10,0,0.000344085206861501,140.742,0.021682629273969693,2.7531000000000003,0
7,2,0,4,5609.44,314.98,3.01,5.9,1,0.744,0.55,1,2025,1,5,3,0.0005365954533785904,3.2450000000000006,0.05615177272597622,1.5104000000000002,0
7,4,3,3,12700.99,349.96,1.96,9.2,1,0.761,39.22,1,2025,1,27,1,0.00015431867909509417,360.82399999999996,0.027553757620468956,2.1988,1
3,2,2,3,7333.66,355.85,2.33,9.0,1,0.601,8.93,1,2025,8,3,3,0.00031771312005192496,80.37,0.048522838528101936,3.591,1
5,1,1,3,14697.02,26.93,3.23,9.7,3,0.968,19.08,1,2024,2,3,2,0.00021977244366545054,185.07599999999996,0.0018323442439351651,0.31040000000000023,1
6,1,3,3,9695.06,430.01,4.04,6.7,2,0.614,143.08,1,2025,9,11,4,0.00041670706524766225,958.6360000000001,0.044353516120581,2.5862000000000003,0
1,7,1,0,2330.84,229.67,3.69,9.7,2,0.705,18.91,1,2024,6,6,4,0.001583120248494105,183.427,0.09853529199773471,2.8615000000000004,1
1,7,0,3,10304.57,131.95,3.03,8.3,0,0.577,1.13,1,2025,11,26,6,0.00029404429296904185,9.379,0.012804998170714546,3.510900000000001,1
0,5,0,2,5214.01,121.64,2.4,2.7,0,0.768,0.82,0,2025,4,5,2,0.00046029831166415097,2.214,0.02332945276284472,0.6264,0
5,7,0,3,10451.74,242.02,2.4,4.3,4,0.654,1.28,1,2025,1,14,5,0.00022962683725389265,5.504,0.02315595298007796,1.4877999999999998,0
2,0,0,4,1509.8,443.53,4.1,2.4,4,0.745,0.5,1,2025,1,15,6,0.0027155914690687507,1.2,0.29376738640879585,0.612,0
4,6,1,2,3035.78,189.8,1.33,0.0,2,0.612,17.04,1,2025,3,30,3,0.0004381081633056414,0.0,0.0625209995454216,0.0,0
3,8,1,3,12908.19,375.11,4.46,1.9,0,0.527,10.98,1,2024,3,19,5,0.0003455170709448807,20.862,0.02905984495115117,0.8986999999999999,0
5,5,0,1,3794.1,49.31,3.39,0.0,4,0.89,1.22,1,2025,8,10,3,0.0008934925278722227,0.0,0.012996494557339028,0.0,0
5,7,0,4,12637.1,238.55,3.45,7.2,4,0.821,2.56,1,2024,5,20,1,0.0002730056737700897,18.432000000000002,0.018876957529813013,1.2888000000000004,1
4,6,1,1,4549.5,495.85,1.33,4.3,3,0.67,3.39,0,2025,6,26,4,0.0002923398175623695,14.577,0.10898999890097813,1.4189999999999998,0
6,4,1,0,9821.79,385.45,3.2,3.1,0,0.524,7.93,0,2025,1,10,0,0.0003258061921503107,24.583,0.039244373988855386,1.4756,0
0,1,1,4,10565.18,106.05,2.8,7.6,2,0.933,81.23,1,2025,2,11,5,0.00026502151406790987,617.348,0.010037689845322086,0.5091999999999995,1
1,7,2,4,7933.49,251.22,1.55,8.3,3,0.585,7.83,1,2024,11,17,3,0.0001953742930286671,64.989,0.031665761222362414,3.4445000000000006,1
4,8,3,3,4927.0,117.58,2.12,9.8,4,0.965,30.11,1,2025,10,27,1,0.0004302821189364725,295.07800000000003,0.023864420539882282,0.3430000000000003,1
1,0,2,1,3583.34,205.37,4.14,6.4,3,0.739,3.46,1,2024,10,12,2,0.0011553466877270925,22.144000000000002,0.05731245151171812,1.6704,0
1,5,2,3,981.25,390.26,3.01,4.6,1,0.67,0.61,0,2024,9,12,4,0.0030675159235668786,2.8059999999999996,0.3977171974522293,1.5179999999999998,0
3,6,2,0,4907.22,385.84,2.56,3.1,2,0.871,27.87,1,2024,4,26,0,0.0005216802996401221,86.397,0.07862700266138464,0.39990000000000003,0
7,1,0,0,9970.86,114.82,1.44,2.2,4,0.938,2.49,0,2024,1,27,2,0.0001444208423345629,5.478000000000001,0.011515556331148967,0.13640000000000013,0
0,6,0,1,14105.42,461.19,3.56,2.1,3,0.685,1.3,0,2024,7,9,5,0.0002523852533281533,2.7300000000000004,0.03269594241078961,0.6614999999999999,0
4,0,2,3,13132.46,296.69,3.52,4.1,0,0.704,9.46,0,2025,5,26,1,0.0002680381284237683,38.786,0.022592111455127222,1.2136,0
4,0,1,4,11607.94,190.58,3.23,9.9,0,0.717,11.73,1,2025,6,14,2,0.0002782578131864913,116.12700000000001,0.01641807245730078,2.8017000000000003,1
2,8,0,1,11932.49,251.47,2.88,0.0,3,0.961,0.74,0,2025,1,31,0,0.0002413578389757712,0.0,0.021074394363624023,0.0,0
0,3,3,2,10142.28,302.93,2.63,2.0,2,0.846,124.62,1,2025,7,29,5,0.000259310529782258,249.24,0.029868037561573926,0.30800000000000005,0
4,7,1,0,4274.16,280.39,3.16,1.9,1,0.624,5.31,0,2024,4,30,5,0.0007393265577329815,10.088999999999999,0.0656011941527692,0.7143999999999999,0
5,0,1,4,13654.33,243.72,1.97,7.2,1,0.592,19.42,1,2024,9,25,6,0.00014427657746663512,139.824,0.017849282974704728,2.9376,1
7,3,1,2,10225.62,252.96,4.31,3.5,0,0.615,8.81,1,2024,9,23,1,0.0004214903350603679,30.835,0.02473786430553844,1.3475000000000001,0
0,3,2,0,8626.39,89.03,3.14,4.6,0,0.632,6.58,0,2025,12,21,3,0.0003639993090968528,30.267999999999997,0.010320655569711085,1.6927999999999999,0
7,2,3,4,2109.35,406.55,2.23,1.5,4,0.615,9.64,1,2025,4,1,5,0.0010571977149358809,14.46,0.1927370991063598,0.5775,0
7,2,0,4,6982.31,271.34,2.68,4.0,0,0.829,0.93,0,2024,8,7,6,0.0003838271288441791,3.72,0.03886106460469386,0.6840000000000002,0
1,6,2,4,7175.19,66.41,3.86,1.0,1,0.558,7.0,0,2025,9,18,4,0.0005379648483176055,7.0,0.009255504035433208,0.44199999999999995,0
7,6,2,3,13036.17,383.31,1.73,5.3,3,0.694,12.22,0,2024,10,19,2,0.00013270768945173315,64.766,0.029403574822973313,1.6218000000000001,0
0,3,3,1,8426.4,466.29,2.17,1.0,2,0.813,98.29,1,2025,12,11,4,0.0002575239722776037,98.29,0.05533679863286813,0.18700000000000006,0
0,4,0,1,6015.81,473.71,3.44,7.9,0,0.645,0.5,1,2025,5,17,2,0.0005718265703205386,3.95,0.07874417576352975,2.8045,1
1,2,0,3,14663.6,185.14,2.24,5.7,1,0.533,1.2,0,2024,7,23,5,0.00015275921329005156,6.84,0.012625821762732206,2.6618999999999997,0
6,3,2,3,2105.45,68.62,3.82,7.2,2,0.541,13.32,1,2024,5,5,3,0.0018143389774157544,95.90400000000001,0.03259160749483484,3.3047999999999997,1
1,5,3,2,6626.95,259.68,1.63,4.2,3,0.563,12.55,1,2024,5,18,2,0.0002459653385041384,52.71000000000001,0.03918544730230347,1.8354000000000004,0
1,5,0,2,1109.36,57.19,3.72,3.8,1,0.918,0.5,0,2024,3,16,2,0.0033532847768082503,1.9,0.051552246340232206,0.3115999999999998,0
4,5,3,3,11228.61,467.06,1.43,1.0,4,0.829,48.61,0,2025,4,7,1,0.00012735325209442663,48.61,0.041595531414841194,0.17100000000000004,0
6,2,1,1,13812.11,92.61,1.24,5.2,0,0.532,11.85,1,2024,6,25,5,8.977629051607611e-05,61.62,0.006704985697333716,2.4335999999999998,0
7,6,0,2,4560.54,127.13,4.16,5.1,1,0.696,1.23,0,2025,12,31,6,0.000912172681305284,6.273,0.027876084849601142,1.5504000000000002,0
0,6,2,2,12945.95,203.91,3.12,4.7,3,0.639,11.33,0,2025,3,31,1,0.0002410020122123135,53.251000000000005,0.01575087189429899,1.6967,0
4,1,2,0,4737.16,192.2,2.36,7.4,3,0.789,4.76,0,2024,3,30,2,0.0004981887882191017,35.224,0.0405728326676743,1.5614,1
5,8,3,4,13706.17,397.54,1.97,8.3,2,0.761,215.82,1,2025,11,29,2,0.00014373088908134073,1791.306,0.029004455657561524,1.9837,1
2,5,0,0,11432.45,228.7,3.24,7.5,0,0.741,1.61,1,2024,11,23,2,0.00028340381982864567,12.075000000000001,0.020004460986052856,1.9425000000000001,1
3,0,2,0,12171.15,86.21,2.88,1.4,1,0.657,11.36,0,2025,11,14,0,0.00023662513402595482,15.903999999999998,0.0070831433348533205,0.4801999999999999,0
4,6,1,3,761.1,134.34,4.47,6.2,3,0.569,0.72,0,2024,12,21,2,0.0058730784391013,4.4639999999999995,0.1765076862435948,2.6722000000000006,0
6,6,0,1,14460.75,255.05,4.44,0.8,2,0.871,6.21,1,2025,12,27,2,0.00030703801670037864,4.968,0.017637397783655757,0.10320000000000001,0
7,1,0,1,11036.73,74.58,3.3,6.9,0,0.94,1.34,0,2024,3,7,4,0.0002990016064540856,9.246,0.006757436305862334,0.41400000000000037,0
1,7,0,2,4918.89,306.22,2.66,3.8,0,0.972,0.98,0,2025,7,17,4,0.0005407724100355975,3.7239999999999998,0.06225388248161679,0.10640000000000009,0
3,8,0,3,12526.22,283.31,2.82,1.3,2,0.529,5.8,1,2025,7,9,6,0.00022512777198548326,7.54,0.022617357830215342,0.6123,0
5,3,3,4,4582.06,357.64,3.45,8.6,1,0.87,14.28,0,2024,10,24,4,0.0007529364521634374,122.80799999999999,0.07805222978311065,1.1179999999999999,1
1,4,3,0,13154.93,468.91,1.54,6.1,3,0.863,28.74,0,2024,11,3,3,0.0001170663773961549,175.314,0.03564519157456558,0.8357,0
7,4,0,1,2132.42,456.22,2.28,3.5,2,0.974,0.96,1,2024,6,10,1,0.0010692077545699252,3.36,0.21394472008328566,0.09100000000000008,0
1,7,1,4,10703.45,473.09,1.45,0.3,3,0.626,9.65,0,2025,12,29,1,0.00013547033900284487,2.895,0.04419976736472819,0.1122,0
1,5,2,3,8340.13,123.11,1.44,5.4,3,0.871,7.8,1,2025,12,27,2,0.00017265917917346613,42.120000000000005,0.014761160797253762,0.6966000000000001,0
5,2,3,2,1899.75,66.65,1.85,9.2,0,0.527,3.49,0,2025,12,18,4,0.0009738123437294381,32.108,0.035083563626793005,4.3515999999999995,1
0,7,0,0,4007.46,151.84,2.8,6.0,2,0.816,2.67,1,2025,10,15,6,0.0006986969302251301,16.02,0.03788933638763706,1.1040000000000003,0
5,8,0,4,679.86,447.65,3.79,9.7,2,0.675,0.5,1,2024,6,27,4,0.005574677139411055,4.85,0.6584443856088018,3.1524999999999994,1
2,1,3,1,7297.14,486.05,2.8,1.4,3,0.884,12.83,0,2025,1,5,3,0.0003837119748284944,17.962,0.06660828763049632,0.1624,0
1,6,3,4,4868.35,429.8,2.31,5.7,1,0.932,13.47,1,2025,6,4,6,0.0004744934115254655,76.77900000000001,0.08828453172019267,0.3875999999999997,0
7,7,1,3,9176.18,55.9,1.47,8.0,2,0.682,71.28,1,2024,8,17,2,0.00016019738060936032,570.24,0.0060918595755532256,2.5439999999999996,1
6,2,2,3,4809.95,473.77,3.02,5.3,0,0.763,3.81,0,2024,5,4,2,0.0006278651545234358,20.192999999999998,0.09849790538363185,1.2561,0
0,4,2,2,4848.83,212.26,2.1,0.9,4,0.559,9.38,0,2024,7,24,6,0.0004330941691088366,8.442,0.04377550873097221,0.3969,0
2,5,2,2,11276.3,5.65,3.23,5.8,1,0.708,12.61,1,2024,5,22,6,0.000286441474597164,73.13799999999999,0.0005010508766173302,1.6936000000000002,0
7,5,1,1,1198.07,221.75,4.42,6.1,3,0.68,1.5,1,2024,8,30,0,0.003689266904271036,9.149999999999999,0.1850893520411996,1.9519999999999995,0
3,4,0,3,13591.98,23.99,1.57,7.3,1,0.592,2.12,1,2025,5,20,5,0.00011550929298012506,15.476,0.0017650114258555413,2.9784,1
0,3,1,1,12857.83,272.4,1.9,7.6,1,0.947,18.01,1,2024,1,27,2,0.00014776988029861958,136.876,0.02118553441754946,0.4028000000000003,1
3,5,1,2,10183.17,169.94,2.76,7.7,1,0.574,14.92,1,2025,1,4,2,0.0002710354437763486,114.884,0.01668832004179445,3.2802000000000002,1
4,0,0,0,9101.71,237.24,4.4,6.6,0,0.818,0.5,0,2025,7,21,1,0.0004834256419947461,3.3,0.02606543166064399,1.2012000000000003,0
6,3,0,3,13438.39,306.97,3.75,2.2,0,0.945,1.29,0,2025,8,9,2,0.0002790512851613921,2.8380000000000005,0.022842766134931344,0.12100000000000012,0
2,5,2,2,3187.29,434.53,4.16,4.0,4,0.956,7.35,1,2025,1,12,3,0.0013051840278104597,29.4,0.13633211913569207,0.17600000000000016,0
7,0,3,3,1645.05,331.29,2.3,7.8,3,0.897,3.63,1,2025,4,23,6,0.00139813379532537,28.314,0.20138597611014863,0.8033999999999998,1
2,3,3,2,3972.9,217.59,4.47,9.5,2,0.588,66.29,1,2025,7,18,0,0.0011251227063354223,629.7550000000001,0.05476855697349543,3.914,1
7,4,0,0,12021.39,409.89,1.54,0.8,2,0.909,5.76,1,2024,5,12,3,0.00012810498619543996,4.608,0.034096722591979794,0.07279999999999998,0
6,5,3,2,1002.72,452.89,1.37,5.4,1,0.638,3.0,0,2025,9,18,4,0.0013662837083133876,16.200000000000003,0.45166148077229934,1.9548,0
0,6,1,0,8950.7,60.76,4.02,3.1,1,0.961,11.11,0,2024,3,29,0,0.0004491268839308657,34.441,0.006788295887472488,0.1209000000000001,0
2,7,1,3,14933.84,266.43,4.26,2.3,0,0.855,12.03,0,2024,3,8,0,0.00028525817874036413,27.668999999999997,0.01784068933375475,0.3335,0
1,4,0,4,12907.59,142.97,1.5,5.1,1,0.893,0.77,0,2024,11,12,5,0.00011621069463780612,3.9269999999999996,0.011076428674911428,0.5456999999999999,0
7,3,2,2,8060.96,24.48,1.57,6.1,4,0.543,18.85,1,2025,2,11,5,0.00019476588396419287,114.985,0.0030368591334034656,2.7876999999999996,0
2,6,3,0,1422.79,334.6,1.31,0.1,4,0.791,6.15,1,2025,5,5,1,0.000920726178845789,0.6150000000000001,0.23517174003190916,0.0209,0
2,3,1,2,12554.92,431.52,1.54,7.8,2,0.911,96.76,1,2025,6,22,3,0.00012266107629518947,754.7280000000001,0.034370589378506594,0.6941999999999997,1
5,7,3,1,9185.19,82.29,1.89,8.2,2,0.931,144.13,1,2025,2,24,1,0.00020576602117103728,1181.8659999999998,0.00895898723924056,0.5657999999999995,1
6,6,2,3,2166.53,406.39,4.4,9.7,0,0.514,2.53,1,2025,2,23,3,0.0020308973335241144,24.540999999999997,0.187576447129742,4.7142,1
4,0,3,1,1860.93,426.84,3.4,1.8,4,0.97,8.24,1,2025,8,11,1,0.001827043467513555,14.832,0.22936918637455464,0.05400000000000005,0
5,2,1,4,13689.59,457.26,3.77,5.9,3,0.522,14.77,0,2024,3,16,2,0.00027539173927049675,87.143,0.033402022997036436,2.8202000000000003,0
2,3,0,2,10203.4,133.38,3.76,4.3,0,0.807,0.5,0,2024,5,8,6,0.00036850461610835603,2.15,0.013072113217162907,0.8298999999999997,0
4,1,0,1,12524.66,452.07,2.97,3.3,4,0.847,1.39,1,2024,11,20,6,0.0002371321856242006,4.587,0.036094392981526044,0.5049,0
6,4,3,2,13245.19,161.01,3.83,5.7,4,0.554,71.19,1,2025,10,19,3,0.00028916157488114553,405.783,0.012156111010865075,2.5422,0
1,6,3,3,8790.7,276.62,3.17,7.8,4,0.524,50.94,1,2024,3,16,2,0.00036060837020942583,397.332,0.03146734617265974,3.7127999999999997,1
4,8,0,1,8002.97,26.2,2.24,0.2,0,0.892,0.5,0,2025,4,5,2,0.00027989608857711577,0.1,0.0032737846074644785,0.021599999999999998,0
4,5,0,1,6741.2,22.9,3.05,9.7,0,0.692,0.5,1,2025,4,22,5,0.0004524417017741648,4.85,0.0033970213018453686,2.9876000000000005,1
2,4,1,4,5095.73,360.47,2.96,8.1,3,0.554,5.87,0,2025,11,27,4,0.0005808785002345101,47.547,0.07073961924984253,3.6125999999999996,1
2,7,3,4,6801.64,222.8,3.92,7.5,0,0.881,13.54,1,2025,6,13,0,0.0005763315906163807,101.55,0.03275680571156368,0.8925,1
3,6,3,3,11721.26,128.89,4.44,7.6,3,0.925,26.96,1,2024,12,18,6,0.00037879886633348294,204.896,0.010996258081469056,0.5699999999999996,1
0,6,1,4,9227.89,96.02,2.56,3.9,1,0.794,11.5,0,2024,5,11,2,0.0002774198652129577,44.85,0.01040541228818289,0.8033999999999998,0
3,6,0,0,13441.59,335.31,3.72,7.5,2,0.581,7.81,1,2025,7,18,0,0.00027675297342055516,58.574999999999996,0.024945709547754394,3.1425,1
7,1,2,0,6929.01,1.2,1.53,3.9,3,0.508,5.29,0,2025,10,17,0,0.00022081076517424566,20.631,0.00017318491386215346,1.9187999999999998,0
6,8,1,3,9302.8,403.14,3.76,9.0,2,0.85,75.22,1,2025,8,24,3,0.0004041793868512706,676.98,0.04333533989766522,1.35,1
2,5,0,0,9653.96,40.55,2.43,1.8,1,0.775,0.5,1,2024,7,5,0,0.0002517101790353389,0.9,0.004200348872379832,0.40499999999999997,0
2,7,3,1,9079.61,96.55,1.33,2.9,2,0.825,115.16,1,2024,5,12,3,0.00014648206255555028,333.964,0.010633716646419834,0.5075000000000001,0
1,8,0,3,10688.19,193.73,2.4,5.5,2,0.907,5.16,1,2025,3,19,6,0.00022454690644533825,28.380000000000003,0.01812561341068974,0.5114999999999998,0
1,6,3,3,3942.79,242.94,3.22,3.2,0,0.717,6.26,0,2025,5,29,4,0.0008166805739083238,20.032,0.061616266653816205,0.9056000000000002,0
6,1,2,1,7929.27,178.14,1.59,4.2,3,0.562,6.69,0,2024,2,26,1,0.00020052287284958137,28.098000000000003,0.022466128660015357,1.8396,0
1,0,2,1,2011.26,161.04,4.25,4.9,4,0.97,4.48,1,2024,5,7,5,0.0021131032288217336,21.952000000000005,0.0800692103457534,0.14700000000000013,0
3,1,3,0,6075.41,481.99,1.46,8.6,4,0.773,35.7,1,2025,6,14,2,0.00024031299945188886,307.02000000000004,0.07933456342864104,1.9521999999999997,1
1,2,0,3,7571.17,321.15,4.27,5.2,0,0.808,1.0,0,2024,6,5,6,0.0005639815246520683,5.2,0.04241748633302382,0.9983999999999997,0
2,3,2,0,9957.25,12.69,3.53,3.6,3,0.967,8.82,0,2024,11,7,4,0.00035451555399332145,31.752000000000002,0.0012744482663385975,0.11880000000000011,0
6,5,3,0,14282.7,215.66,2.29,2.5,2,0.966,178.27,1,2024,6,17,1,0.00016033383043822247,445.675,0.015099385970439761,0.08500000000000008,0
4,5,3,1,9209.44,437.63,2.49,4.1,4,0.786,45.97,1,2024,6,14,0,0.0002703747459128894,188.47699999999998,0.047519718897131635,0.8773999999999998,0
1,0,0,0,11282.11,151.43,3.64,5.2,2,0.649,5.62,1,2024,11,26,5,0.0003226346844694831,29.224,0.013422134689344457,1.8252,0
6,0,2,1,7840.86,48.18,3.18,7.5,1,0.999,9.46,1,2025,12,27,2,0.0004055677565981283,70.95,0.006144734123552774,0.007500000000000007,1
6,0,3,0,9694.51,379.43,3.42,1.2,1,0.84,20.72,0,2024,8,18,3,0.0003527769840868698,24.863999999999997,0.039138646512304386,0.19200000000000003,0
0,1,0,3,1528.52,303.4,2.48,2.2,1,0.704,0.5,1,2024,12,20,0,0.0016224844948054327,1.1,0.19849265956611623,0.6512000000000001,0
5,2,0,3,4188.68,285.59,2.81,3.8,0,0.78,0.69,0,2025,6,15,3,0.0006708557349809486,2.622,0.06818138411146231,0.8359999999999999,0
3,5,3,1,5746.87,27.73,4.47,3.6,3,0.708,11.45,0,2024,10,17,4,0.0007778147060921858,41.22,0.0048252353019991754,1.0512000000000001,0
6,2,0,4,7351.15,71.11,1.91,3.9,0,0.944,1.28,1,2024,3,21,4,0.00025982329295416365,4.992,0.009673316419879884,0.21840000000000018,0
6,5,0,1,1161.91,311.65,2.58,7.9,4,0.741,0.5,1,2024,9,13,0,0.0022204817929099498,3.95,0.2682221514575139,2.0461,1
5,4,3,0,2530.35,104.7,2.16,3.2,0,0.912,3.9,0,2024,7,20,2,0.0008536368486573004,12.48,0.04137767502519415,0.2815999999999999,0
3,6,2,3,4513.81,252.53,3.72,5.0,2,0.92,26.68,1,2025,10,12,3,0.0008241374803104251,133.4,0.055946085457739686,0.3999999999999998,0
6,3,2,1,14587.22,272.9,3.72,6.2,3,0.912,13.51,0,2025,7,18,0,0.00025501774841265164,83.762,0.018708156866078664,0.5455999999999999,0
5,5,2,4,5304.53,142.47,2.17,2.3,4,0.861,10.24,0,2024,10,8,5,0.00040908431095686143,23.552,0.026858175936416612,0.3197,0
1,0,0,2,7489.6,474.26,1.47,7.2,1,0.927,0.93,1,2024,5,8,6,0.00019627216406750694,6.696000000000001,0.06332247383037812,0.5255999999999997,1
5,1,3,2,3343.42,421.39,1.24,5.5,1,0.694,8.89,0,2025,10,2,4,0.00037087772400715434,48.895,0.12603561622530224,1.6830000000000003,0
4,1,3,4,9356.31,361.46,2.61,4.5,4,0.557,47.44,1,2024,11,6,6,0.0002789561269346569,213.48,0.03863275158689697,1.9934999999999998,0
7,3,3,2,4569.91,39.92,2.55,8.1,4,0.921,27.38,1,2025,9,21,3,0.0005579978599140902,221.778,0.008735401791282542,0.6398999999999997,1
3,7,3,3,3501.39,53.96,4.46,2.4,0,0.749,6.4,0,2025,6,30,1,0.0012737798417200026,15.36,0.015411022479643799,0.6023999999999999,0
0,5,3,0,7990.3,246.9,2.75,8.8,2,0.564,128.57,1,2024,4,5,0,0.00034416730285471135,1131.416,0.030899966209028448,3.8368000000000007,1
5,2,2,2,579.83,81.2,2.05,5.6,3,0.558,0.81,1,2025,5,29,4,0.0035355190314402493,4.536,0.1400410465136333,2.4751999999999996,0
1,6,2,4,611.13,489.15,4.14,6.1,3,0.58,0.95,1,2025,10,18,2,0.006774336065976142,5.794999999999999,0.800402533012616,2.5620000000000003,0
2,8,3,3,3676.5,80.1,2.82,8.8,1,0.875,11.94,1,2024,6,21,0,0.0007670338637290902,105.072,0.021787025703794368,1.1,1
0,2,0,0,1032.46,244.25,3.18,8.2,2,0.855,0.99,1,2025,8,29,0,0.003080022470604188,8.117999999999999,0.23657090831606067,1.189,1
1,5,0,0,2066.37,182.7,1.52,6.0,2,0.602,0.83,1,2025,8,17,3,0.0007355894636488141,4.9799999999999995,0.08841591776884102,2.388,0
7,2,3,3,5413.48,320.05,2.46,7.5,0,0.923,10.55,1,2024,6,6,4,0.0004544211856329016,79.125,0.0591209351470773,0.5774999999999997,1
3,0,3,3,12137.49,65.39,4.32,4.3,0,0.641,20.82,1,2024,6,24,1,0.00035592202341670315,89.526,0.005387440072041254,1.5436999999999999,0
4,5,3,1,8794.71,215.73,3.15,5.5,0,0.896,15.06,0,2025,11,5,6,0.00035816985437837066,82.83,0.024529518312712984,0.5719999999999998,0
6,4,2,4,7933.68,138.08,2.34,0.6,3,0.744,5.7,1,2025,10,1,6,0.00029494509483619203,3.42,0.017404281493581794,0.1536,0
7,0,0,4,4755.59,443.99,3.26,0.9,2,0.866,2.62,1,2025,9,11,4,0.0006855090535559205,2.358,0.09336170695959913,0.12060000000000001,0
4,2,1,3,14010.43,21.25,4.2,8.3,3,0.691,15.61,1,2024,12,11,6,0.0002997766663835443,129.56300000000002,0.001516727181107218,2.5647000000000006,1
2,6,2,0,6256.72,456.95,2.1,0.6,1,0.674,5.13,0,2025,7,31,4,0.00033563912081729724,3.078,0.07303347440831617,0.19559999999999997,0
0,8,0,0,1762.85,416.66,2.87,1.7,3,0.921,0.5,0,2024,2,12,1,0.0016280454945117283,0.85,0.23635590095583858,0.13429999999999992,0
2,4,0,4,9447.46,149.49,4.36,8.0,0,0.518,0.86,1,2024,1,30,5,0.0004614997046825285,6.88,0.015823300654355776,3.856,1
2,1,0,1,2150.66,394.86,1.77,0.0,0,0.987,0.5,0,2024,3,24,3,0.0008230031711195634,0.0,0.18359945319111345,0.0,0
1,2,3,4,5505.74,16.58,3.57,2.8,4,0.824,26.12,1,2024,2,16,0,0.0006484142004526185,73.136,0.003011402645239332,0.49280000000000007,0
1,4,1,3,7857.47,483.47,3.23,5.8,0,0.716,7.63,0,2025,10,18,2,0.00041107379347296265,44.254,0.06152998356977501,1.6472000000000002,0
1,8,0,1,13176.23,263.77,3.44,6.0,3,0.814,1.1,1,2025,8,13,6,0.0002610761955430347,6.6000000000000005,0.020018624447205306,1.1160000000000003,0
3,5,2,0,7656.43,152.34,2.36,7.8,3,0.561,8.06,1,2024,9,28,2,0.0003082376512290976,62.868,0.019897001605186752,3.4241999999999995,1
5,2,2,4,10682.75,181.93,2.24,5.1,4,0.757,23.61,0,2025,10,28,5,0.00020968383609089422,120.41099999999999,0.017030259062507314,1.2392999999999998,0
3,7,1,2,14895.84,34.14,3.46,5.1,1,0.993,19.06,0,2024,8,3,2,0.00023227961632240948,97.20599999999999,0.00229191505816389,0.03570000000000003,0
5,2,0,2,2406.59,494.69,1.91,7.3,0,0.618,0.6,1,2025,8,8,0,0.000793654091473828,4.38,0.20555640969172148,2.7886,1
3,5,3,1,4483.61,20.61,2.58,5.0,0,0.861,7.96,0,2025,3,2,3,0.000575429174259135,39.8,0.00459674235716309,0.6950000000000001,0
4,8,0,2,6221.35,327.8,1.82,6.1,2,0.717,2.79,1,2025,9,24,6,0.000292541007980583,17.019,0.052689528800019286,1.7263000000000002,0
1,3,2,2,6616.51,221.93,1.23,9.0,4,0.826,16.72,1,2025,10,16,4,0.00018589860817863193,150.48,0.033541852124458364,1.5660000000000003,1
2,8,1,2,6459.81,474.51,4.4,4.0,3,0.602,7.25,0,2024,2,1,4,0.0006811345844537223,29.0,0.07345572083389448,1.592,0
3,5,3,4,13660.36,123.75,2.62,3.9,3,0.735,26.69,0,2025,5,24,2,0.00019179582382894742,104.09100000000001,0.009059058472836733,1.0335,0
7,1,0,3,10853.47,266.51,4.4,0.0,0,0.99,1.03,0,2025,10,4,2,0.00040540030054904105,0.0,0.0245552804771193,0.0,0
5,0,1,3,9314.63,241.7,1.66,6.1,0,0.598,8.21,0,2025,7,12,2,0.00017821427152769353,50.081,0.025948427366411765,2.4522,0
2,8,0,3,4985.9,351.73,3.14,0.3,3,0.818,0.5,0,2024,10,23,6,0.0006297759682304099,0.15,0.07054493672155479,0.05460000000000002,0
3,5,3,3,12444.96,34.94,1.86,5.0,2,0.788,173.28,1,2025,10,19,3,0.00014945809387896788,866.4,0.0028075622581350203,1.0599999999999998,0
1,3,3,4,14348.38,97.7,3.81,8.0,2,0.783,222.48,1,2024,11,5,5,0.0002655352032773038,1779.84,0.006809131065667344,1.7359999999999998,1
5,8,1,4,12407.38,108.07,3.79,5.5,3,0.808,12.45,1,2025,5,9,0,0.0003054633613220519,68.475,0.008710138643291331,1.0559999999999996,0
5,8,3,4,522.69,369.34,1.57,2.7,4,0.751,2.51,0,2024,9,7,2,0.0030036924371998697,6.777,0.7066138629015285,0.6723,0
3,1,2,2,9727.82,95.38,4.21,7.9,3,0.508,9.32,1,2025,12,2,5,0.00043277938942126807,73.628,0.009804868922327922,3.8868,1
5,1,0,0,1241.46,287.17,1.84,2.7,3,0.95,0.59,1,2025,2,19,6,0.0014821258840397597,1.593,0.2313163533259227,0.13500000000000012,0
5,1,1,1,4235.3,108.41,3.22,7.3,0,0.913,3.22,1,2024,10,31,4,0.0007602767218378864,23.506,0.025596770004486104,0.6350999999999998,1
5,5,3,0,1363.11,430.95,4.45,6.1,2,0.587,20.05,1,2025,4,9,6,0.0032645934664113684,122.30499999999999,0.31615203468538855,2.5193,0
5,1,1,4,9255.03,471.15,4.11,1.7,3,0.707,7.68,1,2024,3,15,0,0.00044408283927766846,13.056,0.05090745248799841,0.49810000000000004,0
4,7,0,1,10455.55,259.73,4.36,9.1,0,0.885,0.61,0,2025,12,6,2,0.000417003409672375,5.550999999999999,0.024841352200505956,1.0465,1
6,8,0,3,2160.07,176.8,2.33,2.0,1,0.99,0.5,0,2024,3,2,2,0.001078668746846167,1.0,0.08184919933150314,0.020000000000000018,0
7,2,1,0,6065.66,117.79,1.55,9.9,2,0.976,51.32,1,2024,6,10,1,0.00025553690777260844,508.06800000000004,0.019419156365506805,0.23760000000000023,1
2,8,2,2,7115.43,25.84,1.82,0.1,0,0.95,3.58,0,2025,3,26,6,0.0002557821523084339,0.35800000000000004,0.0036315444042032594,0.0050000000000000044,0
5,5,0,4,5851.27,134.98,2.85,2.6,1,0.579,0.5,1,2025,3,1,2,0.00048707374638326376,1.3,0.023068496240986995,1.0946000000000002,0
1,6,3,0,2254.86,327.46,3.82,2.0,3,0.957,3.27,0,2025,5,10,2,0.0016941184818569665,6.54,0.14522409373530948,0.08600000000000008,0
3,6,0,2,6574.74,267.27,1.7,0.1,1,0.939,1.32,0,2025,4,20,3,0.0002585653577175675,0.132,0.04065103715127898,0.006100000000000006,0
2,7,1,0,11392.08,472.08,3.38,7.3,0,0.688,11.01,1,2024,7,27,2,0.0002966973546534083,80.37299999999999,0.041439315735142306,2.2776000000000005,1
5,0,1,1,1529.61,198.74,2.27,6.9,3,0.697,1.79,0,2024,12,14,2,0.0014840384150208224,12.351,0.12992854387719746,2.0907000000000004,0
4,7,2,4,1662.61,347.24,2.33,7.9,2,0.73,11.79,1,2025,9,13,2,0.0014014110344578706,93.14099999999999,0.20885234661165278,2.1330000000000005,1
7,5,3,0,5644.18,245.17,3.38,2.6,2,0.828,70.84,1,2024,5,27,1,0.0005988469538533498,184.18400000000003,0.0434376649929662,0.4472000000000001,0
2,1,3,4,14155.02,256.78,2.74,4.4,0,0.63,24.14,1,2024,11,16,2,0.0001935709027609993,106.21600000000001,0.018140560733930434,1.6280000000000001,0
2,8,0,0,10194.3,134.62,3.88,6.6,1,0.511,1.12,1,2024,11,22,0,0.00038060484780710793,7.392,0.013205418714379606,3.2274,0
5,2,1,4,10340.71,228.02,1.71,4.4,3,0.571,10.79,0,2024,12,19,4,0.00016536582110899544,47.476,0.022050710251036925,1.8876000000000004,0
2,7,0,4,5747.84,235.92,3.81,7.0,1,0.72,0.5,0,2025,2,12,6,0.0006628576995880191,3.5,0.04104498385480458,1.9600000000000002,1
1,3,2,3,9108.08,353.61,1.41,6.3,2,0.641,57.01,1,2024,5,13,1,0.0001548075994062415,359.16299999999995,0.038823769663858906,2.2617,0
5,4,3,4,646.9,470.38,1.84,1.1,0,0.882,1.36,0,2025,1,14,5,0.002844334518472716,1.4960000000000002,0.727129386303911,0.1298,0
3,8,3,3,9723.39,165.33,3.37,7.8,1,0.553,28.31,0,2025,6,11,6,0.00034658694138566903,220.81799999999998,0.01700332908584352,3.4865999999999997,1
6,2,0,0,13742.66,22.06,4.02,7.2,2,0.959,7.73,1,2025,7,29,5,0.0002925197887454103,55.656000000000006,0.0016052205322695896,0.2952000000000003,1
7,2,2,2,9382.32,248.65,2.03,6.6,2,0.948,58.63,1,2024,4,18,4,0.00021636439601292642,386.95799999999997,0.026501973925425696,0.3432000000000003,0
0,6,3,2,13168.63,272.69,2.28,1.6,4,0.954,59.87,1,2024,11,22,0,0.00017313873956516357,95.792,0.0207075451280809,0.07360000000000007,0
1,2,0,3,10997.61,85.05,2.97,2.7,1,0.87,0.64,0,2024,9,4,6,0.00027005867638514185,1.7280000000000002,0.007733498460119971,0.35100000000000003,0
5,8,1,2,2248.1,380.47,1.9,3.9,1,0.553,3.3,1,2025,4,22,5,0.0008451581335349851,12.87,0.16924069214002938,1.7432999999999998,0
1,0,0,3,13585.57,492.48,3.88,2.8,1,0.719,1.3,0,2024,5,5,3,0.0002855971446174139,3.6399999999999997,0.036250227263191756,0.7868,0
2,0,2,1,1463.44,472.94,3.75,2.3,3,0.566,0.52,0,2024,9,30,1,0.002562455584103209,1.196,0.32317006505220575,0.9982000000000001,0
5,8,1,4,8242.53,99.36,1.68,8.1,0,0.994,8.66,1,2025,4,5,2,0.0002038209142095934,70.146,0.012054551211824523,0.04860000000000004,1
7,7,1,0,2560.99,437.81,2.73,6.4,0,0.667,2.47,0,2024,9,10,5,0.0010659940101288956,15.808000000000002,0.17095342035697134,2.1311999999999998,0
2,4,1,2,669.75,352.54,3.76,5.7,0,0.793,1.26,0,2024,5,24,0,0.005614035087719298,7.182,0.5263755132512131,1.1798999999999997,0
3,6,2,2,6619.5,227.47,2.31,2.3,4,0.89,13.06,0,2024,4,9,5,0.0003489689553591661,30.038,0.03436362263010801,0.25299999999999995,0
1,3,1,3,4778.09,270.76,3.29,9.2,3,0.96,6.16,1,2024,2,21,6,0.000688559654590014,56.672,0.056666994552216465,0.36800000000000027,1
3,7,0,4,7547.01,424.95,1.37,1.9,0,0.878,0.5,0,2024,10,24,4,0.00018152884387326903,0.95,0.05630706730215012,0.23179999999999998,0
5,5,0,3,8869.4,240.59,3.21,7.9,4,0.837,1.69,1,2025,1,28,5,0.0003619185063251178,13.351,0.027125848422666698,1.2877000000000003,1
1,5,3,0,1134.22,187.23,1.7,9.7,0,0.733,1.7,1,2025,9,22,1,0.0014988273879846942,16.49,0.165073795207279,2.5899,1
2,8,1,0,2283.55,247.13,3.94,7.3,0,0.803,1.97,0,2025,3,4,5,0.001725383722712443,14.381,0.10822184756191017,1.4380999999999997,1
6,3,3,3,8600.31,289.99,2.37,9.9,1,0.547,27.05,1,2024,9,11,6,0.0002755714619589294,267.795,0.03371855200568352,4.4847,1
1,4,0,0,5475.93,95.35,2.13,6.5,0,0.942,0.5,0,2024,6,12,6,0.0003889750234206792,3.25,0.01741256736298674,0.37700000000000033,0
7,0,3,0,11073.02,450.55,3.97,2.2,1,0.772,26.01,1,2024,12,1,3,0.0003585291094931645,57.22200000000001,0.04068898999550258,0.5016,0
5,5,0,1,9958.23,337.42,1.37,2.0,0,0.52,0.5,0,2025,8,14,4,0.0001375746493101686,1.0,0.03388353151112196,0.96,0
6,8,2,4,12761.26,317.0,2.51,3.2,1,0.96,13.69,0,2024,11,16,2,0.00019668904167770266,43.808,0.02484080725570986,0.1280000000000001,0
3,5,3,2,10541.15,50.65,2.42,0.1,3,0.745,18.29,0,2024,7,13,2,0.00022957646936055365,1.829,0.004804978583930596,0.025500000000000002,0
7,3,2,3,6734.0,302.48,2.14,6.8,4,0.934,16.63,1,2024,6,12,6,0.0003177903177903178,113.08399999999999,0.04491832491832492,0.44879999999999964,0
0,2,3,4,10258.02,61.36,4.21,2.7,2,0.928,129.12,1,2025,5,25,3,0.0004104105860585181,348.624,0.005981661178278069,0.19439999999999988,0
4,7,1,3,4493.03,40.27,3.68,8.2,4,0.908,12.11,1,2025,6,11,6,0.0008190463896301605,99.30199999999999,0.008962771225653959,0.7543999999999997,1
1,2,0,3,4941.55,264.13,1.41,3.6,0,0.531,0.59,1,2025,4,23,6,0.00028533557284657644,2.124,0.053450840323380315,1.6884,0
2,1,2,3,11940.28,201.99,3.56,4.8,2,0.624,70.44,1,2025,5,25,3,0.0002981504621332163,338.11199999999997,0.016916688720867518,1.8048,0
6,5,0,0,6973.08,294.82,2.94,9.7,2,0.938,3.82,1,2024,11,11,1,0.0004216214355779655,37.053999999999995,0.0422797386520734,0.6014000000000005,1
2,1,2,1,12076.51,45.52,4.17,2.4,4,0.949,23.9,0,2025,5,24,2,0.00034529843472990123,57.35999999999999,0.0037693008990180112,0.1224000000000001,0
7,7,1,1,12425.12,216.06,2.23,7.2,0,0.729,12.46,0,2024,1,24,6,0.00017947512780560669,89.712,0.0173889668671208,1.9512000000000003,1
4,7,3,4,12934.65,88.22,3.09,7.6,3,0.72,29.13,0,2024,4,2,5,0.00023889320545975344,221.38799999999998,0.0068204396717344495,2.128,1
4,7,0,3,13791.21,493.56,2.85,2.2,3,0.588,1.19,0,2025,2,6,4,0.00020665336834113906,2.618,0.03578801279945705,0.9064000000000001,0
3,6,3,0,6749.29,281.01,2.82,5.0,1,0.984,17.69,1,2025,6,1,3,0.00041782172643344706,88.45,0.041635490547894664,0.08000000000000007,0
4,7,2,2,5123.57,344.03,2.71,3.5,0,0.607,3.41,1,2025,4,13,3,0.0005289280716375496,11.935,0.06714654040054102,1.3755000000000002,0
7,6,3,3,8941.88,163.38,1.88,7.7,2,0.595,138.02,1,2024,9,3,5,0.00021024661480583502,1062.7540000000001,0.018271325493073046,3.1185000000000005,1
6,2,2,0,5882.0,48.27,3.69,6.2,4,0.83,14.59,1,2024,8,8,4,0.0006273376402584155,90.458,0.008206392383543013,1.0540000000000003,0
1,8,2,2,9215.58,487.96,2.69,4.8,0,0.621,6.64,1,2025,8,20,6,0.000291896983152444,31.871999999999996,0.052949461672515456,1.8192,0
6,6,3,3,10731.0,143.84,4.36,7.8,0,0.969,20.59,0,2024,12,27,0,0.0004062995061038114,160.602,0.013404156183021154,0.2418000000000002,1
0,8,2,4,10481.87,212.48,2.06,2.4,2,0.505,56.09,1,2024,2,19,1,0.00019652981767566283,134.616,0.020271192067827588,1.188,0
4,5,0,2,5931.02,325.28,3.45,7.5,0,0.503,0.88,0,2024,2,21,6,0.0005816874669112564,6.6,0.054843854851273466,3.7275,1
1,2,0,3,2919.47,13.32,4.3,8.7,2,0.752,1.68,1,2024,10,15,5,0.001472870075732924,14.615999999999998,0.004562471955526175,2.1576,1
2,1,0,4,6742.68,405.32,3.39,8.8,4,0.744,1.36,1,2025,5,21,6,0.0005027674455854349,11.968000000000002,0.060112596178374174,2.2528,1
7,7,1,0,2567.62,268.75,4.08,7.8,4,0.582,6.34,1,2025,9,3,6,0.001589020182114176,49.452,0.10466891518215313,3.2604,1
2,4,3,3,13406.41,139.83,3.93,4.1,4,0.747,66.87,1,2025,10,31,0,0.000293143354559498,274.167,0.01043008530993756,1.0372999999999999,0
0,3,1,1,5515.22,31.74,2.39,9.8,4,0.706,16.56,1,2025,11,19,6,0.00043334626723865957,162.288,0.005754983482073244,2.8812000000000006,1
5,4,1,1,2739.67,82.09,3.18,3.8,4,0.945,7.13,1,2025,4,26,2,0.0011607237368004176,27.093999999999998,0.029963462752813294,0.20900000000000019,0
0,6,1,3,868.99,447.62,1.72,6.4,1,0.505,1.07,0,2024,10,19,2,0.0019793093131106228,6.848000000000001,0.515103741124754,3.168,0
2,3,0,3,9864.42,343.33,2.97,1.6,2,0.988,4.3,1,2025,7,3,4,0.0003010820707147506,6.88,0.034804884625756,0.01920000000000002,0
0,8,3,3,9735.08,125.7,1.96,9.8,1,0.812,30.22,1,2024,1,9,5,0.0002013337332615654,296.156,0.012912066464785087,1.8423999999999996,1
2,0,0,0,5438.76,33.73,3.65,7.0,3,0.576,0.5,0,2024,4,20,2,0.0006711088556950481,3.5,0.0062017812883819095,2.9680000000000004,1
7,3,1,1,1539.82,345.62,2.94,7.5,2,0.523,12.55,1,2025,3,17,1,0.0019093140756711825,94.125,0.22445480640594356,3.5774999999999997,1
3,6,3,0,6439.62,286.63,2.56,0.7,1,0.769,14.51,1,2024,5,17,0,0.00039753898521962476,10.157,0.04451039036464884,0.16169999999999998,0
2,3,0,4,5012.65,202.86,2.09,7.6,4,0.617,1.89,1,2024,9,27,0,0.0004169451288240751,14.363999999999999,0.0404696118819387,2.9108,1
2,6,3,4,10318.25,182.44,4.5,7.7,4,0.651,59.99,1,2025,1,9,4,0.0004361204661643205,461.923,0.01768129285489303,2.6873,1
3,2,3,3,9283.8,109.19,1.44,6.7,1,0.623,25.82,1,2025,2,16,3,0.00015510889937310154,172.994,0.011761347723992331,2.5259,0
1,0,3,4,5786.61,335.14,1.34,2.9,0,0.825,10.02,1,2025,1,9,4,0.00023156908794613775,29.057999999999996,0.057916465771842236,0.5075000000000001,0
6,4,1,1,3659.44,485.36,1.92,4.9,2,0.777,24.97,1,2024,2,16,0,0.0005246704413790087,122.35300000000001,0.13263231532693526,1.0927,0
4,5,2,1,14826.52,88.68,4.4,1.1,3,0.539,10.74,0,2025,2,14,0,0.0002967655255582564,11.814000000000002,0.00598117427420595,0.5071,0
1,3,2,4,7083.02,298.96,4.43,4.7,1,0.763,7.51,0,2024,2,22,4,0.0006254394312030743,35.297,0.04220798472967745,1.1139,0
0,4,2,2,10479.98,212.67,3.36,2.4,1,0.896,10.76,0,2025,8,6,6,0.0003206112988765246,25.823999999999998,0.02029297765835431,0.24959999999999993,0
1,6,1,2,2538.02,223.9,4.1,3.5,1,0.541,2.72,0,2025,7,29,5,0.0016154325025019502,9.520000000000001,0.08821837495370408,1.6064999999999998,0
3,5,2,3,7541.05,127.82,1.91,1.6,0,0.945,4.78,0,2024,7,18,4,0.00025328037872710034,7.648000000000001,0.016949894245496314,0.08800000000000008,0
5,3,1,2,899.28,412.74,4.41,2.3,3,0.789,0.5,1,2025,1,6,1,0.004903923138510809,1.15,0.4589671737389912,0.4852999999999999,0
0,1,3,1,7829.1,243.14,1.67,0.8,1,0.975,17.18,0,2025,7,20,3,0.000213306765784062,13.744,0.031055932354932238,0.020000000000000018,0
0,3,1,3,14478.25,272.16,1.53,9.2,1,0.574,21.26,1,2024,10,22,5,0.00010567575501182809,195.592,0.018797851950339305,3.9192,1
5,7,2,2,6071.0,153.08,1.57,5.3,0,0.997,4.11,0,2024,3,16,2,0.00025860648986987316,21.783,0.025214956349859992,0.015900000000000015,0
6,1,1,2,1065.44,91.72,3.09,4.0,2,0.822,7.7,1,2025,1,30,4,0.0029002102417780445,30.8,0.08608649947439555,0.7120000000000002,0
5,2,1,1,948.86,43.87,3.78,5.4,2,0.784,7.27,1,2025,5,31,2,0.00398372784183125,39.258,0.04623442868284046,1.1663999999999999,0
4,2,1,0,6125.81,357.35,2.41,6.3,1,0.758,8.57,1,2025,4,6,3,0.0003934173603164316,53.991,0.05833514261787421,1.5246,0
3,2,2,0,2820.36,98.92,4.43,9.2,3,0.512,3.08,1,2025,7,17,4,0.0015707214681813667,28.336,0.03507353671162546,4.489599999999999,1
1,5,0,1,838.61,345.35,2.63,1.8,1,0.97,0.5,1,2024,10,13,3,0.003136141949177806,0.9,0.41181240385876633,0.05400000000000005,0
2,6,0,4,11465.1,195.8,1.7,3.0,3,0.822,0.5,1,2025,9,30,5,0.00014827607260294284,1.5,0.017077914715091888,0.5340000000000001,0
6,8,1,0,7148.58,208.47,2.74,9.8,2,0.546,58.91,1,2025,11,27,4,0.00038329290572393403,577.318,0.029162435057032306,4.4492,1
0,5,2,2,4694.05,235.12,3.44,3.7,4,0.51,9.18,1,2025,9,17,6,0.0007328426412160074,33.966,0.05008894238450805,1.813,0
6,6,3,3,13551.21,184.49,3.95,0.2,1,0.525,28.68,0,2024,5,1,6,0.0002914868856729399,5.736000000000001,0.013614282414633087,0.095,0
7,4,0,3,2184.01,51.21,2.71,1.5,0,0.805,0.5,0,2024,5,11,2,0.0012408368093552683,0.75,0.023447694836562102,0.2924999999999999,0
0,5,1,1,14360.82,155.51,3.16,0.3,3,0.807,11.66,0,2024,4,9,5,0.00022004314516859067,3.4979999999999998,0.010828768830749218,0.05789999999999998,0
3,2,2,2,5052.52,332.2,2.08,9.9,1,0.75,7.53,1,2025,2,7,0,0.00041167575783965227,74.54700000000001,0.06574936863189061,2.475,1
0,3,2,0,13381.85,333.23,3.33,2.8,1,0.653,13.92,0,2025,1,17,0,0.00024884451701371636,38.976,0.024901639160504713,0.9715999999999999,0
5,4,3,1,9242.67,143.83,4.45,9.2,1,0.766,28.49,1,2024,12,13,0,0.00048146260766639945,262.10799999999995,0.015561520642844547,2.1527999999999996,1
1,2,3,1,12487.26,230.59,1.36,10.0,2,0.758,207.59,1,2025,7,25,0,0.00010891100209333354,2075.9,0.018466020568163072,2.42,1
5,3,3,3,14768.19,97.53,4.13,6.0,3,0.51,32.0,1,2025,1,9,4,0.0002796551236136588,192.0,0.006604059129791802,2.94,0
4,7,3,4,4681.88,105.98,3.06,0.3,0,0.641,6.92,1,2024,5,27,1,0.0006535836031679582,2.076,0.02263620596854255,0.10769999999999999,0
5,4,3,1,14436.46,12.5,2.03,0.8,4,0.527,62.68,0,2024,7,22,1,0.00014061618984155395,50.144000000000005,0.0008658632379406032,0.3784,0
0,3,3,1,6147.49,448.48,4.35,4.8,4,0.95,32.58,1,2025,9,8,1,0.0007076058684113353,156.384,0.07295335169313005,0.2400000000000002,0
3,4,3,1,6089.92,106.14,2.8,4.1,1,0.863,15.16,0,2025,6,5,4,0.0004597761546949713,62.15599999999999,0.017428800378330094,0.5617,0
1,5,0,4,5435.61,114.54,2.29,6.1,3,0.998,0.5,1,2025,2,15,2,0.0004212958619179816,3.05,0.02107215197558324,0.01220000000000001,0
7,3,3,3,8350.41,140.52,1.8,4.4,1,0.651,21.53,1,2025,5,27,5,0.00021555827797677002,94.73200000000001,0.01682791623405318,1.5356,0
3,8,2,3,2735.1,64.58,2.01,9.3,0,0.939,1.76,1,2024,2,11,3,0.0007348908632225513,16.368000000000002,0.02361156813279222,0.5673000000000006,1
3,7,0,0,8528.82,319.99,3.95,5.3,3,0.802,1.14,1,2024,2,16,0,0.00046313558030301966,6.041999999999999,0.037518671985104626,1.0493999999999997,0
1,6,3,3,8354.72,38.5,3.23,6.9,2,0.727,124.38,1,2024,2,9,0,0.00038660780971714194,858.222,0.004608173583315779,1.8837000000000002,0
1,5,2,4,11547.58,67.97,4.21,9.0,2,0.611,79.96,1,2024,5,20,1,0.00036457855238933176,719.64,0.005886081759121825,3.5010000000000003,1
4,6,2,4,12587.92,322.73,1.97,1.5,1,0.869,11.74,0,2025,12,31,6,0.0001564992468970251,17.61,0.025638072056384218,0.1965,0
7,1,1,3,6886.4,170.49,1.6,2.3,4,0.952,16.23,1,2024,12,7,2,0.00023234200743494425,37.329,0.02475749302973978,0.1104000000000001,0
7,2,3,3,4883.83,354.27,1.22,1.1,0,0.618,7.6,0,2025,4,30,6,0.0002498039448547554,8.36,0.0725393799538477,0.4202,0
5,2,2,3,4260.36,279.15,2.88,1.4,3,0.588,3.33,1,2025,6,15,3,0.0006759992113342534,4.662,0.06552263189026279,0.5768,0
3,0,0,0,3322.05,128.75,4.49,5.1,3,0.848,0.5,0,2025,4,12,2,0.00135157508165139,2.55,0.03875618970214175,0.7752000000000001,0
3,8,2,2,1335.89,325.76,3.49,3.2,3,0.988,0.66,0,2024,6,1,2,0.0026124905493715798,2.112,0.24385241299807617,0.03840000000000004,0
1,2,3,1,5465.5,59.02,2.22,4.2,4,0.875,27.23,1,2025,9,12,0,0.00040618424663800204,114.366,0.010798646052511207,0.525,0
6,5,3,1,4418.59,268.67,4.09,9.8,1,0.642,12.78,0,2025,6,11,6,0.0009256346481569912,125.244,0.060804464772698984,3.5084,1
3,2,3,4,14513.05,219.14,3.78,1.6,0,0.71,22.3,0,2024,5,23,4,0.0002604552454515074,35.68,0.01509951388577866,0.4640000000000001,0
0,8,1,3,8586.78,134.67,1.25,5.4,4,0.692,22.78,1,2024,12,1,3,0.00014557261278383746,123.01200000000001,0.015683411010879514,1.6632000000000005,0
5,5,2,2,5535.52,302.4,3.9,1.0,4,0.926,9.81,1,2025,9,19,0,0.0007045408561435961,9.81,0.054629014076364994,0.07399999999999995,0
1,0,3,1,8916.78,435.8,2.19,3.2,1,0.886,22.26,0,2024,11,22,0,0.00024560435493530176,71.23200000000001,0.04887414515105228,0.3648,0
4,1,0,1,2518.35,499.45,1.69,5.3,1,0.794,0.5,1,2024,6,15,2,0.00067107431453134,2.65,0.19832429964063772,1.0917999999999997,0
7,2,3,2,6938.63,304.27,1.95,9.5,3,0.637,17.16,0,2025,2,6,4,0.00028103530524037167,163.02,0.04385159606435276,3.4485,1
6,2,3,1,9580.4,202.95,2.75,3.9,1,0.969,23.45,0,2025,9,23,5,0.00028704438228048935,91.455,0.021183875412300112,0.1209000000000001,0
3,7,1,4,7589.02,113.38,2.6,0.6,1,0.827,7.15,0,2024,11,2,2,0.00034260023033277025,4.29,0.014940005428895956,0.10380000000000002,0
1,6,3,3,6325.79,129.29,2.15,3.9,3,0.985,11.91,0,2025,8,30,2,0.0003398784973892589,46.449,0.02043855391974757,0.05850000000000005,0
6,2,2,2,14910.8,240.25,1.77,1.5,3,0.79,11.2,0,2024,12,10,5,0.0001187059044451002,16.799999999999997,0.016112482227647076,0.31499999999999995,0
2,3,3,2,13264.56,184.27,3.72,2.3,0,0.911,20.99,0,2025,6,3,5,0.00028044654327018763,48.276999999999994,0.013891904443117602,0.2046999999999999,0
1,6,0,1,9539.39,456.99,4.47,6.2,4,0.907,2.12,1,2025,6,5,4,0.00046858342095249276,13.144000000000002,0.04790557886825049,0.5765999999999999,0
0,1,3,0,8755.97,184.78,3.77,0.7,0,0.669,12.64,1,2025,6,29,3,0.0004305633756168649,8.847999999999999,0.02110331579482342,0.23169999999999996,0
3,6,2,2,9499.58,187.35,2.18,4.6,0,0.982,5.96,0,2025,5,16,0,0.00022948382981142327,27.415999999999997,0.019721924548243185,0.08280000000000007,0
1,8,2,0,3419.03,192.38,2.01,6.1,1,0.511,4.62,1,2025,12,26,0,0.0005878860378528412,28.182,0.05626742087668139,2.9829,0
6,1,3,2,6229.5,418.47,1.92,4.2,1,0.884,15.83,0,2025,7,30,6,0.0003082109318564893,66.486,0.0671755357572839,0.48719999999999997,0
2,1,0,1,1072.16,325.74,1.65,0.2,0,0.983,0.5,0,2024,11,2,2,0.0015389494105357408,0.1,0.30381659453812865,0.0034000000000000033,0
7,0,3,2,7395.42,307.47,3.02,9.9,4,0.669,46.56,1,2025,5,1,4,0.0004083608503641443,460.944,0.041575732007107104,3.2769,1
3,0,2,1,8373.86,167.74,3.2,3.7,3,0.824,7.7,1,2024,1,18,4,0.0003821415691210505,28.490000000000002,0.020031383376364065,0.6512000000000002,0
5,1,0,2,3802.37,409.13,3.53,7.8,0,0.781,0.85,0,2025,1,12,3,0.0009283683597335346,6.63,0.1075986818747255,1.7081999999999997,1
7,4,1,2,14478.42,20.14,3.44,3.3,4,0.881,34.95,1,2024,12,5,4,0.00023759498619324484,115.33500000000001,0.0013910357621895208,0.39269999999999994,0
5,3,3,3,13687.09,435.53,2.16,4.8,3,0.933,27.73,0,2025,11,20,4,0.0001578129463604024,133.10399999999998,0.031820496540900946,0.3215999999999997,0
2,5,3,2,10971.08,256.86,2.29,3.9,4,0.802,55.09,1,2024,4,22,1,0.00020873058987811593,214.851,0.023412462583446664,0.7721999999999998,0
1,2,1,0,8234.11,199.73,3.45,3.4,2,0.908,52.9,1,2025,3,2,3,0.0004189888160347627,179.85999999999999,0.024256416297571925,0.3127999999999999,0
5,1,1,3,13114.55,249.09,2.35,0.2,3,0.656,12.02,0,2025,8,20,6,0.00017919028864886712,2.404,0.018993408084913323,0.0688,0
2,0,1,4,2394.46,334.04,1.9,3.6,0,0.614,1.98,1,2024,11,11,1,0.0007934983253009029,7.128,0.13950535820184928,1.3896000000000002,0
5,3,2,0,11962.39,7.37,2.44,8.9,2,0.715,81.77,1,2025,12,5,0,0.00020397261751205236,727.753,0.0006160976192884532,2.5365,1
7,5,1,1,2309.9,435.9,2.1,6.9,1,0.839,2.62,0,2025,10,6,1,0.0009091302653794536,18.078000000000003,0.18870946794233515,1.1109000000000002,0
3,4,0,1,12016.05,223.92,1.49,1.5,2,0.594,4.73,1,2024,1,28,3,0.000124000815575834,7.095000000000001,0.018635075586403187,0.609,0
2,7,2,4,4498.63,172.14,3.94,5.9,1,0.84,5.27,1,2025,9,3,6,0.0008758221947570704,31.093,0.03826498289479241,0.9440000000000003,0
0,5,0,0,13217.81,69.98,4.02,8.9,3,0.697,1.19,0,2025,4,30,6,0.00030413510256237605,10.591,0.0052943717605261394,2.6967000000000003,1
2,0,3,3,14188.61,220.29,1.93,7.0,1,0.898,39.29,0,2024,9,28,2,0.00013602460001367294,275.03,0.015525833749747154,0.7139999999999999,1
7,3,0,2,2657.54,248.67,1.41,1.5,4,0.518,0.5,1,2025,11,2,3,0.0005305658616615366,0.75,0.09357149845345696,0.723,0
3,0,3,3,7208.8,202.42,3.64,8.7,1,0.834,20.85,0,2025,8,15,0,0.0005049384086116968,181.395,0.028079569415159246,1.4442000000000002,1
3,8,3,3,14724.32,339.65,1.9,3.0,0,0.825,23.83,0,2025,8,14,4,0.00012903821704499766,71.49,0.023067279168070238,0.5250000000000001,0
6,6,2,0,7509.41,211.03,2.5,4.5,4,0.97,16.43,1,2024,8,21,6,0.000332915635183057,73.935,0.02810207459707221,0.13500000000000012,0
4,6,0,2,13021.44,480.75,1.41,5.3,1,0.857,1.1,0,2024,2,22,4,0.0001082829548805662,5.83,0.03691987982895901,0.7579,0
5,3,1,1,9036.61,300.04,1.95,8.5,4,0.898,26.19,1,2025,8,20,6,0.00021578888543380756,222.615,0.033202716505415196,0.8669999999999998,1
6,4,1,2,5942.28,403.93,3.82,9.3,1,0.952,8.92,1,2025,5,6,5,0.0006428508922501127,82.956,0.06797559186036337,0.4464000000000004,1
5,5,2,2,4643.86,55.57,3.85,9.3,2,0.838,32.19,1,2024,6,23,3,0.0008290516940648513,299.367,0.011966338347839944,1.5066000000000004,1
2,6,2,3,3446.73,199.25,1.88,0.1,2,0.645,16.64,1,2025,6,20,0,0.000545444522779562,1.6640000000000001,0.05780841551267433,0.0355,0
2,5,2,3,11546.07,169.09,2.31,9.2,1,0.935,15.14,1,2025,10,6,1,0.00020006807511127164,139.28799999999998,0.014644809879032434,0.5979999999999994,1
3,8,1,1,6104.84,285.17,1.64,0.5,2,0.874,35.23,1,2025,9,26,0,0.000268639309138323,17.615,0.046712116943277794,0.063,0
3,7,2,3,7913.49,430.7,1.44,2.7,2,0.712,42.45,1,2025,1,24,0,0.0001819677537976291,114.61500000000001,0.054426049694888096,0.7776000000000002,0
2,3,3,3,7638.72,40.09,4.47,5.1,1,0.855,19.08,0,2024,5,31,0,0.0005851765740857107,97.30799999999998,0.005248261488835827,0.7395,0
6,6,0,2,8870.55,37.21,3.36,4.8,0,0.934,1.07,0,2025,11,28,0,0.0003787814735275716,5.136,0.004194779354155041,0.31679999999999975,0
2,5,3,1,13050.87,425.31,2.99,6.0,3,0.988,27.86,0,2024,9,5,4,0.00022910350037966818,167.16,0.032588632022233,0.07200000000000006,0
5,1,3,1,14720.72,107.21,3.73,4.8,1,0.976,37.47,1,2024,2,2,0,0.0002533843453309349,179.856,0.007282931813117836,0.1152000000000001,0
7,0,1,4,6409.97,334.71,3.97,9.3,2,0.663,52.23,1,2025,8,9,2,0.0006193476724540053,485.73900000000003,0.0522170930597179,3.1341,1
5,5,0,0,12499.02,271.9,3.86,2.4,2,0.711,5.99,1,2025,12,18,4,0.00030882421181820655,14.376,0.021753705490510453,0.6936000000000001,0
3,1,0,0,11585.65,416.61,1.25,2.7,3,0.555,0.56,0,2024,4,22,1,0.00010789209064661888,1.5120000000000002,0.035959139107430316,1.2015,0
2,8,2,1,8816.17,63.42,1.82,9.2,0,0.624,7.39,0,2024,7,14,3,0.00020643885043051575,67.98799999999999,0.007193599941924895,3.4591999999999996,1
1,6,0,2,14362.68,65.76,3.36,0.8,0,0.941,0.58,0,2024,1,20,2,0.00023393962686629513,0.46399999999999997,0.0045785326972403485,0.04720000000000005,0
0,4,2,0,3406.88,278.85,2.44,6.1,4,0.68,8.65,1,2025,3,27,4,0.0007161978114873433,52.765,0.08184908185788757,1.9519999999999995,0
2,6,1,3,2084.33,473.24,4.44,6.8,2,0.81,15.53,1,2024,11,17,3,0.00213018092144718,105.604,0.22704658091568994,1.2919999999999996,0
5,3,2,3,12882.45,208.08,3.4,5.1,3,0.833,11.04,1,2025,3,4,5,0.0002639249521636024,56.303999999999995,0.016152207072412467,0.8517000000000001,0
6,3,2,1,6867.67,164.14,4.36,6.9,1,0.891,7.78,1,2024,6,4,5,0.0006348586929773854,53.682,0.023900391253511014,0.7521,0
4,7,2,2,12781.05,303.74,1.86,1.7,2,0.591,65.99,1,2025,2,26,6,0.00014552794958160717,112.18299999999999,0.023764870648342665,0.6953,0
5,5,0,0,13449.81,465.29,4.05,8.5,3,0.652,1.32,1,2025,12,8,1,0.00030111949536833606,11.22,0.03459454074072422,2.9579999999999997,1
4,5,3,0,1405.64,418.63,2.26,1.4,1,0.724,3.38,1,2024,7,27,2,0.0016078085427278675,4.731999999999999,0.2978216328505165,0.3864,0
4,5,1,0,13310.24,497.75,4.47,4.0,3,0.682,13.38,0,2025,2,24,1,0.0003358316604358749,53.52,0.03739601990647802,1.2719999999999998,0
6,0,3,1,7000.63,12.26,1.72,0.8,0,0.991,9.67,0,2025,5,28,6,0.000245692173418678,7.736000000000001,0.0017512709570424376,0.007200000000000007,0
0,7,0,3,7901.27,57.32,2.9,5.5,4,0.917,1.36,1,2025,9,18,4,0.0003670296041016191,7.48,0.007254529967967174,0.4564999999999998,0
1,4,0,2,9585.59,305.12,3.82,6.7,2,0.74,5.7,1,2025,4,27,3,0.0003985148540674074,38.190000000000005,0.0318311131604836,1.7420000000000002,0
6,6,2,3,13932.55,410.47,2.63,9.4,3,0.94,14.06,1,2024,3,4,1,0.00018876659333718523,132.16400000000002,0.029461225690918035,0.5640000000000005,1
6,2,3,2,777.18,143.34,2.74,7.4,3,0.674,1.54,1,2025,12,23,5,0.0035255667927635817,11.396,0.18443603798347874,2.4124,1
5,8,3,2,7414.23,120.37,4.45,5.4,2,0.893,104.97,1,2024,5,21,5,0.000600197188379643,566.8380000000001,0.016234996756237668,0.5778,0
7,1,3,2,10471.97,393.7,2.6,9.3,0,0.612,21.76,1,2025,6,15,3,0.0002482818419074921,202.36800000000002,0.0375956004457614,3.6084000000000005,1
1,6,1,4,10979.25,29.13,3.19,4.8,3,0.886,11.24,0,2024,7,31,6,0.00029054807933146616,53.952,0.0026531866930801285,0.5471999999999999,0
2,5,2,0,10541.72,185.32,1.38,5.6,1,0.728,11.85,0,2025,7,28,1,0.0001309084286055786,66.36,0.01757967390520712,1.5232,0
3,7,2,2,2449.31,253.4,3.98,6.0,0,0.554,1.23,0,2024,11,28,4,0.0016249474341753392,7.38,0.10345770849749522,2.6759999999999997,0
2,1,2,2,4841.24,280.61,3.34,4.1,1,0.637,5.47,0,2025,11,9,3,0.0006899058918789402,22.426999999999996,0.057962422850344135,1.4882999999999997,0
5,0,3,1,5701.38,364.58,2.53,8.4,4,0.701,34.37,1,2025,5,4,3,0.0004437522143761685,288.70799999999997,0.06394592186453103,2.5116000000000005,1
1,4,1,2,12164.34,178.07,1.25,1.9,2,0.875,75.12,1,2025,6,22,3,0.00010275937699866988,142.728,0.014638689809722516,0.2375,0
2,1,1,3,4542.02,306.73,3.15,5.5,3,0.536,5.03,1,2025,1,20,1,0.0006935240267546157,27.665000000000003,0.06753162689728358,2.5519999999999996,0
5,0,3,0,3555.22,293.1,1.24,7.2,4,0.83,20.14,1,2024,11,17,3,0.0003487829163877341,145.008,0.08244215547842329,1.2240000000000004,1
3,1,3,4,14383.0,274.26,1.2,9.0,0,0.858,28.55,1,2024,6,26,6,8.343182924285615e-05,256.95,0.01906834457345477,1.278,1
7,4,3,0,628.52,320.6,3.23,8.8,0,0.827,0.5,0,2025,4,15,5,0.005139056831922612,4.4,0.5100871889518234,1.5224000000000004,1
6,5,3,3,14968.4,130.47,1.82,5.1,4,0.88,78.32,1,2025,6,29,3,0.00012158948184174661,399.43199999999996,0.008716362470270704,0.612,0
4,0,2,4,10313.91,43.24,1.83,6.4,0,0.589,9.29,0,2024,12,16,1,0.00017743028589545576,59.455999999999996,0.004192396482032517,2.6304000000000003,0
5,5,2,1,12512.8,60.52,3.36,3.9,1,0.794,14.01,1,2025,7,13,3,0.00026852503036890225,54.638999999999996,0.004836647273192251,0.8033999999999998,0
5,2,2,0,4771.98,113.07,1.38,4.7,3,0.971,4.76,0,2024,12,28,2,0.00028918813574239623,22.372,0.023694567035067206,0.13630000000000012,0
4,6,3,2,707.57,250.6,2.23,9.1,2,0.805,11.55,1,2025,11,23,3,0.003151631640685727,105.105,0.35416990545105076,1.7744999999999995,1
3,0,1,1,11199.11,420.38,1.69,9.3,0,0.806,11.58,0,2025,11,28,0,0.000150904848688869,107.694,0.037536911415282107,1.8041999999999996,1
5,2,3,2,12595.1,350.95,3.11,9.0,0,0.868,24.11,1,2025,10,20,1,0.00024692142182277234,216.99,0.027864010607299664,1.1880000000000002,1
4,3,3,0,11236.9,394.73,3.38,1.4,2,0.667,133.87,1,2025,12,10,6,0.0003007947031654638,187.418,0.035128015733876784,0.4661999999999999,0
5,0,1,0,2571.33,176.14,3.58,8.5,1,0.85,3.53,1,2024,9,27,0,0.0013922755927866124,30.005,0.06850151478028879,1.2750000000000001,1
6,0,0,1,11424.7,202.92,2.04,9.5,3,0.958,0.7,1,2025,9,16,5,0.00017856048736509492,6.6499999999999995,0.01776151671378679,0.39900000000000035,1
0,7,3,4,11649.38,197.45,1.49,3.6,3,0.505,22.76,0,2025,5,10,2,0.00012790380260580393,81.936,0.01694939988222549,1.782,0
6,2,1,4,10048.84,96.74,1.46,5.2,2,0.935,70.13,1,2024,7,15,1,0.00014529040167820365,364.676,0.009626981820787275,0.33799999999999975,0
6,1,3,2,11608.68,31.55,2.61,7.8,3,0.609,26.53,1,2024,9,9,1,0.0002248317638181085,206.934,0.002717793926613534,3.0498,1
7,5,1,1,12765.86,295.87,4.32,5.6,4,0.728,34.08,1,2024,10,12,2,0.00033840258313971795,190.84799999999998,0.023176660248506564,1.5232,0
1,4,0,1,9397.26,494.62,1.92,9.9,1,0.926,0.82,1,2025,7,25,0,0.0002043148747613666,8.118,0.052634491330451644,0.7325999999999996,1
0,6,3,2,1784.77,84.25,2.05,4.6,0,0.912,3.09,1,2024,11,1,0,0.0011486073835844394,14.213999999999999,0.047204961983897085,0.4047999999999998,0
7,4,1,4,7570.6,24.3,1.53,7.1,2,0.946,56.33,1,2024,8,18,3,0.00020209758803793623,399.943,0.0032097852217789873,0.3834000000000003,1
4,2,0,4,1625.92,389.99,3.2,7.9,3,0.97,0.5,0,2024,10,31,4,0.00196811651249754,3.95,0.23985804959653612,0.2370000000000002,1
6,2,3,4,6409.37,127.04,3.44,4.9,0,0.724,10.55,0,2024,10,22,5,0.0005367142168419049,51.69500000000001,0.01982098084523128,1.3524000000000003,0
7,2,1,3,6403.04,414.99,3.32,8.6,0,0.828,6.03,0,2025,12,22,1,0.0005185037107373997,51.858,0.0648114020840101,1.4792000000000003,1
7,5,3,3,1457.14,352.26,4.04,5.5,2,0.695,20.68,1,2024,7,31,6,0.0027725544559891293,113.74,0.24174753283829967,1.6775000000000002,0
1,0,1,0,5557.9,472.89,2.81,4.1,0,0.675,3.85,1,2025,12,7,3,0.0005055866424368917,15.784999999999998,0.08508429442775149,1.3324999999999998,0
6,5,2,3,2109.47,205.05,1.64,1.1,1,0.716,1.57,0,2025,12,22,1,0.0007774464675961261,1.7270000000000003,0.09720451108572296,0.31240000000000007,0
3,4,2,1,12219.41,331.32,2.16,3.9,2,0.872,69.92,1,2025,5,15,4,0.0001767679454245336,272.688,0.027114238739840958,0.4992,0
7,6,2,3,14241.48,232.96,3.39,7.3,1,0.751,16.68,1,2024,11,20,6,0.0002380370579462247,121.764,0.016357850448127584,1.8176999999999999,1
6,1,0,0,1548.59,315.66,3.22,9.2,0,0.907,1.01,0,2025,5,6,5,0.002079310856973118,9.292,0.20383703885470011,0.8555999999999997,1
3,4,3,4,14349.17,225.35,2.95,2.5,1,0.873,34.26,0,2024,12,23,1,0.0002055868039754216,85.64999999999999,0.01570474111046144,0.3175,0
7,5,0,3,8077.36,95.13,3.45,3.6,4,0.51,1.24,1,2025,7,27,3,0.00042711975199817765,4.464,0.01177736290074975,1.764,0
6,4,2,2,4843.7,254.44,3.3,1.5,1,0.815,4.26,0,2024,10,7,1,0.0006812973553275389,6.39,0.05253009063319364,0.2775000000000001,0
6,3,2,0,1614.5,264.76,4.11,6.9,2,0.718,10.44,1,2024,10,21,1,0.0025456797770207497,72.036,0.1639888510374729,1.9458000000000002,0
4,0,3,0,7759.05,405.49,3.13,9.6,2,0.728,126.88,1,2024,5,4,2,0.00040339990076104673,1218.048,0.05226026382095746,2.6112,1
4,7,2,0,12020.48,368.02,3.77,6.4,2,0.909,74.58,1,2025,8,10,3,0.0003136314024065595,477.312,0.030616081886913,0.5823999999999998,0
5,2,2,1,10752.75,332.23,2.02,6.2,4,0.774,24.9,1,2025,11,23,3,0.0001878589198112111,154.38,0.030897212341029042,1.4012,0
2,0,1,2,1228.28,57.58,3.44,5.5,2,0.943,8.65,1,2025,7,10,4,0.002800664343635002,47.575,0.046878561891425405,0.3135000000000003,0
7,6,3,3,1557.08,360.59,4.18,0.9,1,0.856,3.43,0,2025,1,23,4,0.0026845120353482157,3.087,0.23158090785316104,0.12960000000000002,0
6,0,2,3,6341.66,250.65,2.47,7.3,4,0.776,15.15,1,2025,2,8,2,0.00038948792587429796,110.595,0.03952435166817521,1.6351999999999998,1
5,5,2,0,4781.71,447.16,3.77,6.0,2,0.877,30.26,1,2024,12,19,4,0.0007884208787233019,181.56,0.09351466316443281,0.738,0
3,5,3,0,3869.57,460.02,3.59,6.6,2,0.519,56.47,1,2024,5,29,6,0.000927751662329406,372.702,0.11888142610160818,3.1746,0
2,3,0,2,4574.57,28.52,1.4,9.0,1,0.514,0.5,0,2024,10,24,4,0.0003060396933482273,4.5,0.006234465753065316,4.374,1
2,0,0,0,12150.5,410.5,3.12,7.8,2,0.542,7.29,1,2024,2,13,5,0.0002567795563968561,56.862,0.03378461791695815,3.5723999999999996,1
5,1,2,3,13973.81,19.81,1.63,7.8,2,0.719,91.94,1,2024,10,21,1,0.00011664678423422101,717.132,0.0014176520218895205,2.1918,1
4,8,1,4,6373.99,184.22,4.39,9.3,0,0.618,5.88,0,2024,3,21,4,0.0006887365684602579,54.684000000000005,0.028901833859168276,3.5526000000000004,1
6,3,3,2,13638.61,271.61,3.88,9.9,4,0.992,85.02,0,2024,12,20,0,0.0002844864689290184,841.698,0.019914786037580075,0.07920000000000008,1
6,0,2,4,5161.69,74.9,1.56,5.8,3,0.771,4.23,1,2025,3,28,0,0.0003022265963279469,24.534000000000002,0.014510751323694374,1.3281999999999998,0
7,6,2,0,7408.34,373.41,1.6,1.1,3,0.831,5.51,1,2025,11,2,3,0.00021597280902334396,6.061,0.050404004135879296,0.18590000000000007,0
4,6,1,2,3777.42,5.17,3.16,4.6,0,0.639,2.88,0,2024,9,19,4,0.0008365498144236013,13.248,0.0013686590318259552,1.6605999999999999,0
4,0,0,4,9786.9,85.13,2.34,7.9,1,0.661,0.63,1,2025,5,5,1,0.00023909511694203476,4.977,0.008698362096271546,2.6780999999999997,1
3,7,0,1,14695.23,290.82,1.32,0.3,0,0.668,0.5,0,2024,8,7,6,8.982506568457929e-05,0.15,0.019790095153325263,0.09959999999999998,0
5,1,0,3,9250.65,357.48,2.99,0.6,0,0.849,0.57,0,2024,7,25,4,0.0003232205304492117,0.34199999999999997,0.03864377097825559,0.09060000000000001,0
7,7,1,0,5688.3,458.4,2.48,0.7,4,0.737,11.62,1,2025,7,5,2,0.0004359826310145386,8.133999999999999,0.08058646695849374,0.18409999999999999,0
6,2,2,0,9893.35,353.04,1.53,7.3,2,0.759,64.25,1,2024,10,4,0,0.0001546493351594758,469.025,0.035684576003072774,1.7592999999999999,1
4,7,0,4,2282.35,336.22,3.85,5.0,1,0.796,0.5,1,2025,7,29,5,0.0016868578438889743,2.5,0.14731307643437686,1.0199999999999998,0
1,0,0,0,13385.56,197.78,4.22,3.7,4,0.884,2.37,1,2025,12,13,2,0.00031526510657753576,8.769,0.014775623881257116,0.42919999999999997,0
2,8,1,3,7794.72,1.64,3.7,1.1,1,0.545,8.47,0,2024,10,5,2,0.0004746802964057721,9.317000000000002,0.00021039883408255843,0.5005,0
5,5,3,2,7015.57,60.96,3.91,7.3,4,0.888,40.03,1,2024,5,20,1,0.0005573317634917762,292.219,0.008689244067124981,0.8175999999999999,1
1,2,2,3,8995.04,267.74,1.91,3.2,2,0.782,49.34,1,2024,4,21,3,0.00021233924473932297,157.88800000000003,0.02976529287251641,0.6976,0
6,6,3,2,9559.37,337.89,2.07,2.7,0,0.835,15.66,0,2025,9,22,1,0.0002165414666447684,42.282000000000004,0.035346471577101836,0.4455000000000001,0
5,0,3,4,1540.75,209.31,1.89,6.5,2,0.664,21.78,1,2025,8,23,2,0.0012266753204608146,141.57,0.13584942398182703,2.1839999999999997,0
2,1,1,4,10397.95,365.61,3.72,5.6,2,0.705,73.8,1,2024,9,2,1,0.0003577628282497992,413.28,0.03516173861193793,1.6520000000000001,0
0,8,0,1,4008.01,261.41,4.33,3.6,2,0.616,2.39,1,2024,9,5,4,0.001080336625906622,8.604000000000001,0.0652218931589492,1.3824,0
0,1,2,0,10852.31,38.01,3.57,6.4,0,0.99,8.77,1,2024,2,21,6,0.0003289622209465082,56.128,0.0035024801171363515,0.06400000000000006,0
4,0,0,2,12426.75,96.82,4.11,2.7,0,0.749,0.5,0,2025,11,16,3,0.00033073812541493155,1.35,0.007791256764640794,0.6777000000000001,0
4,0,3,3,12157.4,420.16,3.31,7.9,1,0.998,34.99,1,2025,6,27,0,0.00027226216131738697,276.42100000000005,0.03456002105713393,0.015800000000000015,1
0,8,0,3,8511.26,362.73,2.48,2.3,0,0.745,0.5,0,2024,8,19,1,0.00029137871478488494,1.15,0.042617661779806984,0.5864999999999999,0
6,3,2,4,8042.46,447.49,2.61,1.6,1,0.61,8.05,1,2025,10,15,6,0.0003245275699226356,12.880000000000003,0.05564093573359395,0.6240000000000001,0
2,0,3,2,2571.7,59.66,1.45,7.8,3,0.754,5.59,0,2024,8,26,1,0.0005638293735661236,43.602,0.023198662363417194,1.9187999999999998,1
6,3,2,0,11742.52,495.12,1.3,7.1,4,0.52,28.52,1,2024,2,23,0,0.00011070877460715417,202.492,0.04216471421807244,3.408,1
1,7,0,1,4435.44,105.49,3.5,1.8,1,0.952,0.51,0,2024,4,12,0,0.0007890987139945531,0.918,0.023783435239795828,0.08640000000000007,0
6,1,3,1,7702.08,6.88,2.65,1.2,3,0.909,14.77,0,2025,2,27,4,0.00034406290248867837,17.724,0.0008932651958951348,0.10919999999999996,0
5,2,3,1,4621.97,498.71,3.02,8.4,0,0.863,9.27,1,2024,12,4,6,0.0006534010389509235,77.868,0.10789987819046856,1.1508,1
1,5,2,4,2440.51,141.26,3.04,7.8,1,0.805,2.62,0,2025,4,28,1,0.001245641279896415,20.436,0.057881344473081436,1.5209999999999997,1
2,5,3,0,9628.59,334.34,2.12,3.3,3,0.79,17.94,0,2024,4,12,0,0.00022017761686809803,59.202,0.03472367189796221,0.6929999999999998,0
3,2,0,3,1287.81,89.16,2.77,6.6,0,0.998,0.5,0,2025,11,28,0,0.0021509384148282744,3.3,0.06923381554732452,0.01320000000000001,0
7,7,3,4,11355.36,290.53,2.75,1.2,3,0.639,20.04,0,2024,5,20,1,0.0002421763819024672,24.048,0.025585274266954103,0.4332,0
6,6,1,0,5105.01,452.11,2.48,5.1,2,0.89,34.45,1,2024,1,6,2,0.0004857972854117817,175.695,0.0885620204465809,0.5609999999999999,0
2,0,3,0,501.95,160.77,3.91,0.2,1,0.791,0.7,0,2025,7,17,4,0.007789620480127503,0.13999999999999999,0.32029086562406617,0.0418,0
1,0,3,2,7911.37,335.46,2.69,3.9,4,0.988,39.57,1,2024,6,10,1,0.000340016962928039,154.323,0.042402264083211884,0.04680000000000004,0
6,5,0,0,1179.35,94.76,3.19,0.7,4,0.914,0.5,1,2025,2,20,4,0.0027048798066731674,0.35,0.08034934497816595,0.06019999999999997,0
0,6,1,3,4504.46,312.77,4.16,4.8,1,0.999,6.29,0,2025,10,30,4,0.0009235291244677498,30.192,0.0694356260239851,0.004800000000000004,0
3,8,2,1,10751.16,168.89,4.06,4.2,3,0.794,8.52,0,2025,5,2,0,0.0003776336692970805,35.784,0.015709002563444315,0.8651999999999999,0
1,2,0,2,1409.0,106.39,4.14,4.4,1,0.602,0.5,1,2025,5,3,2,0.0029382540809084457,2.2,0.07550745209368347,1.7512000000000003,0
3,5,3,0,12670.41,157.28,2.09,0.5,0,0.752,18.45,0,2025,10,28,5,0.0001649512525640449,9.225,0.012413173685776546,0.124,0
1,4,3,3,555.39,90.24,1.32,3.6,1,0.856,1.84,0,2024,7,23,5,0.0023767082590612004,6.6240000000000006,0.16248041916491113,0.5184000000000001,0
4,1,2,0,4078.95,451.06,2.06,7.6,2,0.887,25.99,1,2024,10,21,1,0.0005050319322374631,197.52399999999997,0.1105823802694321,0.8587999999999999,1
0,5,3,4,11243.11,199.2,2.12,3.7,4,0.5,55.64,0,2024,11,24,3,0.00018855992692413397,205.86800000000002,0.01771751766192806,1.85,0
3,8,1,4,5085.92,123.39,4.2,7.2,2,0.753,38.02,1,2024,10,19,2,0.0008258092931072451,273.744,0.02426109730392928,1.7784,1
0,1,3,1,1977.44,224.76,3.34,3.7,1,0.618,4.18,1,2025,10,23,4,0.001689052512339186,15.466,0.11366210858483695,1.4134,0
4,3,3,1,5723.39,160.95,1.47,4.2,3,0.937,11.35,0,2024,3,1,0,0.0002568407884138596,47.67,0.028121445506946053,0.2645999999999998,0
6,8,2,4,4420.7,372.47,1.65,5.6,1,0.576,4.61,0,2024,4,1,1,0.00037324405637116295,25.816,0.08425588707670732,2.3744,0
1,7,1,3,12719.32,485.64,1.71,9.5,2,0.833,104.71,1,2025,10,29,6,0.0001344411493696204,994.7449999999999,0.03818128642097219,1.5865000000000005,1
2,1,1,2,5043.54,219.58,3.28,1.1,2,0.633,29.8,1,2025,8,10,3,0.0006503368665659437,32.78,0.04353688084163108,0.4037,0
5,1,0,4,11939.52,430.66,3.63,0.3,0,0.678,0.5,0,2024,8,25,3,0.0003040323229074535,0.15,0.03607012677226555,0.09659999999999998,0
7,2,0,1,13432.15,283.37,4.04,6.1,0,0.97,0.55,0,2025,7,1,5,0.0003007709115815413,3.355,0.02109639931060925,0.18300000000000016,0
1,8,3,0,6790.35,79.46,4.3,9.5,2,0.62,111.06,1,2024,2,8,4,0.0006332515996966282,1055.07,0.011701900491138157,3.61,1
6,2,2,2,13694.18,345.62,1.87,9.9,3,0.548,14.59,1,2024,6,28,0,0.0001365543610497306,144.441,0.02523845896577962,4.4748,1
0,3,1,1,5971.11,257.2,2.22,4.8,2,0.535,41.71,1,2025,3,3,1,0.0003717901696669464,200.208,0.043074068305557926,2.2319999999999998,0
1,0,0,0,14479.14,325.65,1.99,4.7,2,0.752,7.79,1,2024,6,29,2,0.000137439102046116,36.613,0.02249097667402898,1.1656,0
6,2,2,2,1794.7,444.95,2.38,6.4,2,0.821,11.33,1,2024,2,7,6,0.0013261269292918036,72.512,0.24792444419680168,1.1456000000000004,0
6,3,1,2,10461.78,220.78,4.22,5.6,2,0.664,74.14,1,2025,2,10,1,0.0004033730397695229,415.18399999999997,0.021103483346046274,1.8815999999999997,0
5,8,2,1,7660.3,450.69,3.1,6.3,0,0.845,5.12,1,2025,5,22,4,0.00040468388966489566,32.256,0.0588345103977651,0.9765000000000001,0
0,3,3,0,6120.91,375.58,3.64,8.7,1,0.531,18.97,0,2024,7,9,5,0.0005946828167707089,165.039,0.061360157231522765,4.080299999999999,1
0,6,0,3,9674.32,244.81,2.82,7.5,2,0.929,5.31,1,2024,10,23,6,0.0002914933556053552,39.824999999999996,0.0253051377254422,0.5324999999999996,1
6,3,3,2,10705.93,302.01,1.3,5.0,3,0.908,23.05,1,2024,2,8,4,0.00012142803100711475,115.25,0.02820959972650671,0.45999999999999985,0
5,2,3,4,563.27,163.46,1.41,4.6,0,0.993,1.06,1,2024,1,10,6,0.002503240009231807,4.8759999999999994,0.2901983063184619,0.03220000000000003,0
6,0,1,4,2920.82,491.82,2.98,6.4,0,0.968,3.69,1,2024,11,1,0,0.001020261433433077,23.616,0.16838422086948185,0.2048000000000002,0
2,8,3,0,10839.17,334.01,3.57,4.6,3,0.678,22.48,1,2025,8,4,1,0.0003293610119594028,103.40799999999999,0.03081509008531096,1.4811999999999996,0
4,1,2,0,10162.59,22.88,1.91,4.6,0,0.7,6.72,0,2025,9,9,5,0.00018794421500818197,30.911999999999995,0.002251394575595394,1.3800000000000001,0
2,5,2,3,14507.69,163.98,3.58,0.2,1,0.873,12.75,0,2024,4,19,0,0.00024676568082168833,2.5500000000000003,0.0113029710450113,0.025400000000000002,0
4,3,1,2,11535.05,312.03,3.88,1.7,0,0.567,8.62,0,2024,12,9,1,0.00033636611891582613,14.653999999999998,0.02705059796013021,0.7361000000000001,0
0,8,2,1,14286.2,29.11,2.56,4.9,1,0.657,15.43,1,2024,10,18,0,0.00017919390740714816,75.607,0.002037630720555501,1.6807,0
6,5,3,2,10686.84,12.92,3.66,8.2,1,0.559,31.23,1,2025,4,10,4,0.00034247728982561733,256.08599999999996,0.0012089635476904305,3.616199999999999,1
4,2,0,2,4821.76,225.56,2.53,2.8,4,0.727,0.5,1,2025,10,18,2,0.0005247046721529068,1.4,0.04677959915051765,0.7644,0
0,8,0,1,2027.79,167.01,3.44,5.2,3,0.776,0.5,0,2025,7,10,4,0.0016964281311181138,2.6,0.08236059947035936,1.1647999999999998,0
1,0,2,4,11836.45,219.71,3.72,3.4,3,0.606,10.03,0,2025,6,20,0,0.0003142834211271116,34.102,0.018562153348343463,1.3396000000000001,0
3,4,3,2,9840.16,132.08,4.47,1.0,0,0.513,13.88,1,2025,5,20,5,0.0004542609063267264,13.88,0.013422545974862199,0.487,0
3,6,1,0,1198.7,83.19,2.34,9.6,1,0.86,2.82,0,2024,5,17,0,0.0019521147910236086,27.072,0.06940018353215983,1.344,1
0,7,2,2,5720.73,344.88,2.56,8.5,3,0.51,5.86,1,2025,5,31,2,0.0004474953371335477,49.81,0.06028601244946012,4.165,1
2,7,3,0,14373.6,257.77,1.75,0.8,3,0.987,24.49,1,2025,4,24,4,0.000121750987922302,19.592,0.01793357266098959,0.01040000000000001,0
1,6,3,2,7755.82,100.88,1.87,7.2,1,0.611,21.16,0,2024,10,6,3,0.00024110925730612626,152.352,0.013007006351359367,2.8008,1
0,6,0,2,6774.57,160.48,3.49,3.5,0,0.832,0.5,1,2024,7,16,5,0.0005151618479106424,1.75,0.023688588353209132,0.5880000000000001,0
1,5,2,3,7136.64,296.31,4.23,9.9,3,0.717,7.5,1,2024,4,25,4,0.0005927158999192898,74.25,0.04151953860640301,2.8017000000000003,1
3,0,1,2,3528.8,37.04,2.5,3.0,0,0.53,3.21,1,2024,12,4,6,0.000708456132396282,9.629999999999999,0.010496486057583314,1.41,0
5,3,0,3,5846.25,74.58,1.79,2.4,1,0.736,0.5,0,2024,6,15,2,0.0003061791746846269,1.2,0.012756895445798588,0.6336,0
1,2,2,2,5862.29,37.55,2.14,5.7,2,0.758,35.25,1,2025,4,14,1,0.0003650450591833567,200.925,0.006405346716044412,1.3794,0
6,1,0,4,1259.15,406.35,2.7,8.4,2,0.927,1.58,1,2025,10,25,2,0.002144303696938411,13.272000000000002,0.3227177063892308,0.6131999999999996,1
6,4,2,1,11629.73,376.45,2.16,1.9,4,0.866,22.98,1,2024,9,20,0,0.0001857308811124592,43.662,0.032369625090178364,0.2546,0
3,1,2,0,6539.31,376.9,1.97,7.1,4,0.54,15.69,1,2024,7,9,5,0.00030125502537729516,111.39899999999999,0.05763605028665103,3.2659999999999996,1
1,8,2,0,12421.61,358.45,3.63,0.6,2,0.605,61.05,1,2024,1,15,1,0.00029223264939085995,36.629999999999995,0.02885696781657128,0.237,0
1,7,3,1,12830.05,335.02,1.23,9.2,0,0.656,26.24,1,2024,12,11,6,9.586868328650317e-05,241.40799999999996,0.026112135182637636,3.1647999999999996,1
4,2,1,4,3573.91,239.02,2.98,0.8,0,0.558,1.87,1,2024,10,29,5,0.0008338206614044563,1.4960000000000002,0.0668791323788232,0.35359999999999997,0
5,2,3,0,10031.63,321.5,3.82,9.1,4,0.728,60.98,1,2025,8,4,1,0.0003807955436952918,554.918,0.03204863018273202,2.4752,1
7,5,1,4,7348.09,20.14,2.08,4.9,2,0.992,50.62,1,2025,11,21,0,0.0002830667561230197,248.038,0.0027408483020757777,0.03920000000000004,0
6,6,0,4,13262.27,311.11,3.19,4.5,0,0.757,1.1,0,2024,7,16,5,0.00024053197529533027,4.95,0.023458276750511035,1.0935,0
7,7,3,4,3628.24,389.16,3.41,9.7,3,0.871,8.62,1,2024,6,28,0,0.0009398496240601504,83.61399999999999,0.10725861574758011,1.2512999999999999,1
6,0,1,1,10328.29,250.68,3.36,9.9,1,0.841,15.78,0,2025,9,17,6,0.00032532006750391395,156.222,0.024271200750559867,1.5741000000000003,1
1,7,3,1,9312.41,179.4,2.67,6.5,3,0.925,21.4,0,2025,10,16,4,0.0002867141803249642,139.1,0.019264615711722315,0.4874999999999997,0
7,2,2,3,4781.87,139.44,2.34,1.3,2,0.608,24.83,1,2025,2,19,6,0.0004893483093434158,32.278999999999996,0.02916014027984868,0.5096,0
5,3,3,2,2480.71,321.76,3.96,5.1,4,0.877,11.3,1,2025,3,13,4,0.0015963171833870142,57.63,0.12970480225419334,0.6273,0
0,5,1,2,9948.78,346.71,3.7,5.3,4,0.941,26.79,1,2025,6,11,6,0.00037190489688182873,141.987,0.03484949913456725,0.31270000000000026,0
2,0,2,3,11209.66,435.61,2.26,5.1,4,0.586,25.13,1,2024,12,1,3,0.00020161182408743886,128.16299999999998,0.038860233048995246,2.1114,0
5,8,3,4,5076.6,171.82,1.54,5.7,2,0.673,72.11,1,2024,3,29,0,0.00030335263759208916,411.027,0.03384548713706023,1.8639,0
3,6,2,1,9850.07,385.12,1.44,0.2,4,0.985,17.25,0,2025,2,14,0,0.00014619185447413064,3.45,0.03909819930213694,0.0030000000000000027,0
6,3,0,1,6229.4,281.12,1.51,7.1,2,0.89,3.04,1,2025,11,16,3,0.00024239894692907826,21.584,0.045127941695829454,0.7809999999999999,1
6,5,0,4,10841.5,441.54,3.12,7.1,3,0.641,0.58,1,2024,4,7,3,0.0002877830558502052,4.117999999999999,0.040726836692339626,2.5488999999999997,1
1,0,2,0,3388.62,264.38,1.37,1.2,4,0.782,5.84,0,2024,7,8,1,0.0004042943735207843,7.008,0.0780199609280474,0.26159999999999994,0
1,7,1,0,13408.12,259.3,2.31,5.7,1,0.702,17.27,0,2024,5,23,4,0.00017228366094575526,98.43900000000001,0.01933902739533954,1.6986000000000003,0
4,5,0,1,4667.44,289.36,3.69,5.7,3,0.745,0.5,0,2025,5,3,2,0.0007905832747716093,2.85,0.06199544075553195,1.4535,0
3,5,1,2,5832.9,374.91,2.17,6.8,2,0.678,43.62,1,2024,11,27,6,0.00037202763633869943,296.616,0.06427506043306075,2.1895999999999995,0
1,3,2,4,1342.33,482.38,3.72,0.9,2,0.64,6.69,1,2024,9,11,6,0.0027713006488717384,6.021000000000001,0.35936021693622283,0.324,0
1,4,1,2,2116.93,37.71,3.66,6.3,2,0.837,15.72,1,2024,1,7,3,0.0017289187644371805,99.036,0.01781353185981587,1.0269000000000001,0
3,8,3,1,7980.0,27.66,2.01,2.8,0,0.889,12.61,0,2024,9,24,5,0.0002518796992481203,35.30799999999999,0.0034661654135338346,0.31079999999999997,0
2,5,2,0,4380.09,468.84,3.61,5.1,3,0.937,3.27,0,2025,1,27,1,0.0008241839779547909,16.677,0.10703889646103161,0.3212999999999997,0
7,1,2,3,12614.46,265.41,3.67,7.7,1,0.578,15.87,1,2024,8,29,4,0.00029093595762323557,122.199,0.021040139649259663,3.2494000000000005,1
7,4,0,0,713.05,307.84,2.51,7.1,4,0.911,0.5,1,2025,4,2,6,0.0035200897552766287,3.55,0.4317228805834093,0.6318999999999998,1
0,5,1,2,5996.86,241.73,1.89,1.2,3,0.627,5.62,1,2024,9,30,1,0.0003151649363166724,6.744,0.04030942860096784,0.4476,0
6,3,3,2,5391.51,47.74,2.92,5.9,2,0.714,77.03,1,2024,12,3,5,0.0005415922441023016,454.47700000000003,0.00885466223748078,1.6874000000000002,0
0,6,2,1,780.25,384.28,4.24,9.7,3,0.951,0.5,1,2024,11,5,5,0.005434155719320731,4.85,0.4925088112784364,0.4753000000000004,1
1,3,1,0,2303.34,373.87,3.31,1.6,3,0.727,1.89,0,2025,8,19,5,0.0014370435975583282,3.024,0.1623164621810067,0.4368000000000001,0
2,8,2,1,6497.82,156.54,1.77,8.5,4,0.599,16.89,1,2025,8,9,2,0.0002723990507585621,143.565,0.024091156726409782,3.4085,1
0,5,2,3,7646.54,153.81,3.45,7.0,4,0.58,18.54,1,2024,1,12,0,0.00045118445728394805,129.78,0.020114980108650447,2.9400000000000004,1
1,6,0,3,6362.2,419.08,2.61,7.7,0,0.736,0.5,0,2024,9,24,5,0.00041023545314513844,3.85,0.06587029643833894,2.0328,1
1,3,1,2,8198.6,37.11,3.15,2.8,1,0.881,10.69,0,2025,10,31,0,0.0003842119386236674,29.931999999999995,0.004526382553118825,0.33319999999999994,0
7,3,2,0,9129.41,440.67,3.62,2.9,4,0.999,17.73,0,2025,1,3,0,0.00039652069520374264,51.417,0.048269274794318584,0.0029000000000000024,0
7,5,3,2,643.9,129.07,2.9,9.1,0,0.894,0.78,1,2025,12,10,6,0.0045038049386550705,7.098,0.20045038049386552,0.9645999999999998,1
5,0,1,4,7229.38,296.9,3.89,3.6,2,0.939,46.85,1,2024,8,29,4,0.0005380821038595288,168.66,0.04106852869817328,0.2196000000000002,0
3,4,2,4,14470.74,468.06,3.58,0.6,3,0.874,9.78,1,2024,3,4,1,0.0002473957793450784,5.867999999999999,0.032345270525211564,0.0756,0
5,8,1,3,8025.97,339.38,3.23,6.0,4,0.948,21.38,1,2025,11,14,0,0.00040244356756877984,128.28,0.042285231567025544,0.3120000000000003,0
1,0,0,3,10324.36,207.8,1.7,1.2,2,0.538,4.91,1,2024,5,1,6,0.000164659116884727,5.892,0.02012715558155663,0.5543999999999999,0
0,6,3,1,5022.03,345.08,3.96,8.0,0,0.965,9.46,0,2025,4,21,1,0.0007885257555211737,75.68,0.06871324942304208,0.28000000000000025,1
5,3,2,2,11722.87,172.65,4.29,6.4,4,0.698,27.48,1,2024,11,10,3,0.00036595134126711287,175.872,0.014727622160784859,1.9328000000000003,0
3,5,3,2,11707.36,139.35,1.65,8.7,1,0.961,34.2,1,2024,6,12,6,0.00014093698323106146,297.54,0.011902768856514192,0.33930000000000027,1
0,1,0,2,8058.79,498.34,2.81,7.8,1,0.538,0.5,1,2025,2,19,6,0.0003486875821308162,3.9,0.061838067501448726,3.6035999999999997,1
1,2,1,3,14652.2,375.64,2.05,1.1,3,0.858,12.66,0,2025,12,3,6,0.00013991073012926386,13.926000000000002,0.02563710569061301,0.15620000000000003,0
6,5,3,1,2320.48,322.72,3.69,3.8,0,0.868,4.16,0,2025,5,29,4,0.0015901882369165,15.808,0.13907467420533684,0.5016,0
1,4,2,2,745.74,178.29,3.58,7.7,3,0.998,0.5,0,2025,12,21,3,0.0048006007455681605,3.85,0.23907796282886795,0.015400000000000014,1
1,4,0,2,11667.29,25.53,1.66,4.2,3,0.884,0.65,1,2024,11,14,4,0.00014227811256941413,2.7300000000000004,0.0021881688035524957,0.48719999999999997,0
1,8,0,1,12203.76,16.5,4.09,9.7,1,0.691,1.96,1,2025,12,7,3,0.0003351426117852203,19.011999999999997,0.001352042321382918,2.9973,1
5,2,1,4,2243.0,277.54,1.8,7.4,0,0.779,1.91,0,2024,4,30,5,0.0008024966562639323,14.134,0.12373606776638432,1.6354,1
7,4,0,3,4350.95,381.25,3.83,0.2,0,0.683,0.5,0,2025,10,16,4,0.0008802675277812892,0.1,0.0876245417667406,0.0634,0
0,7,2,3,754.51,269.15,2.71,8.8,2,0.598,5.81,1,2024,10,29,5,0.0035917350333328915,51.128,0.35672158089356004,3.5376000000000003,1
3,5,1,3,4752.97,420.55,2.28,1.0,1,0.624,5.57,1,2025,1,11,2,0.0004797000612248762,5.57,0.0884815178719832,0.376,0
1,5,0,2,11710.56,17.68,1.72,1.4,3,0.611,1.22,1,2025,9,21,3,0.00014687598201964722,1.708,0.0015097484663414902,0.5446,0
0,5,3,2,8010.43,184.01,1.75,7.3,2,0.774,120.82,1,2024,8,14,6,0.00021846517602675512,881.9859999999999,0.02297130116610469,1.6497999999999997,1
2,5,0,2,5547.39,119.3,3.38,8.6,2,0.953,4.07,1,2024,8,12,1,0.0006092955425884965,35.002,0.021505608944025926,0.40420000000000034,1
3,0,1,4,5890.22,224.19,3.02,5.4,4,0.956,15.18,1,2024,5,16,4,0.0005127142959006624,81.97200000000001,0.03806139668806938,0.23760000000000023,0
2,1,2,0,519.63,37.12,1.6,2.9,4,0.527,0.81,1,2025,5,4,3,0.0030791139849508306,2.349,0.07143544445085927,1.3717,0
7,5,0,1,4847.11,477.11,1.57,3.5,4,0.54,0.54,1,2024,6,5,6,0.00032390434712643206,1.8900000000000001,0.0984318490812051,1.6099999999999999,0
7,2,3,4,9873.65,112.4,1.44,3.4,0,0.623,16.54,0,2025,4,10,4,0.00014584272280261098,56.236,0.011383834752092693,1.2818,0
7,2,2,1,14625.82,461.23,3.65,3.3,3,0.628,12.06,1,2025,9,12,0,0.00024955865722400524,39.798,0.031535325882582996,1.2276,0
5,2,0,4,12782.38,213.52,3.55,2.4,2,0.547,6.21,1,2025,1,17,0,0.0002777260572757186,14.904,0.016704244436482097,1.0872,0
2,5,1,2,842.13,492.78,1.39,6.1,4,0.694,2.33,1,2025,3,1,2,0.0016505765143148918,14.213,0.5851590609525845,1.8666000000000003,0
2,1,2,4,13529.13,277.48,3.05,9.0,4,0.794,34.99,1,2025,12,19,0,0.00022543947763086023,314.91,0.020509818443610196,1.8539999999999996,1
7,6,2,4,11856.38,465.49,1.48,3.1,3,0.789,9.3,0,2025,7,16,6,0.00012482730816657363,28.830000000000002,0.03926071870166105,0.6540999999999999,0
2,1,0,2,11815.45,3.67,4.18,1.9,0,0.772,1.58,0,2025,4,27,3,0.0003537740839324782,3.002,0.0003106102602947835,0.4331999999999999,0
0,1,2,0,7140.94,374.37,4.19,8.4,4,0.669,17.37,1,2025,7,4,0,0.0005867574857091644,145.90800000000002,0.05242587110380426,2.7803999999999998,1
6,4,3,3,6271.08,451.62,3.5,7.4,1,0.853,18.12,1,2025,11,11,5,0.0005581175810227266,134.08800000000002,0.0720163034118525,1.0878,1
0,6,2,4,4892.28,70.72,4.26,9.3,3,0.913,5.31,1,2024,8,11,3,0.0008707596458093159,49.383,0.014455427735125545,0.8090999999999997,1
2,0,3,0,1452.58,48.97,3.88,1.7,0,0.673,2.76,0,2024,9,10,5,0.0026711093364909333,4.691999999999999,0.03371242891957758,0.5559,0
2,3,3,4,3809.41,212.86,3.93,1.4,2,0.543,46.07,1,2025,11,27,4,0.001031655820717644,64.49799999999999,0.055877419337902724,0.6397999999999999,0
0,5,3,1,4075.75,466.91,3.08,5.4,3,0.648,8.56,1,2025,9,2,5,0.0007556891369686561,46.224000000000004,0.11455805679936208,1.9008,0
2,8,1,2,7519.12,271.65,2.21,6.1,0,0.569,7.09,1,2024,3,24,3,0.0002939173733096426,43.248999999999995,0.03612789794550426,2.6291,0
7,7,3,2,11337.94,264.2,1.92,4.8,1,0.734,30.17,1,2025,6,22,3,0.0001693429317847863,144.816,0.023302293009135697,1.2768,0
4,1,0,3,7370.24,71.42,2.28,6.0,2,0.578,3.96,1,2025,4,2,6,0.00030935220562695377,23.759999999999998,0.009690322160472387,2.532,0
4,2,3,4,1338.74,1.39,3.27,1.8,1,0.731,2.51,1,2025,6,24,5,0.002442595276155191,4.518,0.0010382897351240718,0.4842,0
4,7,0,2,14387.95,405.26,1.77,4.8,2,0.611,7.24,1,2025,12,21,3,0.00012301961015989075,34.752,0.02816662554429227,1.8672,0
3,4,1,3,14169.5,44.7,2.05,6.6,4,0.869,38.58,1,2025,1,5,3,0.00014467694696354845,254.628,0.003154663185010057,0.8646,0
6,2,0,0,11885.25,317.29,2.74,4.3,2,0.514,6.21,1,2024,3,20,6,0.0002305378515386719,26.703,0.026696114932374164,2.0898,0
6,3,0,3,14874.25,457.39,1.97,6.8,0,0.777,1.57,1,2025,7,31,4,0.00013244365262114055,10.676,0.03075045800628603,1.5163999999999997,0
3,5,2,4,8394.99,105.12,3.14,4.5,2,0.585,48.93,1,2024,4,24,6,0.0003740326075433086,220.185,0.012521754046163248,1.8675000000000002,0
6,2,3,4,14460.14,332.97,4.25,3.3,1,0.5,34.34,1,2024,3,4,1,0.0002939114005811839,113.322,0.023026748012121602,1.65,0
2,1,0,4,1596.27,40.27,3.67,3.0,4,0.935,0.8,0,2025,7,14,1,0.0022991097997205985,2.4000000000000004,0.02522756175333747,0.19499999999999984,0
5,1,0,2,5802.37,302.27,3.4,4.1,4,0.836,0.5,0,2025,6,1,3,0.0005859674581248697,2.05,0.05209423046100128,0.6724000000000001,0
7,5,2,2,3768.03,82.8,3.12,0.2,2,0.549,17.38,1,2024,7,26,0,0.0008280188851999586,3.476,0.021974347337998898,0.0902,0
2,6,2,1,3339.58,368.24,2.81,6.7,2,0.832,21.13,1,2025,8,9,2,0.000841423172973847,141.571,0.11026536271028094,1.1256000000000004,0
7,6,3,0,2541.64,151.31,1.82,8.5,1,0.806,7.66,0,2025,7,3,4,0.0007160730866684503,65.11,0.05953242788121056,1.6489999999999996,1
1,2,1,0,9525.0,232.23,4.15,3.5,3,0.737,9.56,1,2024,6,2,3,0.00043569553805774283,33.46,0.024381102362204723,0.9205000000000001,0
0,5,0,1,11829.17,300.12,2.02,0.5,4,0.71,1.86,1,2024,6,17,1,0.0001707643055260851,0.93,0.025371179888360722,0.14500000000000002,0
0,5,0,0,8885.33,86.47,1.5,9.9,0,0.944,1.57,1,2024,12,1,3,0.00016881759034273347,15.543000000000001,0.009731771357957442,0.5544000000000006,1
3,8,3,4,2630.96,371.08,3.68,2.6,2,0.623,33.12,1,2025,6,16,1,0.0013987289810563446,86.112,0.14104357344847507,0.9802000000000001,0
7,3,1,3,12261.29,152.02,1.78,1.3,2,0.699,72.95,1,2025,3,28,0,0.00014517232689219487,94.83500000000001,0.012398369176489586,0.3913000000000001,0
1,5,1,3,9721.34,331.52,2.43,3.7,2,0.665,64.39,1,2024,4,29,1,0.00024996553973011953,238.24300000000002,0.03410229453964165,1.2394999999999998,0
7,4,3,1,6128.4,79.98,1.29,7.4,3,0.886,13.34,1,2025,11,27,4,0.00021049539847268456,98.71600000000001,0.013050714705306443,0.8436,1
2,0,2,2,10274.89,344.37,1.65,2.9,0,0.958,6.93,0,2024,7,29,1,0.00016058566077106423,20.096999999999998,0.03351568727256448,0.1218000000000001,0
0,6,1,1,4268.62,64.97,1.77,5.7,1,0.925,6.79,0,2025,8,20,6,0.000414653916253965,38.703,0.015220375671762772,0.42749999999999977,0
0,5,3,0,5505.29,213.25,1.38,4.2,1,0.899,13.6,0,2025,5,15,4,0.00025066799387498203,57.12,0.03873547079263763,0.4241999999999999,0
2,7,0,4,13803.54,124.36,3.37,1.2,3,0.993,0.58,0,2024,4,3,6,0.00024414027126374828,0.696,0.00900928312592277,0.008400000000000006,0
6,5,1,2,4712.32,374.44,3.96,3.3,4,0.849,11.52,0,2025,6,6,0,0.0008403504006519083,38.016,0.07945979899497488,0.4983000000000001,0
1,0,1,1,7314.83,131.76,2.43,7.2,0,0.876,6.69,0,2025,4,1,5,0.00033220184201136597,48.168000000000006,0.01801272210017184,0.8928,1
6,4,1,4,13407.05,440.98,4.09,6.1,1,0.991,17.84,1,2024,2,26,1,0.00030506338083321837,108.824,0.03289165028846764,0.054900000000000046,0
4,5,2,2,10761.96,446.02,1.9,1.2,1,0.503,9.94,1,2025,4,9,6,0.0001765477663919955,11.927999999999999,0.04144412356113571,0.5963999999999999,0
2,7,0,2,1401.95,99.02,2.27,1.6,2,0.817,1.35,1,2024,5,15,6,0.0016191732943400263,2.16,0.07063019365883233,0.2928000000000001,0
1,3,1,1,2635.89,307.31,1.7,6.4,0,0.869,2.35,0,2025,6,9,1,0.0006449434536342564,15.040000000000001,0.11658680749196666,0.8384,0
2,6,3,2,613.7,44.77,3.25,8.1,0,0.959,0.53,0,2025,3,1,2,0.005295747107707348,4.293,0.0729509532344794,0.3321000000000003,1
5,5,3,2,9648.37,196.38,2.59,3.5,3,0.942,18.13,0,2025,4,12,2,0.0002684391249506393,63.455,0.020353697049346156,0.20300000000000018,0
3,0,2,3,6991.26,356.95,3.22,6.0,3,0.921,7.58,0,2025,7,31,4,0.00046057506086170447,45.480000000000004,0.05105660496105137,0.47399999999999975,0
2,0,1,3,2446.99,330.05,3.71,1.7,2,0.973,14.64,1,2024,2,29,4,0.0015161484109048262,24.888,0.1348799954229482,0.04590000000000004,0
0,2,3,1,14390.04,312.73,3.0,3.1,1,0.769,34.86,0,2025,7,26,2,0.00020847753029178514,108.066,0.021732392682716657,0.7161,0
4,5,0,1,8180.07,141.99,3.27,0.2,3,0.503,0.5,0,2025,4,18,0,0.00039975208036117053,0.1,0.017358042168343305,0.0994,0
1,0,1,2,4007.45,189.63,4.29,7.7,1,0.506,5.94,1,2025,11,19,6,0.0010705061822355864,45.73800000000001,0.047319367677700286,3.8038,1
6,3,1,3,7758.75,52.37,2.19,4.0,1,0.772,10.43,0,2024,11,11,1,0.0002822619623006283,41.72,0.006749798614467536,0.9119999999999999,0
4,2,3,4,10354.49,359.79,2.39,8.2,0,0.718,19.92,0,2024,1,23,5,0.00023081774186850345,163.344,0.034747244915007885,2.3124000000000002,1
3,2,2,1,1605.47,252.44,3.57,7.1,1,0.726,2.17,1,2025,2,9,3,0.002223647903729126,15.406999999999998,0.15723744448666122,1.9454,1
3,7,2,2,4483.21,354.67,3.22,8.3,3,0.7,3.83,1,2024,9,17,5,0.0007182353715306667,31.789000000000005,0.07911072646608122,2.4900000000000007,1
7,2,3,3,12201.0,125.22,1.79,2.9,0,0.959,20.38,1,2024,1,4,4,0.0001467092861240882,59.102,0.010263093189082861,0.1189000000000001,0
3,0,2,4,7165.14,162.89,2.44,1.9,1,0.68,7.12,0,2024,8,11,3,0.0003405376587198575,13.527999999999999,0.022733680011835077,0.6079999999999999,0
0,4,2,4,8425.37,167.77,2.74,9.7,3,0.928,8.74,1,2025,8,15,0,0.0003252082697851845,84.77799999999999,0.019912478621116936,0.6983999999999995,1
4,0,3,3,6775.83,13.85,2.58,7.2,4,0.951,38.21,1,2024,3,15,0,0.0003807651608732805,275.112,0.0020440300302693544,0.35280000000000034,1
6,1,0,4,1136.55,171.18,1.79,8.3,0,0.75,0.5,1,2024,2,16,0,0.0015749417095596322,4.15,0.15061369935330607,2.075,1
6,1,1,4,2903.37,401.85,4.25,0.1,3,0.723,2.21,0,2025,3,9,3,0.0014638161860183168,0.221,0.13840812572975544,0.027700000000000002,0
2,3,3,1,6960.35,448.75,3.72,3.5,4,0.881,32.92,0,2024,12,18,6,0.0005344558822473008,115.22,0.06447233256948286,0.4165,0
3,1,3,4,3533.19,259.59,2.79,7.4,3,0.854,8.03,1,2025,12,18,4,0.000789654674670765,59.422,0.07347184838630245,1.0804000000000002,1
6,6,2,4,1224.7,228.3,3.44,0.8,3,0.664,0.84,0,2024,3,6,6,0.002808851147219727,0.672,0.18641299910182085,0.2688,0
1,6,2,3,12732.92,16.38,4.16,5.7,3,0.551,11.92,1,2025,7,8,5,0.00032671217599733606,67.944,0.0012864291929895106,2.5593,0
0,5,0,2,14727.29,439.72,1.65,4.3,4,0.632,2.53,1,2024,3,2,2,0.00011203690563572795,10.879,0.02985749584614685,1.5823999999999998,0
4,3,3,1,12000.57,7.49,2.03,0.2,0,0.566,16.43,1,2024,3,11,1,0.00016915863163166416,3.286,0.0006241370201582092,0.08680000000000002,0
2,8,1,4,12879.88,472.43,2.99,2.4,2,0.647,79.99,1,2025,4,28,1,0.00023214501998465828,191.97599999999997,0.03667968956232512,0.8472,0
6,2,3,3,4008.67,245.12,3.84,2.8,2,0.631,50.08,1,2024,2,2,0,0.0009579237003794276,140.224,0.061147462874220126,1.0332,0
3,1,2,2,14429.09,171.63,1.32,1.1,3,0.819,10.95,0,2024,10,20,3,9.148186060243578e-05,12.045,0.01189472101151216,0.19910000000000008,0
3,6,1,0,3355.42,462.18,4.45,6.3,0,0.977,2.14,0,2025,2,22,2,0.0013262125158698464,13.482000000000001,0.13774132597409564,0.1449000000000001,0
0,7,2,3,14295.73,13.17,2.7,2.4,1,0.843,14.87,1,2024,7,3,6,0.00018886758493620123,35.687999999999995,0.0009212541087443594,0.3768000000000001,0
2,0,3,3,14924.88,291.13,2.39,2.8,3,0.963,28.67,1,2024,5,18,2,0.00016013529087001037,80.276,0.01950635448995235,0.10360000000000008,0
4,0,0,2,10819.98,274.92,2.17,9.0,3,0.892,0.52,0,2025,10,18,2,0.00020055489936210603,4.68,0.02540854973853926,0.9719999999999999,1
0,5,1,1,14726.58,110.44,1.78,4.7,3,0.864,15.47,1,2025,10,23,4,0.00012086988289202246,72.709,0.0074993650935926736,0.6392000000000001,0
0,5,0,2,8758.33,215.01,3.81,3.9,1,0.707,0.87,1,2025,3,6,4,0.00043501443768389635,3.393,0.024549200589610118,1.1427,0
3,4,2,1,4263.36,326.48,4.35,7.2,4,0.662,9.86,1,2025,1,18,2,0.001020321999549651,70.992,0.07657809802597014,2.4335999999999998,1
1,8,2,4,6836.44,363.84,2.57,9.1,4,0.923,16.75,1,2025,1,26,3,0.0003759266518831439,152.42499999999998,0.05322068210940197,0.7006999999999995,1
5,4,1,2,9106.63,1.36,4.34,0.3,0,0.953,6.56,1,2025,4,4,0,0.0004765758573698503,1.9679999999999997,0.0001493417433232711,0.014100000000000012,0
7,6,2,0,1559.68,468.49,3.92,4.5,0,0.726,0.74,0,2025,1,21,5,0.0025133360689372176,3.33,0.3003757180960197,1.233,0
5,7,0,4,9523.98,83.1,2.79,6.1,2,0.505,5.73,1,2025,1,19,3,0.00029294475628886243,34.953,0.008725343816345687,3.0195,0
1,0,2,0,14727.08,117.56,3.42,3.2,0,0.896,10.17,0,2024,3,23,2,0.00023222526121946782,32.544000000000004,0.007982573599111297,0.3328,0
4,8,2,3,3256.56,132.47,2.64,7.7,4,0.643,7.71,1,2025,11,30,3,0.0008106713833001696,59.367000000000004,0.0406778932370354,2.7489,1
1,2,1,2,11992.63,19.87,3.04,9.7,4,0.505,38.02,1,2025,11,8,2,0.0002534890178384558,368.794,0.0016568509159375386,4.8015,1
3,4,2,4,13664.53,62.4,1.39,9.4,4,0.902,36.2,1,2025,7,6,3,0.00010172322063034731,340.28000000000003,0.004566567602398326,0.9211999999999998,1
0,6,1,0,14183.67,493.19,3.5,2.7,3,0.759,11.56,0,2024,5,16,4,0.000246762650287267,31.212000000000003,0.034771677570050626,0.6507000000000001,0
7,1,3,3,14421.97,158.29,1.37,2.3,4,0.843,66.65,1,2025,10,31,0,9.499395713623036e-05,153.295,0.010975615675251023,0.36110000000000003,0
4,7,1,1,8061.16,58.54,3.9,9.6,2,0.957,65.53,1,2024,12,22,3,0.0004838013387651405,629.088,0.007261982146490083,0.41280000000000033,1
2,5,1,3,14670.96,54.39,3.92,4.6,4,0.771,37.17,0,2024,5,1,6,0.00026719451215189734,170.982,0.003707323856107576,1.0534,0
1,8,1,4,11481.0,360.01,1.98,2.1,3,0.752,10.49,0,2024,7,1,1,0.00017245884504834075,22.029,0.03135702464942078,0.5208,0
5,0,1,4,2844.24,427.43,2.27,7.1,0,0.645,2.85,0,2025,7,4,0,0.0007981042387421596,20.235,0.1502791606896746,2.5204999999999997,1
4,5,3,3,7415.05,129.22,2.79,2.8,3,0.653,14.25,0,2025,2,6,4,0.00037626179189621106,39.9,0.017426719981658925,0.9715999999999999,0
5,5,3,1,10915.8,11.43,3.17,2.7,4,0.898,52.1,1,2025,6,25,6,0.000290404734421664,140.67000000000002,0.0010471060297916781,0.2754,0
3,1,3,3,4086.43,112.32,2.15,8.8,3,0.725,10.12,1,2024,5,10,0,0.0005261316112107634,89.056,0.02748609421915951,2.4200000000000004,1
0,2,0,0,9788.92,29.2,3.16,1.6,4,0.582,1.94,1,2024,8,16,0,0.00032281395700444994,3.104,0.0029829644128259295,0.6688000000000001,0
0,4,0,0,10165.71,52.59,2.18,0.6,0,0.547,0.65,0,2024,1,4,4,0.0002144464085636911,0.39,0.005173273681818585,0.2718,0
2,6,3,4,2859.15,216.32,1.38,2.7,2,0.736,36.69,1,2024,1,24,6,0.00048266093069618585,99.063,0.07565884965811517,0.7128000000000001,0
6,1,2,1,8693.74,115.73,1.21,6.1,4,0.732,20.08,1,2024,11,1,0,0.00013918060581521877,122.48799999999999,0.013311877281814271,1.6348,0
4,5,1,1,11688.59,258.46,1.53,1.2,1,0.827,12.78,0,2025,4,19,2,0.00013089688319977002,15.335999999999999,0.022112162373733698,0.20760000000000003,0
0,2,0,0,7733.99,127.49,3.81,4.7,1,0.736,0.5,1,2025,11,20,4,0.0004926305826617309,2.35,0.016484376111166422,1.2408000000000001,0
3,6,2,0,675.5,470.33,4.37,6.3,4,0.572,2.11,1,2025,7,11,0,0.0064692820133234645,13.293,0.6962694300518134,2.6964,0
3,5,3,4,631.06,453.07,2.61,8.5,0,0.754,1.21,0,2025,3,10,1,0.004135898329794314,10.285,0.7179507495325326,2.091,1
5,7,1,4,5676.93,283.84,2.89,2.3,0,0.953,5.86,0,2025,6,28,2,0.0005090779699591152,13.478,0.04999885501494645,0.10810000000000008,0
3,8,3,2,13929.81,177.86,1.68,8.2,2,0.58,217.83,1,2025,1,23,4,0.00012060466007791923,1786.206,0.012768300500868282,3.444,1
4,5,3,2,3815.81,191.19,3.02,2.3,1,0.845,8.93,0,2024,8,23,0,0.0007914440184390733,20.538999999999998,0.05010469598853192,0.35650000000000004,0
0,1,2,1,9698.27,206.51,1.68,6.8,0,0.797,8.0,1,2024,9,10,5,0.00017322677137262624,54.4,0.021293488426286335,1.3803999999999996,0
4,1,3,2,3720.1,364.06,3.22,4.3,4,0.874,18.29,1,2025,4,16,6,0.0008655681298889816,78.64699999999999,0.09786296067310019,0.5418,0
6,4,2,4,5164.21,226.37,4.28,1.1,1,0.575,5.05,1,2024,12,20,0,0.0008287811688525448,5.555000000000001,0.0438343909329791,0.4675000000000001,0
5,1,3,3,12796.61,428.51,1.85,7.1,4,0.971,72.38,1,2024,6,7,0,0.00014456953833866937,513.8979999999999,0.033486212364055794,0.20590000000000017,1
4,5,0,1,11068.49,472.1,3.72,2.2,0,0.81,0.5,1,2024,10,9,6,0.0003360892045798479,1.1,0.042652611151114565,0.4179999999999999,0
7,6,2,4,1883.29,168.64,1.28,1.8,2,0.924,10.35,1,2024,7,12,0,0.0006796616559319065,18.63,0.08954542316902867,0.13679999999999992,0
4,1,0,0,6716.18,280.79,2.44,3.6,2,0.623,2.85,1,2024,4,25,4,0.00036330175784448894,10.26,0.041807992043095925,1.3572,0
3,7,2,4,922.96,48.43,1.57,6.5,4,0.87,2.32,1,2024,2,2,0,0.0017010487995146053,15.079999999999998,0.052472479847447344,0.845,0
1,2,1,2,7472.91,101.03,2.36,2.3,0,0.891,6.52,0,2025,11,7,0,0.00031580736286132175,14.995999999999999,0.013519499097406499,0.2506999999999999,0
1,6,0,3,10105.29,207.32,1.77,1.8,4,0.699,1.37,1,2025,3,5,6,0.00017515578474244678,2.466,0.02051598717107574,0.5418000000000001,0
0,4,2,1,2218.29,103.9,2.43,0.1,1,0.692,1.84,1,2025,9,21,3,0.001095438378210243,0.18400000000000002,0.046837879628001754,0.030800000000000008,0
0,1,0,0,4688.83,438.4,2.58,4.7,4,0.829,2.08,1,2024,1,17,6,0.0005502438774704991,9.776000000000002,0.09349880460583983,0.8037000000000002,0
7,7,3,0,6268.63,79.98,2.19,4.3,3,0.547,12.92,0,2024,9,3,5,0.00034935863179035926,55.556,0.012758768662371205,1.9478999999999997,0
4,8,1,4,13833.2,228.37,3.37,2.3,2,0.868,85.58,1,2024,7,30,5,0.00024361680594511755,196.83399999999997,0.01650883382008501,0.3036,0
5,8,1,4,14902.2,303.24,4.23,0.5,2,0.521,85.41,1,2024,3,9,2,0.0002838507066070782,42.705,0.02034867335024359,0.2395,0
3,0,1,3,1151.21,346.24,2.52,4.3,2,0.595,7.48,1,2024,4,13,2,0.0021890011379331314,32.164,0.30076180714205053,1.7415,0
5,1,3,0,11534.61,192.15,1.83,7.9,0,0.832,21.55,0,2025,8,31,3,0.00015865295835749973,170.245,0.016658560627537473,1.3272000000000004,1
7,0,2,3,5890.0,434.68,2.09,7.2,3,0.549,6.4,1,2024,2,4,3,0.0003548387096774193,46.080000000000005,0.07379966044142615,3.2472,1
3,7,2,4,6190.64,284.59,4.02,8.6,1,0.986,7.35,1,2025,4,2,6,0.0006493674321233345,63.209999999999994,0.0459710143054676,0.1204000000000001,1
3,0,3,4,11436.84,220.31,3.09,0.1,0,0.934,17.19,0,2025,9,4,4,0.00027017952511358033,1.7190000000000003,0.019263188083421645,0.006599999999999995,0
5,3,3,0,13817.18,34.55,2.7,9.7,4,0.813,85.15,1,2025,11,19,6,0.00019540890398764437,825.955,0.0025005102343604118,1.8139000000000005,1
7,7,3,3,14288.46,232.88,1.69,3.4,4,0.91,70.76,0,2025,12,21,3,0.00011827726710926161,240.584,0.016298467434559077,0.3059999999999999,0
1,8,1,1,8868.28,410.55,2.68,9.9,3,0.944,10.37,1,2024,2,19,1,0.0003022006522121539,102.663,0.04629420812152976,0.5544000000000006,1
7,1,0,3,5678.26,307.66,2.12,2.5,4,0.63,1.51,1,2024,9,7,2,0.00037335380908940413,3.775,0.054182090992663245,0.925,0
7,1,1,1,11919.46,416.25,4.31,4.7,4,0.925,30.94,1,2024,2,15,4,0.00036159356212445864,145.418,0.034921884045082584,0.3524999999999998,0
6,8,1,2,4139.52,247.51,4.12,3.5,0,0.597,3.8,0,2025,2,15,2,0.0009952844774273346,13.299999999999999,0.059791956555349406,1.4105,0
2,3,0,4,8679.07,60.11,1.48,3.6,2,0.707,4.74,1,2025,3,25,5,0.0001705251829977175,17.064,0.006925857263508648,1.0548000000000002,0
3,0,3,1,5699.39,7.81,2.9,8.4,0,0.779,11.0,1,2024,8,27,5,0.0005088263831743397,92.4,0.0013703220871005492,1.8563999999999998,1
6,8,1,2,10021.15,152.31,1.94,7.5,2,0.857,75.8,1,2025,7,6,3,0.00019359055597411475,568.5,0.015198854422895577,1.0725000000000002,1
0,2,2,2,3985.78,349.3,2.56,9.9,3,0.515,4.23,1,2024,8,10,2,0.0006422833171926197,41.877,0.08763654792788363,4.8015,1
2,0,2,4,3278.1,395.34,4.09,6.1,1,0.645,3.94,0,2024,2,27,5,0.0012476739574753667,24.034,0.12060034776242336,2.1654999999999998,0
6,1,1,1,13814.47,148.58,2.94,4.6,0,0.804,11.58,0,2024,5,23,4,0.0002128203253545015,53.267999999999994,0.010755389095636678,0.9015999999999997,0
0,5,2,2,1976.15,248.33,2.3,0.9,0,0.679,1.37,0,2025,5,30,0,0.001163879260177618,1.233,0.1256635376869165,0.2889,0
5,7,2,2,7836.39,211.14,1.89,10.0,0,0.888,7.15,0,2024,10,23,6,0.00024118248326078715,71.5,0.026943528844276508,1.1199999999999999,1
4,7,2,0,3702.37,205.85,3.84,5.5,3,0.826,2.92,1,2024,8,27,5,0.0010371734861723708,16.06,0.055599521387651694,0.9570000000000003,0
6,6,2,3,1064.48,116.44,3.26,7.0,4,0.617,2.76,1,2025,8,12,5,0.003062528182774688,19.32,0.10938674282278671,2.681,1
6,3,3,1,1022.27,69.05,2.74,4.1,1,0.573,2.43,0,2024,11,22,0,0.00268030950727303,9.963,0.06754575601357762,1.7507000000000001,0
3,7,1,0,3040.72,99.15,1.92,5.5,4,0.815,7.72,1,2025,8,14,4,0.0006314293983004025,42.46,0.03260740877160673,1.0175000000000003,0
1,6,2,4,13068.17,28.61,2.3,9.4,2,0.725,91.95,1,2025,9,4,4,0.0001760001591653613,864.33,0.0021892889364004296,2.5850000000000004,1
6,2,1,4,4595.94,99.87,4.37,1.7,4,0.584,9.98,1,2025,11,19,6,0.0009508392189628238,16.966,0.02173004869515268,0.7072,0
4,0,0,1,14281.66,5.59,2.92,2.9,3,0.663,0.79,0,2024,11,24,3,0.00020445802518754823,2.291,0.0003914110824652036,0.9772999999999998,0
6,2,3,1,8933.52,314.0,2.52,1.5,2,0.652,106.84,1,2024,8,30,0,0.0002820836579534159,160.26,0.035148519284671664,0.522,0
2,6,1,2,6830.91,158.87,2.92,7.9,2,0.554,53.67,1,2024,11,5,5,0.0004274686681569513,423.99300000000005,0.023257516202087276,3.5233999999999996,1
2,4,1,0,8911.29,486.6,3.77,0.6,3,0.773,7.75,0,2024,5,26,3,0.00042305883884375886,4.6499999999999995,0.05460488885447561,0.1362,0
0,1,2,4,7992.13,97.66,2.32,0.8,0,0.882,5.22,0,2025,11,7,0,0.00029028556842794094,4.176,0.012219520953738239,0.0944,0
4,5,1,3,11502.26,173.57,1.79,3.0,3,0.788,10.87,0,2025,6,17,5,0.00015562159088735605,32.61,0.01509007794989854,0.6359999999999999,0
0,3,2,4,4596.19,179.56,3.13,5.1,3,0.913,4.09,0,2024,8,14,6,0.0006809988272895594,20.858999999999998,0.039067140392368464,0.4436999999999998,0
4,7,2,1,5619.23,5.22,3.4,4.1,1,0.564,6.01,0,2025,2,27,4,0.0006050651067850934,24.641,0.0009289528992406434,1.7876,0
5,2,1,0,13464.37,419.76,3.55,0.4,1,0.718,14.49,0,2024,11,3,3,0.0002636588269633113,5.796,0.031175613860878745,0.11280000000000001,0
6,5,3,1,14223.62,16.97,4.11,9.6,1,0.805,43.67,0,2024,10,8,5,0.0002889559760454793,419.232,0.0011930858670296308,1.8719999999999994,1
5,1,2,3,13442.09,470.15,2.42,9.5,1,0.838,18.39,1,2024,3,3,3,0.00018003152783532917,174.705,0.03497595983957852,1.5390000000000004,1
4,1,1,2,6582.0,446.15,1.45,2.8,2,0.848,41.49,1,2025,7,24,4,0.00022029778182923123,116.172,0.0677833485262838,0.42560000000000003,0
3,4,1,1,11815.3,268.23,4.36,7.3,1,0.864,15.96,1,2025,8,28,4,0.00036901305933831563,116.50800000000001,0.02270192039135697,0.9928,1
1,3,0,1,7406.87,272.25,2.64,5.8,2,0.826,5.35,1,2024,6,28,0,0.0003564258586960484,31.029999999999998,0.03675641667802999,1.0092000000000003,0
0,2,0,2,7714.33,327.24,3.26,2.4,3,0.547,0.5,1,2025,10,3,0,0.00042259016661200645,1.2,0.04241975647917577,1.0872,0
3,5,3,1,3467.86,194.14,3.4,2.6,3,0.848,7.19,1,2025,11,26,6,0.0009804317359985697,18.694000000000003,0.055982652125518326,0.39520000000000005,0
7,1,2,4,9071.39,323.96,3.0,4.9,2,0.862,54.51,1,2025,3,13,4,0.0003307100675861142,267.099,0.03571227783173251,0.6762000000000001,0
1,2,0,3,3198.97,23.34,1.88,4.2,4,0.997,1.08,1,2025,7,23,6,0.0005876891624491634,4.5360000000000005,0.007296098431682698,0.012600000000000012,0
2,1,0,2,5307.69,27.97,3.69,2.9,3,0.847,0.5,0,2025,5,22,4,0.0006952176935729103,1.45,0.0052697124361068565,0.44370000000000004,0
6,3,1,0,12897.94,229.16,3.85,8.1,3,0.843,15.23,0,2024,2,18,3,0.0002984972794105105,123.363,0.01776717832460067,1.2717000000000003,1
2,3,1,1,3502.6,275.26,3.02,4.8,2,0.757,23.51,1,2024,12,18,6,0.0008622166390681209,112.848,0.07858733512248044,1.1663999999999999,0
0,8,2,2,1531.8,444.02,2.81,6.5,1,0.934,2.81,0,2025,10,20,1,0.0018344431387909649,18.265,0.2898681289985638,0.42899999999999966,0
1,6,2,1,1500.61,53.23,1.58,1.9,0,0.998,0.55,0,2025,11,18,5,0.0010529051519048921,1.045,0.03547224128854266,0.003800000000000003,0
4,6,0,3,14141.38,411.5,1.48,5.3,2,0.89,7.34,1,2025,1,25,2,0.00010465739552999779,38.902,0.029098998824725737,0.583,0
3,5,0,1,7850.35,105.81,2.32,3.2,4,0.806,1.47,1,2025,6,21,2,0.0002955282248562166,4.704,0.013478379944843223,0.6207999999999999,0
5,8,2,4,6436.48,197.65,2.23,5.3,0,0.539,4.79,1,2024,11,22,0,0.0003464626628219151,25.387,0.030707778164462567,2.4433,0
2,4,1,4,12257.74,158.98,4.35,7.8,0,0.863,11.51,0,2025,12,14,3,0.000354877815975865,89.77799999999999,0.012969764410078856,1.0686,1
1,2,1,1,12619.48,200.68,3.79,7.7,2,0.854,97.76,1,2025,3,2,3,0.00030032933211194125,752.7520000000001,0.01590239851404337,1.1242,1
2,5,3,4,5316.77,76.1,3.38,3.5,3,0.888,10.91,1,2025,2,22,2,0.0006357243213454785,38.185,0.014313201436210328,0.39199999999999996,0
3,5,3,1,10557.46,252.28,2.91,6.9,2,0.562,158.19,1,2024,6,1,2,0.00027563448026324516,1091.511,0.023895899203028002,3.0221999999999998,0
7,3,2,2,11681.28,401.02,1.75,9.4,0,0.827,10.03,1,2024,11,3,3,0.00014981234933158008,94.282,0.034330141902257284,1.6262000000000005,1
7,6,1,3,9992.43,221.33,4.43,6.3,2,0.648,73.41,1,2025,1,20,1,0.0004433356050530251,462.48299999999995,0.022149767373902046,2.2176,0
7,3,1,2,2698.13,245.82,2.44,1.5,3,0.88,2.18,0,2024,7,7,3,0.0009043300359878879,3.2700000000000005,0.0911075448551404,0.18,0
4,1,0,3,13200.3,424.54,1.55,6.8,4,0.62,3.55,1,2025,7,4,0,0.0001174215737521117,24.139999999999997,0.03216139027143323,2.584,0
3,1,3,4,8316.87,353.32,2.83,1.0,3,0.842,14.64,0,2025,4,29,5,0.000340272241840981,14.64,0.0424823280873694,0.15800000000000003,0
0,3,3,3,4595.85,245.74,4.08,8.7,4,0.647,28.11,1,2024,9,3,5,0.000887757433336597,244.557,0.05346997835003318,3.0710999999999995,1
3,6,2,4,6665.81,129.59,4.13,5.2,3,0.504,5.93,1,2024,8,18,3,0.0006195796159806535,30.836,0.019440998168264622,2.5792,0
2,6,0,2,1044.78,442.58,1.24,3.9,4,0.817,0.5,1,2024,11,3,3,0.001186852734546986,1.95,0.42361071230306857,0.7137000000000002,0
6,6,0,4,2354.07,288.93,4.12,0.6,0,0.557,0.74,0,2025,12,25,4,0.0017501603605670178,0.444,0.12273636722782244,0.2658,0
4,3,3,3,11600.43,111.35,2.1,3.8,1,0.83,29.87,0,2024,5,27,1,0.00018102777224637362,113.506,0.009598782114111287,0.6460000000000001,0
1,0,0,0,500.17,135.29,1.33,9.0,1,0.963,0.84,0,2025,4,19,2,0.002659095907391487,7.56,0.2704880340684167,0.3330000000000003,1
0,3,0,0,6540.2,401.76,4.0,0.2,3,0.985,0.85,0,2024,2,29,4,0.0006116020916791536,0.17,0.06142931408825418,0.0030000000000000027,0
7,4,1,4,8076.4,23.03,4.05,4.7,2,0.618,55.81,1,2025,7,29,5,0.0005014610470011391,262.307,0.002851518003070675,1.7954,0
0,8,0,0,1292.2,496.05,3.17,9.3,3,0.905,0.5,1,2025,2,26,6,0.0024531806221947065,4.65,0.3838802043027395,0.8834999999999998,1
3,4,2,1,14609.63,66.05,3.1,3.9,4,0.677,31.39,1,2025,3,2,3,0.00021218880970975994,122.421,0.00452099060688053,1.2596999999999998,0
3,5,2,1,3778.82,398.24,3.88,4.3,1,0.95,3.64,0,2025,7,24,4,0.0010267755542735563,15.652,0.10538739606543841,0.2150000000000002,0
6,6,2,2,4910.88,197.99,3.79,5.8,3,0.894,4.71,0,2025,6,26,4,0.000771755774932395,27.317999999999998,0.04031660313426514,0.6147999999999999,0
4,8,2,3,4907.17,246.62,4.14,4.6,3,0.537,4.54,1,2024,5,17,0,0.0008436634557188766,20.883999999999997,0.050257072813862165,2.1297999999999995,0
3,5,1,4,3841.04,440.44,3.02,1.7,4,0.704,7.7,0,2025,2,1,2,0.0007862453918730344,13.09,0.11466686105846334,0.5032000000000001,0
4,2,2,4,521.37,207.04,4.39,0.2,2,0.669,2.53,1,2024,9,5,4,0.00842012390432898,0.506,0.3971076203080346,0.0662,0
5,0,0,4,11075.5,269.21,4.49,6.1,2,0.893,6.23,1,2024,9,18,6,0.0004053993047717936,38.003,0.02430680330459121,0.6526999999999998,0
1,5,1,0,14519.26,25.6,1.58,9.2,2,0.705,117.76,1,2024,7,27,2,0.0001088209729696968,1083.392,0.0017631752582431888,2.714,1
2,6,3,4,3752.26,2.17,4.0,1.1,3,0.842,6.77,0,2024,12,4,6,0.0010660242094097955,7.447,0.0005783181336048141,0.17380000000000004,0
0,2,2,3,10114.18,123.16,2.85,2.1,3,0.801,7.32,1,2025,10,24,0,0.0002817826062023812,15.372000000000002,0.012176963431538691,0.41789999999999994,0
7,6,3,2,11257.5,340.61,2.48,3.7,4,0.988,55.2,1,2024,3,21,4,0.00022029757939151677,204.24,0.03025627359538086,0.044400000000000044,0
3,2,3,0,12802.17,61.51,3.22,8.1,3,0.969,30.48,1,2025,4,5,2,0.0002515198595238151,246.888,0.004804654210965797,0.2511000000000002,1
6,2,3,1,6628.12,57.77,1.38,2.7,1,0.714,15.67,0,2025,1,14,5,0.00020820383457149236,42.309000000000005,0.008715895306663127,0.7722000000000001,0
1,0,0,1,4892.5,206.07,2.87,8.8,4,0.862,1.27,1,2024,4,4,4,0.0005866121614716403,11.176000000000002,0.04211957077158916,1.2144000000000001,1
1,5,1,2,5216.78,324.27,4.07,0.5,0,0.915,3.45,0,2025,7,2,6,0.0007801747438074829,1.725,0.06215903296669593,0.04249999999999998,0
0,6,3,4,10833.01,356.32,1.9,9.4,2,0.949,177.01,1,2024,7,14,3,0.00017538985009706444,1663.894,0.032892058624518945,0.47940000000000044,1
2,1,3,1,12343.3,90.05,2.61,5.6,1,0.534,31.77,0,2024,2,22,4,0.0002114507465588619,177.91199999999998,0.0072954558343392775,2.6095999999999995,0
0,6,1,2,3133.4,40.71,4.3,6.6,1,0.651,4.76,0,2024,10,1,5,0.0013723112274206931,31.415999999999997,0.012992276760068935,2.3034,0
6,1,1,4,5878.64,470.26,2.61,3.7,2,0.66,39.57,1,2025,1,21,5,0.00044398024032769477,146.40900000000002,0.07999469265000067,1.258,0
5,0,2,1,13578.13,131.07,2.38,7.8,4,0.717,33.19,1,2025,11,20,4,0.00017528186871093444,258.88199999999995,0.009653022912580746,2.2074000000000003,1
3,8,3,4,12197.06,426.82,2.65,1.7,0,0.585,17.88,0,2025,9,11,4,0.00021726547217116256,30.395999999999997,0.03499367880456438,0.7055,0
6,5,3,2,14780.45,431.88,2.91,0.5,2,0.748,168.46,1,2025,9,9,5,0.00019688169169409592,84.23,0.029219678697197986,0.126,0
2,5,3,1,11436.6,386.49,3.29,4.0,1,0.832,29.28,0,2024,2,10,2,0.00028767290978087893,117.12,0.03379413462042915,0.6720000000000002,0
0,4,3,3,6201.33,85.25,3.84,8.5,4,0.749,36.87,1,2024,3,15,0,0.0006192220056020241,313.395,0.013747051035826185,2.1335,1
2,3,2,2,9064.25,411.08,2.69,7.5,4,0.833,21.68,1,2024,7,11,4,0.0002967702788427062,162.6,0.04535179413630471,1.2525000000000004,1
1,4,2,2,10084.71,384.86,3.9,5.2,3,0.533,8.96,1,2025,8,24,3,0.00038672406048364307,46.592000000000006,0.03816272356864997,2.4284,0
7,4,2,2,1637.61,298.76,2.96,5.7,4,0.938,3.25,1,2025,11,18,5,0.001807512167121598,18.525000000000002,0.18243659967880022,0.3534000000000003,0
7,6,2,3,8395.21,169.26,2.32,1.3,3,0.97,6.05,0,2025,7,26,2,0.0002763480603820512,7.865,0.020161496853562926,0.039000000000000035,0
5,3,0,1,10785.15,131.99,3.37,8.4,2,0.809,6.23,1,2024,8,10,2,0.0003124666787202774,52.33200000000001,0.012238123716406356,1.6043999999999996,1
1,7,0,4,2926.16,61.82,3.57,7.9,3,0.941,0.5,0,2025,5,5,1,0.0012200289799600842,3.95,0.02112666429723597,0.46610000000000046,1
5,4,3,1,11819.16,255.37,3.04,6.6,1,0.566,32.32,1,2024,8,1,4,0.00025720948019994653,213.31199999999998,0.021606442420611955,2.8644000000000003,0
7,2,0,4,8964.71,293.05,1.39,4.7,2,0.899,4.64,1,2024,12,6,0,0.00015505242222001604,21.808,0.032689289447176764,0.4746999999999999,0
0,1,1,3,14307.22,180.31,1.76,9.6,3,0.56,17.78,0,2024,11,6,6,0.00012301481349975748,170.68800000000002,0.012602727853489358,4.223999999999999,1
4,1,2,1,1115.12,238.2,2.14,8.8,2,0.704,6.93,1,2024,1,16,5,0.0019190759738862188,60.984,0.21360929765406414,2.6048000000000004,1
3,8,3,3,4347.23,182.39,2.13,6.4,4,0.662,24.15,1,2024,8,4,3,0.000489967174499624,154.56,0.04195545209248188,2.1632,0
2,4,1,4,9222.53,320.86,3.42,3.7,4,0.793,22.59,0,2024,7,13,2,0.00037083099756791244,83.583,0.03479088709931006,0.7658999999999999,0
6,4,2,1,4800.12,450.73,1.26,6.2,0,0.651,4.1,1,2024,4,30,5,0.0002624934376640584,25.419999999999998,0.09389973583993734,2.1637999999999997,0
6,2,0,2,10859.15,82.8,3.69,5.8,1,0.819,1.48,1,2025,5,5,1,0.00033980560172757536,8.584,0.007624906185106569,1.0498000000000003,0
5,8,2,1,11505.58,191.32,2.08,3.9,4,0.684,24.32,1,2024,9,5,4,0.00018078184672133002,94.848,0.01662845332438695,1.2323999999999997,0
4,0,1,3,1986.48,71.29,2.22,3.1,3,0.93,2.22,0,2025,12,13,2,0.001117554669566268,6.882000000000001,0.03588760017719786,0.21699999999999986,0
5,7,0,2,7950.89,312.85,2.94,4.1,4,0.817,1.08,0,2025,9,10,6,0.00036976992512787875,4.428,0.039347796284441114,0.7503000000000002,0
0,2,2,3,7878.91,364.71,1.91,5.7,0,0.608,6.7,0,2025,12,21,3,0.00024241931942362585,38.190000000000005,0.04628939789894795,2.2344,0
2,7,3,0,5854.57,466.02,4.12,4.3,2,0.668,78.58,1,2024,7,28,3,0.000703723757679898,337.894,0.0795993557169869,1.4275999999999998,0
1,3,0,0,14027.41,140.16,1.48,2.6,4,0.924,2.66,1,2025,2,10,1,0.000105507716677562,6.916,0.009991865925356141,0.1975999999999999,0
1,7,3,0,12498.84,475.16,2.67,7.6,3,0.693,28.66,1,2024,9,2,1,0.00021361982391965973,217.816,0.03801632791523053,2.3332,1
5,8,0,3,10609.54,32.57,4.0,5.3,2,0.768,5.09,1,2025,7,19,2,0.00037701917331005866,26.976999999999997,0.0030698786186771528,1.2295999999999998,0
3,1,3,0,10857.74,301.9,3.23,0.7,2,0.824,125.17,1,2024,11,25,1,0.000297483638399888,87.619,0.02780504966963659,0.12320000000000002,0
5,4,0,4,7194.88,29.51,2.16,3.7,2,0.674,3.24,1,2024,10,16,6,0.000300213485144992,11.988000000000001,0.004101527753068849,1.2062,0
2,4,1,2,13854.42,446.99,2.59,8.8,4,0.647,40.78,1,2025,1,24,0,0.00018694395001739517,358.86400000000003,0.03226334989122605,3.1064000000000003,1
3,5,0,3,10571.63,265.37,3.53,7.6,2,0.738,4.63,1,2025,4,22,5,0.00033391255653101746,35.187999999999995,0.02510208927100173,1.9912,1
4,6,2,0,11070.23,335.0,4.41,3.2,4,0.607,22.53,1,2025,6,30,1,0.00039836570694556483,72.096,0.03026134055028667,1.2576,0
6,4,1,0,12994.52,415.96,4.15,9.4,1,0.642,20.57,1,2025,10,26,3,0.00031936539402763626,193.358,0.03201041669873146,3.3652,1
0,4,0,4,4474.04,76.01,2.33,0.8,0,0.531,0.87,0,2025,1,2,4,0.0005207821119167464,0.6960000000000001,0.016989119453558753,0.3752,0
2,1,2,2,12202.53,20.26,4.49,9.6,3,0.652,12.55,0,2024,11,11,1,0.000367956481155957,120.48,0.0016603114272204208,3.3407999999999998,1
5,5,1,1,3330.99,439.56,1.21,2.5,2,0.66,20.59,1,2024,9,24,5,0.0003632553685240724,51.475,0.1319607684201994,0.8499999999999999,0
0,8,2,1,5507.46,158.15,1.29,0.1,1,0.981,4.71,0,2025,1,3,0,0.00023422775653386498,0.47100000000000003,0.02871559666343469,0.0019000000000000017,0
0,3,3,3,5366.35,65.36,3.92,4.3,2,0.795,71.89,1,2025,6,9,1,0.0007304778853410604,309.127,0.012179600659666253,0.8814999999999998,0
4,3,2,1,14688.62,234.76,1.86,3.6,1,0.894,14.99,0,2025,5,24,2,0.00012662864176484924,53.964,0.01598244082834194,0.38159999999999994,0
7,7,1,0,12919.79,299.55,1.4,5.4,4,0.523,34.66,1,2025,4,22,5,0.00010836089441082245,187.164,0.023185361371972763,2.5758,0
7,4,0,3,10666.96,16.45,1.98,8.0,4,0.553,2.58,1,2024,4,10,6,0.00018561989545287506,20.64,0.0015421450910099973,3.5759999999999996,1
4,7,1,0,11042.32,138.17,2.61,8.4,3,0.907,13.21,0,2025,4,25,0,0.00023636337291438756,110.96400000000001,0.012512769055778132,0.7811999999999998,1
6,6,1,3,8650.06,17.37,3.61,4.0,4,0.812,20.97,0,2024,11,23,2,0.0004173381456313598,83.88,0.002008078556680532,0.7519999999999998,0
1,3,0,0,14232.81,210.75,3.26,4.3,2,0.595,7.26,1,2024,7,27,2,0.00022904823432618013,31.217999999999996,0.014807336007436339,1.7415,0
4,8,1,3,7695.75,447.65,1.98,1.5,0,0.702,4.59,0,2025,1,14,5,0.00025728486502290225,6.885,0.05816846960984959,0.44700000000000006,0
3,4,0,2,6017.51,491.34,2.86,0.5,1,0.769,0.9,0,2024,11,16,2,0.0004752796422440511,0.45,0.08165171308398324,0.11549999999999999,0
5,4,3,4,2864.01,318.89,4.26,6.4,1,0.922,8.01,0,2025,2,27,4,0.001487424974074811,51.264,0.11134388497246867,0.49919999999999976,0
7,4,0,1,11899.98,81.66,3.89,0.6,4,0.53,1.25,1,2024,2,16,0,0.00032689130569967347,0.75,0.006862196407052785,0.282,0
0,1,1,4,11149.44,453.02,2.27,7.3,0,0.798,11.39,0,2025,7,30,6,0.00020359766947936398,83.147,0.04063163710464382,1.4745999999999997,1
0,1,1,1,6073.15,258.61,4.44,5.4,4,0.859,15.16,1,2024,8,14,6,0.0007310868330273418,81.864,0.0425825148399101,0.7614000000000001,0
3,7,1,3,865.3,77.72,3.54,2.0,1,0.989,1.26,0,2024,5,29,6,0.004091066682075581,2.52,0.0898185600369814,0.02200000000000002,0
5,8,1,3,12665.46,460.94,1.41,5.4,0,0.904,11.45,0,2024,1,17,6,0.00011132639477760776,61.83,0.03639346695658902,0.5183999999999999,0
6,2,3,2,665.56,378.98,1.32,1.8,2,0.638,7.45,1,2024,9,24,5,0.001983292265160166,13.41,0.5694152292806058,0.6516,0
2,7,3,0,10703.65,366.12,1.76,4.4,2,0.855,145.0,1,2025,7,20,3,0.00016442989073820613,638.0,0.0342051543165182,0.6380000000000001,0
5,4,2,3,14568.73,354.88,3.6,8.0,3,0.882,13.75,1,2025,8,21,4,0.00024710458632976246,110.0,0.02435902099908503,0.944,1
6,1,1,1,6846.09,100.97,1.81,4.6,0,0.865,4.43,0,2025,8,16,2,0.0002643844880800574,20.377999999999997,0.014748564509084747,0.621,0
7,7,1,3,3907.11,106.29,2.89,1.5,0,0.91,2.38,0,2025,3,3,1,0.0007396771526780664,3.57,0.02720425071216321,0.13499999999999995,0
0,1,1,4,10720.63,344.46,1.51,7.2,2,0.952,80.81,1,2024,10,29,5,0.00014084993139395726,581.832,0.032130574415869216,0.3456000000000003,1
1,7,1,0,12348.36,110.64,4.24,1.9,2,0.549,75.33,1,2024,6,5,6,0.00034336543476218707,143.12699999999998,0.008959894269360466,0.8568999999999999,0
1,5,2,4,8423.24,219.9,2.34,7.4,4,0.552,20.63,1,2024,7,19,0,0.00027780284071212503,152.662,0.026106343877177904,3.3152,1
6,4,1,2,14522.01,391.22,4.2,4.8,4,0.898,37.55,1,2024,12,3,5,0.00028921616222547705,180.23999999999998,0.02693979690139313,0.48959999999999987,0
4,7,0,2,1249.2,392.19,4.32,4.5,3,0.626,0.5,0,2024,8,23,0,0.00345821325648415,2.25,0.3139529298751201,1.683,0
4,5,0,1,7819.54,227.18,1.22,8.5,2,0.529,4.38,1,2025,1,23,4,0.00015601940779125115,37.23,0.029052859886898718,4.0035,1
4,1,3,3,10917.58,396.3,2.73,7.1,2,0.701,163.82,1,2025,8,6,6,0.00025005541521106324,1163.1219999999998,0.03629925313118842,2.1229,1
3,5,3,4,13008.29,419.47,1.28,0.3,1,0.91,26.93,0,2024,9,8,3,9.839879030987162e-05,8.078999999999999,0.03224635982131395,0.02699999999999999,0
3,8,0,2,3099.21,327.73,4.2,3.0,3,0.563,0.5,0,2025,5,26,1,0.0013551840630354188,1.5,0.10574630309014234,1.3110000000000002,0
1,0,0,2,12100.05,114.98,2.91,8.7,4,0.836,2.75,0,2025,7,17,4,0.00024049487398812404,23.924999999999997,0.009502440072561685,1.4268000000000003,1
0,7,0,1,8514.25,137.73,1.45,0.2,4,0.502,1.06,1,2025,11,1,2,0.0001703027277798984,0.21200000000000002,0.016176410135948557,0.09960000000000001,0
5,1,2,3,6250.03,158.11,1.56,5.5,2,0.555,37.71,1,2025,12,2,5,0.00024959880192575076,207.405,0.025297478572102856,2.4475,0
0,4,1,0,2409.87,59.29,2.47,7.3,1,0.675,3.77,0,2024,12,11,6,0.0010249515534032957,27.521,0.024602986883109877,2.3724999999999996,1
4,1,2,3,13046.79,137.31,4.3,6.2,1,0.542,15.02,0,2024,9,20,0,0.00032958298554663636,93.124,0.010524427847769451,2.8396,0
4,8,3,2,2780.46,105.55,3.49,7.6,2,0.923,41.97,1,2025,5,15,4,0.001255187990476396,318.972,0.03796134452572596,0.5851999999999996,1
3,5,2,0,4991.92,228.21,4.06,7.3,1,0.932,6.36,0,2025,10,19,3,0.0008133143159345501,46.428000000000004,0.04571587685700092,0.4963999999999996,1
4,0,2,3,4705.66,454.31,2.41,6.9,1,0.878,5.79,1,2025,5,17,2,0.0005121491990496552,39.951,0.09654543677188747,0.8418,0
0,3,2,0,13135.5,53.14,1.34,8.2,1,0.621,16.71,0,2025,4,16,6,0.00010201362719348332,137.022,0.0040455254843744055,3.1077999999999997,1
5,1,0,1,10254.19,360.41,4.42,6.5,2,0.762,5.96,1,2024,6,21,0,0.000431043310100554,38.74,0.035147583573154,1.547,0
0,6,0,0,12051.88,343.95,1.26,4.0,2,0.592,6.26,1,2024,12,26,4,0.00010454800412881642,25.04,0.02853911588897334,1.6320000000000001,0
5,2,1,0,4131.78,48.78,4.33,4.7,2,0.641,28.38,1,2024,6,22,2,0.0010479744807322753,133.386,0.011806049692868449,1.6873,0
7,1,0,3,9560.67,461.36,2.42,7.2,2,0.758,6.61,1,2024,5,23,4,0.00025312033570868987,47.592000000000006,0.048256032265521144,1.7424,1
3,5,2,2,8790.32,284.67,1.23,8.8,4,0.868,21.93,1,2025,7,13,3,0.00013992664658396965,192.984,0.03238448657159239,1.1616000000000002,1
3,5,0,0,12576.04,182.5,3.47,2.7,1,0.547,0.82,0,2025,5,15,4,0.00027592151424454754,2.214,0.014511722290959633,1.2231,0
4,3,3,4,13638.26,378.51,4.44,3.4,0,0.648,22.67,0,2024,7,7,3,0.00032555472618941126,77.078,0.02775354040764731,1.1967999999999999,0
1,4,0,1,676.27,129.43,4.39,9.3,1,0.963,0.5,0,2025,7,9,6,0.006491490085320952,4.65,0.1913880550667633,0.34410000000000035,1
4,2,2,4,10273.29,347.06,1.73,5.8,0,0.715,8.26,1,2025,10,19,3,0.00016839785502015419,47.907999999999994,0.033782751192655905,1.653,0
2,3,0,2,1251.62,20.82,1.8,1.8,1,0.969,0.5,0,2024,3,1,0,0.0014381361755165308,0.9,0.01663444176347454,0.05580000000000005,0
1,3,3,0,8458.45,419.86,3.07,6.6,0,0.996,16.33,0,2025,6,20,0,0.0003629506588086469,107.77799999999998,0.04963793602846857,0.02640000000000002,0
6,1,2,0,4670.67,224.64,3.3,9.9,1,0.763,5.73,0,2024,2,4,3,0.0007065367495455683,56.727000000000004,0.04809588345997469,2.3463,1
7,7,1,1,4948.26,318.71,3.64,8.2,2,0.644,39.48,1,2024,3,17,3,0.0007356121141572997,323.73599999999993,0.06440849914919587,2.9191999999999996,1
1,6,3,3,5617.9,111.4,1.8,7.5,0,0.895,11.3,1,2025,11,15,2,0.00032040442158101786,84.75,0.019829473646736328,0.7874999999999999,1
5,1,3,2,9508.74,338.86,4.36,2.1,0,0.58,13.98,1,2024,2,19,1,0.00045852552493810963,29.358,0.03563668793131372,0.8820000000000001,0
2,8,3,0,5343.72,386.35,3.31,8.8,4,0.626,32.33,1,2024,1,7,3,0.0006194186821165779,284.504,0.07229982109841085,3.2912000000000003,1
0,2,2,4,11124.14,237.13,4.0,5.3,2,0.892,66.88,1,2025,2,26,6,0.0003595783584169203,354.46399999999994,0.02131670403285108,0.5723999999999999,0
4,1,0,4,6365.65,309.25,2.98,8.9,1,0.717,0.5,0,2024,5,20,1,0.00046813758217935326,4.45,0.04858105613723658,2.5187000000000004,1
0,1,3,3,1491.12,228.71,2.57,3.3,0,0.601,1.47,0,2025,10,7,5,0.001723536670422233,4.851,0.15338135093084396,1.3167,0
0,6,1,1,11864.52,447.15,4.42,0.6,0,0.826,7.99,0,2024,8,24,2,0.0003725393020535175,4.794,0.03768799749168108,0.10440000000000002,0
3,6,1,0,4643.5,249.44,3.12,4.8,0,0.866,4.35,1,2024,3,10,3,0.0006719069667276839,20.88,0.053718100570690215,0.6432,0
6,5,0,4,6775.12,421.06,4.06,2.7,3,0.563,0.89,0,2025,12,25,4,0.0005992513785733684,2.403,0.06214797671480358,1.1799000000000002,0
6,0,3,2,10438.94,400.87,4.35,7.2,2,0.638,157.36,1,2024,6,3,1,0.00041670897619873275,1132.9920000000002,0.03840140857213472,2.6064,1
7,3,2,2,5320.61,205.84,3.43,9.6,4,0.611,14.46,1,2024,1,10,6,0.000644662923988039,138.816,0.038687293374255964,3.7344,1
7,7,0,3,1320.49,115.81,3.01,6.9,1,0.69,0.61,0,2024,8,11,3,0.002279456868283743,4.2090000000000005,0.08770229233087717,2.1390000000000007,0
2,1,1,4,5921.86,203.63,1.21,8.9,0,0.882,6.01,1,2025,6,1,3,0.00020432769433927853,53.489,0.034386155701080404,1.0502,1
4,2,0,0,14194.5,413.28,1.33,4.5,4,0.857,2.36,1,2025,4,11,0,9.369826341188488e-05,10.62,0.029115502483356228,0.6435000000000001,0
1,6,1,0,9805.15,114.59,1.86,7.7,1,0.831,14.37,1,2025,1,17,0,0.00018969623106224792,110.649,0.011686715654528489,1.3013000000000003,1
2,4,0,2,10236.45,262.69,1.81,8.4,1,0.503,1.38,1,2024,3,2,2,0.00017681911209452495,11.591999999999999,0.025662216881829146,4.1748,1
7,7,1,2,9668.09,403.24,2.04,7.1,4,0.571,27.64,1,2025,9,24,6,0.0002110034143248563,196.244,0.04170834156487993,3.0459,1
7,4,0,3,3385.39,177.39,2.21,5.1,1,0.612,0.76,1,2025,10,15,6,0.0006528051420958886,3.876,0.05239868966352473,1.9788,0
3,4,1,3,6565.84,321.46,2.39,6.3,1,0.636,8.3,0,2025,11,13,4,0.0003640052148696892,52.290000000000006,0.04895946291715911,2.2931999999999997,0
0,3,3,3,11388.63,123.57,2.59,7.0,4,0.573,63.82,0,2025,9,23,5,0.00022741980378675926,446.74,0.010850295426227738,2.9890000000000003,1
3,5,3,3,1969.91,55.53,1.53,2.5,0,0.705,2.13,1,2025,5,9,0,0.0007766852292744338,5.324999999999999,0.028189105086019156,0.7375,0
0,2,3,2,4528.87,397.4,1.34,8.1,4,0.538,26.88,1,2025,11,6,4,0.00029587954611194405,217.72799999999998,0.08774815792901981,3.7421999999999995,1
2,1,3,1,4506.63,50.39,3.42,9.5,0,0.875,9.13,0,2025,5,14,6,0.0007588819139800693,86.73500000000001,0.011181303989899326,1.1875,1
5,7,2,2,6764.27,136.42,2.97,4.7,2,0.894,39.92,1,2024,1,17,6,0.00043907176975490334,187.62400000000002,0.020167734286183132,0.4981999999999999,0
7,3,2,2,14715.35,427.7,2.67,7.0,2,0.787,93.9,1,2024,1,7,3,0.00018144318687628904,657.3000000000001,0.029064888025089445,1.4909999999999997,1
5,4,2,2,1478.79,173.89,3.29,7.4,1,0.545,2.51,0,2025,6,28,2,0.00222479189066737,18.573999999999998,0.11758938050703616,3.367,1
3,6,1,4,8021.16,486.55,3.93,6.6,0,0.945,6.82,0,2025,7,18,0,0.000489954071480933,45.012,0.06065830877329464,0.3630000000000003,0
5,2,3,4,3100.79,489.89,2.61,5.5,0,0.983,5.87,0,2025,2,25,5,0.0008417209807823167,32.285000000000004,0.15798877060362038,0.09350000000000008,0
1,6,2,4,14574.81,134.87,3.32,8.8,1,0.601,18.81,1,2024,1,13,2,0.0002277902765113233,165.528,0.00925363692562716,3.5112000000000005,1
2,4,1,2,2142.9,21.45,4.35,4.5,1,0.852,2.64,0,2024,1,18,4,0.0020299594008119834,11.88,0.010009799804003919,0.6660000000000001,0
1,0,0,0,6352.21,352.83,3.97,0.6,4,0.921,0.89,1,2025,6,26,4,0.0006249793378997231,0.534,0.055544448310115686,0.04739999999999998,0
5,5,1,4,11199.33,226.04,2.61,8.4,4,0.77,32.87,1,2024,10,8,5,0.0002330496556490433,276.108,0.02018335025398841,1.932,1
6,6,1,1,10716.04,51.28,3.33,6.7,2,0.662,80.24,1,2025,7,2,6,0.00031074912001075023,537.608,0.004785349812057439,2.2645999999999997,0
2,6,1,3,6629.57,354.05,1.78,8.5,3,0.739,7.88,0,2024,10,20,3,0.0002684940350580807,66.98,0.05340467028781656,2.2185,1
0,2,1,0,5524.6,16.56,3.05,1.4,3,0.756,4.29,0,2024,1,18,4,0.0005520761684103826,6.005999999999999,0.0029975020815986675,0.34159999999999996,0
5,1,1,4,6265.38,435.23,4.44,0.3,4,0.7,13.06,0,2025,5,29,4,0.0007086561389732148,3.918,0.06946585841561087,0.09000000000000001,0
3,0,1,0,4332.01,70.19,2.91,9.3,3,0.965,5.36,1,2025,12,15,1,0.0006717436016999037,49.848000000000006,0.016202640344782214,0.3255000000000003,1
6,3,2,4,3477.33,64.53,4.26,1.5,4,0.872,7.12,1,2025,11,21,0,0.001225077861462674,10.68,0.018557341408494448,0.192,0
2,4,3,2,7504.08,88.66,2.54,8.1,2,0.621,116.83,1,2025,3,16,3,0.0003384825321691667,946.323,0.01181490602445603,3.0699,1
7,3,0,3,4393.74,480.17,4.5,8.2,1,0.793,0.5,1,2024,7,2,5,0.0010241844078165755,4.1,0.10928502824473,1.6973999999999996,1
5,1,1,3,4668.19,346.89,3.11,7.1,2,0.844,35.14,1,2024,4,19,0,0.0006662111010905726,249.494,0.07430931474511535,1.1076000000000001,1
1,3,3,1,10022.96,400.88,1.34,1.3,2,0.57,119.11,1,2024,4,8,1,0.0001336930407783729,154.84300000000002,0.03999616879644337,0.559,0
3,2,2,0,14543.79,199.42,3.14,6.7,4,0.679,33.95,1,2025,6,20,0,0.0002158997070227224,227.46500000000003,0.013711694131997229,2.1506999999999996,0
2,6,0,3,9252.74,168.82,2.11,8.9,0,0.953,0.95,1,2024,6,1,2,0.00022804055879663753,8.455,0.01824540622561533,0.4183000000000004,1
0,3,2,4,1616.2,118.01,1.31,4.3,4,0.784,3.27,1,2024,9,3,5,0.0008105432495978221,14.061,0.073016953347358,0.9287999999999998,0
3,2,3,4,1595.96,240.84,3.91,4.1,4,0.608,7.86,1,2024,7,15,1,0.002449936088623775,32.226,0.1509060377453069,1.6072,0
3,2,3,2,14295.64,276.36,2.11,4.4,0,0.561,25.25,0,2025,9,26,0,0.00014759744929223175,111.10000000000001,0.01933176828739392,1.9316,0
3,2,1,3,4810.72,316.26,3.83,0.8,4,0.759,10.34,1,2025,6,23,1,0.0007961386237403133,8.272,0.06574067914989855,0.1928,0
2,1,0,3,1834.97,129.3,2.15,8.9,1,0.774,0.58,0,2024,9,15,3,0.0011716812808928755,5.162,0.07046436726485993,2.0114,1
0,3,3,2,9186.15,474.38,1.84,8.7,1,0.667,27.81,1,2024,12,28,2,0.00020030154090669108,241.94699999999997,0.05164078531267179,2.8970999999999996,1
5,0,0,4,9542.91,85.71,4.41,10.0,2,0.815,5.37,1,2024,9,30,1,0.00046212318883862474,53.7,0.00898153707831259,1.8500000000000005,1
2,0,2,4,9903.32,482.86,2.39,5.9,3,0.534,8.22,0,2025,2,10,1,0.00024133320946914774,48.498000000000005,0.04875738641182957,2.7494,0
1,0,1,3,4377.33,8.41,3.18,7.5,1,0.573,6.68,1,2024,3,21,4,0.00072647024556065,50.099999999999994,0.0019212625047688888,3.2025000000000006,1
5,8,2,1,719.1,241.08,3.21,2.0,4,0.773,0.87,0,2025,1,17,0,0.0044639132248644135,1.74,0.3352523988318732,0.45399999999999996,0
1,0,2,2,14492.72,167.35,3.05,6.7,4,0.531,33.69,1,2025,2,19,6,0.00021045048824513274,225.72299999999998,0.011547176789450152,3.1423,0
7,5,0,2,4137.95,225.11,4.22,6.5,0,0.94,0.8,0,2025,4,15,5,0.0010198286591186457,5.2,0.054401333993885866,0.39000000000000035,0
4,0,3,2,10302.38,285.76,3.43,9.0,3,0.571,24.4,1,2025,8,1,0,0.0003329327786394989,219.6,0.02773728012362192,3.8610000000000007,1
5,2,1,1,10746.13,218.36,2.53,8.3,4,0.837,31.3,0,2024,9,6,0,0.00023543359330289136,259.79,0.0203198732939207,1.3529000000000004,1
7,6,1,2,9345.11,208.01,4.05,9.4,3,0.696,12.43,1,2025,12,14,3,0.00043338173654456713,116.842,0.022258700004601336,2.8576000000000006,1
4,1,2,4,5037.16,366.63,1.8,8.7,2,0.7,33.58,1,2024,8,19,1,0.0003573442177735073,292.14599999999996,0.07278506142350054,2.6100000000000003,1
5,3,0,4,4430.9,343.25,3.0,8.7,1,0.882,0.5,1,2024,11,3,3,0.0006770633505608342,4.35,0.07746733169333544,1.0266,1
7,5,2,2,9166.19,416.8,4.34,0.6,0,0.75,5.4,0,2025,12,1,1,0.0004734791663711967,3.24,0.045471455424772995,0.15,0
1,4,3,3,13058.39,125.73,3.26,8.5,1,0.863,38.59,0,2024,3,23,2,0.00024964792750101656,328.01500000000004,0.009628292614939514,1.1645,1
3,4,1,3,14227.64,305.15,3.9,6.1,2,0.753,102.6,1,2025,10,31,0,0.00027411432957257843,625.8599999999999,0.021447689145915976,1.5067,0
5,3,2,0,2035.63,293.01,3.36,3.8,2,0.796,10.96,1,2025,10,27,1,0.0016505946561998005,41.648,0.1439406964919951,0.7751999999999998,0
1,3,0,2,2745.01,185.5,3.97,0.6,3,0.88,0.93,0,2024,2,2,0,0.0014462606693600387,0.558,0.067577167296294,0.072,0
0,2,1,4,14198.68,243.54,4.32,6.8,4,0.804,39.74,1,2024,4,5,0,0.0003042536348449293,270.232,0.017152298664382885,1.3327999999999995,0
6,8,2,4,11179.76,157.58,2.1,3.3,1,0.808,11.91,0,2025,2,19,6,0.00018783945272528212,39.303,0.014095114743071409,0.6335999999999998,0
1,2,0,4,13303.41,71.78,1.76,4.7,0,0.895,0.79,0,2025,1,23,4,0.00013229690733428497,3.7130000000000005,0.005395609095713054,0.49349999999999994,0
7,0,3,3,3438.17,107.69,2.8,6.8,4,0.975,19.35,1,2025,1,21,5,0.0008143867231695931,131.58,0.03132189507790482,0.17000000000000015,0
1,0,3,4,9020.0,53.65,3.52,9.1,0,0.688,18.71,0,2025,7,19,2,0.0003902439024390244,170.261,0.0059478935698447895,2.8392000000000004,1
2,5,2,4,10666.52,341.85,1.95,8.3,3,0.789,10.27,1,2025,5,2,0,0.00018281501370643845,85.241,0.032048878172074864,1.7512999999999999,1
1,4,1,4,10361.62,330.7,1.21,4.5,4,0.543,26.58,1,2024,2,27,5,0.00011677710628260831,119.60999999999999,0.0319158587170732,2.0564999999999998,0
1,4,0,3,6418.2,475.35,2.33,3.9,0,0.679,0.75,1,2025,10,14,5,0.0003630301330591132,2.925,0.07406282135178088,1.2518999999999998,0
1,5,1,3,723.23,365.11,4.4,2.4,3,0.706,1.45,1,2024,1,10,6,0.006083818425673714,3.48,0.5048324875903931,0.7056000000000001,0
6,3,0,0,8952.43,26.97,3.49,3.7,2,0.918,5.4,1,2025,12,20,2,0.00038983828971575317,19.980000000000004,0.0030125898778320523,0.3033999999999999,0
5,7,0,4,4169.97,442.24,2.52,1.1,4,0.757,0.72,0,2024,6,24,1,0.0006043208943949237,0.792,0.10605352076873455,0.26730000000000004,0
6,5,0,2,7028.69,431.47,1.84,9.7,1,0.866,1.39,0,2024,3,25,1,0.00026178420160798106,13.482999999999999,0.06138697253684542,1.2998,1
2,4,2,2,14384.92,222.22,2.38,5.7,1,0.51,15.19,0,2025,5,26,1,0.0001654510417854253,86.583,0.015448122061158491,2.793,0
6,6,0,4,6286.01,293.35,1.76,1.3,3,0.732,1.19,0,2025,3,20,4,0.0002799868278924151,1.547,0.04666712270581816,0.34840000000000004,0
4,2,0,4,12677.12,488.06,1.55,3.5,1,0.951,0.8,1,2025,10,22,6,0.00012226751817447497,2.8000000000000003,0.03849928059369951,0.17150000000000015,0
3,1,0,2,3233.84,266.62,4.19,5.5,4,0.612,0.52,1,2024,12,5,4,0.001295673255324939,2.8600000000000003,0.08244687430423274,2.134,0
5,1,3,2,10250.68,452.76,4.49,5.3,2,0.516,144.46,1,2025,8,2,2,0.00043801972161846826,765.638,0.044168777095763403,2.5652,0
5,8,0,2,14666.6,42.44,1.74,0.4,0,0.717,0.7,0,2024,4,7,3,0.00011863690289501316,0.27999999999999997,0.0028936495165887114,0.11320000000000002,0
3,0,3,4,1977.45,96.33,1.38,9.5,1,0.852,6.18,0,2025,6,24,5,0.0006978684669650307,58.709999999999994,0.04871425320488508,1.4060000000000001,1
4,1,2,3,620.64,220.94,2.29,2.8,3,0.727,1.3,1,2024,2,13,5,0.003689739623614334,3.6399999999999997,0.35598736787831914,0.7644,0
7,4,3,0,6786.95,292.79,2.72,0.2,2,0.73,75.83,1,2024,8,23,0,0.0004007691230965309,15.166,0.04314014395273282,0.054000000000000006,0
5,3,2,2,1843.07,408.3,1.88,0.8,4,0.835,2.87,0,2024,8,4,3,0.0010200372205070886,2.2960000000000003,0.22153255166651295,0.13200000000000003,0
0,5,0,1,11351.57,494.14,2.19,5.8,2,0.627,7.01,1,2025,12,9,5,0.00019292485532838188,40.657999999999994,0.04353054247121764,2.1633999999999998,0
6,8,0,0,13760.96,195.04,1.86,1.4,3,0.876,1.18,0,2025,8,3,3,0.00013516498848917518,1.652,0.01417342976071437,0.17359999999999998,0
4,7,0,1,6793.3,24.66,3.76,0.4,1,0.577,1.5,0,2025,5,1,4,0.0005534865234863763,0.6000000000000001,0.003630047252439904,0.16920000000000002,0
1,8,3,3,4251.32,400.78,3.55,3.8,2,0.698,56.63,1,2024,10,4,0,0.0008350347656727793,215.194,0.09427189672854548,1.1476000000000002,0
6,2,0,0,6798.85,302.59,3.3,6.2,0,0.828,0.5,0,2024,2,17,2,0.000485376203328504,3.1,0.044506056171264255,1.0664000000000002,0
2,3,0,4,10989.99,100.07,2.48,1.1,1,0.914,1.23,0,2024,3,17,3,0.00022565989595986895,1.353,0.009105558785767775,0.09459999999999998,0
7,2,0,3,631.29,247.92,4.2,3.1,3,0.896,0.5,0,2025,12,1,1,0.006653043767523643,1.55,0.3927196692486813,0.32239999999999996,0
3,1,3,1,9047.08,371.41,4.4,4.2,4,0.861,45.57,0,2024,10,14,1,0.0004863447653828639,191.394,0.041053024843374884,0.5838000000000001,0
6,3,3,4,9392.73,385.44,1.77,1.6,2,0.68,112.65,1,2025,7,10,4,0.00018844361543449031,180.24,0.04103599273054799,0.5119999999999999,0
0,7,3,0,9746.48,250.31,1.94,5.1,4,0.561,50.08,1,2025,7,31,4,0.0001990462197634428,255.408,0.025682092406694522,2.2388999999999997,0
2,1,3,4,4009.32,153.3,2.93,0.9,3,0.608,6.56,0,2025,11,4,5,0.0007307972424251494,5.904,0.03823591032893359,0.3528,0
6,6,0,3,10853.76,486.9,1.5,0.5,0,0.932,1.68,0,2024,2,3,2,0.00013820095524500264,0.84,0.04486003007252786,0.033999999999999975,0
2,7,0,1,1825.18,332.02,2.64,5.2,0,0.929,0.5,0,2024,7,2,5,0.0014464326806123231,2.6,0.18191082523367558,0.36919999999999975,0
5,2,0,0,3389.42,204.71,3.12,2.5,0,0.976,0.5,0,2024,11,18,1,0.000920511473939494,1.25,0.06039676404812623,0.06000000000000005,0
7,0,3,3,13223.32,140.95,2.92,1.0,0,0.538,20.15,0,2024,1,17,6,0.00022082200234131821,20.15,0.010659199051372878,0.46199999999999997,0
6,6,3,4,11211.49,365.82,2.29,4.2,3,0.768,22.45,0,2024,7,31,6,0.00020425474223319113,94.29,0.03262902611517292,0.9743999999999999,0
1,6,3,4,699.31,121.85,2.99,9.2,1,0.824,2.08,0,2025,8,24,3,0.004275643133946319,19.136,0.1742431825656719,1.6192000000000002,1
1,3,2,3,4101.46,86.68,4.36,7.2,2,0.855,27.1,1,2024,5,27,1,0.0010630360895876104,195.12,0.021133937670975704,1.0440000000000003,1
1,4,2,4,3608.89,265.39,1.88,8.2,2,0.822,23.99,1,2025,12,30,5,0.000520935800204495,196.71799999999996,0.07353784681716538,1.4596000000000002,1
3,7,2,1,4426.69,145.7,3.36,8.7,1,0.885,5.3,1,2025,2,11,5,0.0007590321436558693,46.10999999999999,0.032913983134125045,1.0005,1
7,1,2,3,4089.62,314.82,1.34,9.7,2,0.68,27.82,1,2024,3,19,5,0.00032765880448550234,269.854,0.07698025733442226,3.103999999999999,1
2,4,3,3,1406.63,59.85,1.42,7.6,4,0.59,7.63,1,2024,11,2,2,0.00100950498709682,57.988,0.04254850244911597,3.116,1
7,2,3,2,7154.64,327.82,3.02,6.1,0,0.602,12.49,0,2024,6,15,2,0.00042210369774020774,76.189,0.04581921662026321,2.4278,0
1,3,3,1,11124.64,142.36,1.55,3.7,2,0.506,146.27,1,2025,7,31,4,0.000139330351364179,541.1990000000001,0.012796818593680337,1.8278,0
2,3,2,1,9297.61,1.12,1.27,1.8,3,0.675,6.94,0,2024,9,3,5,0.00013659424303665135,12.492,0.00012046106472523584,0.585,0
5,8,2,1,10256.64,64.34,1.77,6.9,0,0.546,9.28,1,2025,8,3,3,0.0001725711344065893,64.032,0.006273009484587546,3.1326,0
4,6,3,1,1676.66,466.87,3.06,9.9,4,0.661,9.93,1,2025,2,2,3,0.001825056958476972,98.307,0.27845239941311895,3.3560999999999996,1
7,7,3,0,14296.62,433.81,3.52,4.7,2,0.814,196.67,1,2025,11,24,1,0.0002462120417273453,924.3489999999999,0.030343535744812408,0.8742000000000003,0
3,2,3,0,12658.13,117.57,1.87,7.2,4,0.947,71.94,1,2025,7,7,1,0.00014773114196172738,517.968,0.00928810179702689,0.38160000000000033,1
2,5,1,1,12173.81,389.41,3.41,5.0,3,0.92,13.06,0,2024,12,5,4,0.00028010951378409883,65.3,0.03198752075151494,0.3999999999999998,0
7,1,0,2,12433.27,304.68,1.8,4.3,1,0.626,1.55,0,2025,1,28,5,0.00014477285541132783,6.665,0.024505218659290756,1.6081999999999999,0
6,4,1,2,14024.3,485.48,3.22,4.1,1,0.567,16.5,0,2024,5,23,4,0.00022960147743559395,67.64999999999999,0.0346170575358485,1.7753,0
0,6,2,3,8391.68,187.43,2.56,5.0,4,0.597,18.76,1,2025,12,6,2,0.0003050640634533252,93.80000000000001,0.02233521773947529,2.015,0
6,2,3,4,3404.09,341.05,3.36,3.7,2,0.985,44.63,1,2024,3,21,4,0.0009870479335152712,165.13100000000003,0.1001883028944593,0.05550000000000005,0
0,1,1,1,9443.36,32.7,4.48,7.5,1,0.775,12.95,0,2025,5,27,5,0.0004744074143101608,97.125,0.0034627505464156828,1.6874999999999998,1
3,4,3,0,11271.78,198.73,4.29,8.7,1,0.591,33.98,1,2024,12,20,0,0.0003805964985122137,295.626,0.017630755745765087,3.5583,1
5,1,0,3,11199.8,481.95,1.21,8.8,0,0.92,1.7,1,2024,2,24,2,0.00010803764352934874,14.96,0.04303201842890052,0.7039999999999997,1
4,2,1,1,8061.01,269.95,4.12,2.3,3,0.698,6.15,0,2024,4,10,6,0.0005111022067954264,14.145,0.03348835939913236,0.6946000000000001,0
0,2,1,0,1492.65,144.65,1.42,9.0,1,0.95,1.98,0,2025,3,23,3,0.0009513281747228084,17.82,0.09690818343215087,0.4500000000000004,1
6,4,0,4,5881.14,61.02,4.35,3.4,4,0.63,0.5,1,2024,8,25,3,0.000739652516348871,1.7,0.010375539436231752,1.258,0
7,3,3,1,13851.12,352.06,2.13,3.1,1,0.697,33.36,0,2024,3,18,1,0.00015377817822674267,103.416,0.02541743916737419,0.9393000000000001,0
4,3,3,3,8974.51,322.78,2.46,7.3,3,0.752,20.23,0,2024,12,14,2,0.00027410967284007703,147.679,0.035966309024113845,1.8104,1
5,8,2,0,8305.81,187.6,1.5,3.0,0,0.946,5.39,1,2025,9,11,4,0.00018059647403444095,16.169999999999998,0.02258659901924075,0.16200000000000014,0
0,6,1,1,4398.38,475.52,1.57,0.5,3,0.934,4.11,0,2025,9,20,2,0.0003569496041724453,2.055,0.10811253234145299,0.032999999999999974,0
0,7,2,1,5842.51,12.08,3.6,3.7,1,0.787,7.01,0,2025,9,1,1,0.0006161735281582744,25.937,0.0020676045055977653,0.7880999999999999,0
3,0,0,3,13482.52,152.56,4.32,7.2,3,0.611,2.48,0,2025,2,10,1,0.0003204148779308319,17.856,0.011315392078038824,2.8008,1
5,0,0,4,10163.71,460.61,3.22,3.3,4,0.702,1.48,1,2024,11,30,2,0.0003168134470582101,4.8839999999999995,0.04531908131971495,0.9834,0
6,0,1,4,11917.11,161.15,3.56,6.3,4,0.988,31.73,1,2024,1,31,6,0.00029873014514425055,199.899,0.013522573845504489,0.07560000000000007,0
3,1,1,2,7088.01,126.87,3.71,6.6,4,0.804,19.92,1,2025,10,11,2,0.0005234191261016843,131.472,0.017899241112808814,1.2935999999999996,0
1,8,2,0,9638.58,267.58,2.07,7.3,3,0.891,10.22,0,2024,10,6,3,0.00021476192551184923,74.60600000000001,0.027761350738386772,0.7956999999999999,1
0,8,1,3,4101.56,412.08,1.35,9.0,2,0.725,33.41,1,2025,4,6,3,0.00032914305776338755,300.68999999999994,0.10046908980973092,2.475,1
3,2,3,4,10729.18,52.47,1.21,4.3,4,0.766,55.18,1,2025,5,17,2,0.00011277655887961615,237.274,0.0048904016895979004,1.0062,0
5,8,3,2,6700.22,471.57,2.36,1.7,1,0.714,15.01,1,2024,8,21,6,0.0003522272402995722,25.517,0.07038127106274122,0.4862,0
2,0,3,3,6916.91,397.74,2.0,3.2,2,0.851,88.81,1,2024,12,30,1,0.0002891464541247465,284.192,0.05750255533178833,0.4768000000000001,0
6,8,0,1,9915.17,91.44,1.41,4.3,2,0.926,5.08,1,2025,7,20,3,0.0001422063363512678,21.843999999999998,0.009222232195716261,0.3181999999999998,0
2,5,3,4,14076.07,356.29,1.79,7.1,1,0.754,39.63,0,2025,1,19,3,0.00012716617635462172,281.373,0.025311752499099536,1.7466,1
4,1,2,4,1428.09,193.09,1.61,0.1,3,0.74,1.36,0,2025,3,18,5,0.001127379927035411,0.136,0.13520856528650155,0.026000000000000002,0
1,3,2,4,12458.78,201.75,4.22,3.2,3,0.67,10.79,1,2024,7,9,5,0.00033871695302429287,34.528,0.01619339935370879,1.0559999999999998,0
1,2,0,2,4739.56,391.86,1.66,7.8,0,0.589,0.87,0,2025,11,27,4,0.0003502434825173644,6.786,0.08267856087906894,3.2058,1
0,7,3,0,6936.83,481.43,2.97,6.7,2,0.97,103.18,1,2025,8,22,0,0.00042814945731695894,691.306,0.06940201792461398,0.20100000000000018,0
1,7,1,2,817.74,64.2,3.16,7.3,0,0.658,0.9,1,2025,11,7,0,0.003864308949054712,6.57,0.07850906155990903,2.4966,1
3,7,1,0,4865.17,210.89,2.99,8.1,3,0.9,6.1,1,2025,1,24,0,0.0006145725637541956,49.41,0.043346892297699766,0.8099999999999998,1
0,7,1,3,7788.15,240.99,1.53,7.8,3,0.858,8.05,1,2024,3,28,4,0.00019645230253654593,62.790000000000006,0.030943163652472027,1.1076000000000001,1
6,6,2,3,1314.55,188.78,2.25,6.8,3,0.895,1.36,0,2025,9,25,4,0.0017116123388231715,9.248000000000001,0.14360807881023926,0.7139999999999999,0
0,7,2,0,7620.89,182.23,1.37,4.4,4,0.968,16.63,1,2024,10,29,5,0.00017976902960152949,73.172,0.02391190530239906,0.14080000000000015,0
2,1,3,1,13943.1,27.08,2.51,9.8,1,0.812,43.44,0,2024,9,9,1,0.0001800173562550652,425.712,0.0019421792858116199,1.8423999999999996,1
5,4,1,0,2028.2,343.08,1.82,5.7,1,0.949,2.67,1,2025,12,31,6,0.0008973474016369194,15.219,0.16915491568878807,0.2907000000000003,0
0,7,3,4,11584.39,218.67,3.05,2.0,0,0.584,17.94,0,2024,3,16,2,0.0002632853348342036,35.88,0.018876263661703377,0.8320000000000001,0
0,5,3,3,6440.23,98.2,3.49,2.9,1,0.813,15.09,1,2024,3,25,1,0.0005419061120487934,43.760999999999996,0.015247902637017623,0.5423000000000001,0
6,3,2,1,10000.02,408.2,2.96,6.9,0,0.886,8.58,0,2024,10,1,5,0.00029599940800118397,59.202000000000005,0.04081991836016328,0.7866,0
7,1,2,4,4273.43,401.48,2.63,9.2,1,0.636,5.82,1,2024,6,6,4,0.0006154306961854996,53.544,0.09394795281541993,3.3487999999999998,1
2,1,2,3,2812.64,243.71,2.48,1.8,3,0.87,2.26,0,2025,1,24,0,0.0008817338870242904,4.068,0.08664813129302008,0.234,0
1,6,2,3,2826.71,149.93,3.98,0.8,0,0.889,1.4,0,2025,12,29,1,0.001407997283060519,1.1199999999999999,0.0530404604646391,0.08879999999999999,0
4,2,1,0,1522.13,319.41,1.92,8.8,1,0.916,2.69,1,2025,10,11,2,0.0012613902886087257,23.672,0.20984410004401727,0.7391999999999997,1
5,7,3,3,3191.88,144.79,3.62,9.2,4,0.656,19.49,1,2024,6,6,4,0.001134127849417898,179.30799999999996,0.045361981026855645,3.1647999999999996,1
1,6,3,1,10131.18,118.77,3.7,2.8,4,0.841,47.67,1,2025,2,2,3,0.00036520918589937203,133.476,0.011723214867369842,0.44520000000000004,0
6,2,3,4,13284.51,365.53,2.58,3.8,4,0.652,65.77,1,2024,11,20,6,0.0001942111526883566,249.92599999999996,0.027515504900067822,1.3223999999999998,0
3,1,2,2,12304.82,21.12,2.18,6.6,1,0.87,14.93,0,2025,1,4,2,0.00017716634619604352,98.538,0.0017164005649818528,0.858,0
1,0,1,2,10434.45,48.29,2.75,3.3,1,0.731,12.94,1,2024,4,19,0,0.0002635500673250626,42.702,0.0046279391822281,0.8877,0
0,8,1,2,2101.26,4.39,1.51,8.8,1,0.799,3.39,1,2024,4,3,6,0.0007186164491781121,29.832000000000004,0.002089222656882061,1.7687999999999997,1
6,0,3,4,4693.22,77.32,1.35,1.1,3,0.708,8.29,0,2024,1,6,2,0.0002876489915239431,9.119,0.016474829647875017,0.32120000000000004,0
1,3,3,1,4992.2,35.43,1.57,0.4,1,0.581,11.11,0,2024,11,11,1,0.00031449060534433716,4.444,0.007097071431433036,0.16760000000000003,0
3,8,0,4,4124.38,497.91,1.82,2.1,3,0.589,0.9,0,2025,3,31,1,0.0004412784466998676,1.8900000000000001,0.12072359966831378,0.8631000000000001,0
5,0,1,0,7967.58,145.12,2.86,2.9,1,0.539,9.86,0,2025,1,3,0,0.00035895466377494796,28.593999999999998,0.018213811470986174,1.3368999999999998,0
5,8,3,4,8265.53,75.48,4.0,1.1,3,0.809,14.26,0,2024,10,3,4,0.0004839375091494435,15.686000000000002,0.00913190079765,0.21009999999999995,0
3,8,2,4,5674.85,121.26,1.98,0.7,1,0.924,4.7,0,2024,4,14,3,0.00034890790064935634,3.29,0.02136796567310149,0.05319999999999997,0
4,5,1,2,5629.94,468.13,4.29,7.6,1,0.51,7.81,1,2024,5,15,6,0.0007619974635608906,59.355999999999995,0.08315008685705354,3.7239999999999998,1
0,2,3,3,12514.06,260.56,4.35,1.6,2,0.533,151.44,1,2024,3,30,2,0.00034760900938624235,242.304,0.020821380111650415,0.7472,0
3,0,2,4,11944.75,183.04,4.36,9.1,4,0.729,31.22,1,2024,7,10,6,0.000365013918248603,284.102,0.015323887063354193,2.4661,1
7,6,1,4,4963.04,436.82,3.96,3.7,0,0.869,5.14,0,2025,3,17,1,0.0007978980624778362,19.018,0.08801460395241625,0.4847,0
6,3,2,1,13749.93,198.1,2.4,6.7,2,0.579,87.37,1,2025,4,4,0,0.00017454634314501965,585.379,0.01440734607376183,2.8207000000000004,0
7,4,3,0,14315.82,168.17,1.44,2.3,2,0.636,176.86,1,2025,7,24,4,0.00010058802080495564,406.778,0.011747144068589854,0.8371999999999999,0
6,2,3,2,5237.77,104.43,3.08,2.4,2,0.616,65.15,1,2025,7,22,5,0.0005880365117215914,156.36,0.019937874324378504,0.9216,0
0,1,1,4,5639.16,189.52,3.04,5.7,2,0.7,40.29,1,2025,6,8,3,0.0005390873818086381,229.653,0.033607842302754314,1.7100000000000004,0
0,4,0,3,7831.7,159.03,4.0,5.6,1,0.612,0.5,1,2025,2,21,0,0.0005107447935952603,2.8,0.020305936131363563,2.1728,0
6,2,2,1,14146.25,338.97,4.49,7.7,1,0.676,16.91,1,2024,4,15,1,0.0003173986038702837,130.207,0.023961827339400905,2.4947999999999997,1
1,6,2,1,13206.63,145.5,2.88,7.6,4,0.864,32.77,1,2024,1,27,2,0.00021807228641977552,249.05200000000002,0.01101719363683241,1.0336,1
3,4,0,2,1987.24,289.02,2.34,6.7,1,0.806,0.73,0,2024,4,1,1,0.0011775125299410237,4.891,0.14543789376220284,1.2997999999999996,0
2,6,1,0,6194.6,33.88,1.81,4.5,4,0.541,17.03,1,2024,12,28,2,0.00029218997191101927,76.635,0.005469279695218416,2.0654999999999997,0
3,4,0,3,8523.88,96.45,1.22,8.9,2,0.819,4.92,1,2025,7,21,1,0.00014312730822113874,43.788000000000004,0.011315269572072814,1.6109000000000004,1
6,3,2,1,7795.42,204.3,2.88,6.2,4,0.739,18.08,1,2024,4,5,0,0.0003694477013425832,112.09599999999999,0.026207696313989497,1.6182,0
7,6,2,2,3311.01,468.54,3.03,9.9,4,0.967,8.45,1,2025,9,3,6,0.0009151286163436533,83.655,0.14150969039658592,0.3267000000000003,1
6,5,0,4,12952.84,189.25,3.92,8.2,3,0.645,1.7,1,2025,9,4,4,0.00030263633303584386,13.939999999999998,0.014610695415059554,2.9109999999999996,1
1,8,2,2,10315.64,332.37,2.87,0.4,4,0.863,19.24,1,2024,11,28,4,0.0002782183170409204,7.696,0.03222000767766227,0.05480000000000001,0
5,8,2,2,12649.67,128.29,4.22,3.2,2,0.865,69.45,1,2025,1,29,6,0.0003336055406978996,222.24,0.010141766544107474,0.43200000000000005,0
5,5,3,1,12952.08,64.39,3.27,5.7,4,0.611,68.95,1,2024,1,13,2,0.0002524691014879463,393.01500000000004,0.004971402276699959,2.2173000000000003,0
0,2,0,4,11351.16,30.21,3.97,7.2,3,0.952,1.44,0,2024,10,25,0,0.00034974399092251366,10.368,0.002661402006490967,0.3456000000000003,1
7,7,2,2,6868.55,153.4,1.69,5.5,2,0.746,41.9,1,2025,2,27,4,0.00024604902053562976,230.45,0.022333680325541783,1.397,0
6,2,3,4,9352.93,79.67,4.02,7.9,4,0.839,54.67,1,2025,2,1,2,0.0004298118343663429,431.89300000000003,0.008518186279593668,1.2719000000000003,1
0,2,2,0,2825.3,87.83,3.43,2.8,3,0.573,1.86,0,2024,3,27,6,0.001214030368456447,5.208,0.03108696421618943,1.1956,0
3,4,2,2,10267.86,380.62,1.76,1.8,1,0.629,9.07,0,2025,7,26,2,0.00017140864795585448,16.326,0.037069067945998485,0.6678000000000001,0
2,4,3,3,3099.17,8.9,1.83,0.5,1,0.793,6.19,1,2024,9,5,4,0.0005904806770845098,3.095,0.0028717366262579983,0.10349999999999998,0
1,4,1,0,10562.27,279.35,4.26,5.7,4,0.66,28.66,1,2025,8,8,0,0.0004033223918722017,163.362,0.026447913185328534,1.938,0
1,3,3,1,3829.17,190.35,1.31,6.9,0,0.75,8.2,0,2025,6,17,5,0.00034211069239547994,56.58,0.04971051167746535,1.725,0
3,6,1,0,2204.49,253.77,2.73,3.3,3,0.687,1.92,0,2024,6,22,2,0.0012383816665078999,6.335999999999999,0.11511506062626732,1.0328999999999997,0
2,0,2,3,2896.63,281.85,2.23,6.1,1,0.82,4.52,0,2025,12,2,5,0.0007698601478269575,27.571999999999996,0.09730272765247892,1.0980000000000003,0
5,3,0,0,528.89,157.37,3.39,0.5,1,0.744,0.5,0,2025,1,24,0,0.006409650399894118,0.25,0.29754769422753313,0.128,0
4,5,1,2,10921.72,148.26,3.97,1.0,1,0.502,11.25,0,2024,6,22,2,0.00036349585962650575,11.25,0.013574784923986331,0.498,0
5,4,2,0,11119.82,366.97,2.39,7.0,1,0.825,13.52,1,2024,5,22,6,0.00021493153666156468,94.64,0.03300143347644117,1.2250000000000003,1
6,2,3,1,7966.53,435.77,2.61,3.7,2,0.711,105.24,1,2024,10,2,6,0.0003276206830326378,389.388,0.05470010154985922,1.0693000000000001,0
3,8,2,3,2839.76,97.1,4.44,6.7,1,0.671,2.17,1,2024,11,4,1,0.0015635124094993944,14.539,0.03419303039693495,2.2043,0
6,6,2,0,1711.54,49.71,3.79,8.3,4,0.547,4.65,1,2024,10,1,5,0.002214380032017949,38.595000000000006,0.029044018836837,3.7599,1
0,1,3,3,777.37,449.0,4.16,8.5,0,0.61,2.13,0,2025,5,19,1,0.00535137707912577,18.105,0.5775885357037189,3.315,1
7,7,0,1,2903.35,175.6,2.65,1.7,4,0.612,0.69,1,2024,5,29,6,0.0009127387328430951,1.1729999999999998,0.060481857164999056,0.6596,0
7,0,0,3,13417.41,276.11,1.97,4.9,3,0.968,1.01,1,2024,3,5,5,0.00014682416353081556,4.949000000000001,0.020578487204311414,0.15680000000000016,0
0,8,3,2,4002.28,180.41,2.56,7.3,0,0.716,7.51,0,2024,6,20,4,0.000639635407817544,54.823,0.04507680622045434,2.0732000000000004,1
6,1,3,4,5636.93,63.78,3.56,7.7,1,0.521,16.17,1,2025,3,21,0,0.0006315494426930972,124.50900000000001,0.011314669509821835,3.6883,1
7,4,0,0,2027.51,295.08,1.56,7.8,1,0.569,0.5,1,2024,10,9,6,0.0007694166736538908,3.9,0.14553812311653208,3.3618,1
5,0,2,2,3724.24,263.05,2.09,2.3,1,0.54,3.36,0,2025,3,7,0,0.0005611883229867034,7.727999999999999,0.07063186046012072,1.0579999999999998,0
1,8,1,1,8028.76,102.29,1.35,1.9,4,0.794,18.13,0,2024,11,2,2,0.00016814551686686362,34.446999999999996,0.012740448089119616,0.3913999999999999,0
1,5,2,1,9312.41,226.48,2.63,5.9,0,0.593,7.24,0,2025,5,10,2,0.0002824188367994966,42.716,0.024320235041197714,2.4013000000000004,0
0,1,0,1,4057.61,398.68,3.93,7.4,4,0.749,0.59,1,2024,3,19,5,0.0009685504521134362,4.366,0.09825488403271877,1.8574000000000002,1
1,0,2,2,1337.12,295.62,1.28,3.2,2,0.685,6.95,1,2025,1,4,2,0.0009572813210482231,22.240000000000002,0.2210871126002154,1.0079999999999998,0
3,4,3,2,6169.98,49.36,3.43,1.0,1,0.902,13.91,1,2024,9,14,2,0.0005559175232334627,13.91,0.008000025932012746,0.09799999999999998,0
2,4,1,2,3895.95,274.46,4.28,7.2,4,0.66,11.21,1,2024,9,9,1,0.0010985767271140545,80.712,0.07044751601021573,2.448,1
0,5,3,3,3683.53,351.67,1.98,3.0,3,0.729,6.79,1,2025,10,2,4,0.0005375278605033758,20.37,0.09547092055718293,0.8130000000000001,0
3,7,3,3,14418.01,396.56,3.49,1.7,4,0.861,65.33,1,2025,5,22,4,0.00024205837005245525,111.06099999999999,0.027504489177077835,0.2363,0
6,5,1,1,9436.36,314.93,4.42,1.5,0,0.717,6.81,1,2025,8,31,3,0.0004684009512142394,10.215,0.033374097639343986,0.42450000000000004,0
5,5,0,2,8574.74,77.18,4.38,3.1,0,0.897,0.55,0,2025,9,23,5,0.000510802659905723,1.7050000000000003,0.009000856002630984,0.3193,0
5,7,3,0,6528.74,355.38,1.98,5.9,4,0.831,35.75,1,2024,7,19,0,0.0003032744449924488,210.925,0.05443316780879619,0.9971000000000003,0
7,6,2,1,6719.69,338.99,1.53,3.6,1,0.705,6.77,0,2025,4,13,3,0.00022768907494244528,24.372,0.0504472676566925,1.0620000000000003,0
4,5,1,3,8343.12,13.19,1.69,0.2,3,0.752,6.44,0,2024,4,19,0,0.0002025621110567749,1.2880000000000003,0.0015809433401413379,0.049600000000000005,0
6,5,1,2,10598.23,206.46,3.52,1.0,3,0.984,9.19,0,2024,5,18,2,0.0003321309312970185,9.19,0.019480611385108648,0.016000000000000014,0
7,1,1,1,10681.12,167.14,3.6,2.9,0,0.831,7.81,1,2024,11,7,4,0.00033704330631993646,22.648999999999997,0.015648171727309493,0.4901000000000001,0
4,2,3,4,2989.56,335.04,3.42,6.6,2,0.952,44.04,1,2024,1,7,3,0.0011439810540681571,290.664,0.11207000361257176,0.31680000000000025,0
7,2,2,3,7751.63,108.85,2.31,1.0,2,0.589,38.59,1,2025,2,9,3,0.0002980018396130878,38.59,0.014042207896919744,0.41100000000000003,0
4,0,2,1,6473.39,295.85,1.76,5.6,0,0.742,3.7,0,2024,12,6,0,0.0002718822749749358,20.72,0.04570248355189476,1.4447999999999999,0
1,4,2,3,13122.64,456.69,3.12,1.2,0,0.954,8.54,0,2025,9,27,2,0.00023775703669383602,10.248,0.03480168624606025,0.05520000000000005,0
5,4,1,0,9655.57,399.1,2.8,2.1,0,0.661,7.32,0,2025,1,24,0,0.0002899880587060111,15.372000000000002,0.04133365508198895,0.7119,0
4,7,3,4,8221.31,460.81,3.61,1.7,2,0.984,99.8,1,2024,12,3,5,0.00043910277072631976,169.66,0.056050678054957184,0.027200000000000023,0
0,2,0,4,2173.22,489.27,2.66,0.7,4,0.549,0.5,1,2025,3,26,6,0.0012239902080783355,0.35,0.22513597334830346,0.3156999999999999,0
4,1,2,4,9281.75,6.32,2.32,6.7,0,0.951,7.75,1,2024,12,8,3,0.00024995286449214856,51.925000000000004,0.0006809060791337841,0.3283000000000003,0
6,3,1,1,2199.46,311.75,2.17,4.6,1,0.723,3.42,0,2025,3,16,3,0.0009866058032426141,15.732,0.14173933601884098,1.2742,0
3,7,2,4,5389.5,207.01,1.9,8.3,4,0.537,13.56,1,2025,10,28,5,0.000352537341126264,112.54800000000002,0.03840987104555153,3.8429,1
1,5,0,3,2571.21,430.07,2.08,1.0,1,0.94,0.5,0,2025,8,31,3,0.0008089576502891635,0.5,0.16726366185570218,0.06000000000000005,0
5,8,3,4,10535.07,126.66,1.51,1.4,4,0.626,46.29,1,2024,5,19,3,0.00014333079894106066,64.806,0.01202270132044685,0.5236,0
1,8,3,2,3490.66,490.53,2.34,3.1,2,0.511,45.35,1,2024,11,3,3,0.0006703603330029278,140.585,0.14052643339654966,1.5159,0
0,5,0,3,6181.96,307.24,1.32,7.7,3,0.568,0.5,0,2024,11,24,3,0.00021352451326116638,3.85,0.04969944807148542,3.3264000000000005,1
7,0,1,3,13487.28,396.98,1.82,3.1,3,0.83,12.45,0,2025,9,9,5,0.00013494196012835797,38.595,0.02943365897349206,0.5270000000000001,0
6,0,3,2,3462.59,43.71,3.66,4.1,4,0.989,17.74,1,2025,12,12,0,0.0010570122365050438,72.73399999999998,0.012623498594982368,0.045100000000000036,0
5,7,2,1,7863.17,92.55,2.27,3.0,4,0.556,15.07,0,2024,7,24,6,0.0002886876412439258,45.21,0.011770062201376798,1.3319999999999999,0
5,2,0,3,6579.44,379.44,3.41,0.8,4,0.731,0.85,0,2025,5,5,1,0.0005182811911044102,0.68,0.057670561628345274,0.21520000000000003,0
1,2,2,0,762.8,11.97,3.57,9.4,3,0.59,1.25,1,2024,11,17,3,0.004680125852123755,11.75,0.015692186680650238,3.8540000000000005,1
1,3,1,3,11994.99,408.62,3.12,5.5,2,0.873,84.7,1,2024,6,30,3,0.00026010859533855384,465.85,0.03406588917539739,0.6985,0
1,7,0,0,1501.17,7.96,4.36,7.9,4,0.559,0.5,1,2025,2,11,5,0.0029044012337043775,3.95,0.00530253069272634,3.4838999999999998,1
7,0,0,0,7376.7,328.9,1.27,6.6,1,0.62,0.56,0,2024,11,22,0,0.00017216370463757507,3.696,0.04458633264196727,2.508,0
1,3,0,0,8629.84,183.18,3.64,5.1,4,0.598,0.69,1,2024,10,25,0,0.00042179229278874235,3.5189999999999997,0.021226349503582917,2.0502,0
4,5,2,2,9612.18,306.14,4.36,0.9,3,0.776,7.53,0,2025,12,12,0,0.00045359117286609285,6.777,0.03184917469294166,0.20159999999999997,0
4,7,1,0,10485.16,348.32,4.05,6.4,4,0.937,28.8,1,2025,10,10,0,0.0003862602001304701,184.32000000000002,0.03322028466899885,0.40319999999999967,0
3,0,3,4,4172.45,171.9,1.75,1.6,3,0.756,7.36,0,2025,5,17,2,0.0004194178480269386,11.776000000000002,0.04119881604333186,0.3904,0
0,1,2,4,644.69,54.87,2.28,4.1,3,0.529,0.5,0,2025,8,12,5,0.003536583474227923,2.05,0.08511067334687988,1.9310999999999998,0
7,5,3,1,10989.93,35.75,1.77,6.3,3,0.782,24.09,1,2024,9,5,4,0.00016105653084232566,151.767,0.0032529779534537524,1.3733999999999997,0
2,3,1,0,8267.02,294.88,3.18,7.8,1,0.899,12.31,0,2024,11,29,0,0.00038466097820012533,96.018,0.03566944316089715,0.7877999999999998,1
7,2,1,2,12623.71,260.81,3.55,6.9,1,0.566,17.63,1,2025,1,20,1,0.0002812168530487472,121.647,0.02066032885736444,2.9946000000000006,0
6,8,1,2,12410.13,371.36,2.25,6.7,0,0.536,10.83,1,2024,10,14,1,0.00018130349964101908,72.561,0.029923941167417267,3.1088,0
0,6,0,1,12728.23,255.36,2.98,1.5,0,0.594,1.0,0,2025,2,6,4,0.00023412524757959277,1.5,0.02006249101406873,0.609,0
0,4,3,2,7533.87,211.8,3.48,3.5,0,0.873,12.52,1,2025,1,8,6,0.0004619139963922924,43.82,0.028113041504565384,0.4445,0
1,6,1,4,5337.61,199.65,2.59,0.4,4,0.796,11.46,0,2024,4,26,0,0.00048523590146151555,4.5840000000000005,0.03740438136169559,0.08159999999999999,0
3,8,1,2,11977.59,14.2,4.02,7.2,1,0.77,17.5,0,2025,7,31,4,0.00033562678301728475,126.0,0.001185547342996379,1.656,1
7,6,1,3,7043.76,168.44,3.75,9.5,0,0.625,7.24,0,2024,7,23,5,0.0005323861119629289,68.78,0.023913364453076198,3.5625,1
1,6,2,3,3159.91,488.03,1.41,2.6,2,0.666,17.59,1,2025,8,29,0,0.0004462152403074771,45.734,0.15444427214699152,0.8684,0
0,6,3,0,12897.12,436.9,3.25,0.9,0,0.983,19.4,1,2025,7,12,2,0.0002519942436761075,17.46,0.03387578001910504,0.015300000000000013,0
1,5,1,1,13297.12,165.36,1.98,4.8,0,0.62,11.72,0,2024,7,3,6,0.0001489044244167158,56.256,0.012435775566438448,1.8239999999999998,0
1,8,2,1,7261.49,294.31,3.04,8.6,0,0.951,5.8,0,2025,11,29,2,0.000418646861732234,49.879999999999995,0.04053024930145191,0.42140000000000033,1
4,8,0,2,1597.65,423.8,4.36,5.5,3,0.79,0.5,0,2025,7,17,4,0.0027290082308390447,2.75,0.26526460739210717,1.1549999999999998,0
7,4,3,2,6123.48,221.2,4.1,0.5,4,0.562,26.73,0,2024,1,28,3,0.0006695539137875848,13.365,0.03612325017800336,0.21899999999999997,0
7,3,0,0,12151.3,9.96,2.53,9.7,2,0.734,6.78,1,2025,4,17,4,0.0002082081752569684,65.76599999999999,0.000819665385596603,2.5802,1
0,2,0,1,13575.72,38.18,2.16,8.3,4,0.974,2.8,1,2025,12,26,0,0.00015910758324420363,23.240000000000002,0.0028123738556776363,0.2158000000000002,1
2,0,1,4,3450.35,255.69,1.97,1.3,1,0.709,3.66,1,2024,8,2,0,0.0005709565696233715,4.758,0.07410552552639588,0.3783000000000001,0
6,6,2,1,1471.12,484.75,2.96,9.2,0,0.932,0.85,1,2025,3,24,1,0.002012072434607646,7.819999999999999,0.32951084887704607,0.6255999999999995,1
3,0,3,2,13221.58,346.91,1.58,4.5,0,0.628,22.94,1,2024,10,25,0,0.00011950160268288662,103.23,0.02623816518146848,1.674,0
0,6,3,1,6146.37,36.39,3.01,3.7,2,0.785,81.18,1,2025,12,10,6,0.0004897199485224612,300.36600000000004,0.005920567749744972,0.7954999999999999,0
1,6,3,4,8355.53,95.49,1.2,4.6,2,0.922,113.89,1,2024,3,11,1,0.0001436174605321266,523.894,0.011428359421843975,0.3587999999999998,0
6,6,3,0,14536.95,385.89,2.27,8.3,2,0.96,229.23,1,2025,2,22,2,0.00015615380117562486,1902.6090000000002,0.026545458297648403,0.33200000000000035,1
1,6,2,1,1465.19,420.88,1.93,6.6,2,0.743,9.2,1,2025,11,20,4,0.0013172353073662801,60.71999999999999,0.28725284775353366,1.6962,0
2,5,0,2,9900.61,309.23,4.41,0.6,2,0.82,3.8,1,2025,5,26,1,0.0004454270999463669,2.28,0.031233429051341282,0.10800000000000003,0
1,7,1,3,1574.53,322.57,3.6,9.6,1,0.501,2.07,1,2024,5,22,6,0.002286396575486018,19.871999999999996,0.20486748426514578,4.7904,1
0,6,2,3,5944.3,15.14,2.35,1.5,4,0.627,11.62,1,2025,10,10,0,0.00039533670911629627,17.43,0.0025469777770300963,0.5595,0
7,5,1,4,12155.31,414.44,1.51,7.5,0,0.639,12.06,1,2024,11,6,6,0.00012422554422717314,90.45,0.034095387118880556,2.7075,1
5,1,3,4,6785.35,394.35,2.91,6.4,0,0.547,12.18,1,2024,9,4,6,0.0004288651285490063,77.952,0.05811785685336792,2.8992,0
3,4,2,0,14959.14,130.26,1.9,1.9,2,0.64,78.19,1,2024,9,15,3,0.00012701264912287738,148.56099999999998,0.008707719828813689,0.6839999999999999,0
4,3,0,1,8606.36,354.63,2.97,1.7,0,0.661,1.28,1,2025,11,5,6,0.00034509362843292634,2.176,0.04120557355258204,0.5762999999999999,0
1,0,0,0,5156.85,108.21,3.96,8.7,4,0.984,0.53,1,2024,6,6,4,0.0007679106431251636,4.611,0.02098374007388231,0.1392000000000001,1
2,5,0,0,3691.61,21.12,3.23,4.2,2,0.834,2.04,1,2025,3,9,3,0.0008749569970825737,8.568000000000001,0.005721081045939306,0.6972000000000002,0
1,3,1,2,5582.55,101.37,3.29,6.5,3,0.713,6.59,1,2025,1,21,5,0.000589336414362612,42.835,0.018158368487519144,1.8655000000000002,0
4,2,2,3,5901.73,90.14,2.99,5.0,1,0.994,6.55,0,2024,3,16,2,0.0005066311064721701,32.75,0.015273487604482076,0.030000000000000027,0
4,8,0,0,1496.35,169.54,4.26,7.3,4,0.577,0.94,1,2025,4,4,0,0.0028469275236408594,6.861999999999999,0.1133023690981388,3.0879000000000003,1
2,8,0,1,5858.83,209.81,4.28,4.8,1,0.738,1.67,0,2025,9,4,4,0.0007305212815528015,8.016,0.035810904224904974,1.2576,0
1,2,1,4,7231.46,254.76,2.89,2.9,1,0.824,8.79,0,2025,5,5,1,0.000399642672434059,25.490999999999996,0.03522940042536362,0.5104000000000001,0
5,8,1,1,10979.7,238.9,2.21,3.6,0,0.528,8.89,1,2025,8,19,5,0.0002012805450057834,32.004000000000005,0.0217583358379555,1.6992,0
3,1,3,4,10022.58,136.07,2.72,8.6,4,0.858,60.19,0,2025,2,14,0,0.00027138720768504716,517.634,0.0135763446138619,1.2212,1
0,8,3,0,10777.1,15.56,1.82,4.7,4,0.55,55.83,1,2025,7,1,5,0.00016887659945625445,262.401,0.0014438021360106152,2.1149999999999998,0
0,6,3,4,621.27,302.95,3.3,2.1,1,0.57,0.5,1,2025,6,2,1,0.005311700226954464,1.05,0.48763017689571364,0.9030000000000001,0
2,0,2,1,3656.18,198.48,2.85,9.3,1,0.58,4.79,0,2025,12,9,5,0.0007795021032881314,44.547000000000004,0.05428616753004502,3.9060000000000006,1
1,8,0,0,10094.42,150.04,1.54,8.0,1,0.964,0.91,0,2025,3,4,5,0.00015255953289044838,7.28,0.014863657347326541,0.28800000000000026,1
5,0,0,0,7517.85,433.6,1.85,0.6,0,0.842,0.6,0,2025,7,10,4,0.00024608099390118187,0.36,0.057676064300298625,0.09480000000000001,0
4,6,1,4,577.05,373.62,2.78,10.0,2,0.828,4.71,1,2024,2,7,6,0.004817606793172169,47.1,0.647465557577333,1.7200000000000004,1
3,6,2,1,12165.17,429.03,4.13,6.9,1,0.778,14.59,0,2025,1,3,0,0.0003394938171846345,100.671,0.0352670780597394,1.5317999999999998,0
6,5,0,1,11705.74,248.0,3.07,1.6,2,0.646,4.84,1,2025,12,19,0,0.00026226449587979915,7.744,0.021186187289312763,0.5664,0
1,8,3,0,8452.08,66.33,3.45,2.4,1,0.81,20.06,0,2025,7,3,4,0.0004081835477184315,48.144,0.007847772382656104,0.45599999999999985,0
5,2,0,2,1463.72,348.41,2.32,6.9,0,0.705,0.93,1,2025,8,31,3,0.0015850025961249418,6.417000000000001,0.23803049763615994,2.0355000000000003,0
5,4,2,0,11614.47,103.83,3.09,7.8,4,0.573,28.4,1,2025,10,15,6,0.0002660474390996748,221.51999999999998,0.008939710550718198,3.3306000000000004,1
4,7,3,0,8963.85,221.17,2.68,2.4,1,0.845,20.21,1,2024,3,28,4,0.00029897867545753223,48.504,0.024673549869754622,0.37200000000000005,0
5,0,2,4,11838.42,33.44,3.38,2.6,2,0.565,63.63,1,2024,4,21,3,0.00028551107326822326,165.43800000000002,0.002824701269257215,1.1310000000000002,0
1,7,1,2,11400.33,412.83,1.37,3.1,1,0.595,13.68,1,2024,9,11,6,0.00012017195993449314,42.408,0.036212109649457515,1.2555,0
6,5,3,0,12143.53,63.84,2.83,6.0,1,0.909,33.45,1,2025,11,4,5,0.0002330459100442787,200.70000000000002,0.005257120458384012,0.5459999999999998,0
0,1,2,3,8011.12,451.65,2.18,1.7,1,0.83,7.15,1,2025,11,11,5,0.0002721217507664347,12.155000000000001,0.056377884740211104,0.28900000000000003,0
1,5,3,4,2534.71,432.25,2.28,1.0,2,0.815,29.36,1,2024,12,29,3,0.0008995111866840782,29.36,0.17053232914218983,0.18500000000000005,0
3,0,3,1,10231.78,232.83,4.37,6.8,3,0.709,21.77,1,2024,6,19,6,0.0004271006608820752,148.036,0.022755571366858945,1.9788000000000001,0
4,1,1,2,9496.87,372.44,1.8,7.8,2,0.698,74.0,1,2025,10,24,0,0.00018953613137802244,577.1999999999999,0.039217131539128154,2.3556000000000004,1
4,6,3,1,11262.67,310.1,2.23,5.0,0,0.845,19.69,0,2025,9,19,0,0.00019799923108818778,98.45,0.02753343567733051,0.7750000000000001,0
7,5,3,2,2963.27,401.73,2.88,3.6,4,0.87,14.36,0,2024,2,15,4,0.0009718992869363912,51.696,0.13556982657672098,0.468,0
7,3,3,2,3327.14,216.47,4.05,4.3,3,0.755,6.08,1,2025,7,30,6,0.0012172616721869234,26.144,0.0650618849822971,1.0534999999999999,0
2,1,1,1,13410.94,393.12,2.58,3.9,4,0.985,32.75,0,2025,10,22,6,0.00019238025075050667,127.725,0.029313381463193483,0.05850000000000005,0
3,1,3,1,11374.68,231.77,3.65,9.6,1,0.978,35.28,0,2025,11,24,1,0.0003208881480621872,338.688,0.020375957829143327,0.2112000000000002,1
2,3,0,0,13669.31,470.54,4.03,7.7,4,0.706,2.4,1,2025,10,24,0,0.00029482102607959,18.48,0.034423098166622895,2.2638000000000003,1
5,5,2,1,11501.37,243.7,2.22,2.1,2,0.91,60.52,1,2025,2,13,4,0.00019302048364673078,127.09200000000001,0.021188780119237968,0.18899999999999995,0
5,2,3,4,9158.75,231.85,2.5,3.8,2,0.772,122.33,1,2024,12,5,4,0.0002729630135116692,464.854,0.0253145898730722,0.8663999999999998,0
7,2,3,3,9984.92,392.75,2.38,5.4,4,0.756,52.75,1,2025,3,16,3,0.0002383594460446353,284.85,0.03933431614875232,1.3176,0
6,5,1,1,13392.35,410.97,3.95,6.1,0,0.527,11.67,1,2024,4,18,4,0.0002949445018984719,71.187,0.030686922011446835,2.8852999999999995,0
2,1,0,0,8892.7,277.69,1.35,4.7,2,0.787,4.76,1,2024,1,11,4,0.00015180991150044417,22.372,0.031226736536709883,1.0010999999999999,0
0,1,2,0,9669.67,90.72,2.22,8.1,2,0.95,64.08,1,2024,4,10,6,0.00022958384308875072,519.048,0.009381912722978137,0.40500000000000036,1
6,4,3,0,2768.91,234.41,3.44,7.7,0,0.89,6.18,0,2024,9,21,2,0.001242366129632238,47.586,0.08465786175787585,0.8469999999999999,1
4,6,3,1,7371.86,484.07,3.07,5.1,4,0.893,39.18,1,2024,8,15,4,0.00041644849468112525,199.81799999999998,0.06566456769390629,0.5456999999999999,0
6,4,1,4,10887.76,376.74,2.64,8.5,3,0.58,12.87,1,2025,6,6,0,0.000242474117724858,109.395,0.03460215875441781,3.5700000000000003,1
4,6,0,0,4428.67,405.77,2.98,7.5,3,0.679,0.5,1,2025,6,15,3,0.0006728882486164017,3.75,0.09162344451042863,2.4074999999999998,1
1,6,2,1,3432.69,17.38,1.85,7.8,3,0.617,3.19,1,2025,7,25,0,0.0005389359365395652,24.881999999999998,0.005063084636247374,2.9874,1
3,4,3,3,5050.49,234.46,2.62,9.6,0,0.658,10.22,1,2025,8,17,3,0.0005187615459094068,98.11200000000001,0.04642321834119066,3.2831999999999995,1
2,7,0,4,4001.76,323.66,2.86,2.7,3,0.79,0.5,1,2025,12,5,0,0.0007146855383631202,1.35,0.08087941305825437,0.567,0
2,7,0,4,3616.23,415.19,4.17,2.7,2,0.682,2.23,1,2025,8,12,5,0.001153134618096747,6.021,0.11481294054858236,0.8585999999999999,0
7,0,3,3,6660.34,25.59,2.06,8.9,3,0.78,15.52,1,2024,8,14,6,0.000309293519550053,138.12800000000001,0.003842146196740707,1.9579999999999997,1
3,5,3,3,13663.66,426.37,4.06,7.7,1,0.719,39.96,1,2025,4,1,5,0.00029713854121077364,307.692,0.031204669905427977,2.1637000000000004,1
5,7,2,1,7852.36,274.65,3.33,9.3,1,0.643,10.57,1,2025,1,18,2,0.0004240763286451462,98.30100000000002,0.034976745844561376,3.3201,1
6,4,3,4,3224.85,99.46,1.27,0.6,4,0.548,13.61,1,2025,2,4,5,0.0003938167666713181,8.165999999999999,0.03084174457726716,0.27119999999999994,0
7,4,2,1,1616.09,159.31,3.59,6.3,0,0.946,0.72,0,2025,4,19,2,0.0022214109362721137,4.536,0.09857743071239845,0.3402000000000003,0
1,3,1,3,10594.26,141.68,1.32,1.4,4,0.506,23.73,1,2025,11,26,6,0.00012459577167258496,33.222,0.013373279492857453,0.6916,0
1,6,3,4,6050.58,265.9,4.49,5.0,4,0.501,31.03,1,2025,8,25,1,0.0007420776190051202,155.15,0.043946200198989184,2.495,0
6,3,3,2,12416.55,26.79,4.08,1.6,1,0.913,28.39,0,2025,12,8,1,0.00032859369148434956,45.42400000000001,0.0021576041654082657,0.13919999999999996,0
6,2,2,2,10062.91,80.11,2.18,1.3,3,0.998,7.09,0,2025,5,27,5,0.00021663713577881548,9.217,0.00796091786570684,0.0026000000000000025,0
6,1,1,3,12045.5,406.53,2.05,0.1,2,0.864,67.6,1,2024,6,3,1,0.00017018803702627535,6.76,0.03374953302063011,0.013600000000000001,0
7,3,3,1,4443.22,67.17,2.46,6.3,2,0.508,64.89,1,2024,12,19,4,0.0005536525312723655,408.807,0.015117414847790566,3.0995999999999997,0
6,6,1,3,10539.2,117.46,2.38,3.6,1,0.613,12.67,1,2024,1,26,0,0.00022582359192348562,45.612,0.011145058448459085,1.3932,0
5,2,1,4,4328.9,227.23,2.43,1.1,3,0.986,3.75,1,2025,5,9,0,0.0005613435283790341,4.125,0.05249139504262053,0.015400000000000014,0
6,0,1,0,14116.49,259.04,2.25,3.2,3,0.904,14.2,0,2024,4,17,6,0.00015938806318001146,45.44,0.018350170616066745,0.3071999999999999,0
4,2,0,4,9727.43,382.04,3.25,1.7,0,0.783,0.5,1,2024,10,29,5,0.00033410674761987495,0.85,0.039274505187906775,0.36889999999999995,0
2,6,0,4,5205.42,224.22,1.74,9.4,4,0.618,0.99,1,2025,3,1,2,0.0003342669755754579,9.306000000000001,0.04307433405949952,3.5908,1
5,8,2,2,4407.92,395.14,3.99,3.2,0,0.507,2.67,0,2024,3,28,4,0.0009051888419027568,8.544,0.08964318771665547,1.5776000000000001,0
3,0,2,0,3268.44,309.55,3.88,3.3,4,0.51,6.79,0,2024,4,28,3,0.001187110670533955,22.407,0.09470879073808912,1.617,0
1,8,0,1,10572.29,57.44,2.77,8.4,0,0.806,0.5,1,2024,5,25,2,0.0002620056771049602,4.2,0.005433070791663868,1.6295999999999997,1
1,4,2,2,3671.38,79.01,4.01,6.5,3,0.511,2.59,1,2024,12,22,3,0.0010922323485991643,16.835,0.021520518170279297,3.1785,0
6,6,1,4,9131.9,219.08,2.02,7.1,0,0.997,8.07,1,2024,11,15,0,0.00022120259748792696,57.297,0.02399062626616586,0.021300000000000017,1
5,8,0,4,4337.21,199.05,1.26,6.4,2,0.592,3.2,1,2024,12,17,5,0.0002905093366472917,20.480000000000004,0.045893558301304295,2.6112,0
2,6,1,1,10098.55,372.03,3.24,9.5,1,0.855,15.62,1,2025,4,11,0,0.0003208381401290285,148.39,0.036839942367963716,1.3775000000000002,1
2,8,1,3,12316.63,290.79,2.71,2.1,1,0.578,14.26,1,2024,7,30,5,0.00022002771862108386,29.946,0.02360954254532287,0.8862000000000001,0
5,4,2,2,11781.37,194.68,3.07,9.9,0,0.77,10.34,0,2025,6,17,5,0.00026058090018393445,102.366,0.016524394022087413,2.2769999999999997,1
6,6,3,0,11532.34,86.21,4.17,8.3,4,0.54,67.99,1,2025,5,9,0,0.0003615918365223363,564.317,0.0074754993349138155,3.818,1
4,0,2,3,3221.97,114.19,4.4,5.9,1,0.883,3.51,0,2024,12,22,3,0.0013656241367858797,20.709,0.03544105004081354,0.6903,0
1,2,3,4,1781.58,288.18,3.29,6.6,4,0.792,10.15,1,2025,5,2,0,0.001846675422939189,66.99,0.16175529586097734,1.3727999999999996,0
0,8,0,0,10634.76,212.3,3.72,6.5,1,0.543,1.15,0,2024,4,9,5,0.00034979632826692843,7.475,0.01996283884168519,2.9705,0
7,1,2,1,5841.03,257.95,1.48,0.6,3,0.924,3.71,0,2025,3,24,1,0.00025337996894383356,2.226,0.04416173174936612,0.045599999999999974,0
4,1,0,2,6769.02,86.17,1.73,2.2,3,0.774,0.6,0,2025,12,14,3,0.000255576139529799,1.32,0.01273005545854496,0.4972,0
1,2,1,0,951.66,331.79,3.62,9.6,2,0.961,6.6,1,2025,4,8,5,0.0038038795368093648,63.35999999999999,0.348643423071265,0.37440000000000034,1
2,4,3,2,4263.86,426.42,2.62,5.3,2,0.958,60.24,1,2024,11,22,0,0.0006144667038786453,319.272,0.10000797399539385,0.2226000000000002,0
3,0,0,4,988.31,129.71,2.67,3.8,0,0.96,0.5,0,2024,3,9,2,0.002701581487589926,1.9,0.13124424522670014,0.15200000000000014,0
5,1,3,3,13248.19,246.27,2.22,7.6,4,0.539,76.19,1,2024,11,3,3,0.00016757006051392682,579.044,0.0185889544156598,3.5035999999999996,1
6,4,3,3,4029.25,487.79,3.2,5.2,1,0.56,10.0,0,2024,2,15,4,0.0007941924675808153,52.0,0.12106223242538934,2.288,0
3,1,1,3,8581.39,167.29,1.81,0.1,2,0.994,47.99,1,2025,12,28,3,0.00021092154068280314,4.799,0.01949451079603654,0.0006000000000000006,0
2,3,1,0,1065.2,297.93,3.27,7.4,4,0.744,3.33,1,2024,4,27,2,0.003069846038302666,24.642000000000003,0.27969395418700715,1.8944,1
0,1,3,2,10169.29,46.01,1.77,7.3,3,0.619,23.91,1,2024,1,24,6,0.00017405344915918415,174.543,0.00452440632531868,2.7813,1
2,7,0,3,5183.9,303.4,1.41,1.7,4,0.885,0.5,1,2024,12,17,5,0.0002719959875769209,0.85,0.05852736356797006,0.19549999999999998,0
4,3,1,3,13519.83,45.73,2.29,9.6,1,0.632,21.31,0,2025,10,25,2,0.00016938082801336998,204.576,0.0033824389803717944,3.5328,1
5,2,2,1,13377.71,479.66,1.96,2.2,4,0.864,26.63,0,2024,4,21,3,0.00014651237020386898,58.586000000000006,0.03585516504693255,0.2992,0
0,2,0,3,5216.71,358.12,4.13,4.6,4,0.919,0.78,0,2025,11,24,1,0.0007916867144234584,3.5879999999999996,0.06864863103373582,0.37259999999999976,0
4,6,0,4,13563.93,394.29,1.38,1.1,3,0.892,1.28,0,2024,6,17,1,0.00010174042478839097,1.4080000000000001,0.029069008760735274,0.11879999999999999,0
5,3,3,2,14944.29,352.35,1.78,6.0,0,0.637,26.9,0,2024,9,6,0,0.00011910903763243352,161.39999999999998,0.023577567084150534,2.178,0
0,2,2,0,12468.53,295.27,3.01,3.8,3,0.701,10.94,0,2025,6,12,4,0.00024140776819721327,41.571999999999996,0.023681219839066833,1.1362,0
0,1,1,0,12750.63,225.51,2.79,3.5,4,0.707,30.76,1,2024,6,27,4,0.00021881271748925348,107.66000000000001,0.017686184917921705,1.0255,0
0,1,0,1,4110.63,429.33,1.35,8.3,2,0.746,2.1,1,2025,7,19,2,0.00032841681202151496,17.430000000000003,0.10444384437422001,2.1082,1
1,7,1,4,8862.18,478.46,1.22,0.1,4,0.584,19.02,1,2024,6,12,6,0.00013766364483682345,1.9020000000000001,0.05398897336772667,0.041600000000000005,0
2,5,2,4,1475.21,250.02,4.46,8.0,4,0.726,4.43,1,2024,12,4,6,0.0030232983778580675,35.44,0.16948095525382828,2.192,1
7,3,1,1,1876.31,465.84,3.37,5.7,0,0.755,1.66,0,2025,7,27,3,0.0017960784731734095,9.462,0.24827453885551962,1.3965,0
1,7,0,2,14983.94,292.08,2.41,9.9,0,0.766,0.5,1,2025,3,12,6,0.00016083887148507002,4.95,0.019492870366539107,2.3165999999999998,1
5,2,1,2,5236.27,269.65,2.75,5.9,3,0.91,5.55,0,2025,4,18,0,0.0005251830024043833,32.745,0.05149658058121524,0.5309999999999998,0
7,0,0,1,11348.67,227.79,2.08,0.6,3,0.759,0.75,0,2024,8,25,3,0.00018328138892046382,0.44999999999999996,0.020071955568361756,0.14459999999999998,0
6,8,2,4,12196.64,105.43,2.34,0.5,2,0.615,59.43,1,2025,2,18,5,0.00019185611775046242,29.715,0.008644183971979169,0.1925,0
6,6,3,4,12941.34,2.86,3.34,8.8,1,0.832,39.03,1,2025,10,6,1,0.0002580876478015414,343.46400000000006,0.00022099720739892468,1.4784000000000004,1
2,7,2,4,14965.61,121.51,4.11,8.4,3,0.899,14.95,0,2024,7,7,3,0.0002746296342080276,125.58,0.00811928147265631,0.8483999999999998,1
2,4,1,2,4001.7,255.35,1.81,3.5,4,0.66,10.2,1,2024,7,9,5,0.00045230776919809085,35.699999999999996,0.06381038058824999,1.19,0
0,1,2,1,1085.09,190.6,3.97,6.2,0,0.823,0.5,0,2025,10,17,0,0.0036586826899151228,3.1,0.1756536324175875,1.0974000000000004,0
5,7,3,4,6462.28,224.79,1.6,4.9,2,0.573,90.0,1,2025,11,4,5,0.0002475906336463292,441.00000000000006,0.034784936585848955,2.0923000000000003,0
0,7,2,3,2386.17,490.34,1.91,9.7,1,0.671,3.94,0,2025,3,18,5,0.0008004459028484978,38.217999999999996,0.20549248377106408,3.1912999999999996,1
7,3,2,1,825.18,175.79,1.32,9.5,1,0.955,0.63,1,2025,2,9,3,0.0015996509852395843,5.985,0.21303230810247462,0.4275000000000004,1
0,6,0,1,5726.19,226.64,1.66,9.8,4,0.956,0.88,1,2024,1,30,5,0.00028989607400383154,8.624,0.03957954591098095,0.4312000000000004,1
7,2,0,4,11864.2,67.62,4.23,8.7,1,0.788,1.53,1,2025,9,20,2,0.00035653478532054415,13.311,0.005699499334131252,1.8443999999999996,1
5,3,1,4,8709.62,24.93,2.72,9.1,1,0.851,12.6,0,2024,7,21,3,0.00031229835515211916,114.66,0.0028623522036552683,1.3559,1
7,1,1,1,5035.28,387.93,1.46,2.2,4,0.927,11.38,0,2025,4,5,2,0.00028995408398341303,25.036000000000005,0.07704238890389413,0.1605999999999999,0
3,0,0,4,9987.96,285.77,4.37,8.3,0,0.979,1.29,0,2025,8,29,0,0.00043752678224582404,10.707,0.02861144818361307,0.17430000000000018,1
0,7,1,0,3864.26,380.59,4.1,7.1,3,0.745,4.73,0,2025,3,15,2,0.001061005211864626,33.583,0.09848974965452634,1.8105,1
0,6,0,3,708.53,75.78,3.69,9.6,0,0.781,1.04,0,2025,2,2,3,0.005207965788322301,9.984,0.10695383399432629,2.1024,1
3,0,1,1,11583.12,286.34,4.28,5.7,3,0.708,12.5,0,2024,1,5,0,0.0003695032081166387,71.25,0.02472045528320521,1.6644000000000003,0
2,4,0,1,9544.27,127.57,1.93,0.9,4,0.536,1.25,0,2025,12,22,1,0.0002022155701798042,1.125,0.013366134864164571,0.41759999999999997,0
2,6,2,3,11553.39,114.8,3.96,6.0,0,0.711,8.96,0,2024,8,7,6,0.00034275654158649543,53.760000000000005,0.009936477518719615,1.7340000000000002,0
7,4,1,3,1064.6,6.75,3.48,6.9,2,0.895,7.87,1,2024,7,29,1,0.0032688333646439982,54.303000000000004,0.006340409543490513,0.7244999999999999,0
3,8,2,2,12638.23,66.04,4.07,2.2,3,0.902,9.95,1,2024,10,12,2,0.0003220387665044868,21.89,0.005225415267802533,0.21559999999999996,0
5,4,0,2,9483.13,155.32,3.83,3.9,0,0.946,0.58,0,2025,12,21,3,0.0004038750918736747,2.262,0.016378558556088548,0.21060000000000018,0
0,2,3,1,8669.23,59.32,2.34,6.0,3,0.526,18.31,0,2024,3,5,5,0.0002699201659201567,109.85999999999999,0.006842591556574229,2.844,0
1,6,1,1,9556.9,492.94,3.76,3.7,4,0.764,23.78,1,2025,8,14,4,0.0003934330169824943,87.986,0.05157948707216776,0.8732,0
4,8,1,0,13034.28,155.01,2.07,3.7,2,0.554,85.28,1,2024,4,14,3,0.00015881199421832274,315.536,0.011892486581537298,1.6502,0
1,2,3,4,9010.58,66.03,2.28,1.3,4,0.6,39.68,1,2025,7,3,4,0.0002530358756040121,51.584,0.007328052134268827,0.52,0
2,4,2,0,8923.78,100.34,1.56,9.4,3,0.95,9.31,0,2024,7,10,6,0.0001748138120841168,87.51400000000001,0.011244114041359155,0.4700000000000004,1
0,6,2,4,14864.85,294.26,4.29,7.5,4,0.748,35.38,1,2025,1,9,4,0.0002886002886002886,265.35,0.019795692522965248,1.8900000000000001,1
4,2,1,0,11472.59,32.96,2.16,0.0,1,0.879,12.34,0,2024,11,29,0,0.0001882748359350417,0.0,0.002872934533527303,0.0,0
3,6,3,4,6913.26,431.35,2.92,7.7,4,0.532,38.81,1,2024,7,20,2,0.00042237670794965037,298.83700000000005,0.06239458663495948,3.6035999999999997,1
6,5,2,1,10757.26,480.79,2.49,7.4,2,0.708,70.51,1,2025,4,13,3,0.00023147158291237732,521.7740000000001,0.04469446680660317,2.1608000000000005,1
7,6,1,0,6143.84,124.13,4.37,0.1,0,0.837,3.64,0,2024,4,26,0,0.0007112815437902029,0.36400000000000005,0.020203976666059012,0.016300000000000005,0
2,4,2,3,3818.69,225.6,2.31,3.7,4,0.567,7.88,1,2024,9,25,6,0.0006049194880967033,29.156000000000002,0.059077851305028684,1.6021000000000003,0
0,6,1,2,9154.35,12.05,3.77,6.1,3,0.663,10.2,0,2025,11,17,1,0.00041182607175823516,62.21999999999999,0.0013163141020389214,2.0557,0
5,0,1,3,13958.64,320.71,4.02,4.5,2,0.532,96.2,1,2025,5,16,0,0.00028799367273602585,432.90000000000003,0.022975734025664392,2.106,0
3,4,3,3,13972.52,207.55,2.64,7.8,2,0.826,215.7,1,2025,6,24,5,0.00018894229530535652,1682.4599999999998,0.014854156587358615,1.3572000000000004,1
4,3,1,1,5457.63,135.76,2.45,4.3,2,0.985,35.78,1,2025,10,16,4,0.0004489128064746053,153.85399999999998,0.02487526637020098,0.06450000000000006,0
6,8,2,1,8151.32,104.21,3.67,1.5,4,0.914,16.15,1,2024,11,16,2,0.0004502338271592822,24.224999999999998,0.012784432460018745,0.12899999999999995,0
3,0,0,4,3568.72,327.36,4.21,9.8,3,0.987,0.5,1,2025,9,3,6,0.0011796946804456501,4.9,0.09173036831132732,0.12740000000000012,1
2,3,0,2,14936.65,208.69,3.69,2.4,0,0.923,0.91,0,2025,2,1,2,0.00024704334639962774,2.184,0.013971673701934504,0.18479999999999988,0
5,0,0,1,14726.21,90.65,1.95,7.2,1,0.928,1.84,0,2025,9,17,6,0.00013241696268082555,13.248000000000001,0.0061556911112906855,0.5183999999999996,1
7,0,3,0,9917.88,344.87,4.13,1.4,2,0.789,116.97,1,2025,2,5,6,0.0004164196380678129,163.75799999999998,0.03477255219865536,0.29539999999999994,0
7,1,3,2,12164.0,282.97,2.48,3.3,2,0.759,157.39,1,2025,8,24,3,0.00020388030253206183,519.387,0.023262906938507074,0.7952999999999999,0
3,1,1,3,10868.95,429.48,3.1,4.4,4,0.703,27.44,1,2024,4,26,0,0.00028521614323370704,120.73600000000002,0.03951439651484274,1.3068000000000002,0
4,2,1,3,9100.79,59.62,3.94,1.9,4,0.909,21.39,0,2024,12,22,3,0.00043292944898190155,40.641,0.006551079631548469,0.17289999999999994,0
3,6,3,1,1273.55,393.05,1.82,4.5,2,0.591,17.7,1,2024,12,26,4,0.001429076204310785,79.64999999999999,0.308625495661733,1.8405,0
0,3,3,0,7094.08,337.08,3.79,1.6,2,0.528,84.2,1,2025,4,13,3,0.0005342482746177094,134.72,0.04751567504172493,0.7552,0
6,8,2,3,10284.4,58.39,3.17,5.6,0,0.974,8.46,0,2025,9,24,6,0.00030823382987826223,47.376000000000005,0.005677531017852282,0.14560000000000012,0
7,7,1,4,10324.21,347.72,4.15,6.6,2,0.502,76.62,1,2024,6,25,5,0.00040196780189476975,505.692,0.03368005881321671,3.2868,0
2,3,3,2,5910.28,221.33,1.77,0.6,2,0.988,66.95,1,2025,11,20,4,0.00029947819731044895,40.17,0.03744831040153766,0.007200000000000006,0
3,5,3,1,14154.53,472.55,2.59,8.7,4,0.864,84.69,1,2025,12,23,5,0.0001829802897023073,736.8029999999999,0.03338507177560823,1.1832,1
2,4,0,2,2926.68,71.66,3.95,1.9,0,0.664,0.68,0,2024,10,31,4,0.0013496521655937787,1.292,0.02448508207251903,0.6383999999999999,0
6,5,3,2,7755.21,321.77,1.26,2.3,3,0.849,13.77,0,2025,9,21,3,0.00016247142243730345,31.670999999999996,0.04149081714099295,0.34730000000000005,0
7,5,3,0,10517.82,191.61,1.57,6.6,2,0.909,156.2,1,2025,8,27,6,0.00014927047620134212,1030.9199999999998,0.018217653468114117,0.6005999999999998,0
6,0,3,0,10608.47,478.45,4.47,4.7,1,0.623,26.52,1,2024,3,27,6,0.0004213614215810574,124.644,0.045100754397193944,1.7719,0
1,6,2,0,9905.26,165.66,2.13,5.0,4,0.885,21.71,0,2025,11,19,6,0.00021503726302994568,108.55000000000001,0.01672444741480789,0.575,0
3,6,2,0,4491.68,481.13,4.42,1.3,4,0.902,8.06,1,2024,5,17,0,0.000984041605813415,10.478000000000002,0.10711582303280731,0.12739999999999999,0
7,1,3,2,2765.0,450.84,1.8,8.1,2,0.625,43.79,1,2024,11,16,2,0.000650994575045208,354.69899999999996,0.1630524412296564,3.0374999999999996,1
1,6,3,1,9721.13,135.92,2.39,6.2,0,0.521,17.42,1,2024,4,30,5,0.00024585619161558383,108.00400000000002,0.013981913625267845,2.9697999999999998,0
2,4,0,4,9189.88,401.97,3.68,1.4,1,0.602,0.5,1,2024,9,1,3,0.00040044048453298633,0.7,0.043740505860794705,0.5572,0
4,0,1,3,3100.66,497.81,3.37,3.7,1,0.6,4.06,1,2024,11,8,0,0.0010868653770487575,15.021999999999998,0.160549689420962,1.4800000000000002,0
4,6,1,3,10724.52,127.08,3.12,8.1,4,0.533,31.73,1,2024,4,29,1,0.0002909221111993824,257.013,0.011849481375390226,3.7826999999999997,1
2,0,2,1,7099.99,218.95,2.95,5.7,2,0.863,43.75,1,2024,7,6,2,0.0004154935429486521,249.375,0.03083807160291775,0.7809,0
3,0,2,2,10182.53,260.57,3.98,1.1,3,0.69,7.53,0,2025,1,17,0,0.0003908655314543635,8.283000000000001,0.025589907419865197,0.3410000000000001,0
3,4,3,1,12641.82,148.17,1.98,3.7,3,0.942,25.12,0,2025,12,11,4,0.0001566230178882471,92.944,0.011720622505303825,0.2146000000000002,0
5,4,0,0,2961.06,8.62,2.66,2.4,2,0.626,1.06,1,2024,5,24,0,0.0008983269504839483,2.544,0.0029111196666058775,0.8976,0
0,2,0,2,777.6,110.84,1.71,5.2,3,0.727,0.9,0,2025,6,7,2,0.0021990740740740738,4.680000000000001,0.1425411522633745,1.4196000000000002,0
4,7,3,1,11796.99,141.69,3.17,8.4,0,0.82,23.87,1,2025,2,1,2,0.00026871261228499815,200.508,0.012010690862669206,1.5120000000000005,1
6,4,2,4,9340.61,222.36,2.03,4.4,2,0.939,54.72,1,2025,3,4,5,0.00021733055978142752,240.768,0.023805725750245435,0.26840000000000025,0
2,3,1,4,10644.77,86.38,2.3,4.3,3,0.762,11.19,0,2025,9,2,5,0.00021606854821663594,48.117,0.00811478312824044,1.0233999999999999,0
4,6,0,0,12653.25,436.75,2.76,9.1,4,0.687,3.13,1,2024,5,21,5,0.0002181257779621836,28.482999999999997,0.03451682374093612,2.848299999999999,1
2,0,1,3,12140.76,352.75,1.29,5.8,2,0.934,86.26,1,2025,8,11,1,0.00010625364474711633,500.308,0.029055017972515723,0.3827999999999997,0
1,7,1,4,14433.34,43.52,1.5,5.7,2,0.655,103.2,1,2025,1,27,1,0.00010392604899489654,588.24,0.0030152411015052652,1.9665,0
6,6,3,0,8271.06,325.4,3.46,2.6,0,0.54,13.05,0,2025,3,9,3,0.0004183260670337297,33.93,0.03934199485918371,1.196,0
5,4,0,2,7583.19,327.17,2.62,6.1,2,0.723,4.75,1,2024,7,9,5,0.00034550103584375446,28.974999999999998,0.043144112174427915,1.6897,0
0,1,3,2,6327.36,478.15,4.05,5.8,0,0.893,11.72,0,2025,5,13,5,0.0006400773782430587,67.976,0.0755686415819552,0.6205999999999999,0
0,6,3,2,2728.52,2.51,3.49,4.0,0,0.515,4.82,0,2025,10,12,3,0.0012790816999692142,19.28,0.0009199126266254233,1.94,0
6,3,0,2,8802.8,124.72,1.23,9.9,3,0.793,0.5,1,2025,7,4,0,0.0001397282682782751,4.95,0.014168219202980871,2.0492999999999997,1
6,2,0,3,4516.68,463.97,3.24,8.8,2,0.797,2.67,1,2025,12,11,4,0.0007173410558197614,23.496000000000002,0.1027236819965107,1.7863999999999998,1
7,5,2,2,13858.96,466.13,1.51,7.5,0,0.964,11.06,1,2025,10,22,6,0.00010895478448599319,82.95,0.03363383688242119,0.27000000000000024,1
0,7,1,3,8956.27,360.57,3.78,5.4,4,0.643,23.8,1,2024,6,26,6,0.00042205069744436017,128.52,0.04025894708399814,1.9278,0
5,3,1,3,9096.18,383.12,4.47,4.6,1,0.639,11.46,1,2025,7,22,5,0.0004914150775380434,52.716,0.04211877953162756,1.6605999999999999,0
1,7,3,0,5646.41,46.65,2.95,1.8,3,0.72,10.14,1,2024,6,19,6,0.0005224558613349013,18.252000000000002,0.008261886756363778,0.5040000000000001,0
4,1,3,4,1253.85,257.42,3.45,3.1,4,0.678,6.25,1,2025,5,16,0,0.0027515253020696257,19.375,0.20530366471268496,0.9981999999999999,0
1,4,0,2,960.28,116.56,1.98,7.7,3,0.868,0.5,0,2024,10,22,5,0.0020618986129045695,3.85,0.1213812637980589,1.0164,1
6,1,2,1,6638.36,91.43,2.64,4.5,2,0.821,38.84,1,2024,5,23,4,0.000397688585735031,174.78000000000003,0.013772980073391623,0.8055000000000002,0
2,3,3,0,1726.2,405.34,4.03,8.8,3,0.879,3.39,0,2024,7,10,6,0.0023346078090603637,29.832000000000004,0.23481635963387787,1.0648,1
0,7,3,3,9299.28,68.38,1.75,1.5,4,0.91,41.2,1,2024,11,18,1,0.00018818661229686598,61.800000000000004,0.007353257456491254,0.13499999999999995,0
0,1,1,1,13274.11,234.86,2.08,5.1,3,0.961,14.2,0,2025,4,6,3,0.00015669600447788966,72.41999999999999,0.017693088274844792,0.19890000000000016,0
3,6,3,3,13302.26,469.35,2.67,6.5,0,0.715,23.84,0,2025,9,26,0,0.00020071777276943917,154.96,0.03528347814581883,1.8525000000000003,0
1,7,1,2,10056.16,93.73,3.55,5.2,2,0.992,70.93,1,2024,2,24,2,0.000353017453978457,368.83600000000007,0.009320655200394585,0.04160000000000004,0
0,2,0,1,3562.86,489.02,2.44,8.9,4,0.608,1.29,1,2025,1,2,4,0.0006848430755067558,11.481000000000002,0.1372549019607843,3.4888000000000003,1
1,3,0,4,13013.45,497.15,4.26,9.9,2,0.857,7.97,1,2024,1,10,6,0.00032735362259815804,78.903,0.03820278250579208,1.4157000000000002,1
1,8,1,0,13348.35,278.25,1.51,1.2,1,0.767,16.21,0,2025,5,11,3,0.0001131225956766192,19.452,0.020845273011271055,0.27959999999999996,0
0,5,1,1,3351.48,85.9,2.42,1.3,3,0.908,3.6,0,2024,5,19,3,0.0007220690560588158,4.680000000000001,0.025630467733657968,0.11959999999999997,0
5,3,2,3,11192.68,158.74,3.54,1.3,0,0.738,6.62,0,2024,7,18,4,0.0003162781389265127,8.606,0.014182483551749895,0.3406,0
5,7,1,0,4654.53,212.82,1.95,6.8,2,0.892,35.04,1,2025,1,28,5,0.0004189467035339766,238.272,0.04572319869030815,0.7343999999999998,0
5,1,3,2,12138.28,155.35,3.37,3.7,0,0.965,20.03,0,2025,7,29,5,0.00027763406347522054,74.111,0.01279835363824199,0.12950000000000012,0
1,0,2,4,14959.95,141.04,1.74,7.3,3,0.866,14.22,0,2025,6,1,3,0.00011631054916627394,103.806,0.00942783899678809,0.9782000000000001,1
1,6,1,2,935.38,486.14,1.38,4.1,0,0.888,0.5,0,2025,10,30,4,0.001475336226987962,2.05,0.5197246039042955,0.4591999999999999,0
5,1,3,1,13511.81,77.53,1.6,6.3,2,0.534,197.74,1,2025,5,21,6,0.00011841492738574626,1245.762,0.005737943325135567,2.9357999999999995,0
6,3,2,3,9528.14,366.93,4.27,7.7,4,0.602,23.26,1,2025,2,22,2,0.0004481462279101692,179.102,0.038510139439596816,3.0646000000000004,1
4,5,3,2,14614.05,1.2,3.02,5.5,3,0.987,30.98,0,2025,12,2,5,0.00020665044939630016,170.39000000000001,8.211276134952324e-05,0.07150000000000006,0
1,7,2,4,7242.64,298.5,3.83,5.4,1,0.847,7.75,1,2025,5,18,3,0.0005288126981321728,41.85,0.04121425336617587,0.8262000000000002,0
1,7,0,2,12787.12,458.06,2.3,0.9,3,0.781,0.5,0,2025,3,1,2,0.00017986849267074992,0.45,0.03582198337076683,0.19709999999999997,0
7,2,0,1,1404.71,144.68,3.16,4.1,4,0.683,0.5,1,2025,12,28,3,0.0022495746453004535,2.05,0.10299634800065494,1.2996999999999996,0
5,4,2,0,5361.55,93.58,2.83,5.5,0,0.522,4.26,0,2025,3,30,3,0.0005278324365155599,23.43,0.017453907918419113,2.629,0
2,1,3,1,1471.74,326.19,4.32,4.6,0,0.685,1.22,1,2025,5,15,4,0.002935301072200253,5.611999999999999,0.22163561498634268,1.4489999999999996,0
6,0,1,2,14642.48,356.59,3.67,9.0,4,0.749,44.25,1,2024,6,20,4,0.0002506406018652578,398.25,0.02435311504608509,2.259,1
0,5,1,3,12346.12,344.33,3.61,9.1,1,0.606,18.32,0,2024,3,25,1,0.00029239955548787796,166.712,0.02788973377870942,3.5854,1
6,8,3,1,12861.94,160.34,1.35,8.2,0,0.587,25.91,1,2025,8,1,0,0.00010496083794513114,212.462,0.01246623759712765,3.3866,1
6,5,0,2,14100.5,126.85,3.01,3.8,3,0.754,2.52,0,2024,2,1,4,0.0002134676075316478,9.575999999999999,0.008996134888833728,0.9348,0
2,3,3,2,1734.0,478.0,2.74,7.2,3,0.793,3.75,0,2024,8,13,5,0.001580161476355248,27.0,0.27566320645905423,1.4903999999999997,1
3,5,3,3,6091.17,461.73,4.26,4.0,0,0.62,9.27,0,2024,10,26,2,0.0006993730268569093,37.08,0.07580317081939923,1.52,0
7,3,3,2,1530.01,229.2,2.05,2.3,4,0.794,7.17,1,2024,2,3,2,0.0013398605237874262,16.491,0.14980294246442832,0.4737999999999999,0
5,2,2,1,3556.5,423.25,2.09,3.4,4,0.95,7.34,0,2024,10,8,5,0.0005876564037677491,24.956,0.1190074511457894,0.17000000000000015,0
6,0,1,0,3825.8,226.71,2.56,0.7,4,0.737,9.24,1,2024,8,18,3,0.0006691410946730095,6.468,0.05925819436457734,0.18409999999999999,0
2,3,0,1,7302.05,212.77,2.0,3.3,3,0.929,1.37,0,2025,7,4,0,0.0002738956868276717,4.521,0.029138392643161853,0.23429999999999984,0
3,2,1,3,4394.15,79.22,1.63,4.6,0,0.964,4.19,0,2024,10,22,5,0.00037094773733258995,19.274,0.018028515184961826,0.16560000000000014,0
2,7,3,4,1964.18,213.78,4.03,9.6,0,0.546,3.74,0,2024,6,21,0,0.002051746784917879,35.904,0.108839312079341,4.3584,1
3,8,0,1,2928.62,269.17,3.04,3.1,4,0.548,0.87,1,2025,4,13,3,0.0010380315643545425,2.697,0.09191018295306323,1.4012,0
3,7,3,2,2635.5,12.23,4.04,9.0,3,0.738,6.51,0,2025,8,2,2,0.0015329159552267121,58.589999999999996,0.00464048567634225,2.358,1
1,5,3,0,14609.61,222.61,3.94,2.3,0,0.794,22.73,0,2025,5,22,4,0.0002696855015294727,52.278999999999996,0.015237230836415209,0.4737999999999999,0
7,4,1,1,11509.74,390.9,2.13,1.9,3,0.713,9.73,0,2025,7,16,6,0.0001850606529773913,18.487,0.03396253955345646,0.5453,0
5,1,1,4,14532.54,340.34,3.01,5.2,0,0.663,13.24,1,2025,6,7,2,0.00020712139791117035,68.848,0.023419168294049077,1.7524,0
5,4,0,4,6876.24,317.94,1.47,6.7,4,0.82,1.49,0,2024,4,25,4,0.0002137796237478622,9.983,0.04623747862203763,1.2060000000000004,0
0,5,3,4,4536.34,454.87,4.22,0.4,4,0.501,19.27,0,2025,8,9,2,0.0009302653681161464,7.708,0.10027246634952407,0.1996,0
7,3,0,1,12075.25,10.0,2.53,2.2,0,0.984,0.5,0,2024,4,26,0,0.00020951947164654975,1.1,0.0008281402041365603,0.03520000000000004,0
3,7,2,1,5230.68,278.97,2.5,4.6,1,0.616,5.34,0,2024,10,1,5,0.00047794932972385995,24.563999999999997,0.05333340980522609,1.7664,0
3,1,3,3,4841.06,393.89,2.2,3.3,1,0.959,11.91,0,2025,7,10,4,0.00045444592713166126,39.303,0.08136441192631365,0.13530000000000011,0
4,0,1,4,3871.34,271.13,2.72,7.1,2,0.555,28.3,1,2025,1,10,0,0.0007025991000532115,200.93,0.07003518161670119,3.1594999999999995,1
5,0,3,1,2380.35,162.62,2.03,5.1,0,0.619,4.55,1,2025,7,9,6,0.0008528157623878841,23.205,0.06831768437414666,1.9430999999999998,0
1,8,3,4,4218.71,68.99,2.44,1.6,0,0.617,5.8,0,2024,2,12,1,0.0005783758542303216,9.28,0.01635334023907782,0.6128,0
7,7,1,1,5652.14,443.89,3.84,8.9,0,0.998,4.65,1,2025,3,27,4,0.0006793886917167656,41.385000000000005,0.07853485582451955,0.017800000000000017,1
6,5,3,3,10272.92,235.91,3.95,2.9,2,0.502,131.77,1,2025,7,13,3,0.00038450606059426144,382.13300000000004,0.022964259431592964,1.4442,0
2,7,0,1,1407.19,439.18,2.2,7.3,1,0.82,0.5,0,2024,8,11,3,0.0015633993988018677,3.65,0.31209715816627465,1.3140000000000003,1
6,5,1,3,3552.35,293.34,2.75,7.8,4,0.935,9.93,1,2025,3,11,5,0.0007741354314749391,77.454,0.08257632271594859,0.5069999999999996,1
7,4,0,1,12230.84,337.42,4.08,9.6,2,0.836,8.12,1,2024,4,14,3,0.00033358297549473297,77.95199999999998,0.027587639115547256,1.5744000000000002,1
0,2,1,3,2630.37,402.33,1.37,5.0,2,0.681,19.18,1,2025,10,31,0,0.0005208392735622746,95.9,0.15295566783380285,1.5949999999999998,0
1,0,1,0,5468.35,329.92,4.13,6.2,4,0.979,14.13,1,2024,9,10,5,0.0007552552415262373,87.60600000000001,0.0603326414732049,0.13020000000000012,0
3,0,0,3,13037.55,199.63,1.92,3.3,4,0.947,1.9,1,2024,10,31,4,0.00014726693282096713,6.27,0.015311925937005037,0.17490000000000014,0
1,8,1,1,2746.42,257.3,3.44,6.8,4,0.717,7.22,1,2024,2,3,2,0.0012525396698247172,49.096,0.09368559797845923,1.9244,0
2,5,1,4,1699.68,401.72,3.12,4.6,1,0.787,2.65,1,2025,4,5,2,0.001835639649816436,12.19,0.23635037183469831,0.9797999999999998,0
0,1,0,0,7525.8,187.45,3.02,4.4,1,0.984,1.54,0,2024,9,26,4,0.00040128624199420657,6.776000000000001,0.024907651013845702,0.07040000000000007,0
1,5,3,0,4885.08,194.67,4.04,8.6,1,0.991,13.99,1,2024,12,22,3,0.0008270079507398037,120.314,0.03984991033923702,0.07740000000000007,1
5,8,1,3,8669.42,48.75,1.54,0.5,3,0.725,8.11,0,2024,3,30,2,0.00017763587414152275,4.055,0.00562321354831119,0.1375,0
5,0,2,3,12155.17,457.38,2.35,8.8,4,0.924,30.92,1,2025,3,25,5,0.00019333337172577596,272.09600000000006,0.03762843300422783,0.6687999999999996,1
1,0,3,2,2488.65,46.43,2.98,8.5,4,0.651,14.96,1,2024,4,30,5,0.0011974363610793,127.16000000000001,0.01865670142446708,2.9665,1
1,8,3,0,8920.14,324.46,3.88,5.1,4,0.686,45.94,1,2024,8,30,0,0.0004349707515801322,234.29399999999998,0.036373868571569504,1.6013999999999997,0
1,4,3,4,7829.88,207.18,1.91,4.9,0,0.582,13.48,0,2024,8,2,0,0.0002439373272642748,66.052,0.02646017563487563,2.0482000000000005,0
5,5,2,2,2589.14,203.4,3.85,3.6,2,0.605,14.5,1,2025,8,25,1,0.0014869802328186194,52.2,0.07855890372865122,1.4220000000000002,0
2,8,2,4,9547.98,340.1,2.52,9.9,3,0.828,10.05,1,2025,12,6,2,0.0002639301716174521,99.495,0.0356200997488474,1.7028000000000005,1
6,2,3,0,4467.79,34.48,1.82,1.1,2,0.755,52.59,1,2024,12,25,6,0.0004073602385071814,57.84900000000001,0.007717462100949238,0.2695,0
0,7,3,3,7573.6,297.26,3.7,5.9,2,0.616,108.48,1,2025,12,28,3,0.0004885391359459174,640.032,0.03924949825710362,2.2656,0
0,3,2,1,1692.95,386.24,1.5,6.8,0,0.701,0.91,1,2025,9,16,5,0.0008860273487108302,6.188,0.22814613544404738,2.0332000000000003,0
4,0,2,4,7163.97,414.28,2.9,9.3,3,0.687,7.73,1,2025,10,9,4,0.00040480348186829366,71.88900000000001,0.057828271195998864,2.9109,1
0,8,3,3,4943.72,86.09,1.41,7.8,1,0.994,14.99,1,2025,3,14,0,0.0002852103274457291,116.922,0.017414012120427532,0.04680000000000004,1
2,1,3,2,12424.53,448.81,2.38,6.4,2,0.927,182.48,1,2024,6,18,5,0.00019155654177663056,1167.872,0.036122895594441,0.4671999999999997,0
7,3,2,1,1326.19,328.42,3.18,1.2,2,0.694,6.94,1,2025,9,22,1,0.0023978464624224284,8.328,0.2476417406254006,0.3672,0
1,2,2,1,6569.81,441.05,3.04,3.7,4,0.957,14.3,1,2024,5,22,6,0.0004627226662567106,52.910000000000004,0.06713283945806651,0.15910000000000016,0
3,2,2,4,7147.26,243.16,2.54,1.4,4,0.671,14.06,0,2024,7,30,5,0.00035538094318661976,19.684,0.034021429191046636,0.4605999999999999,0
6,2,1,4,11012.59,271.47,2.62,8.8,3,0.834,12.74,0,2024,7,30,5,0.00023790951992219814,112.11200000000001,0.024650876860030205,1.4608000000000005,1
5,4,3,2,8827.17,459.6,1.95,7.5,0,0.983,16.47,0,2024,3,1,0,0.0002209088530072492,123.52499999999999,0.052066517354939355,0.1275000000000001,1
7,3,0,1,10174.58,450.05,2.7,7.6,1,0.695,0.75,1,2025,8,6,6,0.00026536721908914176,5.699999999999999,0.044232784055951206,2.318,1
3,1,2,3,11767.21,224.63,4.35,6.5,4,0.84,28.83,1,2024,12,25,6,0.00036967131546050425,187.39499999999998,0.019089486802734038,1.0400000000000003,0
6,8,1,2,13001.94,137.93,4.01,5.1,0,0.648,11.57,1,2025,6,29,3,0.0003084155133772344,59.007,0.010608416897786023,1.7951999999999997,0
6,2,0,0,5051.19,197.19,1.68,1.5,2,0.633,2.49,1,2024,10,14,1,0.0003325948934805462,3.7350000000000003,0.03903832562227911,0.5505,0
4,1,0,2,8301.33,194.49,1.3,3.3,0,0.787,0.69,0,2025,9,3,6,0.0001566014120628863,2.2769999999999997,0.02342877587085443,0.7028999999999999,0
7,3,0,0,12681.57,144.15,4.28,1.4,0,0.99,0.5,0,2025,7,5,2,0.00033749764421913065,0.7,0.01136688911546441,0.01400000000000001,0
4,6,1,0,14847.04,135.02,2.94,7.2,1,0.727,22.04,0,2024,6,21,0,0.00019801926848718666,158.688,0.009094068582020389,1.9656000000000002,1
1,4,1,0,13398.03,430.67,2.97,1.6,0,0.969,10.29,0,2024,11,27,6,0.0002216743804872806,16.464,0.03214427792742664,0.04960000000000005,0
7,2,1,0,5886.28,35.86,3.78,7.0,1,0.957,8.65,1,2025,12,21,3,0.0006421712864491666,60.550000000000004,0.006092132892081247,0.30100000000000027,1
6,0,0,4,3329.91,339.13,2.24,6.9,1,0.627,0.5,1,2024,10,26,2,0.0006726908535065513,3.45,0.1018435933703914,2.5737,0
5,2,3,3,7596.19,87.24,2.79,4.6,2,0.701,104.18,1,2024,10,23,6,0.0003672893911289739,479.228,0.011484704832290926,1.3754000000000002,0
7,6,3,1,11253.8,172.91,4.4,1.4,0,0.822,16.51,0,2025,8,9,2,0.0003909790470774317,23.114,0.015364587961399705,0.24920000000000006,0
3,1,2,0,7642.25,31.71,3.42,3.1,0,0.759,4.6,1,2024,9,30,1,0.00044751218554745,14.26,0.004149301580032059,0.7471,0
4,7,2,0,7506.12,135.72,1.71,3.2,0,0.548,4.71,0,2025,6,10,5,0.00022781410369138782,15.072000000000001,0.01808124570350594,1.4464,0
4,2,2,4,12654.34,384.44,1.64,7.0,2,0.997,80.73,1,2025,11,26,6,0.00012959980528419498,565.11,0.030380090941131657,0.02100000000000002,1
1,2,2,4,5740.35,442.62,1.87,1.1,3,0.876,3.69,0,2024,4,7,3,0.00032576410846028555,4.059,0.07710679662389923,0.13640000000000002,0
6,4,0,0,12967.02,111.54,3.73,8.3,3,0.719,1.18,1,2024,5,18,2,0.00028765283002571136,9.794,0.008601822161144195,2.3323000000000005,1
2,5,1,0,6398.67,232.31,2.17,7.6,4,0.809,18.21,1,2025,2,25,5,0.00033913297607158984,138.396,0.036305982336954395,1.4515999999999996,1
0,3,1,0,5259.38,235.69,1.27,1.9,3,0.544,4.96,0,2024,3,1,0,0.00024147332955595528,9.424,0.04481326696302606,0.8663999999999998,0
7,7,3,3,7082.85,436.91,4.32,7.2,0,0.748,14.21,1,2024,10,10,4,0.0006099239712827464,102.31200000000001,0.0616856209011909,1.8144,1
1,7,0,4,11555.48,381.64,1.76,6.7,1,0.965,1.14,1,2025,11,2,3,0.0001523086881721919,7.638,0.03302675440570188,0.2345000000000002,0
7,0,0,1,2327.03,257.03,1.23,7.5,2,0.948,0.5,1,2024,5,9,4,0.0005285707532777833,3.75,0.11045409814226716,0.39000000000000035,1
2,5,1,1,3348.08,335.7,1.98,1.9,3,0.669,2.93,0,2025,12,19,0,0.0005913837184296671,5.567,0.10026642135193901,0.6288999999999999,0
0,1,3,4,14295.95,423.83,1.98,1.6,1,0.766,32.73,1,2024,5,15,6,0.00013850076420244894,52.367999999999995,0.02964685802622421,0.3744,0
5,5,3,1,3044.63,5.76,2.59,2.4,2,0.849,37.79,1,2024,9,12,4,0.0008506780791097768,90.696,0.001891855496398577,0.36240000000000006,0
0,5,2,4,8732.05,202.04,4.24,3.7,3,0.67,8.14,0,2024,5,29,6,0.0004855675356874961,30.118000000000002,0.023137751158090025,1.2209999999999999,0
7,4,0,1,8900.06,453.71,4.1,7.9,3,0.532,1.0,0,2025,12,29,1,0.00046067105165583153,7.9,0.05097830801140667,3.6972,1
2,3,2,4,7599.55,370.42,2.71,7.4,0,0.753,5.27,1,2024,11,25,1,0.00035660006184576716,38.998,0.0487423597449849,1.8278,1
0,1,1,4,9848.81,271.88,2.56,9.3,1,0.801,15.06,0,2024,9,10,5,0.00025992987985350516,140.05800000000002,0.027605365521316788,1.8506999999999998,1
3,2,1,2,3832.49,265.29,3.03,0.6,4,0.503,8.37,0,2025,11,23,3,0.0007906087165263315,5.021999999999999,0.06922131564596386,0.29819999999999997,0
6,2,0,0,8513.6,174.54,2.0,0.1,1,0.548,1.21,0,2025,2,6,4,0.00023491824844953956,0.121,0.020501315542191315,0.0452,0
6,1,2,0,5896.51,260.74,1.37,7.0,3,0.604,6.59,0,2025,5,16,0,0.00023234082533566465,46.129999999999995,0.044219377224833,2.7720000000000002,1
6,2,0,4,10094.18,328.04,4.3,2.8,1,0.674,1.35,1,2024,5,25,2,0.0004259880445959949,3.78,0.032497934453318646,0.9127999999999998,0
5,5,1,3,2547.74,209.76,1.82,3.3,2,0.771,16.74,1,2025,8,14,4,0.0007143586080212267,55.24199999999999,0.08233179209809478,0.7556999999999999,0
3,6,3,0,8777.72,357.36,1.85,5.5,2,0.647,124.53,1,2025,10,9,4,0.00021076088095769747,684.915,0.04071216671299609,1.9415,0
5,2,2,0,3186.42,430.75,2.76,1.0,1,0.638,2.91,1,2024,10,2,6,0.0008661758336942398,2.91,0.13518305810282386,0.362,0
5,8,1,0,4540.32,78.19,2.82,6.4,3,0.935,4.27,1,2025,10,4,2,0.000621101596363252,27.328,0.01722125312753286,0.4159999999999997,0
3,7,0,2,3671.29,226.32,1.26,3.3,0,0.573,0.5,1,2025,2,28,0,0.00034320361507807884,1.65,0.06164590647973873,1.4091,0
6,4,3,2,3151.15,204.6,1.69,6.3,2,0.748,46.27,1,2025,1,19,3,0.0005363121400123764,291.50100000000003,0.06492867683226758,1.5876,0
5,3,0,3,12472.81,344.04,2.45,8.3,3,0.976,0.5,0,2025,4,7,1,0.0001964272685946471,4.15,0.027583198974409136,0.19920000000000018,1
3,5,0,3,4642.76,125.68,3.46,1.7,4,0.813,1.45,0,2024,3,18,1,0.0007452463620777295,2.465,0.027070104851424585,0.31790000000000007,0
0,6,0,4,13943.29,320.49,1.95,9.3,1,0.859,2.1,0,2025,10,10,0,0.0001398522156535509,19.53,0.02298524953579822,1.3113000000000001,1
5,0,0,0,14563.93,438.87,2.6,5.3,2,0.716,6.99,1,2024,4,5,0,0.00017852324200954,37.047,0.03013403662335647,1.5052,0
7,7,1,3,8783.28,209.65,3.04,9.2,0,0.51,9.6,1,2025,2,16,3,0.00034611215855580145,88.32,0.0238692151451394,4.508,1
2,4,1,1,2573.52,455.6,4.13,2.1,0,0.823,1.82,1,2025,6,11,6,0.001604805869004321,3.8220000000000005,0.17703379029500452,0.3717000000000001,0
5,7,3,2,5930.95,496.59,2.28,6.0,0,0.816,10.34,1,2024,10,11,0,0.0003844240804592856,62.04,0.08372857636634941,1.1040000000000003,0
7,7,3,4,12067.12,53.94,1.64,4.0,4,0.555,60.97,1,2025,12,12,0,0.0001359064963305246,243.88,0.004469997812236888,1.7799999999999998,0
7,0,3,2,5827.17,117.29,2.81,7.7,2,0.731,89.78,1,2025,1,12,3,0.00048222378959254667,691.306,0.02012812394352662,2.0713000000000004,1
3,5,3,1,1761.75,475.24,3.66,6.1,3,0.958,4.78,1,2025,4,10,4,0.002077479778629204,29.158,0.26975450546331775,0.2562000000000002,0
0,6,3,0,8573.38,479.21,1.56,4.9,3,0.603,17.4,1,2025,5,14,6,0.00018195857409796372,85.26,0.05589510788043922,1.9453000000000003,0
6,2,2,2,12754.25,49.76,2.6,9.1,4,0.731,32.31,1,2024,12,1,3,0.00020385361742164377,294.021,0.003901444616500382,2.4479,1
2,5,3,2,12040.93,8.48,1.26,3.8,1,0.731,29.68,0,2025,8,18,1,0.0001046430798949915,112.78399999999999,0.0007042645377059746,1.0222,0
5,0,1,1,3039.29,81.39,1.31,2.2,3,0.905,3.21,0,2024,1,3,6,0.000431021718888293,7.062,0.026779280687265778,0.20899999999999996,0
0,6,0,3,10255.09,498.01,2.79,6.1,3,0.912,0.5,1,2024,4,5,0,0.00027206002092619374,3.05,0.04856222617256406,0.5367999999999997,0
2,0,3,2,3697.31,90.82,2.18,6.2,2,0.88,53.23,1,2025,4,14,1,0.0005896178573070693,330.026,0.024563804495700926,0.744,0
3,7,2,1,3664.01,251.77,3.99,4.4,1,0.683,4.1,1,2025,10,12,3,0.001088970827044686,18.04,0.06871433211153899,1.3947999999999998,0
0,3,1,2,13174.04,424.36,3.19,4.9,0,0.536,10.64,1,2025,11,11,5,0.0002421428809992986,52.13600000000001,0.03221183479023899,2.2736,0
6,5,0,3,4120.2,11.18,2.7,9.6,3,0.675,0.53,1,2025,12,15,1,0.0006553079947575362,5.088,0.0027134605116256494,3.1199999999999997,1
7,2,3,0,4317.09,302.64,2.55,7.3,3,0.84,9.66,0,2025,1,1,6,0.0005906756634677526,70.518,0.07010277756544338,1.1680000000000001,1
4,5,0,4,509.47,139.24,2.84,1.1,3,0.851,0.5,0,2024,3,5,5,0.0055744204761811285,0.55,0.27330362926178187,0.16390000000000005,0
4,1,3,2,13124.7,431.31,1.33,2.1,0,0.983,19.47,0,2025,7,1,5,0.00010133564957675223,40.887,0.03286246542778121,0.03570000000000003,0
4,8,3,1,11992.62,142.45,4.15,9.8,0,0.727,25.43,1,2025,2,11,5,0.00034604615171663906,249.21400000000003,0.011878138388442223,2.6754000000000002,1
1,4,2,2,9596.27,343.69,4.49,7.3,1,0.816,11.59,0,2024,8,11,3,0.0004678901281435391,84.607,0.03581495726985589,1.3432000000000004,1
0,6,2,1,11378.85,337.44,1.8,9.2,4,0.77,30.0,1,2025,3,15,2,0.00015818821761425802,276.0,0.029655017862086238,2.1159999999999997,1
6,3,2,0,2704.7,111.53,1.6,3.0,2,0.575,15.32,1,2024,8,4,3,0.0005915628350648872,45.96,0.04123562687174179,1.2750000000000001,0
3,8,0,2,7145.69,18.36,1.67,7.4,4,0.731,0.95,1,2025,5,21,6,0.00023370731168018764,7.03,0.002569380983501943,1.9906000000000001,1
7,1,0,3,5592.68,205.22,3.38,7.1,2,0.772,3.6,1,2024,10,1,5,0.0006043614152785427,25.56,0.0366943933856398,1.6187999999999998,1
2,4,3,2,1859.76,145.31,3.38,2.9,1,0.975,3.73,1,2024,11,26,5,0.0018174388093087279,10.817,0.07813373768658322,0.07250000000000006,0
1,4,1,2,7548.89,404.68,4.0,5.5,3,0.683,7.34,0,2024,10,17,4,0.0005298792272771228,40.37,0.05360788142362652,1.7434999999999996,0
0,4,1,1,13850.72,400.38,3.68,6.3,4,0.99,38.89,1,2024,12,11,6,0.00026569015906754306,245.007,0.028906800512897526,0.06300000000000006,0
6,4,2,3,1080.86,229.05,2.68,4.8,3,0.771,1.51,0,2025,7,14,1,0.0024795070591936055,7.247999999999999,0.211914586532946,1.0992,0
1,5,1,3,4726.18,303.65,3.22,8.3,2,0.621,38.15,1,2025,8,14,4,0.0006813113338891029,316.64500000000004,0.06424850513522548,3.1457,1
7,4,2,0,3509.34,302.53,3.47,8.3,1,0.596,4.25,0,2024,5,13,1,0.0009887899149127756,35.275000000000006,0.08620709307163169,3.3532000000000006,1
0,6,1,1,3953.13,413.75,2.89,8.5,0,0.571,3.96,1,2025,8,2,2,0.0007310662690070906,33.66,0.10466389923933693,3.6465000000000005,1
4,8,0,0,13672.3,213.08,2.77,8.0,3,0.726,1.46,1,2025,5,11,3,0.00020259941633814357,11.68,0.015584795535498784,2.192,1
7,3,3,4,7287.0,138.45,3.33,4.9,2,0.511,100.72,1,2024,12,17,5,0.0004569781803211198,493.528,0.018999588307945656,2.3961,0
3,4,0,0,7261.34,133.25,3.04,3.8,4,0.723,0.98,1,2025,11,29,2,0.00041865550986457047,3.7239999999999998,0.018350607463636186,1.0526,0
6,8,2,1,11528.35,268.56,3.33,8.3,0,0.994,9.27,1,2024,2,19,1,0.00028885313162768303,76.941,0.02329561472370287,0.049800000000000046,1
4,1,1,1,2740.14,225.12,3.22,4.9,4,0.835,7.21,1,2024,2,17,2,0.0011751224389994672,35.329,0.08215638617004971,0.8085000000000002,0
5,1,0,0,7565.35,220.62,3.57,2.5,4,0.88,0.79,1,2024,4,11,4,0.00047188828011922773,1.975,0.029161902621821858,0.3,0
3,0,2,3,6734.79,46.48,3.32,5.1,3,0.56,5.48,1,2025,10,3,0,0.0004929626610480802,27.948,0.0069014772546731225,2.2439999999999998,0
0,4,3,1,9155.21,359.58,2.92,1.4,0,0.737,13.81,0,2025,4,15,5,0.00031894407665143676,19.334,0.03927599694600124,0.36819999999999997,0
1,0,0,1,14993.59,107.65,3.45,6.9,4,0.643,3.11,1,2024,1,17,6,0.00023009832868579175,21.459,0.007179734806674052,2.4633,0
6,6,0,2,11657.01,99.28,2.68,3.4,2,0.947,6.14,1,2024,5,7,5,0.00022990458102034743,20.875999999999998,0.008516763732723915,0.18020000000000017,0
4,0,2,3,6269.05,206.97,2.0,2.6,0,0.591,4.01,0,2024,6,10,1,0.00031902760386342426,10.426,0.03301457158580646,1.0634000000000001,0
5,0,0,1,12499.52,114.66,1.2,9.6,3,0.729,0.86,1,2025,3,27,4,9.600368654156319e-05,8.256,0.009173152249046362,2.6016,1
2,3,3,2,2975.27,292.35,3.05,7.8,2,0.794,46.11,1,2025,4,12,2,0.0010251170482006675,359.658,0.09825998984966071,1.6067999999999996,1
5,2,0,2,941.72,186.36,3.15,7.9,1,0.757,0.5,0,2024,1,1,1,0.0033449432952469948,3.95,0.1978932166673746,1.9197,1
4,3,2,1,3464.5,225.01,4.41,6.2,0,0.915,2.38,1,2025,3,14,0,0.0012729109539616106,14.756,0.06494732284600953,0.5269999999999998,0
0,5,1,0,5435.97,269.05,2.39,8.4,1,0.616,7.73,0,2024,7,26,0,0.0004396639422219034,64.932,0.04949438646644481,3.2256,1
1,2,1,2,7903.42,102.56,2.5,7.6,0,0.689,7.47,1,2025,12,6,2,0.00031631875820847176,56.772,0.012976660736744347,2.3636000000000004,1
7,2,0,1,9419.37,78.72,1.87,6.0,4,0.896,2.8,1,2024,5,15,6,0.0001985270777132653,16.799999999999997,0.008357246822239704,0.6239999999999999,0
7,4,3,0,13703.78,440.33,1.43,9.6,2,0.764,224.75,1,2025,10,27,1,0.00010435077037138657,2157.6,0.0321320102920508,2.2655999999999996,1
1,2,1,4,7892.88,217.43,3.75,1.9,0,0.701,6.65,0,2024,11,5,5,0.0004751117462827257,12.635,0.027547612531800814,0.5681,0
3,2,2,2,7768.5,206.63,2.02,9.4,3,0.515,8.54,1,2024,6,11,5,0.00026002445774602563,80.276,0.026598442427753104,4.559,1
5,7,2,4,1228.52,18.77,3.21,4.0,3,0.877,1.84,0,2024,10,7,1,0.002612900074886856,7.36,0.015278546543808811,0.492,0
7,6,3,1,1006.22,249.49,3.47,5.3,4,0.986,6.87,1,2024,4,5,0,0.003448550018882551,36.411,0.24794776490230766,0.07420000000000006,0
7,2,0,0,8491.82,277.53,2.76,1.2,0,0.81,1.19,0,2025,11,1,2,0.0003250186650211615,1.428,0.03268203989250832,0.22799999999999992,0
1,4,3,3,6853.59,279.86,4.09,5.4,1,0.928,18.6,0,2025,1,4,2,0.0005967675335116341,100.44000000000001,0.04083407382116526,0.38879999999999976,0
3,6,2,3,12668.12,353.81,2.66,6.1,4,0.758,28.88,1,2024,9,13,0,0.00020997590802739475,176.16799999999998,0.027929163916982157,1.4762,0
3,7,3,0,2829.85,89.56,2.14,10.0,4,0.616,17.08,1,2024,3,25,1,0.0007562238281180982,170.79999999999998,0.031648320582363026,3.84,1
0,1,3,0,862.09,126.86,4.16,9.8,1,0.507,2.85,1,2025,1,15,6,0.004825482258232899,27.930000000000003,0.1471540094421696,4.8314,1
2,5,1,1,7011.06,405.55,4.04,9.7,4,0.827,20.82,1,2025,11,11,5,0.0005762324099351596,201.95399999999998,0.05784432025970395,1.6781000000000004,1
4,7,0,3,3943.44,473.64,1.74,3.5,1,0.747,0.67,1,2025,10,26,3,0.00044123912117339175,2.345,0.12010833181181911,0.8855,0
3,4,0,3,1219.41,68.83,1.29,9.9,1,0.891,0.5,1,2024,6,18,5,0.0010578886510689595,4.95,0.05644533011866394,1.0791,1
7,2,3,4,11006.68,249.33,1.5,4.6,2,0.847,150.72,1,2024,2,23,0,0.00013628087670396522,693.3119999999999,0.022652607325733102,0.7038000000000001,0
5,4,0,0,2118.1,107.87,2.15,8.5,4,0.994,0.5,1,2025,2,9,3,0.0010150606675794344,4.25,0.05092771823804353,0.051000000000000045,1
6,1,0,0,9320.63,30.98,4.41,2.2,0,0.755,0.6,0,2025,10,2,4,0.0004731439827565305,1.32,0.0033238096566433816,0.539,0
3,5,2,2,4575.22,163.43,3.04,5.1,2,0.714,26.92,1,2024,11,8,0,0.0006644489226747566,137.292,0.03572068665550509,1.4586000000000001,0
6,8,0,4,3015.69,72.7,2.43,9.7,0,0.643,0.5,1,2025,12,17,6,0.0008057857405767834,4.85,0.02410725240326426,3.4628999999999994,1
0,1,3,0,6006.4,355.26,4.13,9.5,4,0.738,37.49,1,2024,8,27,5,0.0006875998934469899,356.15500000000003,0.05914690996270645,2.489,1
6,1,0,1,12120.96,267.33,2.7,6.8,0,0.936,1.51,1,2025,3,15,2,0.0002227546332963726,10.267999999999999,0.022055183747821956,0.43519999999999964,0
5,1,3,2,6185.36,72.77,2.24,8.0,2,0.521,95.97,1,2025,11,2,3,0.00036214545313449826,767.76,0.011764877064552428,3.832,1
3,0,1,0,11386.16,5.61,4.31,1.8,2,0.989,69.17,1,2024,4,3,6,0.0003785297238050405,124.506,0.0004927034224005284,0.01980000000000002,0
0,7,3,0,2319.55,404.27,4.0,7.2,2,0.997,34.88,1,2025,12,21,3,0.001724472419219245,251.13600000000002,0.17428811622944104,0.02160000000000002,1
4,6,2,3,11705.19,88.92,3.98,6.2,4,0.799,27.51,1,2024,4,7,3,0.0003400201107372029,170.562,0.007596630212751779,1.2461999999999998,0
2,8,3,1,3935.53,303.5,2.89,0.9,1,0.666,8.95,1,2024,1,2,5,0.0007343356549181432,8.055,0.07711794853552126,0.3006,0
2,1,1,0,10322.2,169.12,3.81,1.1,1,0.612,11.64,1,2024,8,6,5,0.00036910736083393074,12.804000000000002,0.01638410416384104,0.42680000000000007,0
3,8,3,2,8703.83,293.16,1.79,1.1,4,0.638,38.9,1,2025,5,3,2,0.00020565659025969027,42.79,0.03368172402264291,0.3982,0
1,2,2,4,13972.6,158.51,3.09,7.2,3,0.525,13.85,0,2024,3,20,6,0.00022114710218570628,99.72,0.011344345361636345,3.42,1
3,1,3,1,6116.18,44.38,4.45,1.4,0,0.738,9.11,0,2024,5,15,6,0.0007275783250329454,12.753999999999998,0.007256163160665644,0.3668,0
4,6,3,0,1459.4,112.25,2.16,4.7,0,0.529,2.12,0,2025,8,30,2,0.0014800602987529122,9.964,0.07691517061806222,2.2137,0
2,7,2,2,777.75,94.84,3.82,3.6,1,0.859,0.58,1,2024,8,19,1,0.004911603985856637,2.088,0.12194149791063967,0.5076,0
2,5,0,1,12489.45,214.58,2.82,5.5,4,0.686,2.89,0,2025,6,15,3,0.00022579056723874948,15.895000000000001,0.017180900680174065,1.7269999999999996,0
4,7,1,4,8108.67,329.48,1.33,7.1,4,0.6,22.11,1,2025,11,27,4,0.0001640219666110472,156.981,0.04063305079624649,2.84,1
1,3,1,1,11741.04,132.64,3.72,6.8,1,0.772,16.97,1,2025,3,31,1,0.00031683735001328673,115.39599999999999,0.011297125297247941,1.5503999999999998,0
2,3,3,4,3899.17,7.02,1.76,5.2,3,0.987,8.03,1,2024,1,10,6,0.0004513781138037069,41.756,0.0018003831584670583,0.06760000000000006,0
7,5,1,4,5503.71,259.95,3.28,4.6,3,0.848,5.24,1,2024,1,9,5,0.0005959616331529095,24.104,0.047231776383566716,0.6992,0
5,1,2,4,936.51,303.27,1.48,4.0,2,0.746,4.8,1,2025,12,13,2,0.0015803355009556758,19.2,0.3238299644424512,1.016,0
7,0,2,2,14441.64,481.47,4.32,8.6,2,0.888,98.74,1,2024,12,17,5,0.0002991350012879424,849.1639999999999,0.033339011358820746,0.9631999999999998,1
1,6,0,2,10184.08,295.15,2.16,3.3,1,0.869,0.92,1,2024,5,3,0,0.00021209574158883278,3.036,0.028981508393492585,0.4323,0
7,0,3,0,14031.47,236.12,1.95,2.6,2,0.946,176.92,1,2025,3,8,2,0.00013897332211094062,459.99199999999996,0.016827887598377077,0.14040000000000014,0
7,4,2,2,4349.7,287.13,1.63,7.4,2,0.602,27.78,1,2025,12,11,4,0.0003747384877117962,205.57200000000003,0.0660114490654528,2.9452000000000003,1
5,1,3,4,9366.22,464.02,4.32,3.6,2,0.929,122.5,1,2024,5,15,6,0.0004612319591040997,441.0,0.049541864273954704,0.2555999999999998,0
0,3,3,3,10338.25,414.36,3.55,8.5,1,0.651,30.61,1,2025,5,4,3,0.000343385002297294,260.185,0.04008028438081881,2.9665,1
1,3,1,2,5104.47,162.17,3.65,3.3,1,0.97,5.81,0,2024,3,13,6,0.0007150595458490303,19.173,0.03177019357543486,0.09900000000000009,0
0,2,0,0,12797.58,119.39,2.85,7.0,4,0.641,2.7,1,2024,8,22,4,0.00022269835390753564,18.900000000000002,0.009329107534393222,2.513,1
6,4,2,2,14233.84,132.05,2.77,0.5,1,0.963,13.16,0,2025,1,27,1,0.00019460665568813476,6.58,0.009277187322605848,0.018500000000000016,0
6,0,0,1,13330.4,252.71,1.56,3.9,2,0.982,6.87,1,2024,4,1,1,0.00011702574566404609,26.793,0.01895742063253916,0.07020000000000005,0
7,6,3,4,11216.47,372.28,3.05,3.4,2,0.573,146.77,1,2024,4,14,3,0.0002719215582085986,499.01800000000003,0.0331904779311138,1.4518000000000002,0
1,2,2,3,4523.24,252.11,2.01,8.2,3,0.987,3.9,0,2024,4,15,1,0.0004443717335361378,31.979999999999997,0.05573659589144066,0.10660000000000008,1
6,8,0,3,4583.43,34.83,4.42,9.7,0,0.543,0.52,1,2024,11,16,2,0.0009643432974868165,5.044,0.007599112455082765,4.432899999999999,1
2,8,2,0,14468.72,362.07,3.83,4.6,3,0.609,12.39,1,2025,1,11,2,0.0002647089721827501,56.994,0.02502432834417972,1.7986,0
0,2,0,4,649.13,403.18,2.56,8.2,1,0.722,0.5,0,2024,11,2,2,0.003943740082880163,4.1,0.6211082525842281,2.2796,1
2,7,1,2,10882.72,145.46,1.7,7.0,0,0.997,10.42,0,2024,5,20,1,0.0001562109472631842,72.94,0.013366143758178104,0.02100000000000002,1
0,7,1,0,10740.57,332.4,3.79,9.7,1,0.744,16.11,1,2025,1,26,3,0.00035286767834481785,156.267,0.030948078174622015,2.4832,1
5,7,1,4,9529.0,213.87,1.6,8.1,3,0.775,10.71,0,2024,5,16,4,0.00016790848987301922,86.751,0.022444117955714136,1.8224999999999998,1
7,0,3,2,14856.58,444.67,1.82,0.8,3,0.847,25.98,0,2025,10,18,2,0.00012250464104120867,20.784000000000002,0.029930845457029814,0.12240000000000002,0
6,6,3,2,5022.25,422.77,1.9,7.1,2,0.984,75.72,1,2025,11,24,1,0.00037831649161232514,537.612,0.08417940166260142,0.11360000000000009,1
1,4,0,4,5429.59,263.19,3.04,5.4,0,0.892,0.5,0,2024,5,26,3,0.0005598949460272323,2.7,0.048473273304245806,0.5831999999999999,0
2,4,0,1,1644.62,346.06,3.8,0.2,0,0.612,0.5,0,2024,3,11,1,0.0023105641424766817,0.1,0.21041942819617906,0.0776,0
4,6,2,0,6920.57,441.79,2.24,2.5,0,0.651,5.0,0,2025,6,27,0,0.00032367276105869897,12.5,0.06383722728041188,0.8724999999999999,0
1,6,0,2,4285.2,248.36,1.48,9.2,3,0.549,0.5,1,2025,7,30,6,0.00034537477830673017,4.6,0.057957621581256426,4.1491999999999996,1
7,5,3,1,5479.11,157.31,2.73,9.3,2,0.822,88.64,1,2024,1,9,5,0.0004982561036372695,824.3520000000001,0.0287108672758897,1.6554000000000006,1
4,1,3,3,12601.29,377.08,3.67,8.0,1,0.59,36.11,1,2025,9,16,5,0.0002912400238388292,288.88,0.02992392048750564,3.2800000000000002,1
7,7,0,3,14064.53,110.81,1.93,9.8,0,0.629,1.11,0,2025,10,27,1,0.00013722463530597894,10.878000000000002,0.007878684890287837,3.6358,1
3,2,0,2,3193.13,194.88,1.93,8.1,4,0.944,0.5,1,2024,6,17,1,0.0006044226198119087,4.05,0.0610310259839092,0.4536000000000004,1
2,7,1,2,5901.38,433.0,4.33,0.1,1,0.663,6.23,0,2025,3,26,6,0.0007337266876561076,0.6230000000000001,0.07337266876561076,0.0337,0
4,7,0,1,13965.14,362.49,4.35,2.9,2,0.783,7.26,1,2024,12,25,6,0.0003114898955542157,21.054,0.025956775227459233,0.6292999999999999,0
6,0,0,4,1396.22,202.5,4.47,0.3,4,0.699,0.5,1,2024,8,6,5,0.0032015011960865765,0.15,0.1450344501582845,0.0903,0
3,0,0,0,1839.23,108.16,3.87,0.9,1,0.537,0.5,0,2025,10,5,3,0.002104141407001843,0.45,0.05880721823806701,0.41669999999999996,0
4,0,0,3,2860.47,178.63,1.82,2.2,0,0.681,1.16,1,2024,6,4,5,0.0006362590763056422,2.552,0.06244777956070156,0.7018,0
4,0,3,1,9130.59,142.77,1.9,5.0,2,0.704,127.75,1,2025,2,25,5,0.00020809170053632896,638.75,0.01563644846609036,1.4800000000000002,0
1,5,1,1,2681.85,88.87,2.32,8.5,2,0.948,20.83,1,2025,9,22,1,0.0008650744821671607,177.05499999999998,0.03313757294404982,0.4420000000000004,1
2,6,3,4,14537.11,371.92,2.25,8.6,0,0.662,28.96,0,2025,12,4,4,0.00015477629322471935,249.05599999999998,0.025584177322727834,2.9067999999999996,1
7,2,1,3,6977.36,126.78,4.36,6.2,3,0.69,7.77,1,2025,3,29,2,0.0006248781774195398,48.174,0.018170196177350748,1.9220000000000004,0
3,6,1,3,7772.01,227.63,3.8,9.3,2,0.891,63.32,1,2024,8,10,2,0.0004889340080622644,588.8760000000001,0.02928843375137191,1.0137,1
1,7,2,1,4076.55,193.54,3.59,5.0,0,0.879,3.94,1,2024,3,29,0,0.0008806466252100427,19.7,0.04747642001201997,0.605,0
4,3,1,4,7328.92,491.06,1.81,8.9,3,0.899,8.87,0,2024,4,12,0,0.0002469668109353083,78.943,0.06700305092701243,0.8988999999999998,1
7,2,0,0,10097.75,196.16,4.2,4.5,4,0.977,2.05,1,2024,5,23,4,0.00041593424277685626,9.225,0.019426109776930503,0.10350000000000009,0
4,6,0,2,11392.07,40.91,3.93,2.8,0,0.898,1.02,1,2024,5,6,1,0.00034497681281803926,2.856,0.0035910945069684438,0.2855999999999999,0
0,5,3,2,11431.09,45.82,1.74,9.2,4,0.704,70.05,1,2025,8,26,5,0.00015221645529866357,644.4599999999999,0.00400836665619814,2.7232000000000003,1
6,3,3,3,8879.42,295.79,4.07,3.9,2,0.911,118.27,1,2025,1,28,5,0.0004583632714749387,461.253,0.03331186045935433,0.34709999999999985,0
3,1,2,3,13613.22,300.08,2.1,5.0,2,0.754,81.41,1,2024,12,25,6,0.00015426181314927696,407.04999999999995,0.02204327851896906,1.23,0
1,7,1,3,12352.41,209.96,1.47,3.3,4,0.639,29.19,0,2025,3,15,2,0.00011900511722004047,96.327,0.016997492796952174,1.1912999999999998,0
5,5,0,3,11477.2,216.49,3.37,6.6,3,0.651,0.71,1,2024,11,18,1,0.00029362562297424456,4.686,0.018862614574983446,2.3034,0
4,3,3,4,1306.28,27.91,3.36,10.0,2,0.612,22.14,1,2024,5,23,4,0.0025721897296138653,221.4,0.021366016474262794,3.88,1
5,0,0,2,599.73,258.76,1.51,0.3,3,0.572,0.5,0,2024,9,10,5,0.002517799676521101,0.15,0.4314608240374835,0.12840000000000001,0
6,4,3,3,3580.49,252.86,2.25,9.0,2,0.592,58.1,1,2024,10,10,4,0.0006284056092881143,522.9,0.07062161882870781,3.672,1
5,4,0,3,10121.09,75.63,4.48,0.0,4,0.532,2.53,0,2025,10,22,6,0.00044264007137571155,0.0,0.007472515312085951,0.0,0
6,2,3,3,6462.36,52.82,3.44,3.6,4,0.944,31.24,0,2024,3,27,6,0.0005323132725505853,112.464,0.008173484609337766,0.2016000000000002,0
5,7,0,4,6334.89,62.66,3.61,1.7,0,0.966,0.93,0,2024,9,11,6,0.0005698599344266435,1.581,0.009891253044646393,0.05780000000000005,0
3,2,3,2,13326.51,51.41,1.9,7.6,2,0.793,203.98,1,2025,7,20,3,0.0001425729617131567,1550.2479999999998,0.0038577241903544135,1.5731999999999997,1
4,1,1,0,13485.66,305.24,1.46,0.5,0,0.92,10.07,0,2025,9,7,3,0.00010826314766945036,5.035,0.022634413147002076,0.03999999999999998,0
3,7,0,0,13683.04,99.04,2.11,5.5,4,0.592,2.71,1,2025,9,6,2,0.0001542054981933839,14.905,0.007238157602404144,2.244,0
4,3,0,1,5051.23,126.46,2.02,2.9,1,0.951,1.52,0,2025,9,14,3,0.0003999025979810858,4.4079999999999995,0.025035486406281244,0.14210000000000012,0
7,5,0,3,10520.31,87.61,1.97,1.3,2,0.753,4.74,1,2024,10,18,0,0.0001872568393897138,6.162000000000001,0.008327701370016663,0.3211,0
3,8,0,4,4438.68,478.96,1.84,7.7,0,0.534,0.5,0,2025,12,8,1,0.00041453765533897463,3.85,0.107905954022367,3.5882,1
1,8,2,3,3263.84,427.45,3.1,2.2,4,0.571,6.67,1,2024,1,28,3,0.0009498014608559243,14.674000000000001,0.13096536594931124,0.9438000000000002,0
7,2,2,0,3177.17,116.02,2.28,2.2,3,0.654,2.69,0,2025,11,5,6,0.00071761976853615,5.918,0.036516774362089534,0.7612,0
0,7,1,3,5460.56,164.46,3.91,2.8,4,0.522,13.51,1,2024,11,4,1,0.0007160437757299617,37.827999999999996,0.03011779011676458,1.3383999999999998,0
7,6,0,3,6734.39,105.74,1.81,5.9,1,0.655,0.9,1,2024,7,29,1,0.0002687697029723553,5.3100000000000005,0.015701496349335275,2.0355,0
2,8,3,2,12548.76,246.45,2.73,6.6,3,0.53,29.05,1,2025,6,14,2,0.0002175513755940826,191.73,0.01963939066489438,3.102,0
0,8,0,2,2238.42,10.79,1.25,0.2,2,0.618,0.89,1,2025,9,13,2,0.0005584296065975108,0.17800000000000002,0.004820364364149712,0.07640000000000001,0
0,8,1,2,11156.42,336.01,2.79,2.4,3,0.633,10.37,0,2025,6,5,4,0.00025008022286719217,24.887999999999998,0.030118084475127326,0.8807999999999999,0
3,2,0,4,8206.1,262.06,1.38,4.3,2,0.997,3.85,1,2024,7,12,0,0.00016816758265192965,16.555,0.03193478022446716,0.01290000000000001,0
6,0,3,4,4675.21,449.42,4.43,3.3,4,0.618,22.76,1,2025,2,5,6,0.0009475510190986073,75.108,0.09612830225808039,1.2606,0
1,3,0,3,7645.88,83.03,3.81,8.8,0,0.62,0.69,1,2024,10,29,5,0.0004983075852616049,6.072,0.01085944325571419,3.3440000000000003,1
1,8,3,0,4849.16,402.25,2.82,7.9,1,0.843,14.22,0,2025,10,23,4,0.0005815440199952157,112.33800000000001,0.08295251136279273,1.2403000000000002,1
2,5,2,3,9143.19,396.19,1.49,6.3,1,0.93,10.75,0,2024,2,25,3,0.00016296281713493868,67.725,0.043331703705161984,0.44099999999999967,0
7,7,1,2,6790.74,64.46,3.16,3.4,3,0.694,6.31,0,2024,9,2,1,0.00046533956534928453,21.453999999999997,0.00949233809570091,1.0404000000000002,0
4,6,3,2,2883.88,199.88,3.7,7.0,0,0.938,4.97,0,2025,5,21,6,0.0012829937445386077,34.79,0.06930940261037213,0.4340000000000004,1
7,4,2,3,2190.45,85.91,1.83,8.4,2,0.67,14.64,1,2025,1,30,4,0.0008354447716222695,122.97600000000001,0.03922025154648588,2.772,1
3,1,1,4,8427.09,128.11,3.08,5.9,4,0.599,23.35,1,2024,4,25,4,0.0003654879679699635,137.76500000000001,0.015202163498906504,2.3659000000000003,0
0,6,2,3,13584.99,132.36,3.89,7.8,3,0.665,14.19,1,2024,9,3,5,0.0002863454444942543,110.68199999999999,0.009743106178215812,2.6129999999999995,1
1,4,0,3,5487.39,278.56,3.74,7.5,3,0.805,0.5,0,2025,5,26,1,0.000681562637246487,3.75,0.05076365995491481,1.4624999999999997,1
2,5,3,4,11128.5,206.29,3.85,5.7,1,0.684,29.34,1,2025,10,15,6,0.0003459585748303904,167.238,0.01853708945500292,1.8011999999999997,0
7,7,3,0,10050.59,473.92,4.1,3.1,1,0.836,24.17,0,2025,8,31,3,0.00040793625050867654,74.927,0.047153450692944396,0.5084000000000001,0
0,6,1,3,14007.55,64.06,4.29,7.5,0,0.618,14.4,0,2024,3,13,6,0.00030626340794785673,108.0,0.004573247998400863,2.865,1
4,2,0,1,12404.22,486.87,2.54,2.1,2,0.85,6.2,1,2025,6,24,5,0.00020476902215536328,13.020000000000001,0.03925035189637075,0.31500000000000006,0
2,6,2,3,8715.78,116.09,3.08,7.8,4,0.674,21.91,0,2024,1,13,2,0.00035338202662297575,170.898,0.013319519308656253,2.5427999999999997,1
6,1,2,3,10026.94,386.66,3.81,8.0,2,0.728,67.44,1,2025,1,4,2,0.0003799763437299914,539.52,0.038562113665784374,2.176,1
7,6,2,3,13526.6,170.15,3.5,8.2,2,0.779,91.66,1,2024,11,20,6,0.00025874942705484007,751.6119999999999,0.012578918575251726,1.8121999999999996,1
4,6,1,1,6293.02,72.4,4.49,4.7,1,0.843,7.53,1,2024,5,15,6,0.0007134889131132588,35.391000000000005,0.011504810091180387,0.7379000000000001,0
0,1,2,4,5238.52,429.09,1.25,1.9,2,0.619,27.15,1,2025,1,31,0,0.00023861701396577658,51.584999999999994,0.08191053961806005,0.7239,0
6,8,3,1,656.76,155.12,2.37,1.0,1,0.918,1.17,0,2025,8,5,5,0.003608624154942445,1.17,0.23618978013277303,0.08199999999999996,0
4,8,0,0,12484.99,329.77,2.13,7.4,4,0.861,2.97,1,2025,3,6,4,0.00017060486231867226,21.978,0.026413317111187114,1.0286000000000002,1
4,7,0,1,12114.22,283.66,2.07,8.9,1,0.617,1.45,0,2025,1,9,4,0.00017087356841794188,12.905,0.023415457206489566,3.4087,1
5,3,3,1,2014.59,236.41,1.93,6.5,3,0.987,4.83,0,2025,7,13,3,0.0009580113075117021,31.395,0.11734893948644638,0.08450000000000008,0
2,3,3,2,8864.43,248.41,3.54,1.4,2,0.832,105.34,1,2025,11,30,3,0.00039934885830222584,147.476,0.028023234432445174,0.23520000000000005,0
3,7,0,4,7227.73,366.39,1.48,9.3,3,0.726,1.35,0,2024,6,25,5,0.00020476691852075273,12.555000000000001,0.05069226437622878,2.5482000000000005,1
6,2,3,3,2221.28,44.8,3.65,9.9,4,0.579,13.8,1,2025,4,27,3,0.0016431967154073325,136.62,0.020168551465821506,4.1679,1
6,6,2,3,14718.24,334.42,3.49,4.3,2,0.767,85.62,1,2024,3,15,0,0.00023712074269749645,368.166,0.02272146669710509,1.0018999999999998,0
7,6,3,3,3613.09,448.01,2.03,5.9,3,0.582,8.41,0,2024,1,18,4,0.0005618459545707413,49.61900000000001,0.1239963576882945,2.4662,0
1,7,2,4,1474.9,29.84,2.03,7.8,3,0.715,2.02,1,2025,8,24,3,0.0013763644992880871,15.756,0.020231880127466267,2.2230000000000003,1
0,1,1,0,9125.29,71.19,3.28,7.4,2,0.704,69.54,1,2024,3,10,3,0.00035944063147582154,514.5960000000001,0.007801395900842602,2.1904000000000003,1
7,4,2,0,11213.57,358.6,3.72,9.7,3,0.86,12.3,1,2024,1,15,1,0.00033174091747766325,119.31,0.03197911102351883,1.358,1
2,6,3,3,970.43,219.2,4.09,1.1,2,0.596,12.27,1,2024,9,25,6,0.00421462650577579,13.497,0.22587924940490298,0.4444000000000001,0
3,2,0,3,10051.41,202.37,4.01,5.8,0,0.911,0.93,1,2024,8,8,4,0.00039894900317467895,5.394,0.02013349370884284,0.5161999999999998,0
4,1,0,0,8218.23,69.35,4.38,6.9,0,0.663,0.5,1,2024,2,10,2,0.0005329614771063842,3.45,0.008438556720851084,2.3253,0
6,0,3,2,1997.34,253.88,3.12,8.9,2,0.722,32.36,1,2024,3,2,2,0.0015620775631590017,288.004,0.12710905504320746,2.4742,1
1,5,3,1,3001.6,64.15,4.2,8.7,3,0.886,7.17,1,2025,2,11,5,0.0013992537313432837,62.379,0.02137193496801706,0.9917999999999998,1
4,7,1,4,8735.63,238.83,3.87,9.8,3,0.813,9.67,1,2025,6,2,1,0.0004430132686480541,94.766,0.02733975683493921,1.8326000000000007,1
2,7,0,4,4797.19,382.04,4.15,5.1,3,0.654,0.61,1,2024,10,20,3,0.0008650897713036174,3.1109999999999998,0.0796382882479118,1.7645999999999997,0
7,2,1,4,14105.58,129.87,1.24,8.3,4,0.693,41.65,1,2025,10,5,3,8.790847310071617e-05,345.695,0.00920699467870162,2.5481000000000007,1
2,4,3,3,12371.73,240.91,4.39,4.3,3,0.653,25.6,0,2025,12,30,5,0.0003548412388566514,110.08,0.01947262023985328,1.4920999999999998,0
4,2,2,4,14761.72,496.02,2.76,4.2,0,0.797,10.27,1,2025,5,28,6,0.0001869700820771563,43.134,0.03360177540286633,0.8525999999999999,0
6,6,2,1,4265.23,343.64,3.83,2.5,1,0.666,3.54,0,2025,3,1,2,0.0008979586095005428,8.85,0.0805677536733072,0.835,0
1,4,0,2,14560.99,420.84,1.62,8.2,2,0.863,8.63,1,2025,3,9,3,0.00011125617145537496,70.766,0.028901880984740735,1.1234,1
6,1,0,0,6752.89,208.01,2.51,9.9,2,0.79,4.39,1,2025,12,19,0,0.00037169271230539806,43.461,0.030803108002647753,2.0789999999999997,1
1,4,3,0,5539.02,384.16,2.1,2.6,4,0.573,26.08,1,2025,2,15,2,0.0003791284378825135,67.80799999999999,0.06935522890330781,1.1102,0
6,0,0,1,1230.07,21.21,2.16,0.6,1,0.655,0.5,0,2024,3,25,1,0.0017559976261513574,0.3,0.01724292113456958,0.207,0
6,8,3,0,1265.1,62.33,1.61,8.2,2,0.611,19.25,1,2025,10,17,0,0.0012726266698284722,157.85,0.04926883250335942,3.1898,1
7,2,2,0,10534.16,102.33,3.86,6.2,4,0.695,24.58,1,2025,7,3,4,0.0003664269386453215,152.396,0.009714111044449676,1.8910000000000005,0
7,5,2,0,7139.97,201.57,1.23,9.6,1,0.758,9.26,0,2025,7,4,0,0.00017226963138500582,88.896,0.028231211055508635,2.3232,1
0,1,3,3,3784.56,423.03,2.23,2.5,1,0.753,9.42,1,2025,9,22,1,0.0005892362652461581,23.55,0.11177785528568711,0.6174999999999999,0
2,7,3,2,9402.57,173.79,1.78,0.7,1,0.877,20.47,0,2024,6,5,6,0.0001893099439834003,14.328999999999999,0.01848324447464895,0.0861,0
6,5,1,1,4166.44,327.66,3.14,4.9,1,0.595,5.27,0,2024,10,11,0,0.0007536409980702951,25.823,0.07864267816169201,1.9845000000000004,0
5,2,2,2,8875.66,354.95,2.04,0.9,2,0.973,44.93,1,2024,3,26,5,0.00022984206244944038,40.437,0.03999139218942591,0.024300000000000023,0
7,0,1,0,5708.53,293.5,2.05,2.6,0,0.671,4.35,1,2024,11,13,6,0.0003591117152752109,11.309999999999999,0.05141428704062167,0.8553999999999999,0
1,4,2,2,12441.51,179.26,2.81,1.3,2,0.65,63.26,1,2024,3,21,4,0.00022585682927554613,82.238,0.014408218938054945,0.45499999999999996,0
7,3,2,4,12400.09,288.95,3.35,2.2,1,0.843,12.23,1,2025,6,7,2,0.0002701593294887376,26.906000000000002,0.0233022502256032,0.3454000000000001,0
3,2,2,4,7421.58,171.79,1.6,1.1,4,0.903,14.77,1,2024,7,27,2,0.00021558751640486258,16.247,0.023147362151994588,0.10669999999999998,0
0,6,3,4,5586.88,42.85,1.78,9.5,4,0.689,34.42,1,2024,6,8,2,0.0003186035855432728,326.99,0.00766975485422991,2.9545000000000003,1
6,1,2,1,5757.12,496.41,2.02,2.8,2,0.873,31.29,1,2025,7,3,4,0.00035086987938413655,87.612,0.0862254043688511,0.35559999999999997,0
6,4,0,3,12182.86,64.46,4.41,4.4,3,0.942,0.86,1,2024,11,30,2,0.00036198396763978245,3.7840000000000003,0.005291040034934325,0.25520000000000026,0
7,3,2,4,5258.6,37.1,2.51,9.0,1,0.883,6.9,1,2025,2,4,5,0.00047731335336401317,62.1,0.0070551097250218684,1.053,1
7,0,0,3,3531.36,439.39,3.18,6.8,4,0.517,1.34,1,2025,8,23,2,0.0009005029223868424,9.112,0.12442515065017443,3.2843999999999998,0
3,0,3,1,1727.98,151.62,2.0,6.2,4,0.914,9.85,1,2025,10,11,2,0.0011574208034815217,61.07,0.08774407111193416,0.5331999999999998,0
0,5,2,1,7267.05,325.5,2.82,7.1,2,0.887,46.83,1,2025,10,27,1,0.000388052923813652,332.493,0.04479121514232047,0.8022999999999999,1
0,5,1,1,7490.92,165.17,1.44,8.3,4,0.835,22.92,1,2025,11,28,0,0.00019223272975816053,190.23600000000002,0.022049361093163456,1.3695000000000004,1
6,5,1,2,12693.18,196.34,1.31,8.8,2,0.88,101.9,1,2025,10,20,1,0.00010320502821200046,896.7200000000001,0.015468149037514634,1.056,1
0,1,3,0,3707.96,131.79,2.75,6.4,1,0.99,9.99,0,2024,3,8,0,0.0007416476984649241,63.93600000000001,0.03554245461116085,0.06400000000000006,0
4,8,1,3,6024.37,172.18,2.52,8.9,4,0.716,17.45,1,2024,11,13,6,0.0004183010007685451,155.305,0.028580581869971467,2.5276000000000005,1
7,1,1,3,12221.88,205.94,1.65,5.4,3,0.534,12.7,0,2025,12,16,5,0.00013500378010584296,68.58,0.01685010816666503,2.5164,0
1,7,1,3,12442.54,360.49,3.47,2.8,0,0.73,10.05,0,2025,3,23,3,0.000278881964614942,28.14,0.028972380237475625,0.756,0
0,2,1,3,6076.86,256.26,4.48,8.8,3,0.523,7.59,1,2024,9,1,3,0.0007372228420598797,66.792,0.04216980480050553,4.1976,1
1,5,3,2,7157.3,471.84,2.51,5.4,4,0.647,38.58,1,2024,2,29,4,0.0003506909029941458,208.332,0.0659243010632501,1.9062000000000001,0
0,5,2,3,4897.65,21.9,3.26,9.1,3,0.793,4.54,1,2024,9,7,2,0.000665625350933611,41.314,0.004471532265474258,1.8836999999999995,1
6,3,2,3,14022.05,252.03,4.38,0.4,0,0.655,8.29,1,2024,3,29,0,0.00031236516771798706,3.316,0.017973834068484993,0.13799999999999998,0
2,1,2,2,2220.33,292.53,3.94,4.0,1,0.843,1.79,1,2025,3,20,4,0.0017745109961131904,7.16,0.1317506857088811,0.6280000000000001,0
7,3,0,2,14039.37,460.18,2.73,9.5,4,0.911,2.56,1,2024,4,28,3,0.0001944531699071967,24.32,0.03277782407615156,0.8454999999999997,1
1,8,1,2,10416.06,25.53,3.63,2.5,4,0.71,24.09,0,2025,4,9,6,0.0003485002966572773,60.225,0.0024510227475648184,0.7250000000000001,0
2,8,0,2,8207.8,287.18,1.62,9.4,4,0.95,2.07,1,2025,9,18,4,0.00019737323034186996,19.458,0.03498866931455445,0.4700000000000004,1
4,5,0,3,973.56,426.96,2.89,9.5,2,0.54,0.98,1,2025,9,15,1,0.0029684867907473606,9.31,0.4385554049057069,4.369999999999999,1
6,5,2,3,7396.14,121.72,2.12,8.8,3,0.92,7.14,1,2024,2,26,1,0.0002866360020226767,62.832,0.016457233097264247,0.7039999999999997,1
6,3,1,1,6412.35,438.27,1.73,5.6,2,0.914,45.26,1,2024,11,12,5,0.00026979188597004214,253.45599999999996,0.06834779760930079,0.48159999999999975,0
7,6,3,2,2837.67,10.5,2.61,6.5,2,0.661,40.84,1,2025,11,13,4,0.0009197686834621361,265.46000000000004,0.0037002188415143408,2.2035,0
6,2,1,4,10017.94,366.49,1.63,8.7,1,0.649,15.08,0,2025,11,4,5,0.00016270810166561187,131.196,0.03658336943523319,3.0536999999999996,1
4,8,2,1,14581.69,466.62,3.51,7.8,4,0.653,35.77,1,2024,6,28,0,0.00024071283918393544,279.00600000000003,0.032000405988606255,2.7066,1
5,8,0,2,8651.74,328.94,2.71,6.3,2,0.906,5.57,1,2024,5,2,4,0.0003132317892123434,35.091,0.03802009769133145,0.5921999999999998,0
3,8,2,2,10863.92,220.08,2.95,9.8,1,0.916,14.67,1,2024,1,13,2,0.0002715410275480674,143.76600000000002,0.020257881133145313,0.8231999999999997,1
2,3,0,0,1492.53,23.4,1.68,6.9,4,0.665,0.5,0,2025,12,25,4,0.0011256055154670258,3.45,0.01567807682257643,2.3114999999999997,0
0,5,0,2,6556.17,460.14,1.66,9.8,0,0.796,0.5,1,2024,5,20,1,0.000253196607165464,4.9,0.07018426916934735,1.9991999999999996,1
1,4,0,1,2187.2,235.68,3.13,0.6,0,0.569,0.5,0,2025,12,19,0,0.0014310534016093637,0.3,0.10775420629114851,0.2586,0
1,2,2,2,9385.54,15.47,4.45,1.4,4,0.734,17.24,1,2024,1,12,0,0.0004741336140488453,24.135999999999996,0.001648280226816997,0.3724,0
5,8,0,1,14107.99,345.22,1.52,4.5,2,0.999,6.89,1,2024,6,16,3,0.00010774036556589564,31.005,0.024469821710959537,0.004500000000000004,0
4,0,2,3,10095.78,241.44,2.14,3.8,1,0.579,10.4,0,2025,5,23,0,0.0002119697536990703,39.519999999999996,0.02391494267902034,1.5998,0
5,5,3,4,1613.64,63.05,4.07,7.8,3,0.974,3.24,1,2024,12,21,2,0.0025222478371879726,25.272000000000002,0.03907315138444758,0.20280000000000017,1
7,2,3,0,5642.66,107.92,1.44,1.6,1,0.912,12.89,0,2025,6,19,4,0.00025519878922352225,20.624000000000002,0.01912573148125175,0.14079999999999995,0
7,5,1,1,8484.62,33.18,4.09,9.8,1,0.986,13.41,1,2025,6,13,0,0.0004820486951684341,131.418,0.003910605307014339,0.13720000000000013,1
5,4,0,3,6346.51,287.57,2.93,3.2,4,0.59,0.92,1,2024,9,22,3,0.0004616710601574724,2.9440000000000004,0.04531151766876598,1.3120000000000003,0
3,7,1,2,12587.84,311.39,2.55,4.3,0,0.607,11.58,0,2024,6,19,6,0.00020257645473727024,49.794,0.024737365584564148,1.6899,0
0,1,0,1,12312.73,253.37,2.22,2.7,0,0.508,0.5,1,2025,1,15,6,0.00018030120046488474,1.35,0.020577889712517047,1.3284,0
2,6,2,0,9371.55,408.73,2.18,5.8,2,0.862,57.58,1,2024,5,9,4,0.00023261893710218697,333.964,0.04361391658797104,0.8004,0
3,4,0,4,5915.14,430.64,2.21,0.6,2,0.822,2.43,1,2024,10,2,6,0.00037361753060789765,1.458,0.07280301057963125,0.10680000000000002,0
5,2,1,0,4202.38,308.2,4.12,1.5,1,0.589,4.43,1,2024,4,30,5,0.000980396822752821,6.645,0.07333939339136393,0.6165,0
5,7,1,3,2035.18,7.37,3.59,7.5,1,0.896,2.56,0,2024,1,31,6,0.0017639717371436432,19.2,0.0036213013099578415,0.7799999999999998,1
1,4,1,4,5646.02,347.92,3.41,1.9,4,0.65,12.86,1,2024,12,9,1,0.0006039652711113316,24.433999999999997,0.061622169244884006,0.6649999999999999,0
3,1,0,4,6491.0,209.58,3.84,2.4,4,0.567,1.02,1,2025,3,15,2,0.0005915883531042983,2.448,0.03228778308427053,1.0392000000000001,0
2,4,3,0,10299.43,283.21,2.05,7.9,3,0.711,23.78,0,2024,10,5,2,0.0001990401410563497,187.86200000000002,0.027497638218814048,2.2831000000000006,1
3,8,3,3,10043.32,324.89,3.24,0.9,4,0.545,43.15,0,2025,6,20,0,0.0003226024860305158,38.835,0.032348864718041444,0.4095,0
2,8,2,0,1516.57,175.77,2.72,4.4,2,0.632,7.99,1,2024,3,6,6,0.0017935209057280575,35.156000000000006,0.11589969470581643,1.6192000000000002,0
7,0,3,1,6231.26,458.63,3.78,0.2,1,0.686,12.99,0,2024,9,26,4,0.0006066188860679862,2.5980000000000003,0.07360148669771442,0.0628,0
5,4,2,1,3135.79,67.85,2.22,3.5,4,0.926,6.37,1,2025,12,30,5,0.0007079555710044359,22.295,0.021637290762455394,0.25899999999999984,0
7,7,0,2,2773.78,336.08,3.32,7.0,4,0.896,0.5,0,2025,8,13,6,0.0011969226110217824,3.5,0.12116317804584356,0.7279999999999999,1
4,3,0,0,12495.88,3.18,4.11,0.9,0,0.721,0.63,0,2025,10,4,2,0.0003289084082113465,0.5670000000000001,0.0002544838778861513,0.25110000000000005,0
7,5,1,1,1107.77,462.4,2.53,8.9,4,0.862,3.07,1,2024,3,19,5,0.0022838675898426567,27.323,0.417415167408397,1.2282000000000002,1
0,4,3,3,6578.15,57.14,1.42,9.1,1,0.784,19.83,0,2025,5,23,0,0.00021586616297895306,180.45299999999997,0.008686332783533365,1.9655999999999996,1
2,5,2,2,2938.95,48.35,2.9,1.0,4,0.67,5.1,1,2025,4,11,0,0.000986746967454363,5.1,0.01645145375048912,0.32999999999999996,0
4,6,1,0,13250.29,167.17,2.34,9.9,0,0.863,14.52,1,2025,6,7,2,0.00017659990837936375,143.748,0.012616327642640273,1.3563,1
4,0,0,1,8577.09,187.41,3.42,3.0,2,0.842,3.71,1,2025,1,3,0,0.0003987366344529438,11.129999999999999,0.02185006803006614,0.4740000000000001,0
4,5,0,2,3855.02,107.94,4.34,0.8,1,0.81,0.5,0,2024,2,26,1,0.001125804794787057,0.4,0.027999854734865187,0.15199999999999997,0
6,2,1,2,7785.2,292.98,2.8,0.1,1,0.809,7.77,0,2025,5,26,1,0.00035965678466834503,0.777,0.037632944561475624,0.019099999999999995,0
2,0,0,0,11106.55,222.01,2.74,4.1,2,0.841,5.2,1,2025,8,3,3,0.00024670127087169285,21.32,0.01998910552781917,0.6519,0
4,8,0,4,14392.71,18.05,3.36,6.3,2,0.692,7.9,1,2024,6,19,6,0.00023345151816440407,49.77,0.0012541071139486589,1.9404000000000003,0
1,6,1,3,3696.47,160.51,1.54,3.3,1,0.935,4.44,0,2025,1,11,2,0.0004166136881944125,14.652000000000001,0.04342250850135399,0.2144999999999998,0
1,6,2,2,13349.64,405.41,2.04,8.4,3,0.581,13.29,0,2024,6,10,1,0.00015281310956699956,111.636,0.03036860919095946,3.5196000000000005,1
2,4,0,2,14047.41,345.16,4.23,7.2,0,0.942,0.85,1,2024,9,18,6,0.00030112312518820196,6.12,0.024571077515356924,0.41760000000000036,1
2,3,1,2,13788.1,362.71,3.41,3.5,0,0.671,10.89,1,2024,4,15,1,0.0002473147134122903,38.115,0.02630601750785097,1.1515,0
3,0,3,3,9713.51,349.36,1.24,7.3,2,0.563,147.75,1,2025,8,10,3,0.00012765725263061447,1078.575,0.035966401434702804,3.1901,1
0,3,1,0,9632.4,156.18,1.88,9.4,3,0.8,12.83,1,2025,11,21,0,0.0001951746189942278,120.602,0.01621402765665878,1.8799999999999997,1
2,4,0,4,6346.55,50.73,3.45,0.9,4,0.688,0.6,1,2024,4,28,3,0.0005436024296665117,0.54,0.007993319204922359,0.28080000000000005,0
5,3,0,1,11409.77,136.96,3.72,3.1,2,0.908,5.68,1,2024,8,21,6,0.00032603637058415725,17.608,0.012003747665378005,0.2851999999999999,0
6,0,0,2,8203.76,416.06,3.97,4.6,3,0.715,0.65,1,2025,6,5,4,0.0004839244444011039,2.9899999999999998,0.05071576935453987,1.311,0
1,8,1,3,10322.85,490.25,2.16,5.0,0,0.834,9.29,1,2024,1,3,6,0.00020924454002528372,46.449999999999996,0.047491729512683024,0.8300000000000002,0
7,0,0,1,6712.64,247.43,4.27,5.4,0,0.654,0.79,0,2024,2,15,4,0.000636113362253897,4.266000000000001,0.036860311293321256,1.8684,0
1,0,3,1,11106.7,5.84,3.02,3.0,1,0.605,26.72,1,2024,1,13,2,0.0002719079474551397,80.16,0.0005258087460721906,1.185,0
4,0,0,3,12454.84,70.88,3.5,6.7,3,0.694,1.02,1,2024,9,7,2,0.0002810152519020718,6.8340000000000005,0.005690960301376813,2.0502000000000002,0
7,3,3,2,2623.33,161.72,3.17,6.5,0,0.803,4.6,0,2024,2,17,2,0.0012083878124368645,29.9,0.061646838178955755,1.2804999999999997,0
4,5,3,3,12577.48,289.71,1.61,5.8,0,0.828,22.13,0,2025,4,28,1,0.00012800656411300198,128.35399999999998,0.023034025893899253,0.9976000000000003,0
4,1,1,4,8334.3,38.47,4.38,1.1,4,0.789,18.3,1,2025,1,7,5,0.0005255390374716533,20.130000000000003,0.004615864559711073,0.23209999999999997,0
1,3,2,0,12747.66,471.74,1.61,4.8,2,0.994,74.54,1,2025,1,27,1,0.0001262976891445175,357.79200000000003,0.03700600737704018,0.028800000000000023,0
4,8,2,2,6753.87,183.18,2.04,3.6,1,0.846,6.81,0,2024,6,2,3,0.00030204904743502616,24.516,0.02712222770056279,0.5544000000000001,0
4,0,3,0,5996.09,456.38,3.88,4.9,3,0.966,13.0,0,2024,7,2,5,0.000647088352576429,63.7,0.07611293359505944,0.16660000000000016,0
1,8,1,2,13768.38,390.48,3.24,9.2,3,0.559,16.81,0,2024,2,6,5,0.00023532180256500768,154.652,0.028360635020242036,4.057199999999999,1
2,1,1,1,4141.95,377.96,3.97,4.8,4,0.531,11.15,1,2025,7,20,3,0.0009584857373942226,53.52,0.09125170511474064,2.2512,0
0,6,1,0,12741.08,303.75,2.9,0.1,3,0.655,11.43,0,2025,11,2,3,0.00022761021828604795,1.143,0.023840208208409333,0.034499999999999996,0
4,5,2,4,7518.3,313.77,2.44,4.4,3,0.568,6.46,1,2025,3,5,6,0.00032454145218998974,28.424000000000003,0.04173416862854634,1.9008000000000003,0
0,7,2,2,7954.38,319.36,4.24,8.2,2,0.763,53.52,1,2024,8,17,2,0.0005330396586534714,438.864,0.040148949383861474,1.9433999999999998,1
5,7,1,0,4972.79,314.73,1.32,7.8,4,0.759,14.25,1,2024,11,25,1,0.00026544454923694747,111.14999999999999,0.06329042650101854,1.8798,1
7,7,2,0,8809.11,277.31,4.03,5.1,2,0.788,52.31,1,2024,9,11,6,0.00045748094869969835,266.781,0.03147991113744748,1.0811999999999997,0
2,6,1,4,5215.56,493.22,1.96,2.5,3,0.873,4.41,1,2025,3,2,3,0.0003757985719654265,11.025,0.09456702635958554,0.3175,0
7,1,2,2,1069.41,366.41,4.0,4.7,4,0.986,2.78,1,2024,11,23,2,0.0037403802096483106,13.065999999999999,0.3426281781543094,0.06580000000000007,0
6,5,2,4,4443.98,388.7,1.66,5.6,2,0.939,27.23,1,2024,10,4,0,0.00037353903482913967,152.488,0.08746664026390759,0.3416000000000003,0
2,6,1,3,592.5,436.36,3.11,10.0,3,0.559,1.66,1,2024,3,20,6,0.005248945147679325,16.599999999999998,0.7364725738396625,4.409999999999999,1
7,2,1,1,14686.14,108.6,4.13,6.4,1,0.669,20.71,1,2025,8,8,0,0.0002812175289082087,132.544,0.007394727273470088,2.1184,0
6,6,0,4,14503.33,42.82,2.76,6.9,1,0.628,1.16,1,2025,1,16,4,0.0001903011239487759,8.004,0.0029524254085096318,2.5668,0
5,3,1,3,6229.75,241.96,3.66,4.9,1,0.588,8.5,1,2024,5,2,4,0.0005875035113768611,41.650000000000006,0.03883943978490309,2.0188,0
3,0,0,4,11061.38,257.53,3.86,3.5,2,0.772,5.27,1,2025,5,29,4,0.0003489618835986107,18.445,0.023281905151075182,0.7979999999999999,0
1,3,2,4,5514.19,414.76,3.63,8.1,0,0.777,5.22,1,2025,11,20,4,0.0006583015819186499,42.282,0.07521684961889236,1.8062999999999998,1
4,3,1,2,10230.85,222.45,4.25,4.9,2,0.614,70.66,1,2024,2,23,0,0.0004154102542799474,346.234,0.021743061426958657,1.8914000000000002,0
2,3,2,4,12178.74,285.86,2.67,9.9,2,0.856,86.31,1,2024,7,2,5,0.00021923450209134935,854.469,0.02347205047484387,1.4256000000000002,1
7,3,1,4,14227.97,264.01,1.77,4.6,4,0.866,36.02,1,2024,8,16,0,0.0001244028487549524,165.692,0.018555704011183605,0.6164,0
7,7,2,0,6303.08,20.06,1.36,0.7,1,0.51,5.45,0,2025,6,12,4,0.000215767529525248,3.815,0.0031825710604974074,0.34299999999999997,0
4,7,2,4,11857.82,307.99,2.01,6.8,0,0.698,9.05,0,2024,2,17,2,0.00016950839193038855,61.540000000000006,0.02597357693066685,2.0536000000000003,0
4,0,2,1,4355.96,414.19,1.67,0.5,0,0.945,2.37,0,2025,2,14,0,0.0003833827675185263,1.185,0.09508581346017869,0.027500000000000024,0
3,4,3,0,14859.82,79.59,3.04,2.5,2,0.76,186.22,1,2024,3,11,1,0.0002045785211395562,465.55,0.0053560541110188415,0.6,0
5,7,2,4,873.66,297.57,1.81,3.5,0,0.674,1.51,0,2025,4,21,1,0.00207174415676579,5.285,0.34060160703248404,1.1409999999999998,0
4,1,0,4,9251.17,297.21,1.33,7.4,4,0.627,1.31,1,2024,10,16,6,0.00014376559937824082,9.694,0.03212674721143379,2.7602,1
3,4,1,2,10062.84,82.93,1.32,4.9,0,0.622,9.35,1,2024,11,14,4,0.00013117569195177504,45.815000000000005,0.008241212222394474,1.8522,0
5,5,0,1,10476.66,62.61,3.94,0.3,3,0.55,0.5,0,2024,12,1,3,0.00037607405413557374,0.15,0.005976141251123927,0.13499999999999998,0
2,8,3,4,2245.62,490.05,3.15,6.2,3,0.909,5.07,1,2024,3,29,0,0.0014027306489967136,31.434,0.21822481096534588,0.5641999999999998,0
4,1,0,4,14108.68,197.47,2.38,4.1,4,0.543,1.83,1,2025,7,20,3,0.00016869047990315182,7.502999999999999,0.013996348347258566,1.8736999999999997,0
5,1,1,0,3127.16,114.48,4.15,9.2,2,0.646,25.64,1,2025,4,12,2,0.0013270827204236433,235.88799999999998,0.03660829634556595,3.2567999999999997,1
4,7,1,0,9529.92,86.49,1.43,5.0,0,0.523,7.27,0,2024,1,9,5,0.00015005372552970013,36.349999999999994,0.009075627077666968,2.385,0
7,7,1,1,3728.8,334.13,4.44,7.1,0,0.891,3.66,1,2025,1,12,3,0.0011907316026603734,25.986,0.08960791675606093,0.7738999999999998,1
5,4,3,0,4954.64,305.11,3.23,2.2,4,0.52,23.03,0,2024,7,24,6,0.0006519141653076712,50.666000000000004,0.06158065974520853,1.056,0
3,8,3,4,8423.65,322.13,1.81,7.6,3,0.654,19.48,0,2024,10,25,0,0.00021487122565633663,148.048,0.038241142497610896,2.6295999999999995,1
6,0,1,3,6549.3,44.92,3.44,7.2,1,0.787,8.91,1,2025,7,31,4,0.0005252469729589422,64.152,0.006858748263173163,1.5335999999999999,1
7,6,1,3,2823.27,446.87,3.72,9.0,3,0.705,3.69,1,2024,11,7,4,0.00131762105643456,33.21,0.15828100040024512,2.6550000000000002,1
5,7,3,2,2978.58,195.24,2.62,0.3,4,0.641,12.82,1,2025,9,29,1,0.0008796137756917727,3.846,0.06554801281147393,0.10769999999999999,0
0,7,1,2,6563.1,157.37,4.04,4.5,2,0.638,44.51,1,2024,9,5,4,0.0006155627675945818,200.295,0.023977998202069143,1.629,0
6,4,0,0,11480.6,231.72,1.7,6.8,1,0.899,1.54,0,2025,4,20,3,0.00014807588453565144,10.472,0.020183614096824207,0.6867999999999999,0
2,0,2,3,13520.49,195.64,2.12,1.0,1,0.987,12.6,1,2025,1,12,3,0.00015679905092197104,12.6,0.01446988977470491,0.013000000000000012,0
4,2,0,3,1719.85,431.92,1.51,4.1,1,0.674,0.5,0,2025,8,28,4,0.0008779835450766055,2.05,0.25113818065528976,1.3365999999999998,0
3,1,1,3,6200.01,464.7,1.9,9.4,0,0.52,6.27,0,2025,5,20,5,0.000306451118627228,58.937999999999995,0.07495149201372256,4.512,1
1,6,1,3,1953.56,152.42,1.99,4.4,4,0.518,5.07,1,2024,7,19,0,0.0010186531255758718,22.308000000000003,0.07802166301521325,2.1208,0
4,1,2,4,740.59,432.1,4.23,9.9,4,0.88,2.26,1,2025,7,13,3,0.005711662323282789,22.374,0.5834537328346319,1.188,1
2,8,2,0,10094.92,390.98,1.46,0.6,4,0.776,18.34,0,2024,9,8,3,0.00014462719863059836,11.004,0.03873037131547353,0.1344,0
2,4,1,2,9235.52,465.47,2.61,7.2,4,0.892,25.53,1,2024,6,3,1,0.00028260455285679636,183.816,0.050399977478257856,0.7776,1
5,4,2,1,2863.78,123.63,2.96,5.8,1,0.849,3.44,1,2024,1,7,3,0.0010335989496399862,19.951999999999998,0.043170215589186316,0.8758000000000001,0
0,2,0,3,3890.29,288.9,4.17,5.0,0,0.954,0.85,0,2025,2,23,3,0.0010718995241999953,4.25,0.07426181595716515,0.2300000000000002,0
6,8,3,1,843.76,138.0,4.49,9.7,4,0.943,5.37,1,2024,1,25,4,0.005321418412818812,52.089,0.16355361714231534,0.5529000000000005,1
6,8,0,3,12606.73,412.22,3.69,1.3,3,0.894,1.0,0,2024,8,26,1,0.00029270080345973935,1.3,0.03269840791386823,0.13779999999999998,0
5,5,3,4,14633.01,3.66,4.4,9.0,2,0.738,235.41,1,2025,7,8,5,0.00030069001524635056,2118.69,0.0002501194217731007,2.358,1
5,2,2,4,2464.16,282.84,3.8,6.9,3,0.654,2.74,1,2024,12,20,0,0.0015421076553470555,18.906000000000002,0.11478150769430556,2.3874,0
4,3,1,4,3856.39,170.26,4.38,2.6,1,0.754,4.44,0,2025,10,13,1,0.0011357772424469518,11.544000000000002,0.04415009892671644,0.6396000000000001,0
4,6,0,1,13091.94,162.02,3.53,9.0,0,0.751,0.76,0,2025,12,11,4,0.0002696315442936646,6.84,0.012375553202963045,2.241,1
0,2,0,1,13933.73,322.81,1.46,4.3,2,0.805,7.6,1,2024,1,10,6,0.0001047817059753562,32.68,0.023167522264318313,0.8384999999999998,0
2,1,1,0,6584.6,425.89,2.53,8.1,1,0.593,9.39,1,2024,12,9,1,0.00038422986969595716,76.059,0.06467970719557756,3.2967,1
2,4,3,4,1234.03,304.99,3.33,3.9,1,0.828,3.52,1,2024,1,2,5,0.0026984757258737635,13.728,0.24714958307334506,0.6708000000000002,0
0,8,1,0,1071.18,426.73,2.36,8.5,4,0.728,3.73,1,2025,11,4,5,0.002203177803917175,31.705,0.3983737560447357,2.3120000000000003,1
4,0,0,4,8822.27,133.03,2.1,6.4,1,0.81,1.19,1,2025,1,20,1,0.00023803397538275296,7.616,0.015078885592936965,1.2159999999999997,0
7,0,2,0,6196.98,260.23,3.11,1.4,3,0.62,4.11,0,2024,11,10,3,0.0005018573563251778,5.7540000000000004,0.0419930353172029,0.5319999999999999,0
4,6,3,3,915.46,225.82,4.28,6.5,1,0.717,2.54,0,2024,4,16,5,0.004675245231905272,16.51,0.2466738033338431,1.8395000000000001,0
3,5,1,0,8957.16,6.81,1.32,1.9,3,0.605,8.08,0,2024,7,29,1,0.0001473681390083464,15.351999999999999,0.0007602856262476053,0.7505,0
5,7,3,1,663.89,278.85,3.74,4.1,0,0.938,0.86,0,2025,6,26,4,0.005633463374956695,3.526,0.42002440163280064,0.2542000000000002,0
2,4,1,1,11916.89,331.1,3.59,1.7,4,0.744,27.01,1,2024,8,31,2,0.00030125309539653385,45.917,0.02778409467570818,0.4352,0
4,6,0,1,4943.28,296.37,4.38,0.2,3,0.612,0.7,0,2025,3,5,6,0.0008860513667038889,0.13999999999999999,0.059954119531970676,0.0776,0
7,4,0,3,1083.74,368.4,4.27,2.1,1,0.521,0.5,0,2025,5,18,3,0.003940059423847048,1.05,0.3399339324930334,1.0059,0
3,2,0,2,9031.11,286.1,3.72,5.4,4,0.838,1.7,0,2024,3,2,2,0.0004119094994967396,9.18,0.03167938381882183,0.8748000000000002,0
5,1,2,2,6266.42,34.31,2.92,4.8,2,0.607,36.9,1,2024,5,25,2,0.00046597578840869264,177.11999999999998,0.005475215513802139,1.8864,0
1,8,3,3,14620.11,59.11,1.87,5.0,2,0.995,203.76,1,2025,12,29,1,0.00012790601438703267,1018.8,0.00404306123551738,0.025000000000000022,0
4,1,1,3,8390.88,298.64,3.0,2.5,0,0.767,6.42,0,2024,10,13,3,0.00035753103369372464,16.05,0.035591022634097975,0.5825,0
6,5,1,3,4490.97,138.21,3.73,6.9,0,0.644,3.57,1,2024,4,5,0,0.0008305555369998018,24.633,0.03077508867794708,2.4564,0
1,4,1,4,10786.86,40.74,4.16,7.0,2,0.829,80.24,1,2024,2,14,6,0.00038565439803612915,561.68,0.003776817349998053,1.1970000000000003,1
6,3,0,4,4436.63,215.37,3.81,3.6,3,0.638,0.51,0,2024,8,25,3,0.0008587599146198804,1.836,0.04854360178784348,1.3032,0
5,5,3,0,13611.53,277.61,1.84,8.8,2,0.91,217.49,1,2025,6,16,1,0.00013517951325089833,1913.9120000000003,0.020395209061729282,0.7919999999999998,1
0,6,2,2,5933.47,165.04,3.18,6.4,4,0.654,14.34,1,2025,2,26,6,0.0005359427114319277,91.77600000000001,0.02781508965242935,2.2144,0
2,5,2,0,8473.09,360.5,2.3,7.1,1,0.994,9.6,1,2025,12,18,4,0.00027144760648122463,68.16,0.042546461798470214,0.042600000000000034,1
1,8,0,3,1233.31,322.24,1.23,2.8,1,0.803,0.5,0,2025,1,16,4,0.0009973161654409678,1.4,0.2612806188225183,0.5515999999999999,0
1,7,2,3,6678.76,167.08,1.86,0.0,3,0.922,4.11,0,2025,4,14,1,0.00027849481041390916,0.0,0.02501661985158922,0.0,0
5,7,0,0,12569.27,377.68,1.57,8.7,2,0.536,7.72,1,2024,3,27,6,0.0001249078108752537,67.16399999999999,0.030047886631443192,4.0367999999999995,1
2,0,3,2,12181.91,324.7,3.98,8.2,4,0.674,71.95,0,2025,8,17,3,0.0003267139553649633,589.99,0.026654276710302408,2.6731999999999996,1
2,8,3,2,3752.62,319.09,2.05,1.2,0,0.869,5.7,0,2024,4,7,3,0.0005462849955497758,6.84,0.08503125816096486,0.1572,0
1,6,3,4,3778.15,277.16,2.14,3.7,3,0.828,6.93,0,2025,6,1,3,0.0005664147797202335,25.641000000000002,0.07335865436787846,0.6364000000000002,0
1,2,3,2,12350.93,6.68,4.37,6.6,0,0.597,22.45,0,2024,5,16,4,0.0003538195099478339,148.17,0.0005408499602863914,2.6598,0
1,2,2,1,13990.78,348.56,2.45,6.5,4,0.678,33.25,1,2025,10,14,5,0.0001751153259503759,216.125,0.02491355020949511,2.0929999999999995,0
3,8,1,4,1882.73,188.64,1.23,8.6,4,0.632,4.77,1,2025,2,7,0,0.0006533066345147737,41.02199999999999,0.10019492970314384,3.1647999999999996,1
0,6,0,4,7025.85,471.36,2.14,1.4,3,0.807,0.5,0,2024,3,17,3,0.00030458948027640786,0.7,0.0670893913191998,0.2701999999999999,0
7,7,0,4,5393.09,409.17,1.59,4.3,2,0.672,3.49,1,2025,8,29,0,0.00029482170703622597,15.007,0.07586930683522804,1.4103999999999997,0
4,5,3,3,13124.98,294.26,1.54,1.0,3,0.655,22.85,0,2025,8,4,1,0.00011733351212725659,22.85,0.022419843687380855,0.345,0
4,8,3,3,1711.11,126.84,1.46,3.9,0,0.604,2.1,1,2024,3,4,1,0.0008532473073034464,8.19,0.07412732086189668,1.5444,0
4,0,1,3,3561.33,102.65,3.16,0.2,1,0.705,3.43,0,2025,3,21,0,0.0008873089548005942,0.686,0.028823501332367406,0.05900000000000001,0
1,8,2,2,11410.79,170.85,1.82,9.0,1,0.598,14.45,1,2025,11,9,3,0.00015949815919844286,130.04999999999998,0.014972670603875804,3.6180000000000003,1
4,8,3,4,1243.76,238.81,2.39,5.3,4,0.981,7.62,1,2024,5,13,1,0.00192159259021033,40.385999999999996,0.19200649643017945,0.10070000000000008,0
0,5,1,4,7641.76,148.74,4.04,8.5,4,0.577,23.52,1,2024,8,30,0,0.0005286740227382174,199.92,0.01946410251041645,3.5955000000000004,1
4,7,1,2,6910.55,257.95,2.6,0.6,2,0.957,39.91,1,2024,10,25,0,0.00037623633430045365,23.945999999999998,0.0373269855510777,0.02580000000000002,0
3,4,0,1,5348.82,83.52,4.22,2.3,3,0.714,0.5,1,2024,9,24,5,0.00078895906012915,1.15,0.015614658934120049,0.6578,0
0,8,0,0,6221.3,488.88,2.84,2.6,0,0.689,0.97,1,2024,11,18,1,0.00045649623069133455,2.522,0.07858164692266889,0.8086000000000002,0
0,7,1,4,8184.14,54.85,2.52,3.9,3,0.616,7.57,1,2025,2,6,4,0.0003079126212405946,29.523,0.006701987013907387,1.4976,0
5,8,1,0,2839.83,466.04,3.68,8.0,1,0.818,4.68,1,2025,12,18,4,0.0012958522165059177,37.44,0.16410841494033096,1.4560000000000004,1
2,1,0,1,8793.94,456.88,1.44,3.9,3,0.843,1.12,0,2024,11,30,2,0.00016374912723989473,4.368,0.05195395920372438,0.6123000000000001,0
3,0,2,2,12178.77,263.15,1.5,2.0,1,0.734,11.91,0,2024,11,21,4,0.00012316514721930048,23.82,0.02160727232717261,0.532,0
6,3,2,4,11522.33,362.73,3.35,0.6,4,0.528,21.81,0,2025,4,8,5,0.0002907398069661258,13.085999999999999,0.031480611994275466,0.28319999999999995,0
5,0,1,1,2731.55,218.59,2.81,0.8,3,0.959,2.14,0,2024,10,5,2,0.0010287199575332686,1.7120000000000002,0.08002416210576412,0.03280000000000003,0
6,1,1,2,2664.12,315.39,3.81,7.6,2,0.99,19.79,1,2024,8,27,5,0.0014301157605513266,150.404,0.1183843070131976,0.07600000000000007,1
3,4,2,1,4388.53,170.95,4.22,4.4,4,0.716,10.07,0,2024,3,17,3,0.0009615976192483588,44.30800000000001,0.03895381824893529,1.2496000000000003,0
1,5,3,3,5735.58,151.28,2.48,7.3,1,0.807,16.25,1,2024,7,26,0,0.0004323887034964206,118.625,0.026375710913281655,1.4088999999999996,1
2,3,3,0,6422.61,289.54,3.17,6.8,1,0.725,18.25,1,2024,5,19,3,0.0004935688139245572,124.1,0.04508136100432691,1.87,0
4,2,2,4,10355.61,249.57,2.85,1.4,2,0.661,53.56,1,2025,8,21,4,0.00027521314533861355,74.984,0.024099980590230802,0.4745999999999999,0
7,1,0,0,1321.87,290.19,4.44,1.4,4,0.539,0.5,0,2024,4,21,3,0.0033588779532026606,0.7,0.21952990838736033,0.6453999999999999,0
1,5,0,2,1002.75,144.04,3.94,7.6,4,0.728,0.5,1,2024,6,8,2,0.003929194714535029,3.8,0.14364497631513337,2.0672,1
2,6,3,0,6182.7,184.11,4.21,7.2,1,0.909,18.31,1,2024,4,18,4,0.0006809322787778802,131.832,0.02977825221990393,0.6551999999999998,1
0,1,2,2,10608.87,42.87,2.04,3.8,0,0.509,7.84,1,2024,6,17,1,0.0001922919217598104,29.791999999999998,0.004040958179334839,1.8658,0
1,2,1,4,3304.81,27.09,3.75,0.8,1,0.791,3.23,1,2025,4,5,2,0.0011347097109970013,2.584,0.008197142952242338,0.1672,0
1,4,0,4,9801.81,127.48,2.08,0.1,2,0.94,3.63,1,2025,4,22,5,0.00021220570486471378,0.363,0.013005761180843131,0.006000000000000005,0
0,6,0,4,4267.51,38.05,1.89,2.9,2,0.609,1.77,1,2024,11,17,3,0.00044288121176048795,5.133,0.008916206406077548,1.1339,0
0,3,2,0,13348.25,52.78,4.32,0.1,0,0.592,7.61,0,2025,2,20,4,0.000323637930065739,0.7610000000000001,0.003954076377053172,0.0408,0
2,6,2,2,13487.5,406.65,1.26,2.3,1,0.886,13.55,0,2024,5,3,0,9.341983317886933e-05,31.165,0.030150139017608896,0.26219999999999993,0
1,0,2,1,4810.66,20.4,4.39,4.2,4,0.628,10.43,0,2025,7,2,6,0.0009125566970020746,43.806,0.004240582373312601,1.5624,0
2,3,0,0,3834.91,329.81,1.69,1.2,0,0.596,0.5,0,2025,1,1,6,0.0004406883082001924,0.6,0.0860020183002991,0.4848,0
3,6,2,4,6463.91,137.01,3.9,1.0,2,0.689,31.96,1,2024,7,31,6,0.0006033499847615453,31.96,0.021196149080045978,0.31100000000000005,0
0,2,2,2,3987.71,435.9,2.11,9.0,2,0.696,27.46,1,2025,4,7,1,0.000529125738832563,247.14000000000001,0.10931085761000674,2.7360000000000007,1
7,5,1,2,10249.57,243.01,2.36,5.9,0,0.937,8.17,1,2024,11,11,1,0.00023025356185674131,48.203,0.02370928731644352,0.3716999999999997,0
5,0,2,4,12477.94,153.48,1.92,9.3,2,0.809,87.25,1,2025,4,19,2,0.00015387155251588,811.4250000000001,0.012300107229238157,1.7762999999999995,1
1,3,0,0,10259.84,259.3,3.13,3.5,2,0.703,5.6,1,2024,9,28,2,0.0003050729835942861,19.599999999999998,0.025273298608945168,1.0395,0
4,6,0,4,12453.08,191.6,2.35,6.8,0,0.767,0.5,0,2024,5,2,4,0.00018870833560854022,3.4,0.01538575195855162,1.5843999999999998,0
3,8,2,2,6256.39,282.59,3.37,2.0,1,0.977,6.4,1,2024,4,2,5,0.0005386492849710456,12.8,0.04516822001185987,0.04600000000000004,0
6,1,3,3,2766.6,58.15,1.25,6.2,1,0.557,7.24,1,2024,6,10,1,0.00045181811609918315,44.888000000000005,0.021018578760934,2.7466,0
2,0,3,4,11200.29,498.5,1.41,1.3,4,0.604,50.09,0,2025,12,3,6,0.00012588959750149326,65.117,0.044507776137939284,0.5148,0
6,4,1,3,5726.88,213.35,1.53,0.0,4,0.981,12.02,0,2024,11,7,4,0.0002671611767664068,0.0,0.03725414187131562,0.0,0
3,0,3,1,10233.43,174.77,2.58,9.3,0,0.979,21.04,0,2025,12,22,1,0.00025211488230241473,195.672,0.017078340302322876,0.1953000000000002,1
6,6,3,4,4424.34,355.39,3.89,5.5,3,0.589,9.45,1,2025,12,14,3,0.000879227184167582,51.974999999999994,0.08032610513658534,2.2605000000000004,0
3,2,1,2,1677.83,182.59,4.13,9.3,2,0.573,14.31,1,2025,9,9,5,0.0024615127873503276,133.08300000000003,0.10882508955019282,3.9711000000000007,1
4,5,0,3,14892.44,416.8,2.01,3.3,4,0.711,2.89,1,2024,2,11,3,0.00013496780917029042,9.536999999999999,0.02798735465779953,0.9537000000000001,0
6,0,2,3,2764.92,227.68,3.1,3.3,4,0.525,5.39,0,2024,8,8,4,0.001121189763175788,17.787,0.08234596299350433,1.5675,0
6,0,3,2,14832.1,360.06,3.74,4.0,0,0.827,24.78,0,2024,12,1,3,0.0002521557972235894,99.12,0.024275726296343742,0.6920000000000002,0
6,0,3,1,14670.56,54.62,2.15,7.1,4,0.539,82.52,1,2024,5,31,0,0.00014655200619471923,585.8919999999999,0.003723102594583983,3.2730999999999995,1
2,1,1,1,12010.36,423.21,2.55,5.7,2,0.529,85.68,1,2024,4,3,6,0.0002123166999157394,488.37600000000003,0.035237078655427474,2.6847,0
7,1,1,4,10061.63,368.12,2.93,9.3,3,0.743,12.05,0,2025,12,29,1,0.000291205301725466,112.06500000000001,0.03658651729391759,2.3901000000000003,1
4,1,3,1,8878.2,106.65,1.65,0.3,4,0.979,37.12,1,2024,9,11,6,0.00018584848280056766,11.136,0.012012570115563965,0.006300000000000005,0
2,0,3,4,13058.47,73.5,1.29,7.1,3,0.713,29.57,0,2024,12,30,1,9.878645813789825e-05,209.947,0.005628530754368621,2.0377,1
4,1,3,3,4696.87,158.83,1.7,3.3,0,0.678,7.63,0,2025,2,9,3,0.00036194316640656435,25.179,0.033816137129620366,1.0625999999999998,0
2,5,0,2,7281.38,488.06,3.27,1.8,1,0.999,1.15,0,2025,6,9,1,0.00044909069434640136,2.07,0.0670285028387476,0.0018000000000000017,0
3,2,2,1,9481.15,129.16,1.44,5.1,4,0.766,21.04,1,2024,2,20,5,0.00015188030987802113,107.30399999999999,0.013622820016559173,1.1933999999999998,0
3,2,0,2,6462.26,228.61,1.83,5.1,2,0.688,2.38,1,2025,11,24,1,0.0002831826636501781,12.137999999999998,0.0353761687087799,1.5912000000000002,0
3,0,0,2,6698.55,15.98,2.31,1.4,2,0.693,2.8,1,2024,11,2,2,0.00034485075128199387,3.9199999999999995,0.0023855909114659144,0.42980000000000007,0
4,6,3,3,5289.13,199.22,1.46,2.0,3,0.597,8.89,1,2024,9,23,1,0.00027603783609024546,17.78,0.03766592993554706,0.806,0
5,4,1,1,8681.36,286.09,1.83,4.1,2,0.756,58.28,1,2024,6,27,4,0.00021079646506998902,238.94799999999998,0.03295451403927495,1.0004,0
3,4,0,1,12833.33,476.61,4.21,4.1,3,0.719,0.5,0,2024,2,1,4,0.00032805203326026836,2.05,0.03713845120479252,1.1521000000000001,0
7,4,1,2,3422.16,258.85,1.26,3.2,2,0.635,21.54,1,2025,2,18,5,0.0003681885125184094,68.928,0.07563936227411928,1.168,0
3,4,2,0,14049.28,409.73,3.36,1.5,4,0.58,26.77,0,2025,4,8,5,0.0002391581632653061,40.155,0.02916377209365889,0.6300000000000001,0
3,4,0,0,10491.77,274.02,2.47,0.0,2,0.656,5.15,1,2025,7,23,6,0.0002354226217311283,0.0,0.026117614091807195,0.0,0
2,5,3,0,12437.46,21.35,3.42,9.7,1,0.754,37.94,1,2025,7,17,4,0.00027497575871600794,368.018,0.0017165884352592896,2.3861999999999997,1
0,1,2,2,8564.77,158.19,3.14,9.4,4,0.529,22.52,1,2024,9,12,4,0.0003666181345208336,211.68800000000002,0.018469847993583016,4.4274,1
0,5,3,4,11802.99,288.2,1.94,4.8,1,0.577,30.83,0,2024,4,6,2,0.00016436513120827857,147.98399999999998,0.024417541656817466,2.0304,0
7,2,1,2,734.91,475.35,4.0,10.0,1,0.974,1.89,0,2025,4,18,0,0.005442843341361528,18.9,0.6468138955790506,0.26000000000000023,1
1,3,0,0,12366.52,429.71,2.82,6.7,1,0.771,1.68,0,2024,4,14,3,0.00022803504947228482,11.256,0.03474785145699841,1.5343,0
5,4,3,0,1082.01,114.95,3.91,0.7,4,0.532,5.21,1,2024,5,23,4,0.0036136449755547547,3.647,0.10623746545780538,0.32759999999999995,0
0,5,0,2,13403.74,110.83,2.54,1.2,1,0.847,1.54,0,2024,5,4,2,0.00018949934868924643,1.8479999999999999,0.008268587722531175,0.1836,0
4,6,2,4,14883.46,101.39,4.45,9.2,4,0.531,38.15,1,2024,1,13,2,0.0002989896166617171,350.97999999999996,0.006812260052434045,4.314799999999999,1
4,1,3,2,4763.98,461.33,3.74,6.3,2,0.869,69.79,1,2024,3,4,1,0.0007850578717794786,439.677,0.09683709839252054,0.8253,0
4,7,2,0,3549.62,426.48,4.39,8.4,0,0.875,3.43,0,2024,8,15,4,0.0012367521030420157,28.812,0.12014807218800887,1.05,1
1,5,0,0,11597.77,387.67,2.9,9.0,1,0.826,0.83,0,2024,5,13,1,0.00025004806958579107,7.47,0.033426253495284004,1.5660000000000003,1
4,3,3,0,4168.88,196.97,2.76,4.5,0,0.866,6.8,1,2024,7,21,3,0.0006620483199324518,30.599999999999998,0.04724770202068661,0.603,0
1,0,0,2,13050.65,252.69,3.69,0.5,4,0.544,1.69,0,2025,2,14,0,0.000282744537628394,0.845,0.01936225398734929,0.22799999999999998,0
1,8,3,0,1991.22,232.7,4.1,1.9,4,0.863,9.46,1,2025,1,16,4,0.0020590391820090193,17.974,0.11686302869597533,0.26030000000000003,0
2,4,0,1,2326.35,127.45,4.38,0.7,4,0.568,0.5,1,2025,12,3,6,0.0018827777419562835,0.35,0.054785393427472226,0.3024,0
6,4,2,3,14697.7,253.01,2.27,1.9,2,0.67,76.43,1,2025,10,7,5,0.00015444593371752042,145.217,0.01721425801315852,0.6269999999999999,0
2,5,1,0,10270.66,16.22,3.84,4.1,4,0.971,25.15,0,2025,10,22,6,0.00037388054905916466,103.11499999999998,0.0015792558608697005,0.11890000000000009,0
4,6,1,2,12779.86,66.77,1.9,1.2,3,0.751,11.25,0,2024,3,27,6,0.00014867142519558115,13.5,0.005224626873846817,0.2988,0
0,5,0,2,5202.78,443.41,3.0,1.7,4,0.984,0.6,0,2025,8,19,5,0.0005766148097747743,1.02,0.08522559093407756,0.027200000000000023,0
0,5,2,0,10309.01,376.09,1.79,4.5,3,0.544,9.13,1,2025,8,23,2,0.00017363451970654796,41.085,0.036481679618120454,2.0519999999999996,0
4,6,0,1,9116.51,212.01,2.35,3.4,1,0.739,0.5,0,2024,9,22,3,0.00025777408240653494,1.7,0.023255609877025307,0.8874,0
1,5,3,1,9245.68,259.06,4.27,4.7,2,0.531,126.84,1,2024,3,17,3,0.0004618373121284751,596.148,0.02801957238407559,2.2043,0
1,8,0,1,10396.72,185.63,1.68,4.3,1,0.815,0.77,0,2024,1,23,5,0.00016158942435691258,3.311,0.01785466954962719,0.7955000000000002,0
7,4,2,2,8842.71,370.65,3.29,6.4,1,0.539,9.81,1,2024,3,7,4,0.00037205788723140306,62.784000000000006,0.04191588325298466,2.9504,0
2,0,0,4,6721.4,392.31,3.16,9.4,0,0.588,0.5,0,2024,7,21,3,0.00047014014937364244,4.7,0.05836730443062457,3.8728000000000002,1
5,5,1,2,4500.88,381.88,1.6,1.1,4,0.629,9.29,1,2025,10,23,4,0.00035548603828584635,10.219,0.08484563018787437,0.4081,0
5,3,0,0,11644.43,361.58,2.28,1.0,1,0.874,0.85,0,2025,3,30,3,0.00019580176960143174,0.85,0.031051756075651617,0.126,0
3,6,1,4,3780.95,103.05,3.06,8.5,2,0.582,30.02,1,2024,5,11,2,0.0008093204088919452,255.17,0.027255054946508154,3.5530000000000004,1
7,0,1,2,10539.14,169.65,1.82,5.1,3,0.923,11.14,0,2024,4,4,4,0.00017268961224540144,56.814,0.016097138855732062,0.39269999999999977,0
1,4,0,4,3883.33,235.45,3.84,7.7,3,0.566,0.5,0,2024,12,5,4,0.0009888420505081979,3.85,0.06063095333129041,3.3418000000000005,1
2,6,0,3,9567.29,166.07,4.41,2.2,0,0.518,0.5,0,2024,5,5,3,0.00046094557601995963,1.1,0.01735810245116433,1.0604,0
2,0,0,0,11332.63,377.72,1.91,8.3,2,0.698,7.21,1,2024,2,13,5,0.0001685398711508273,59.843,0.033330303733555236,2.5066000000000006,1
4,2,0,1,3671.35,165.35,1.82,9.2,4,0.99,0.62,1,2025,4,17,4,0.0004957304533754614,5.704,0.045037928827270625,0.09200000000000007,1
0,1,0,0,1369.18,69.98,2.7,6.4,2,0.555,0.98,1,2024,2,21,6,0.0019719832308388962,6.272,0.05111088388670591,2.848,0
0,4,2,1,2399.12,200.12,3.67,1.1,0,0.551,1.42,0,2024,6,21,0,0.001529727566774484,1.562,0.08341391843676015,0.4939,0
0,6,0,2,9286.96,489.98,2.13,9.0,1,0.876,1.24,1,2025,8,10,3,0.00022935384668395256,11.16,0.05275999896629253,1.116,1
3,1,0,2,12816.97,113.71,1.27,7.9,1,0.656,1.29,1,2025,3,19,6,9.908738180708857e-05,10.191,0.008871831641955938,2.7176,1
2,5,0,0,1152.45,306.47,2.99,7.5,3,0.859,0.5,0,2025,2,8,2,0.0025944726452340667,3.75,0.26592910755347304,1.0575,1
7,5,3,0,11145.19,217.05,4.36,0.4,4,0.6,47.29,1,2025,5,23,0,0.00039120015001987404,18.916,0.019474768936195794,0.16000000000000003,0
7,7,1,0,5449.12,36.44,2.49,8.0,0,0.73,5.7,1,2024,1,31,6,0.0004569545174266671,45.6,0.0066873183192882515,2.16,1
5,7,1,1,7438.66,244.45,2.59,1.4,4,0.633,16.16,1,2025,1,26,3,0.00034818098958683415,22.624,0.03286210150752958,0.5137999999999999,0
5,7,2,3,13968.46,351.38,4.4,2.2,3,0.726,10.2,1,2025,11,30,3,0.0003149953538185312,22.44,0.02515524259653534,0.6028000000000001,0
2,8,0,3,5313.59,257.1,3.49,5.8,4,0.885,0.58,1,2025,3,12,6,0.0006568064152484478,3.364,0.048385366578904285,0.6669999999999999,0
0,8,1,0,7247.39,436.18,3.57,2.6,2,0.881,46.13,1,2024,6,25,5,0.0004925911259087754,119.93800000000002,0.06018442501369459,0.3094,0
0,8,0,0,698.4,145.18,3.06,6.6,1,0.758,0.5,0,2024,12,28,2,0.004381443298969072,3.3,0.20787514318442155,1.5972,0
4,2,0,0,1683.18,44.04,4.42,6.1,1,0.964,0.5,0,2024,8,7,6,0.0026259817725971077,3.05,0.026164759562257153,0.21960000000000018,0
0,7,0,1,4249.58,468.35,3.47,1.1,0,0.632,0.5,0,2024,7,10,6,0.0008165512827149978,0.55,0.11021089142927067,0.40480000000000005,0
6,2,2,4,903.86,189.72,4.15,6.6,0,0.62,0.75,1,2024,10,8,5,0.004591419025070254,4.949999999999999,0.20989976323766954,2.508,0
0,2,2,4,9654.94,288.63,3.51,9.2,0,0.807,7.89,1,2024,10,13,3,0.00036354446532034377,72.588,0.029894541032880573,1.7755999999999994,1
4,5,3,4,6682.78,396.21,3.63,1.6,0,0.811,9.59,0,2025,4,1,5,0.0005431871167388422,15.344000000000001,0.05928820041958586,0.30239999999999995,0
1,6,1,2,8448.11,162.83,2.16,6.0,0,0.523,7.42,1,2024,6,1,2,0.00025567848903482556,44.519999999999996,0.019274133504416965,2.862,0
6,4,3,0,3032.38,358.37,2.2,3.4,4,0.804,15.02,1,2024,2,5,1,0.000725502740421715,51.068,0.11818109867496818,0.6663999999999998,0
2,3,2,1,4791.01,68.57,3.78,4.6,4,0.687,10.8,0,2025,9,20,2,0.0007889776894642257,49.68,0.01431222226628623,1.4397999999999995,0
1,7,2,3,10125.45,146.36,2.18,2.9,1,0.874,10.63,1,2025,9,26,0,0.00021529907312761408,30.827,0.014454666212365871,0.3654,0
3,2,3,3,14496.89,73.21,3.06,3.5,1,0.904,34.76,0,2025,9,23,5,0.000211079755726918,121.66,0.005050048665610348,0.3359999999999999,0
6,2,3,3,1231.04,405.8,2.02,0.3,3,0.776,2.08,0,2024,9,8,3,0.0016408890044190278,0.624,0.329639979204575,0.0672,0
5,1,2,4,13410.57,112.1,3.9,9.8,4,0.501,35.6,1,2025,10,24,0,0.0002908153792120693,348.88000000000005,0.008359077951198196,4.8902,1
6,1,3,2,8864.78,358.98,1.56,6.2,2,0.818,128.5,1,2024,10,29,5,0.0001759772944167819,796.7,0.040495082788292544,1.1284000000000003,0
5,2,0,4,8676.83,471.71,3.94,5.0,4,0.874,1.7,1,2025,5,25,3,0.0004540828851089626,8.5,0.05436432429815958,0.63,0
7,6,2,2,7754.04,264.36,3.19,3.8,3,0.624,6.48,1,2025,2,25,5,0.0004113984451976002,24.624,0.03409319528916539,1.4287999999999998,0
1,3,2,1,1506.21,270.47,1.82,5.4,0,0.732,1.39,0,2025,7,17,4,0.001208330843640661,7.506,0.17956991388982946,1.4472000000000003,0
7,3,3,4,1803.21,231.06,2.99,3.8,4,0.983,8.98,0,2025,5,5,1,0.0016581540696868364,34.124,0.12813815362603356,0.06460000000000006,0
5,7,0,3,9213.22,163.62,2.13,3.6,2,0.649,4.25,1,2024,3,3,3,0.00023118952982779093,15.3,0.01775926331944749,1.2636,0
4,6,0,0,5443.9,238.35,2.27,4.6,1,0.612,0.99,0,2024,3,30,2,0.0004169804735575599,4.553999999999999,0.04378294972354378,1.7848,0
6,6,2,2,13800.39,301.8,2.36,2.8,3,0.605,10.11,0,2024,10,13,3,0.00017100965987193115,28.307999999999996,0.02186894718192747,1.1059999999999999,0
0,6,3,1,6395.56,493.01,1.41,1.8,3,0.779,11.59,0,2025,1,27,1,0.0002204654479044837,20.862000000000002,0.07708629111446065,0.3978,0
3,0,3,1,2577.58,468.94,4.45,5.6,4,0.975,12.85,1,2024,5,20,1,0.0017264255619612195,71.96,0.18193033775867287,0.14000000000000012,0
4,7,3,2,10863.42,431.21,1.3,8.4,4,0.804,63.88,1,2025,3,5,6,0.00011966765530560358,536.5920000000001,0.039693761264868704,1.6463999999999996,1
4,0,2,1,4753.62,444.68,3.39,1.5,1,0.652,4.83,1,2024,7,23,5,0.0007131407222285333,7.245,0.09354555054884488,0.522,0
3,6,3,3,8119.32,234.46,2.43,0.3,2,0.819,91.05,1,2025,10,20,1,0.00029928614711576836,27.314999999999998,0.02887680249084899,0.054300000000000015,0
6,1,0,2,10618.58,329.06,3.33,2.5,4,0.812,1.15,1,2025,6,22,3,0.0003136012536516182,2.875,0.030989077635616064,0.46999999999999986,0
1,3,2,3,13553.83,447.64,2.38,9.8,1,0.798,19.22,0,2024,9,12,4,0.00017559612301467554,188.356,0.033026827103482925,1.9795999999999998,1
7,4,3,1,11986.77,197.08,3.42,8.3,4,0.58,69.96,1,2025,10,7,5,0.00028531455930163,580.668,0.016441460043030775,3.4860000000000007,1
2,7,1,4,10307.24,480.92,3.61,6.0,0,0.817,10.12,0,2025,7,10,4,0.00035023924930437247,60.72,0.046658465311761446,1.0980000000000003,0
7,6,0,0,10354.68,208.48,3.48,9.3,3,0.715,0.86,0,2024,1,20,2,0.00033607991748658576,7.998,0.020133891148736607,2.6505000000000005,1
5,1,0,0,14215.91,300.94,1.58,4.5,4,0.509,2.45,1,2025,1,26,3,0.00011114307842410371,11.025,0.021169239253765675,2.2095,0
2,7,3,3,4789.45,355.19,3.37,9.8,4,0.77,30.05,1,2025,12,31,6,0.0007036298531146583,294.49,0.07416091618035474,2.254,1
0,8,2,3,516.13,475.35,2.12,3.0,1,0.995,1.2,1,2025,1,2,4,0.004107492298451941,3.5999999999999996,0.9209888981458161,0.015000000000000013,0
0,6,2,4,4443.34,123.06,1.3,2.4,4,0.675,8.31,0,2025,5,6,5,0.0002925727043170228,19.944,0.02769538230250217,0.7799999999999999,0
5,0,1,2,3659.43,373.32,2.57,6.4,0,0.983,3.1,1,2025,7,11,0,0.0007022951661870838,19.840000000000003,0.10201588772021873,0.1088000000000001,0
6,1,1,1,10096.6,260.89,2.63,3.8,1,0.548,12.93,0,2025,5,11,3,0.00026048372719529345,49.13399999999999,0.025839391478319432,1.7175999999999998,0
5,0,2,3,9688.82,135.01,2.74,6.3,2,0.866,60.73,1,2024,12,18,6,0.0002828001758728101,382.599,0.01393461742503215,0.8442000000000001,0
0,1,2,1,9105.19,388.53,3.53,3.0,4,0.557,19.29,1,2025,8,2,2,0.00038769097624541605,57.87,0.04267126770556133,1.3289999999999997,0
1,6,0,0,735.53,276.56,2.22,6.2,4,0.637,0.5,1,2025,5,29,4,0.003018231751254198,3.1,0.3760009788859734,2.2506,0
6,8,1,1,11067.28,330.83,2.24,2.8,1,0.785,14.02,0,2024,11,25,1,0.00020239842129231392,39.25599999999999,0.02989262040898938,0.6019999999999999,0
0,2,2,4,5191.19,162.13,1.4,0.5,3,0.796,3.89,1,2025,2,1,2,0.0002696876824003745,1.945,0.03123175996255194,0.10199999999999998,0
4,1,1,4,10143.31,241.16,3.47,9.1,2,0.888,82.16,1,2024,10,3,4,0.00034209740213007395,747.656,0.0237752765123022,1.0191999999999999,1
5,5,0,4,8570.39,309.06,3.07,8.8,4,0.808,2.09,1,2024,7,3,6,0.00035821006978678917,18.392,0.03606136943592999,1.6895999999999998,1
4,1,0,3,5469.6,203.05,2.35,9.7,3,0.797,0.5,0,2024,1,27,2,0.0004296475062161767,4.85,0.03712337282433816,1.9690999999999994,1
3,8,0,1,2451.36,99.99,3.53,7.2,3,0.956,0.63,0,2024,11,22,0,0.0014400169701716597,4.5360000000000005,0.04078960250636381,0.3168000000000003,1
0,1,0,4,1869.07,480.86,2.97,6.8,3,0.726,0.5,0,2025,9,3,6,0.0015890255581652909,3.4,0.25727233329944843,1.8632000000000002,0
1,2,0,0,12557.02,256.22,2.75,5.6,2,0.613,7.09,1,2024,8,12,1,0.0002190010050155212,39.70399999999999,0.020404522729118853,2.1672,0
5,2,0,1,13816.76,367.23,2.89,1.3,4,0.581,2.77,0,2024,1,31,6,0.0002091662589492761,3.601,0.026578590060187774,0.5447000000000001,0
3,7,0,3,9921.93,206.11,3.3,1.9,4,0.7,1.91,1,2024,10,14,1,0.0003325965815118631,3.6289999999999996,0.020773176186487913,0.5700000000000001,0
4,2,3,0,1999.79,178.21,3.38,2.9,4,0.856,9.79,0,2024,2,29,4,0.0016901774686342065,28.391,0.0891143570074858,0.4176,0
1,7,3,4,6329.39,204.17,2.15,8.9,2,0.521,101.12,1,2025,4,28,1,0.00033968518293232044,899.9680000000001,0.032257452929903195,4.2631,1
3,6,1,1,11069.62,205.19,1.66,1.7,0,0.565,8.08,0,2025,6,26,4,0.0001499599805594049,13.735999999999999,0.018536318319870057,0.7395,0
4,6,1,4,11807.4,272.55,1.72,9.2,2,0.553,96.29,1,2025,1,1,6,0.00014567135863949727,885.8679999999999,0.02308298185883429,4.112399999999999,1
7,3,0,2,2214.17,272.19,3.31,5.2,4,0.793,1.15,1,2025,8,21,4,0.0014949168311376273,5.9799999999999995,0.12293094026203949,1.0763999999999998,0
5,0,1,1,500.45,249.08,4.08,7.2,1,0.621,0.5,1,2024,8,26,1,0.00815266260365671,3.6,0.49771205914676797,2.7288,1
1,6,0,4,10825.99,68.26,2.55,1.1,2,0.583,4.48,1,2024,6,12,6,0.00023554427816763177,4.928000000000001,0.00630519703047943,0.45870000000000005,0
6,5,0,2,5670.64,248.54,1.76,2.7,4,0.796,1.02,1,2024,4,12,0,0.00031037061072471535,2.7540000000000004,0.043829267948591336,0.5508,0
0,4,0,4,4189.98,85.38,3.7,9.6,1,0.881,0.5,1,2024,9,10,5,0.000883059107680705,4.8,0.02037718557129151,1.1423999999999999,1
4,2,1,2,687.01,63.94,3.95,2.7,4,0.666,1.21,1,2025,11,3,1,0.0057495524082618885,3.267,0.09306996986943421,0.9017999999999999,0
2,3,2,4,8334.34,466.39,4.11,3.0,2,0.789,45.81,1,2024,9,3,5,0.0004931404286362208,137.43,0.05596004002716472,0.6329999999999999,0
1,7,3,2,12841.69,302.87,3.2,2.0,0,0.549,20.39,0,2024,9,29,3,0.00024918838564083075,40.78,0.023584901987199505,0.9019999999999999,0
1,2,2,3,14385.66,330.09,4.04,1.3,1,0.968,12.66,0,2025,6,30,1,0.00028083522062943237,16.458000000000002,0.02294576682613102,0.04160000000000004,0
1,5,0,0,8703.3,201.5,1.25,2.3,1,0.668,0.67,0,2024,2,27,5,0.00014362368297082717,1.541,0.02315213769489734,0.7635999999999998,0
7,5,1,0,7959.69,454.58,1.55,6.4,0,0.999,7.53,1,2024,8,12,1,0.0001947312018432879,48.19200000000001,0.05711026434446568,0.006400000000000006,0
6,0,0,3,1733.32,319.33,1.51,4.6,3,0.989,0.52,0,2025,8,12,5,0.000871160547388826,2.392,0.18423026330971776,0.05060000000000004,0
3,6,1,4,8458.66,384.82,3.55,5.5,2,0.889,60.16,1,2025,2,1,2,0.0004196882248488531,330.88,0.04549420357361568,0.6104999999999999,0
1,2,3,0,6009.7,184.91,1.43,1.2,4,0.51,27.45,0,2024,12,29,3,0.00023794864968301247,32.94,0.030768590778241844,0.588,0
2,3,2,1,9303.46,480.05,2.84,8.0,0,0.772,7.77,0,2024,6,26,6,0.0003052627732048077,62.16,0.05159908249189012,1.8239999999999998,1
3,4,0,3,6136.53,410.41,2.76,7.8,3,0.543,1.19,1,2024,6,29,2,0.0004497655841330524,9.282,0.06687981644349494,3.5645999999999995,1
0,3,2,0,3984.34,427.12,2.23,0.2,1,0.948,3.27,0,2024,8,30,0,0.0005596911910128151,0.654,0.1071996867737191,0.01040000000000001,0
5,8,0,2,1877.0,86.92,4.07,3.8,3,0.895,0.5,0,2025,8,29,0,0.002168353755993607,1.9,0.04630793819925413,0.3989999999999999,0
0,1,3,4,5066.32,136.21,1.76,0.7,3,0.986,8.13,1,2024,11,21,4,0.00034739218999194684,5.691,0.02688539215841084,0.009800000000000008,0
4,2,3,0,1901.35,143.53,2.36,7.9,3,0.804,4.87,1,2025,12,15,1,0.0012412233413101217,38.473000000000006,0.07548846871959397,1.5483999999999998,1
5,5,3,4,3065.01,136.18,3.75,7.4,4,0.761,17.42,1,2025,1,2,4,0.0012234870359313671,128.90800000000002,0.044430523880835626,1.7686,1
0,8,1,1,14816.37,427.85,1.3,9.0,1,0.759,22.57,1,2025,8,28,4,8.774078941063161e-05,203.13,0.02887684365333749,2.169,1
1,4,2,0,6939.5,16.91,3.42,2.4,0,0.693,4.46,0,2024,1,29,1,0.0004928308955976656,10.703999999999999,0.0024367749837884574,0.7368000000000001,0
0,3,2,0,8212.14,38.97,3.89,4.6,4,0.734,18.3,0,2025,12,21,3,0.0004736889531839448,84.17999999999999,0.004745413497577977,1.2236,0
5,3,1,1,13167.47,137.68,4.28,1.8,0,0.818,10.19,0,2025,12,18,4,0.00032504345937374457,18.342,0.010456070908078773,0.3276000000000001,0
6,1,3,2,14935.75,100.74,4.09,3.7,1,0.966,36.39,1,2024,12,26,4,0.00027383961300905547,134.643,0.00674489061480006,0.1258000000000001,0
0,5,0,3,8949.36,116.7,2.25,5.2,0,0.798,0.5,0,2025,8,4,1,0.00025141462629729944,2.6,0.013040038617286599,1.0503999999999998,0
7,2,3,0,12280.87,399.17,3.14,0.5,4,0.929,52.52,0,2025,7,31,4,0.00025568221143941754,26.26,0.032503397560596274,0.035499999999999976,0
4,8,2,2,5240.64,282.0,1.46,7.1,1,0.931,6.68,1,2024,5,25,2,0.0002785919277034866,47.428,0.05381022165231727,0.4898999999999996,1
5,3,1,2,4933.29,3.88,2.05,5.4,2,0.759,35.78,1,2025,7,30,6,0.00041554419059086325,193.21200000000002,0.0007864933948744144,1.3014000000000001,0
3,1,0,0,6339.2,215.23,1.51,8.3,1,0.674,0.85,0,2024,7,11,4,0.00023820040383644626,7.055000000000001,0.03395223372034326,2.7058,1
3,7,1,4,10251.36,204.53,2.24,2.7,0,0.82,8.59,0,2025,5,19,1,0.0002185075931388616,23.193,0.019951499118165784,0.48600000000000015,0
6,2,3,1,10391.78,57.86,4.09,9.0,4,0.723,62.05,1,2025,7,9,6,0.00039358031059164066,558.4499999999999,0.005567862291157049,2.4930000000000003,1
4,8,1,4,5070.97,338.39,2.35,10.0,1,0.541,8.93,1,2024,11,12,5,0.0004634221854990268,89.3,0.06673082270255985,4.59,1
1,6,0,0,2431.54,351.35,3.05,9.2,2,0.689,1.78,1,2024,6,28,0,0.0012543490956348651,16.375999999999998,0.14449690319715078,2.8612,1
0,8,3,2,9669.75,360.73,2.63,7.8,1,0.997,27.96,0,2025,5,17,2,0.0002719822125701285,218.088,0.037304997543886866,0.02340000000000002,1
6,8,3,3,2360.73,364.51,2.71,8.1,3,0.524,5.45,1,2024,2,8,4,0.0011479499985174078,44.144999999999996,0.1544056287673728,3.8555999999999995,1
2,3,0,4,8888.14,1.03,4.4,5.7,4,0.848,1.23,1,2024,4,2,5,0.000495041707263837,7.011,0.0001158847632913073,0.8664000000000002,0
6,0,2,0,10554.62,477.01,2.18,1.9,0,0.921,6.47,0,2024,2,27,5,0.0002065446221654593,12.293,0.045194426706030154,0.15009999999999993,0
6,4,0,1,10658.87,407.29,3.27,6.8,2,0.824,6.9,1,2024,8,26,1,0.0003067867419341825,46.92,0.03821136762152085,1.1968000000000003,0
2,1,2,0,11425.35,452.09,2.59,7.1,4,0.785,27.18,1,2025,9,8,1,0.0002266888979331049,192.97799999999998,0.03956902851991405,1.5264999999999997,1
0,5,3,4,13156.46,8.81,1.4,9.9,4,0.854,81.32,1,2024,8,12,1,0.00010641160312120434,805.068,0.0006696330167841502,1.4454000000000002,1
1,0,1,4,7749.41,467.0,2.81,5.4,2,0.715,54.35,1,2024,1,21,3,0.00036260825017646504,293.49,0.0602626522535264,1.5390000000000004,0
5,8,2,1,11088.61,405.08,3.88,2.7,4,0.546,21.89,1,2025,6,23,1,0.00034990859990566894,59.10300000000001,0.03653117929118257,1.2258,0
3,5,0,3,9478.0,418.77,1.53,6.8,0,0.981,0.67,1,2025,5,4,3,0.0001614264612787508,4.556,0.04418337201941338,0.12920000000000012,0
4,0,2,2,3206.28,47.55,1.43,9.8,2,0.716,23.29,1,2024,1,1,1,0.0004459997255386304,228.24200000000002,0.014830270593959353,2.7832000000000003,1
7,2,1,1,872.5,369.65,1.71,1.8,3,0.833,0.5,0,2024,12,5,4,0.001959885386819484,0.9,0.4236676217765043,0.3006000000000001,0
1,2,2,3,4625.85,480.0,3.72,3.3,1,0.766,4.12,0,2025,9,20,2,0.0008041765297188625,13.596,0.10376471351211128,0.7721999999999999,0
7,0,3,4,6923.99,339.6,3.59,5.4,4,0.527,36.81,1,2024,7,25,4,0.0005184871728584241,198.77400000000003,0.049046864596858177,2.5542000000000002,0
6,0,1,0,9448.04,285.71,3.06,1.7,4,0.976,21.33,0,2024,5,13,1,0.00032387669823582453,36.260999999999996,0.030240134461750792,0.04080000000000004,0
1,2,1,0,12824.41,472.87,2.75,0.2,1,0.896,14.01,0,2024,12,14,2,0.00021443481610460054,2.802,0.0368726514514118,0.0208,0
0,6,2,3,3345.56,222.03,4.13,3.4,0,0.575,2.1,0,2024,6,30,3,0.0012344719568622294,7.14,0.06636557108525927,1.445,0
2,5,3,1,2320.47,300.05,3.73,8.7,0,0.991,4.49,0,2024,11,27,6,0.0016074329769400165,39.062999999999995,0.12930570100022842,0.07830000000000006,1
0,3,1,3,14470.46,238.69,3.88,0.4,1,0.868,15.33,0,2024,3,1,0,0.0002681324574339724,6.132000000000001,0.016494983573431668,0.05280000000000001,0
4,5,1,1,2066.65,466.49,3.88,4.3,0,0.736,1.79,1,2024,1,23,5,0.0018774344954394792,7.697,0.2257227880870007,1.1352,0
0,1,1,0,7438.12,38.97,3.32,7.6,3,0.806,8.36,0,2024,5,31,0,0.00044634934634020426,63.535999999999994,0.005239227116529446,1.4743999999999995,1
7,3,3,4,8990.67,251.06,2.71,9.5,2,0.553,147.23,1,2025,8,23,2,0.00030142358689619347,1398.685,0.02792450395799201,4.246499999999999,1
7,3,0,4,8349.93,343.79,4.05,9.9,1,0.78,0.5,1,2025,12,22,1,0.00048503400627310646,4.95,0.04117280025102007,2.178,1
3,7,3,3,1747.47,396.16,4.26,4.2,0,0.537,2.66,1,2024,5,25,2,0.002437810091160363,11.172,0.22670489336011493,1.9445999999999999,0
6,1,1,0,1326.89,291.93,1.28,9.5,0,0.772,1.72,0,2024,4,23,5,0.0009646617277995914,16.34,0.22001070171604276,2.166,1
5,7,3,4,2029.51,454.55,1.37,0.4,0,0.776,3.29,0,2025,6,22,3,0.0006750397879291061,1.316,0.223970317958522,0.0896,0
2,5,2,0,8991.02,471.05,4.36,7.5,1,0.937,10.79,0,2025,1,8,6,0.000484928295121132,80.925,0.052391163627708535,0.4724999999999996,1
1,7,1,4,8393.0,33.1,2.11,6.4,4,0.863,23.75,1,2024,3,15,0,0.0002513999761706184,152.0,0.00394376265935899,0.8768000000000001,0
1,8,3,1,3889.24,201.78,4.08,2.5,2,0.625,48.59,1,2025,1,17,0,0.001049048143081939,121.47500000000001,0.051881601546831774,0.9375,0
1,6,3,2,9747.73,12.71,2.48,5.1,0,0.944,16.3,0,2025,12,22,1,0.00025441820813666363,83.13,0.0013038933167004011,0.28560000000000024,0
6,5,1,3,12390.98,165.38,1.59,1.3,0,0.787,8.34,1,2025,11,9,3,0.00012831914828367088,10.842,0.013346805498838672,0.2769,0
6,4,1,0,1102.89,268.9,1.47,8.7,0,0.803,1.71,0,2025,2,9,3,0.0013328618447895982,14.876999999999999,0.2438139796353217,1.7138999999999995,1
4,7,2,3,7722.88,455.49,1.72,3.6,1,0.584,7.94,0,2025,8,23,2,0.00022271484213143283,28.584000000000003,0.058979292699096714,1.4976000000000003,0
1,6,1,1,10495.0,423.43,2.02,6.3,0,0.929,8.96,1,2024,4,13,2,0.0001924726060028585,56.448,0.04034587898999523,0.4472999999999997,0
5,2,3,3,4158.52,64.62,2.81,1.6,1,0.965,8.22,0,2024,12,10,5,0.0006757211700316458,13.152000000000001,0.015539182209055143,0.05600000000000005,0
1,7,3,1,4962.68,47.42,3.51,2.1,1,0.887,11.21,1,2024,11,5,5,0.000707279131437046,23.541000000000004,0.009555320915311888,0.23729999999999998,0
3,6,2,4,9397.75,295.04,4.46,9.9,2,0.97,67.15,1,2024,11,26,5,0.00047458168178553375,664.7850000000001,0.0313947487430502,0.29700000000000026,1
5,4,0,2,13520.06,266.53,2.66,7.5,4,0.651,2.56,1,2024,5,19,3,0.00019674468900285949,19.2,0.01971366990974892,2.6174999999999997,1
5,7,1,2,12243.9,133.92,2.91,9.6,2,0.931,100.21,1,2024,6,10,1,0.0002376693700536594,962.0159999999998,0.01093769142185088,0.6623999999999995,1
7,7,2,2,8955.39,449.83,2.92,3.0,0,0.744,5.84,0,2025,3,23,3,0.0003260606182421983,17.52,0.0502300848985918,0.768,0
6,8,2,0,11088.21,463.76,2.98,1.6,1,0.582,11.34,1,2025,10,16,4,0.00026875392872248996,18.144000000000002,0.04182460469273219,0.6688000000000001,0
5,8,1,4,5789.93,201.9,2.91,5.0,2,0.834,39.56,1,2025,5,13,5,0.0005025967498743508,197.8,0.03487088790365341,0.8300000000000002,0
3,2,0,2,9794.0,445.26,1.23,4.9,1,0.842,0.63,0,2025,10,26,3,0.00012558709413926895,3.087,0.04546252807841535,0.7742000000000002,0
6,5,3,2,7259.63,192.59,1.21,1.7,2,0.643,88.32,1,2024,11,20,6,0.00016667516113080144,150.14399999999998,0.02652890023320748,0.6069,0
0,6,2,0,3254.07,368.67,1.52,7.3,3,0.514,3.42,1,2024,6,27,4,0.00046710734557031653,24.965999999999998,0.11329504282329514,3.5477999999999996,1
5,1,3,4,10675.2,238.5,1.54,3.6,2,0.6,140.16,1,2025,12,25,4,0.00014425959232613908,504.576,0.02234150179856115,1.4400000000000002,0
6,2,0,0,8568.74,62.17,3.53,1.9,4,0.7,1.14,0,2025,7,29,5,0.0004119625522538903,2.166,0.007255442457117383,0.5700000000000001,0
7,7,3,1,5700.01,464.04,1.88,3.3,4,0.584,27.71,1,2025,12,11,4,0.0003298239827649425,91.443,0.08141038349055528,1.3728,0
3,7,1,0,13714.42,227.59,4.15,5.6,0,0.597,11.94,0,2025,9,20,2,0.00030260120369654715,66.86399999999999,0.016594941674529438,2.2568,0
5,8,0,1,803.54,367.51,4.26,7.3,1,0.696,0.5,0,2024,12,31,5,0.005301540682480026,3.65,0.45736366577892823,2.2192000000000003,1
1,6,2,4,5078.71,184.22,4.42,4.8,3,0.981,3.96,1,2024,8,16,0,0.0008702997414697827,19.008,0.03627299058225415,0.09120000000000007,0
2,4,0,2,1324.78,10.42,4.3,5.3,0,0.882,0.5,1,2025,11,12,6,0.0032458219477951057,2.65,0.007865456906052325,0.6254,0
5,7,3,0,11614.65,51.16,2.1,1.4,4,0.66,51.73,0,2025,8,26,5,0.00018080613707688136,72.422,0.004404781891834881,0.4759999999999999,0
4,6,3,4,10680.56,248.61,2.88,9.1,2,0.976,173.1,1,2024,6,28,0,0.00026964878246084475,1575.2099999999998,0.023276869377635633,0.21840000000000018,1
7,7,2,3,5304.61,345.29,1.78,9.3,3,0.823,5.62,0,2025,1,22,6,0.0003355571851653562,52.266000000000005,0.06509243846390216,1.6461000000000006,1
4,7,3,3,10297.11,168.03,3.86,6.8,2,0.728,153.73,1,2024,11,10,3,0.00037486246140907496,1045.3639999999998,0.016318170826571728,1.8496000000000001,0
1,8,0,1,6241.09,348.05,4.13,0.2,2,0.734,2.5,1,2025,12,6,2,0.0006617433813644732,0.5,0.05576750215106656,0.053200000000000004,0
7,0,3,4,11465.68,349.62,4.01,5.4,1,0.705,30.06,1,2024,10,28,1,0.00034973939618060157,162.324,0.030492740072983023,1.5930000000000004,0
6,4,0,4,7085.66,352.26,2.63,6.3,1,0.616,0.5,1,2024,5,10,0,0.000371172198496682,3.15,0.0497144937803959,2.4192,0
0,4,1,3,6478.06,246.77,3.7,9.9,1,0.693,9.4,1,2024,6,30,3,0.0005711586493487247,93.06,0.03809319456750941,3.039300000000001,1
3,8,3,4,14053.58,457.53,1.52,10.0,3,0.764,34.53,1,2024,1,2,5,0.00010815749438932999,345.3,0.03255611737365141,2.36,1
1,7,0,0,4137.75,245.11,1.33,8.6,4,0.764,0.74,1,2025,12,19,0,0.0003214307292610719,6.364,0.05923750830765513,2.0296,1
7,0,0,4,2246.49,225.68,3.69,0.6,3,0.881,0.5,1,2025,8,9,2,0.0016425623973398502,0.3,0.10045893816576082,0.07139999999999999,0
7,2,2,2,8975.88,100.49,2.6,9.5,1,0.679,11.14,1,2025,2,4,5,0.0002896651916023833,105.83000000000001,0.011195559655432114,3.0494999999999997,1
7,4,2,4,14555.17,154.52,4.49,6.1,1,0.858,17.5,1,2025,8,4,1,0.00030848145366903993,106.75,0.010616159069251683,0.8662000000000001,0
0,1,2,0,5978.67,22.12,1.52,8.0,3,0.789,6.09,0,2024,2,3,2,0.00025423714638874535,48.72,0.0036998195250783203,1.6879999999999997,1
4,5,2,1,1399.53,317.13,4.02,4.1,4,0.981,2.78,1,2024,7,5,0,0.0028723928747508088,11.397999999999998,0.2265975005894836,0.07790000000000007,0
4,1,2,4,5419.93,125.02,2.78,3.2,4,0.693,12.36,1,2025,9,8,1,0.0005129217536019837,39.552,0.02306671857385612,0.9824000000000002,0
2,6,3,2,7836.01,152.77,3.93,4.6,2,0.951,106.41,1,2024,11,21,4,0.0005015307535340052,489.48599999999993,0.019495891403916023,0.22540000000000018,0
4,1,2,3,2847.88,385.64,3.9,1.5,2,0.91,15.05,1,2025,9,18,4,0.0013694397235838587,22.575000000000003,0.13541300897509725,0.13499999999999995,0
4,3,0,3,10042.48,164.28,4.22,3.6,1,0.819,0.87,1,2024,8,14,6,0.00042021492699014586,3.132,0.01635850905354056,0.6516000000000002,0
6,8,3,3,14967.37,121.86,2.18,8.6,0,0.827,30.09,1,2025,10,16,4,0.0001456501710053269,258.774,0.008141710935187677,1.4878000000000002,1
7,1,0,3,7050.22,85.36,4.33,0.4,1,0.542,0.62,0,2025,8,2,2,0.0006141652317232653,0.248,0.012107423598128853,0.1832,0
0,6,2,2,5643.56,387.65,1.7,1.5,0,0.975,2.68,0,2024,4,16,5,0.00030122830270254945,4.0200000000000005,0.06868891267214311,0.03750000000000003,0
7,5,2,1,6310.21,65.72,1.47,1.3,1,0.553,6.03,0,2025,5,23,0,0.00023295579703369617,7.839,0.01041486733405069,0.5811,0
7,7,2,0,2169.62,227.42,2.62,4.0,3,0.782,2.03,1,2024,5,24,0,0.0012075847383412764,8.12,0.10482019892884469,0.8719999999999999,0
2,6,0,4,13307.47,253.96,3.93,10.0,3,0.665,0.5,1,2024,12,5,4,0.000295322852503143,5.0,0.019084018224350685,3.3499999999999996,1
4,5,3,2,6514.97,344.01,2.76,1.7,2,0.715,79.64,1,2024,3,20,6,0.0004236397097761002,135.388,0.05280300600002762,0.48450000000000004,0
6,3,0,4,6115.48,317.01,3.94,1.5,2,0.805,2.89,1,2024,8,31,2,0.0006442666806203275,4.335,0.05183730467600254,0.2924999999999999,0
4,6,0,0,10065.51,405.55,3.61,9.2,3,0.954,1.25,0,2024,12,21,2,0.0003586504807009282,11.5,0.04029105330976771,0.42320000000000035,1
6,4,2,3,6909.48,23.33,1.89,8.8,4,0.729,17.2,1,2024,11,23,2,0.000273537227114052,151.36,0.003376520374905203,2.3848000000000003,1
5,7,2,2,9899.39,148.92,4.33,0.3,0,0.994,6.33,0,2024,6,20,4,0.0004374006883252403,1.899,0.015043351155980317,0.0018000000000000015,0
5,7,3,2,1390.97,140.79,1.4,7.5,3,0.796,3.73,0,2025,10,13,1,0.0010064918725781289,27.975,0.1012171362430534,1.5299999999999998,1
7,4,2,2,12298.99,73.86,4.16,6.6,3,0.58,11.79,0,2024,3,31,3,0.0003382391562233972,77.814,0.006005371172754836,2.7720000000000002,0
0,6,1,0,14137.31,145.3,2.2,7.7,4,0.595,40.75,1,2025,12,26,0,0.0001556165918410221,313.77500000000003,0.010277768542954778,3.1185000000000005,1
6,2,2,4,9907.1,155.57,2.85,4.9,0,0.858,6.91,0,2025,11,17,1,0.00028767247731424937,33.859,0.01570287975290448,0.6958000000000001,0
2,4,2,3,14341.21,261.42,2.59,9.9,3,0.525,15.21,0,2025,10,16,4,0.00018059842928176912,150.579,0.018228587406501965,4.7025,1
2,6,1,1,2695.77,332.19,1.77,0.4,2,0.74,15.05,1,2024,12,9,1,0.0006565842041420447,6.0200000000000005,0.12322638800787901,0.10400000000000001,0
4,0,0,2,7422.53,191.17,2.38,2.3,0,0.574,0.72,1,2025,4,2,6,0.00032064538641137186,1.656,0.025755369126160485,0.9798,0
4,3,0,3,9226.2,360.02,1.84,4.0,0,0.717,0.5,0,2024,1,12,0,0.00019943205219917192,2.0,0.039021482300405363,1.1320000000000001,0
0,5,1,1,8935.18,168.75,1.87,4.5,4,0.875,23.08,1,2024,9,28,2,0.0002092850955436824,103.85999999999999,0.01888602132245797,0.5625,0
0,3,0,2,6321.2,145.85,1.82,9.2,3,0.729,0.5,1,2024,8,2,0,0.00028792001518698984,4.6,0.02307315066759476,2.4932,1
6,4,3,2,5402.22,271.05,2.81,5.6,0,0.582,9.47,0,2024,9,12,4,0.000520156528242093,53.032000000000004,0.05017381743061186,2.3408,0
4,0,3,3,2338.95,12.83,3.83,0.5,2,0.626,26.88,1,2025,12,10,6,0.001637486906517882,13.44,0.005485367365698284,0.187,0
4,3,2,4,6180.27,40.81,3.08,4.1,1,0.684,6.29,0,2024,3,10,3,0.000498360104008401,25.788999999999998,0.006603271378111312,1.2955999999999996,0
6,2,1,3,2858.58,209.57,4.15,4.2,4,0.535,7.52,1,2024,12,24,5,0.0014517697598108153,31.584,0.07331262375025362,1.9529999999999998,0
2,4,1,1,11148.3,471.51,3.3,9.7,3,0.792,14.05,1,2024,9,19,4,0.0002960092570167649,136.285,0.04229434084120449,2.0175999999999994,1
2,8,0,0,3528.05,361.03,3.47,6.0,1,0.804,0.5,1,2024,4,20,2,0.000983546151556809,3.0,0.1023313161661541,1.1759999999999997,0
5,3,3,1,1349.2,44.98,3.4,6.4,4,0.531,7.99,1,2024,1,2,5,0.0025200118588793357,51.136,0.03333827453305662,3.0016,0
7,3,1,4,8509.31,423.31,2.68,7.1,2,0.701,64.17,1,2024,2,19,1,0.00031494915568947425,455.60699999999997,0.049746689214519156,2.1229,1
0,6,0,1,9130.83,366.42,3.47,7.7,3,0.707,1.34,1,2025,1,30,4,0.0003800311691270126,10.318000000000001,0.040129977230985575,2.2561000000000004,1
2,7,0,2,13142.74,305.86,1.43,6.4,1,0.667,2.25,1,2025,3,24,1,0.0001088053176126135,14.4,0.02327216394754823,2.1311999999999998,0
7,5,3,4,8866.23,410.33,4.04,2.4,1,0.779,20.54,0,2025,3,5,6,0.00045566153821861155,49.296,0.046280098756743285,0.5303999999999999,0
0,7,0,4,5509.47,202.65,3.77,8.7,3,0.673,0.82,1,2024,6,19,6,0.0006842763460006134,7.133999999999999,0.03678212241830884,2.8448999999999995,1
4,1,3,3,12143.67,111.53,2.01,7.3,4,0.708,68.8,1,2025,2,27,4,0.00016551833177284953,502.23999999999995,0.009184208727674583,2.1316,1
1,2,0,0,8334.04,256.5,3.73,7.4,1,0.899,0.5,0,2025,5,19,1,0.0004475620467384365,3.7,0.03077739007732144,0.7473999999999998,1
4,8,3,3,1649.56,274.87,1.24,10.0,2,0.581,27.36,1,2025,1,22,6,0.0007517156090108877,273.6,0.16663231407163123,4.19,1
6,0,3,2,8704.83,269.62,1.92,8.0,1,0.81,24.73,1,2024,12,25,6,0.0002205672023462836,197.84,0.030973608904481767,1.5199999999999996,1
3,7,1,0,13666.27,282.97,1.41,8.3,1,0.753,19.67,1,2025,7,13,3,0.00010317372626181101,163.26100000000002,0.02070572292220189,2.0501,1
2,1,3,0,6246.53,474.4,3.77,9.5,0,0.653,13.1,0,2025,1,19,3,0.0006035350826779028,124.45,0.07594616531098065,3.2965,1
7,5,1,4,4796.72,451.22,3.69,1.5,4,0.864,10.49,1,2024,4,13,2,0.0007692756717090011,15.735,0.09406844677196084,0.20400000000000001,0
6,5,2,0,2580.31,437.98,3.88,5.0,2,0.776,15.7,1,2025,5,5,1,0.001503695292426104,78.5,0.16973929489092396,1.1199999999999999,0
4,2,2,2,2695.96,400.91,1.21,5.8,0,0.739,2.22,1,2025,8,14,4,0.0004488197154260449,12.876000000000001,0.14870769595988073,1.5138,0
0,2,1,4,6775.19,471.77,2.85,3.3,3,0.834,7.5,0,2025,10,28,5,0.0004206524097479185,24.75,0.06963199556027211,0.5478000000000001,0
3,7,1,4,9137.36,50.15,3.53,8.4,0,0.901,9.27,1,2025,12,4,4,0.0003863260285246504,77.868,0.005488456184280798,0.8315999999999999,1
1,3,2,4,1668.92,133.3,1.71,7.6,0,0.986,1.93,1,2024,8,18,3,0.0010246147208973467,14.668,0.07987201303837213,0.10640000000000009,1
6,2,1,1,14123.74,248.03,3.34,7.2,1,0.815,20.22,0,2024,6,15,2,0.0002364812719577109,145.584,0.01756121254002127,1.3320000000000005,1
5,1,2,2,11449.44,423.42,1.48,10.0,3,0.937,12.41,0,2025,4,7,1,0.00012926396400173284,124.1,0.03698172137676602,0.6299999999999994,1
3,2,3,3,9006.05,253.08,1.8,2.6,4,0.501,42.97,1,2024,3,16,2,0.00019986564587138648,111.722,0.02810110980951694,1.2974,0
6,1,3,3,12512.36,374.27,2.77,7.4,1,0.765,35.99,0,2024,2,4,3,0.00022138109836993182,266.326,0.02991202299166584,1.7389999999999999,1
2,5,3,3,1662.71,70.34,3.36,5.5,4,0.607,8.94,1,2024,10,28,1,0.002020797372963415,49.169999999999995,0.042304430718525785,2.1615,0
0,1,0,2,7414.16,126.95,1.68,3.1,2,0.547,3.68,1,2024,1,21,3,0.0002265934374224457,11.408000000000001,0.017122641000463977,1.4042999999999999,0
5,3,2,3,9636.35,366.16,1.81,1.6,3,0.766,7.7,0,2024,11,22,0,0.00018783045447705822,12.32,0.03799778961951361,0.3744,0
2,1,2,3,12515.47,83.2,1.87,9.0,1,0.873,15.84,1,2024,9,24,5,0.00014941508389217507,142.56,0.006647772716486078,1.143,1
5,2,2,2,11860.31,176.33,1.99,6.0,0,0.706,8.8,0,2024,4,17,6,0.00016778650810982175,52.800000000000004,0.014867233655781343,1.7640000000000002,0
2,4,1,1,4517.5,133.17,1.95,8.2,2,0.835,36.16,1,2024,3,16,2,0.00043165467625899277,296.51199999999994,0.0294786939679026,1.3530000000000002,1
1,4,1,2,14142.76,175.58,2.5,5.5,3,0.745,15.93,0,2024,12,16,1,0.00017676889093783674,87.615,0.012414832748346151,1.4025,0
6,6,2,4,2303.01,354.45,3.36,2.2,4,0.719,4.1,0,2024,6,23,3,0.0014589602303072932,9.02,0.1539072778667917,0.6182000000000001,0
2,8,2,4,13189.44,184.56,2.65,3.4,3,0.645,10.68,1,2025,1,19,3,0.00020091831040590046,36.312,0.013993012591891694,1.2069999999999999,0
7,2,2,4,14578.63,278.08,3.76,3.8,1,0.691,16.07,1,2024,6,13,4,0.0002579117516529331,61.065999999999995,0.019074494654161604,1.1742000000000001,0
1,0,1,1,3068.73,50.87,3.57,9.7,3,0.675,4.07,1,2024,3,17,3,0.0011633477040990897,39.479,0.016576890114151456,3.1524999999999994,1
0,1,2,3,10969.96,402.7,1.62,0.1,1,0.823,10.16,0,2025,7,14,1,0.00014767601705019894,1.016,0.03670934078155253,0.017700000000000004,0
4,1,2,3,1084.14,185.57,1.36,9.9,2,0.558,8.16,1,2024,4,5,0,0.0012544505322190861,80.784,0.17116793034109984,4.3758,1
7,2,1,3,6378.63,324.62,4.1,9.8,4,0.546,19.68,1,2024,12,12,4,0.0006427712533882667,192.864,0.05089180592070711,4.4492,1
4,0,3,2,7986.11,362.97,1.46,10.0,0,0.83,16.78,0,2025,8,31,3,0.0001828174167398145,167.8,0.045450162845240054,1.7000000000000004,1
7,1,2,4,8919.36,105.62,1.69,4.8,3,0.773,8.02,0,2025,9,20,2,0.00018947547806120617,38.495999999999995,0.011841656800487927,1.0896,0
6,1,0,1,14071.09,442.45,1.27,9.6,2,0.715,8.26,1,2025,5,9,0,9.025597874791505e-05,79.29599999999999,0.03144390377717718,2.736,1
3,1,2,1,10247.63,308.5,3.27,4.0,2,0.576,58.61,1,2025,12,22,1,0.00031909817196756717,234.44,0.030104521728438676,1.6960000000000002,0
4,6,1,2,7478.53,214.93,3.12,0.3,1,0.706,8.51,0,2024,2,1,4,0.00041719428818230323,2.553,0.02873960524327642,0.08820000000000001,0
0,6,2,0,12240.29,91.99,4.46,2.2,1,0.895,11.99,0,2025,3,17,1,0.0003643704520072645,26.378000000000004,0.00751534481617674,0.23099999999999998,0
4,0,3,0,14282.73,471.21,4.13,9.5,2,0.945,233.78,1,2025,10,31,0,0.00028916040560873166,2220.91,0.03299159194355701,0.5225000000000004,1
6,0,1,4,819.96,377.78,2.56,0.1,0,0.851,0.68,0,2024,6,17,1,0.0031221035172447438,0.068,0.4607297916971559,0.014900000000000004,0
7,5,1,2,14746.56,104.8,2.43,5.5,0,0.53,12.89,1,2025,9,13,2,0.0001647841937373869,70.89500000000001,0.007106742182583599,2.585,0
5,5,3,1,1748.92,169.52,2.18,0.8,3,0.835,3.36,0,2025,3,20,4,0.0012464835441300917,2.688,0.09692839009217118,0.13200000000000003,0
2,5,3,4,12308.61,405.03,1.7,2.9,3,0.62,23.11,1,2024,6,9,3,0.00013811470182254534,67.01899999999999,0.03290623392893267,1.1019999999999999,0
1,0,2,0,4564.85,348.14,1.66,0.9,3,0.658,4.07,0,2024,2,24,2,0.0003636483126499227,3.6630000000000003,0.076265375642135,0.30779999999999996,0
3,6,0,2,2416.61,383.13,1.64,8.6,3,0.598,0.53,1,2024,4,13,2,0.0006786366025134382,4.558,0.15854026922010583,3.4572000000000003,1
4,0,1,2,6877.91,221.16,1.58,5.9,0,0.888,5.72,1,2024,12,5,4,0.00022972094720634612,33.748,0.032155116888706016,0.6607999999999999,0
5,2,1,4,9837.37,358.52,1.99,9.0,4,0.824,30.59,1,2024,7,29,1,0.00020228983966243008,275.31,0.03644470015868062,1.5840000000000005,1
0,8,0,0,6023.8,193.86,2.21,6.9,3,0.806,0.59,0,2024,7,13,2,0.0003668780504000797,4.071,0.032182343371293866,1.3385999999999998,0
4,0,2,0,1291.2,106.42,4.37,9.7,4,0.834,3.06,1,2025,2,23,3,0.003384448574969021,29.682,0.08241945477075588,1.6102000000000003,1
7,6,0,1,9192.19,316.71,3.11,5.1,3,0.618,1.27,0,2025,12,14,3,0.00033833069159797607,6.476999999999999,0.03445424866109164,1.9482,0
4,6,3,2,13584.85,488.03,4.46,6.4,1,0.722,37.59,0,2025,7,21,1,0.0003283069007018848,240.57600000000002,0.03592457774653382,1.7792000000000003,0
1,6,2,2,6056.62,155.99,2.43,5.8,0,0.817,3.76,0,2025,7,7,1,0.0004012138783678025,21.808,0.025755289253742188,1.0614000000000003,0
2,4,1,2,3636.83,231.02,2.71,4.8,0,0.818,2.87,1,2024,9,28,2,0.0007451544339438467,13.776,0.06352235325819464,0.8736000000000003,0
5,7,2,0,6917.37,337.33,2.27,8.5,2,0.896,47.01,1,2025,11,7,0,0.0003281594016222929,399.585,0.04876564358997711,0.8839999999999999,1
3,8,0,0,1201.26,271.21,1.8,6.4,1,0.644,0.5,0,2024,10,15,5,0.001498426652015384,3.2,0.22577127349616236,2.2784,0
2,0,2,3,12397.07,421.87,1.67,8.0,2,0.885,82.73,1,2024,10,31,4,0.00013470924984693963,661.84,0.03402981510953798,0.9199999999999999,1
7,1,2,4,12481.94,381.11,4.32,7.9,2,0.72,82.89,1,2024,8,31,2,0.0003461000453455152,654.831,0.030532913954080854,2.212,1
0,6,3,4,9026.01,30.09,4.46,1.9,3,0.835,15.89,1,2024,4,8,1,0.0004941275270025183,30.191,0.003333698943386945,0.31350000000000006,0
3,5,3,1,5619.99,499.21,1.35,6.5,4,0.728,31.16,1,2024,2,20,5,0.0002402139505586309,202.54,0.08882756019138824,1.7680000000000002,0
7,2,1,4,12096.86,376.45,1.7,2.0,2,0.974,73.92,1,2025,2,6,4,0.00014053233649062648,147.84,0.031119645924644907,0.052000000000000046,0
4,5,0,4,8542.96,432.09,2.6,5.8,4,0.59,1.13,1,2025,8,8,0,0.00030434416174253425,6.553999999999999,0.050578488018204464,2.378,0
2,8,2,4,12476.02,325.95,1.81,6.8,1,0.838,15.37,1,2025,7,16,6,0.0001450783182457226,104.51599999999999,0.026126120349278054,1.1016000000000001,0
2,1,0,1,9656.15,428.29,2.4,10.0,4,0.788,2.68,1,2025,5,17,2,0.00024854626326227324,26.8,0.04435411628858293,2.1199999999999997,1
4,0,1,2,11873.88,57.08,1.63,0.3,1,0.586,12.41,0,2024,6,6,4,0.00013727610519897456,3.723,0.004807190236047526,0.1242,0
4,6,0,3,9179.16,174.52,2.71,0.9,4,0.533,1.4,1,2024,2,25,3,0.0002952339865521464,1.26,0.01901263296423638,0.4203,0
7,3,3,2,6505.05,438.33,2.1,0.8,4,0.9,28.51,1,2025,1,4,2,0.0003228261120206609,22.808000000000003,0.06738303318191251,0.07999999999999999,0
4,3,1,4,14390.21,101.63,2.36,4.0,1,0.579,17.88,0,2024,1,4,4,0.00016400038637379163,71.52,0.007062440367444255,1.6840000000000002,0
4,5,2,1,8346.15,40.04,1.51,8.2,4,0.593,20.06,1,2025,3,13,4,0.00018092174236024994,164.49199999999996,0.004797421565632058,3.3374,1
0,4,3,0,9273.8,394.27,2.61,8.4,3,0.989,22.22,1,2024,3,30,2,0.00028143802971813064,186.648,0.04251439539347409,0.09240000000000008,1
2,1,0,4,3697.07,417.91,4.44,7.4,3,0.859,0.5,0,2024,10,28,1,0.0012009510233779723,3.7,0.11303816265312802,1.0434,1
5,1,1,1,9571.94,82.16,2.29,9.0,4,0.625,28.69,1,2025,11,8,2,0.00023924094802098633,258.21000000000004,0.008583421960438532,3.375,1
1,0,1,0,8788.31,427.32,4.09,3.2,4,0.795,21.99,1,2025,10,2,4,0.0004653909568506345,70.368,0.04862368305169026,0.6559999999999999,0
7,0,3,2,3180.16,343.7,3.98,0.9,4,0.767,13.77,1,2025,9,6,2,0.0012515093580197224,12.393,0.10807632320386396,0.2097,0
6,6,0,4,1364.01,260.52,4.34,0.6,4,0.922,0.5,0,2025,5,6,5,0.0031817948548764304,0.3,0.1909956671871907,0.046799999999999974,0
1,5,0,1,9263.21,415.29,3.81,8.5,0,0.865,0.94,0,2024,7,23,5,0.00041130450459397986,7.989999999999999,0.04483219100074381,1.1475,1
6,8,2,4,11573.54,210.21,3.38,7.3,0,0.916,9.66,1,2024,4,9,5,0.00029204547614645126,70.518,0.018162982112646605,0.6131999999999997,1
4,2,2,4,8089.32,97.8,4.03,7.0,2,0.606,51.52,1,2024,1,27,2,0.0004981877339504434,360.64000000000004,0.012090014982717954,2.758,1
7,7,0,0,3788.2,143.14,1.45,3.4,0,0.82,0.5,0,2024,7,30,5,0.00038276754131249673,1.7,0.03778575576791088,0.6120000000000001,0
5,7,2,0,10164.57,253.08,2.73,3.8,2,0.52,57.62,1,2024,6,23,3,0.000268579979280973,218.956,0.024898249507849326,1.8239999999999998,0
4,2,1,4,1661.53,266.13,4.46,9.6,4,0.534,5.26,1,2025,10,15,6,0.0026842729291676947,50.495999999999995,0.1601716490222867,4.473599999999999,1
5,1,0,4,6906.59,402.98,3.74,0.6,0,0.857,0.52,0,2024,10,25,0,0.0005415118024958771,0.312,0.05834717277267074,0.0858,0
6,3,3,2,2868.82,395.89,4.37,7.7,3,0.512,7.92,0,2024,3,24,3,0.0015232743776186725,60.984,0.13799750420033322,3.7576,1
5,5,1,3,3174.66,291.1,3.77,3.1,1,0.79,3.23,0,2025,4,29,5,0.0011875287432354961,10.013,0.09169485866202996,0.6509999999999999,0
4,5,1,2,3433.26,390.61,4.09,0.4,1,0.92,4.14,0,2024,4,28,3,0.001191287580899786,1.656,0.1137723330012874,0.03199999999999999,0
4,1,1,4,6107.25,96.69,3.53,7.4,3,0.69,7.57,1,2024,11,11,1,0.0005780015555282655,56.01800000000001,0.015832002947316712,2.2940000000000005,1
6,4,2,3,1241.68,25.98,3.71,3.3,2,0.522,7.14,1,2025,2,11,5,0.0029878873783905674,23.561999999999998,0.020923265253527477,1.5774,0
0,5,1,4,6268.0,436.94,2.93,7.2,0,0.857,5.6,1,2025,4,27,3,0.0004674537332482451,40.32,0.0697096362476069,1.0296,1
1,5,1,0,7919.76,38.7,4.25,7.1,4,0.965,23.17,1,2025,5,15,4,0.0005366324232047436,164.507,0.004886511712476136,0.24850000000000022,1
3,8,2,4,7507.77,124.1,3.92,5.3,3,0.859,5.7,0,2025,11,7,0,0.0005221257443954729,30.21,0.016529542061091373,0.7473000000000001,0
5,3,2,4,6050.37,347.96,3.98,7.8,0,0.789,4.66,0,2024,9,28,2,0.0006578110099051793,36.348,0.05751053241372015,1.6457999999999997,1
4,6,0,2,12667.63,205.31,3.42,5.8,3,0.615,1.61,1,2024,4,3,6,0.0002699794673510357,9.338000000000001,0.01620745159118162,2.233,0
4,2,1,2,2607.24,438.28,2.21,2.9,2,0.508,16.38,1,2025,10,19,3,0.0008476396495911385,47.501999999999995,0.16810113376597474,1.4267999999999998,0
0,3,1,3,7832.6,149.69,1.32,7.3,2,0.847,60.29,1,2025,7,11,0,0.00016852641523887343,440.11699999999996,0.01911115083114164,1.1169000000000002,1
5,0,1,4,1399.6,6.92,4.29,5.9,0,0.616,0.5,0,2025,1,31,0,0.0030651614747070595,2.95,0.004944269791368963,2.2656,0
4,7,1,1,1531.76,151.03,3.13,0.1,2,0.929,8.01,1,2024,7,8,1,0.0020434010549955604,0.801,0.09859899723194235,0.007099999999999995,0
3,6,0,3,8821.05,289.46,2.18,9.0,3,0.733,0.53,1,2025,1,14,5,0.00024713611191411455,4.7700000000000005,0.032814687593880544,2.403,1
3,5,1,1,8707.27,188.59,1.69,5.5,1,0.765,11.75,1,2025,1,25,2,0.00019409068514011853,64.625,0.021658912609807665,1.2925,0
1,2,1,2,13231.49,267.9,3.94,8.7,1,0.877,19.66,1,2025,1,13,1,0.00029777447589047037,171.04199999999997,0.020247152814989088,1.0700999999999998,1
4,2,3,2,8589.17,438.42,3.96,8.8,2,0.89,137.31,1,2024,7,10,6,0.0004610457122166635,1208.3280000000002,0.05104334877526001,0.968,1
3,6,1,1,14416.97,456.33,3.89,4.4,4,0.821,37.43,1,2025,4,1,5,0.00026982091243860535,164.692,0.031652281998228476,0.7876000000000003,0
1,2,3,3,1206.08,133.72,3.33,5.1,0,0.969,2.86,0,2024,2,15,4,0.0027610108782170338,14.585999999999999,0.11087158397452906,0.15810000000000013,0
6,1,2,3,1921.11,231.61,2.41,4.2,2,0.991,10.84,1,2024,9,26,4,0.0012544830852996445,45.528,0.1205605092889007,0.037800000000000035,0
2,7,0,4,1138.95,275.02,2.2,4.5,4,0.973,0.5,0,2025,3,26,6,0.0019316036700469733,2.25,0.24146801878923568,0.12150000000000011,0
0,8,0,2,3186.51,474.61,1.23,9.0,1,0.912,0.5,1,2025,4,21,1,0.00038600224069593376,4.5,0.1489435150054448,0.7919999999999997,1
0,1,1,1,8348.42,499.31,3.95,7.9,0,0.853,8.2,0,2024,9,26,4,0.00047314342115034944,64.78,0.059808921927742016,1.1613000000000002,1
5,2,1,3,9860.8,118.47,1.49,1.3,4,0.832,22.17,0,2024,8,19,1,0.00015110335875385364,28.821,0.01201423819568392,0.21840000000000007,0
1,0,2,1,1160.98,363.76,3.28,6.1,1,0.552,1.38,1,2024,10,2,6,0.0028251994005064683,8.418,0.3133215042464125,2.7327999999999997,0
1,4,1,4,14216.58,189.64,2.86,10.0,3,0.636,17.71,0,2025,7,31,4,0.00020117355932298766,177.10000000000002,0.013339354472031951,3.6399999999999997,1
0,4,0,1,12711.4,5.05,2.94,6.0,3,0.503,0.63,1,2024,3,4,1,0.00023128844973803044,3.7800000000000002,0.00039728118067246726,2.982,0
0,2,1,0,4800.88,5.62,4.26,7.9,0,0.569,4.97,0,2024,6,3,1,0.0008873373214910599,39.263,0.0011706187199013514,3.4049000000000005,1
5,4,2,1,1619.22,230.82,1.3,7.7,0,0.72,2.17,0,2025,12,14,3,0.0008028556959523721,16.709,0.14255011672286655,2.156,1
1,2,1,4,2963.36,244.68,3.75,3.5,4,0.573,6.15,1,2025,11,14,0,0.0012654554289725176,21.525000000000002,0.08256843582959883,1.4945000000000002,0
7,1,3,4,2340.69,12.26,1.37,3.7,2,0.951,30.8,1,2024,4,9,5,0.000585297497746391,113.96000000000001,0.005237771768153834,0.18130000000000018,0
0,3,0,1,2287.61,343.78,1.33,7.2,3,0.903,0.5,0,2024,3,28,4,0.000581392807340412,3.6,0.15027911226126828,0.6983999999999998,1
0,2,0,3,8019.14,147.71,2.62,5.0,3,0.536,0.5,1,2025,11,15,2,0.00032671832640407823,2.5,0.018419680913414657,2.32,0
6,2,0,4,4064.79,280.39,1.41,5.7,3,0.624,0.5,1,2024,12,18,6,0.0003468813887064276,2.85,0.06898019331872003,2.1432,0
3,4,3,4,5693.03,151.16,3.8,7.1,4,0.91,32.37,1,2025,7,8,5,0.0006674828694034636,229.82699999999997,0.02655176593132304,0.6389999999999998,1
5,5,1,4,14847.83,84.4,2.95,7.8,4,0.902,43.16,1,2025,2,27,4,0.00019868223167964614,336.64799999999997,0.005684332323309197,0.7643999999999997,1
5,2,2,2,10422.56,204.18,1.3,2.7,0,0.973,7.78,0,2025,8,26,5,0.00012472943307594296,21.006000000000004,0.019590196650343103,0.07290000000000008,0
3,4,0,1,14260.22,116.9,1.33,1.5,0,0.999,0.8,0,2024,8,20,5,9.326644329470373e-05,1.2000000000000002,0.008197629489587119,0.0015000000000000013,0
0,4,2,4,2567.07,267.87,3.22,2.9,0,0.988,0.87,0,2025,7,20,3,0.0012543483426630361,2.523,0.10434853743762343,0.03480000000000003,0
1,4,0,3,6041.02,100.22,3.86,5.1,3,0.705,0.5,0,2024,3,3,3,0.0006389649430063134,2.55,0.01658991362385822,1.5045000000000002,0
3,1,1,1,8543.61,254.69,2.64,3.4,1,0.625,9.73,0,2025,1,31,0,0.0003090028688107252,33.082,0.029810583582349847,1.275,0
1,5,3,2,1612.99,79.53,3.03,5.7,3,0.879,2.85,1,2025,6,19,4,0.0018784989367572023,16.245,0.04930594734003311,0.6897,0
3,8,0,1,560.72,335.82,3.84,0.5,2,0.65,0.53,1,2025,3,4,5,0.0068483378513339984,0.265,0.5989085461549436,0.175,0
0,2,0,2,10221.3,377.21,3.21,5.1,3,0.903,0.9,0,2025,7,2,6,0.00031405007190866133,4.59,0.03690430767123556,0.49469999999999986,0
1,7,3,2,9806.38,56.09,1.94,3.7,1,0.767,24.48,1,2025,12,4,4,0.00019783039205088933,90.57600000000001,0.005719745716564115,0.8621,0
6,0,3,4,6456.44,234.43,3.22,5.3,0,0.897,11.19,1,2025,5,1,4,0.000498726852568908,59.306999999999995,0.03630948324463636,0.5458999999999998,0
2,6,2,1,7599.84,36.36,3.27,4.2,3,0.638,6.97,0,2025,8,9,2,0.00043027221625718435,29.274,0.004784311248657866,1.5204,0
5,2,0,1,6523.92,299.49,3.62,2.8,0,0.754,0.5,0,2024,8,29,4,0.000554881114422004,1.4,0.04590644888349336,0.6888,0
1,7,3,1,848.07,132.94,3.25,9.0,2,0.782,14.24,1,2025,5,2,0,0.00383223083000224,128.16,0.156755928166307,1.9619999999999997,1
4,1,0,2,5362.89,264.28,4.4,1.8,1,0.972,0.63,0,2024,11,2,2,0.0008204531511927337,1.1340000000000001,0.049279399726639916,0.05040000000000005,0
5,1,3,4,3067.69,259.21,1.85,6.8,1,0.633,8.46,0,2024,3,21,4,0.0006030596311882882,57.528000000000006,0.08449680378395469,2.4956,0
4,3,2,3,1927.15,462.25,4.34,9.2,4,0.968,5.14,1,2025,2,8,2,0.002252030200036323,47.288,0.23986197234257842,0.2944000000000002,1
7,7,3,3,14372.45,274.99,2.98,5.4,1,0.902,38.0,0,2024,2,5,1,0.000207341128339288,205.20000000000002,0.019133133181886176,0.5291999999999999,0
7,1,2,2,9190.72,291.92,3.42,8.8,1,0.865,12.6,1,2025,5,29,4,0.0003721144806935692,110.88000000000001,0.0317624734514815,1.1880000000000002,1
2,0,1,3,11065.52,201.42,1.53,1.2,0,0.893,8.29,0,2025,8,7,4,0.00013826733854351174,9.947999999999999,0.018202488450610545,0.1284,0
1,4,1,4,5072.77,474.59,2.46,4.9,2,0.803,35.14,1,2025,6,13,0,0.00048494215192094255,172.186,0.09355638043908948,0.9652999999999998,0
0,3,1,4,6200.63,388.82,3.74,4.6,0,0.622,5.17,0,2025,8,8,0,0.0006031645171539022,23.781999999999996,0.06270653143309632,1.7388,0
0,6,0,3,3935.4,143.42,3.53,0.1,1,0.595,0.73,0,2025,11,24,1,0.0008969863292168521,0.073,0.03644356355135437,0.04050000000000001,0
0,2,1,2,1906.0,422.26,1.33,4.4,1,0.933,2.78,1,2025,9,27,2,0.0006977964323189927,12.232,0.22154249737670514,0.2947999999999998,0
2,8,2,4,3095.96,216.77,3.0,3.7,1,0.863,3.14,1,2024,5,30,4,0.0009690047675034561,11.618,0.07001705448390806,0.5069,0
0,1,1,4,12063.95,414.5,1.49,6.7,0,0.607,10.61,1,2024,5,3,0,0.00012350846944823212,71.087,0.03435856415187397,2.6331,0
1,4,1,3,10324.41,411.62,4.49,9.4,2,0.808,83.82,1,2025,4,4,0,0.0004348916790402551,787.908,0.039868622032639155,1.8047999999999995,1
3,4,2,3,8430.47,95.25,4.16,0.9,3,0.724,6.19,0,2024,6,26,6,0.0004934481707425566,5.571000000000001,0.011298302467122236,0.24840000000000004,0
6,8,0,0,7388.8,350.87,1.27,3.3,1,0.579,1.35,0,2024,6,20,4,0.00017188176699870075,4.455,0.047486736682546556,1.3893,0
0,2,0,4,13875.3,146.03,4.03,4.4,1,0.766,1.2,0,2024,8,4,3,0.00029044417057649206,5.28,0.010524457128854872,1.0296,0
7,2,3,2,1554.66,149.45,4.23,4.6,3,0.641,2.88,0,2024,7,16,5,0.0027208521477364825,13.248,0.09613034361210811,1.6513999999999998,0
6,1,0,0,4568.71,148.88,2.37,7.7,2,0.548,1.76,1,2024,5,9,4,0.000518745991756973,13.552,0.032586879009611026,3.4804,1
0,6,3,4,5574.1,363.06,3.57,4.4,4,0.733,29.13,1,2024,2,13,5,0.0006404621373854075,128.172,0.06513338476166555,1.1748,0
5,3,3,2,11845.17,115.68,2.66,0.3,0,0.795,16.96,0,2025,3,9,3,0.00022456410503183998,5.088,0.00976600589100874,0.061499999999999985,0
4,2,1,1,14891.46,1.45,3.36,7.1,1,0.523,21.42,1,2024,3,21,4,0.0002256326780584308,152.082,9.737124499545377e-05,3.3867,1
0,1,1,3,3989.72,357.9,2.32,8.8,1,0.701,6.48,0,2025,11,30,3,0.0005814944407126314,57.02400000000001,0.08970554324614259,2.6312000000000006,1
3,2,2,0,13177.46,86.42,2.26,5.1,1,0.629,14.71,0,2025,3,21,0,0.00017150497895649085,75.021,0.0065581682661150185,1.8921,0
2,4,1,1,12544.03,53.14,2.6,5.8,0,0.515,11.28,0,2024,7,25,4,0.00020726991246034965,65.42399999999999,0.004236278133901147,2.8129999999999997,0
1,4,2,2,3757.53,119.52,1.68,1.6,1,0.563,4.37,1,2025,10,4,2,0.0004471022187447605,6.992000000000001,0.03180812927641296,0.6992000000000002,0
2,7,3,2,6290.32,190.57,3.94,2.2,3,0.57,11.73,1,2024,5,31,0,0.0006263592313268642,25.806000000000004,0.0302957560187717,0.9460000000000002,0
7,3,0,0,6440.26,238.48,2.35,2.4,0,0.591,0.67,0,2025,9,1,1,0.0003648921006294777,1.608,0.03702956091834801,0.9816,0
0,8,0,2,14684.2,23.24,2.52,4.3,1,0.902,1.83,0,2024,9,21,2,0.00017161302624589693,7.869,0.0015826534642677161,0.4213999999999999,0
0,4,3,4,3122.93,485.32,4.15,9.3,3,0.72,7.94,1,2024,11,23,2,0.0013288802502777841,73.84200000000001,0.1554053404975456,2.6040000000000005,1
4,3,3,4,12087.79,358.32,2.84,5.2,0,0.574,21.1,0,2024,3,9,2,0.00023494782751851245,109.72000000000001,0.02964313575930753,2.2152000000000003,0
4,5,0,2,5345.79,162.27,3.0,1.9,4,0.55,0.9,1,2024,3,30,2,0.0005611892723058706,1.71,0.030354727739024544,0.8549999999999999,0
1,0,1,4,11097.62,160.03,4.36,2.7,2,0.649,70.24,1,2025,2,1,2,0.00039287703129139404,189.648,0.014420209017789398,0.9477,0
7,0,3,3,6590.16,224.82,4.13,3.8,2,0.899,87.67,1,2025,7,23,6,0.0006266919164329849,333.146,0.03411449797880476,0.3837999999999999,0
2,8,0,3,8886.22,313.5,1.76,6.2,2,0.682,5.44,1,2025,2,10,1,0.00019805946735507337,33.728,0.035279342622622445,1.9715999999999998,0
7,3,3,0,12572.87,74.04,2.76,4.4,1,0.58,32.23,0,2025,7,19,2,0.000219520284549192,141.812,0.005888870242037021,1.8480000000000003,0
5,3,0,0,12160.4,95.28,4.41,3.9,2,0.702,6.36,1,2024,11,29,0,0.0003626525443241999,24.804000000000002,0.007835268576691557,1.1622000000000001,0
3,4,2,2,13063.14,429.86,2.43,5.6,0,0.778,9.75,0,2024,10,9,6,0.0001860195940639081,54.599999999999994,0.0329063303309924,1.2431999999999999,0
1,6,1,1,1364.45,128.87,2.43,2.4,4,0.515,2.9,1,2025,6,16,1,0.0017809373740334934,6.96,0.0944483125068709,1.164,0
5,3,2,2,10534.73,190.72,1.84,0.8,0,0.814,6.91,0,2025,4,14,1,0.00017466038522107356,5.5280000000000005,0.018103928624653882,0.14880000000000004,0
3,8,1,2,2529.82,435.76,1.58,0.2,2,0.698,13.94,1,2024,1,13,2,0.0006245503632669518,2.7880000000000003,0.17224940904886513,0.06040000000000001,0
4,8,2,3,6529.37,331.91,3.64,2.5,1,0.505,6.55,0,2025,12,18,4,0.0005574810433472142,16.375,0.05083338821356426,1.2375,0
5,0,0,1,8454.53,171.51,3.74,0.9,2,0.837,4.37,1,2025,9,30,5,0.0004423664000246022,3.9330000000000003,0.020286166114497194,0.14670000000000002,0
7,7,1,3,6339.72,342.17,4.4,3.4,3,0.856,6.78,0,2025,8,24,3,0.0006940369606228666,23.052,0.0539724151855287,0.48960000000000004,0
6,2,1,3,8034.37,10.82,3.75,7.7,0,0.814,7.89,0,2025,6,19,4,0.0004667447478769337,60.753,0.0013467141792075795,1.4322000000000004,1
6,1,2,1,14949.63,368.09,2.0,7.2,3,0.671,14.35,1,2025,3,5,6,0.00013378257522092521,103.32,0.024622014056535177,2.3688,1
0,6,3,0,2460.65,244.02,1.33,6.1,3,0.765,5.29,1,2024,4,25,4,0.00054050758945807,32.269,0.09916891878162275,1.4334999999999998,0
0,1,2,0,10294.11,406.78,4.45,8.5,1,0.694,13.54,1,2025,2,28,0,0.0004322860354124834,115.08999999999999,0.03951580078316629,2.6010000000000004,1
6,0,3,0,6242.01,477.36,2.32,2.8,4,0.85,29.66,0,2024,6,2,3,0.000371675149511135,83.048,0.0764753661080325,0.42000000000000004,0
4,6,0,1,2428.64,462.97,2.23,8.9,4,0.792,0.5,1,2024,5,31,0,0.0009182093682060743,4.45,0.1906293234073391,1.8511999999999997,1
0,1,3,0,2801.68,454.72,4.19,4.0,1,0.541,7.61,0,2025,8,3,3,0.0014955312526769655,30.44,0.16230261842894264,1.8359999999999999,0
5,2,1,2,14264.46,256.57,3.13,4.0,4,0.822,35.77,0,2025,8,25,1,0.00021942646269119197,143.08,0.017986660553571603,0.7120000000000002,0
0,7,1,1,13254.22,180.71,1.91,4.1,2,0.844,88.27,1,2025,8,19,5,0.00014410504729814354,361.9069999999999,0.0136341482184542,0.6396000000000001,0
3,5,1,0,13652.11,233.05,4.13,1.0,1,0.685,15.16,0,2024,4,12,0,0.0003025173398104762,15.16,0.017070621317876872,0.31499999999999995,0
3,1,0,3,14877.23,345.26,4.48,9.8,1,0.938,2.21,1,2024,4,18,4,0.00030113132619445963,21.658,0.023207277161138195,0.6076000000000006,1
0,3,1,1,3520.57,442.11,1.49,1.4,4,0.922,7.34,1,2025,7,30,6,0.0004232269206406917,10.276,0.12557909656674912,0.10919999999999994,0
3,4,1,4,5653.87,104.29,4.05,3.4,0,0.588,4.5,0,2024,4,13,2,0.000716323509383838,15.299999999999999,0.01844577254163962,1.4008,0
0,1,2,2,10203.68,459.18,2.49,3.2,2,0.952,56.22,1,2024,10,19,2,0.00024402960500525303,179.904,0.04500141125554702,0.15360000000000015,0
6,3,2,4,7515.14,407.77,2.93,0.7,2,0.72,37.35,1,2025,7,2,6,0.00038987962965427125,26.145,0.05425980088195296,0.196,0
6,6,0,4,6566.65,489.45,4.22,1.5,0,0.862,0.68,0,2024,12,18,6,0.0006426412249777284,1.02,0.07453572217188369,0.20700000000000002,0
2,6,3,3,5688.26,440.25,4.41,0.4,1,0.907,11.84,0,2025,2,24,1,0.0007752810173937197,4.736,0.07739625122620977,0.03719999999999999,0
5,2,3,4,9109.82,140.69,2.07,2.9,0,0.753,13.76,0,2024,9,27,0,0.00022722732172534692,39.903999999999996,0.015443773861613073,0.7162999999999999,0
3,8,0,0,8846.1,53.87,1.9,8.7,4,0.7,2.5,1,2025,1,27,1,0.00021478391607601089,21.75,0.006089689241586687,2.6100000000000003,1
4,7,1,0,2841.14,57.01,1.47,3.4,3,0.958,2.21,0,2025,11,1,2,0.0005173979458949577,7.513999999999999,0.02006588904453846,0.14280000000000012,0
0,8,3,0,7340.23,146.32,3.05,1.2,2,0.615,86.74,1,2025,5,12,1,0.0004155183148211977,104.088,0.019933980270373,0.46199999999999997,0
3,2,0,1,8525.34,307.48,1.24,6.5,0,0.628,0.52,1,2025,8,8,0,0.00014544874456619912,3.38,0.036066596757431374,2.418,0
7,1,1,0,8769.16,402.36,2.56,10.0,1,0.681,13.77,1,2025,9,15,1,0.0002919321805053164,137.7,0.04588352818285902,3.1899999999999995,1
5,2,0,0,3546.55,449.73,1.44,2.3,4,0.93,1.44,0,2025,4,29,5,0.0004060283937911491,3.312,0.12680774273589826,0.16099999999999987,0
1,6,0,4,11262.94,312.25,2.54,2.8,2,0.969,6.87,1,2024,2,8,4,0.00022551838152382947,19.236,0.027723667177486516,0.08680000000000007,0
7,2,2,4,865.39,3.81,1.33,9.7,0,0.61,0.5,1,2024,6,25,5,0.0015368793260841934,4.85,0.0044026392724667495,3.783,1
6,0,0,3,5645.06,93.97,3.96,1.8,2,0.932,3.05,1,2024,10,9,6,0.0007014983011695181,5.49,0.016646412969924144,0.12239999999999991,0
6,8,0,1,11813.08,50.76,1.89,5.1,1,0.629,1.08,1,2025,2,16,3,0.00015999214430106287,5.508,0.00429693187551426,1.8921,0
0,5,3,1,8676.45,182.3,2.28,2.4,0,0.985,14.02,0,2024,5,27,1,0.00026278028456338707,33.647999999999996,0.021010897313993627,0.03600000000000003,0
0,2,0,0,4286.86,251.17,4.07,9.3,3,0.799,0.87,1,2025,9,25,4,0.0009494128569629054,8.091000000000001,0.05859067009419482,1.8692999999999997,1
3,0,0,1,10576.82,22.66,3.66,9.8,4,0.504,3.17,1,2025,9,15,1,0.0003460397359508813,31.066000000000003,0.002142420878865292,4.8608,1
0,6,1,0,8727.17,174.89,1.92,8.1,3,0.517,10.38,0,2025,11,28,0,0.00022000258961381525,84.078,0.020039715050812576,3.9122999999999997,1
5,2,2,2,12045.53,90.41,1.44,3.1,4,0.574,24.45,1,2025,12,11,4,0.00011954642095449514,75.795,0.007505688832288824,1.3206000000000002,0
5,8,1,1,11157.87,323.89,3.56,4.0,0,0.594,9.78,0,2025,2,15,2,0.00031905731111762367,39.12,0.029027941712889645,1.624,0
2,3,0,1,9346.56,232.67,2.49,2.4,2,0.884,4.43,1,2024,2,9,0,0.000266408175842235,10.632,0.02489365071213366,0.2784,0
5,2,1,3,7578.58,248.16,3.73,8.9,1,0.611,11.29,1,2025,2,9,3,0.0004921766346729862,100.481,0.032744920552399,3.4621000000000004,1
5,8,2,3,2431.14,214.42,2.67,9.1,0,0.985,1.87,0,2024,12,5,4,0.0010982502036081837,17.017,0.08819730661335834,0.13650000000000012,1
4,8,0,0,4289.33,478.05,2.34,4.2,0,0.818,0.77,0,2025,12,8,1,0.0005455397463007042,3.2340000000000004,0.11145097252950928,0.7644000000000002,0
1,6,3,1,6576.94,108.15,2.69,6.6,2,0.846,97.87,1,2024,8,31,2,0.0004090047955432162,645.942,0.016443817337546032,1.0164000000000002,0
5,1,3,3,9189.84,258.82,3.67,1.7,0,0.609,13.22,0,2024,2,20,5,0.00039935406927650536,22.474,0.028163711228922375,0.6647,0
6,5,1,2,7948.76,368.27,4.18,4.3,4,0.946,20.47,1,2025,5,1,4,0.000525868185729598,88.02099999999999,0.046330496832210306,0.23220000000000018,0
1,7,0,4,4678.68,278.87,1.36,6.3,2,0.834,2.38,1,2024,10,2,6,0.00029068027734318225,14.994,0.05960441834021561,1.0458000000000003,0
4,6,2,2,593.73,464.58,2.93,3.9,2,0.932,2.64,1,2025,1,16,4,0.004934903070419214,10.296,0.782476883431863,0.26519999999999977,0
5,5,2,1,7695.47,189.61,1.31,3.6,0,0.978,5.47,1,2024,1,21,3,0.00017023001843941956,19.692,0.024639170836868965,0.07920000000000008,0
4,7,2,0,4641.58,232.37,2.75,0.0,3,0.563,2.9,0,2024,12,11,6,0.0005924706673158709,0.0,0.050062694168795975,0.0,0
7,6,3,2,11151.82,45.17,4.12,8.0,1,0.548,31.79,1,2024,11,6,6,0.0003694464221983497,254.32,0.004050459924927053,3.6159999999999997,1
5,4,3,4,847.22,304.89,2.39,8.9,2,0.902,13.21,1,2024,11,14,4,0.002820991005878048,117.56900000000002,0.3598711078586435,0.8721999999999999,1
4,7,1,4,8980.0,144.82,4.28,9.7,3,0.933,10.6,1,2024,10,14,1,0.0004766146993318486,102.82,0.016126948775055678,0.6498999999999995,1
3,2,0,1,14151.38,80.99,3.28,7.2,2,0.792,7.69,1,2025,5,18,3,0.00023177951549601522,55.368,0.005723116756104351,1.4975999999999998,1
0,2,1,1,3028.93,272.72,4.28,5.5,1,0.683,3.36,1,2025,12,13,2,0.001413040248536612,18.48,0.09003839639740768,1.7434999999999996,0
1,2,2,4,7338.92,266.62,3.7,2.7,1,0.826,7.24,0,2025,12,2,5,0.0005041613752432238,19.548000000000002,0.03632959618036442,0.46980000000000016,0
6,5,3,2,1825.62,38.86,1.54,10.0,0,0.653,3.45,1,2024,4,10,6,0.0008435490408737854,34.5,0.021285919304126818,3.4699999999999998,1
5,0,0,2,9572.39,349.41,1.96,5.9,1,0.619,1.16,0,2024,8,21,6,0.00020475555216617795,6.844,0.03650185585835931,2.2479,0
6,2,3,4,8482.71,312.26,2.5,6.8,4,0.744,47.68,1,2024,5,17,0,0.0002947171363868387,324.224,0.0368113492032617,1.7408,0
3,7,2,2,6406.8,95.32,1.76,6.8,3,0.608,6.27,0,2024,11,3,3,0.00027470812261971654,42.635999999999996,0.01487794218642692,2.6656,0
6,1,2,4,8059.97,235.25,2.83,8.5,0,0.742,6.71,1,2025,3,29,2,0.0003511179322007402,57.035,0.029187453551315946,2.193,1
0,5,1,1,13500.33,360.44,2.76,0.1,4,0.978,28.13,1,2024,11,24,3,0.0002044394470357391,2.813,0.02669860662665283,0.002200000000000002,0
6,8,3,3,3346.27,265.19,4.36,2.2,3,0.92,5.77,0,2024,10,2,6,0.0013029432771414142,12.694,0.07924943295071826,0.17599999999999993,0
3,0,2,3,827.19,198.35,2.63,6.7,0,0.971,0.5,0,2025,3,2,3,0.003179438823003179,3.35,0.23978771503523977,0.19430000000000017,0
6,0,1,0,12994.14,161.85,3.79,9.0,2,0.903,104.85,1,2025,9,11,4,0.0002916699373717691,943.65,0.012455614607815524,0.8729999999999998,1
2,6,0,0,8868.2,305.59,4.31,6.9,3,0.677,0.5,0,2025,10,23,4,0.00048600617938251273,3.45,0.0344590785052209,2.2287,0
7,7,3,0,13414.55,469.62,4.09,4.1,1,0.906,33.68,0,2024,4,1,1,0.0003048928216004264,138.088,0.0350082559608783,0.38539999999999985,0
4,5,1,2,9155.71,336.2,1.89,3.6,3,0.961,8.85,1,2024,7,11,4,0.0002064285566056592,31.86,0.036720254354932605,0.14040000000000014,0
1,5,0,4,12247.34,38.3,2.84,7.4,4,0.974,2.92,0,2025,3,28,0,0.0002318870873185524,21.608,0.0031272096634861117,0.19240000000000018,1
1,6,1,0,6730.26,230.88,2.35,7.4,3,0.842,6.97,1,2024,8,4,3,0.0003491692742925236,51.578,0.034304766829216106,1.1692000000000002,1
6,5,3,0,11372.97,445.52,2.52,6.1,1,0.606,30.89,1,2025,2,20,4,0.00022157800469006778,188.429,0.03917358438472976,2.4034,0
7,3,0,2,13739.1,48.14,2.39,2.9,0,0.52,0.99,1,2025,5,11,3,0.00017395608154828192,2.871,0.003503868521227737,1.392,0
7,4,0,2,8795.78,494.45,3.93,9.3,3,0.574,0.5,1,2025,6,12,4,0.0004468051724804395,4.65,0.05621445738751992,3.9618000000000007,1
3,4,1,4,3121.38,474.59,2.69,5.5,3,0.983,2.78,0,2025,1,17,0,0.000861798307159013,15.29,0.1520449288455747,0.09350000000000008,0
7,5,3,0,4397.57,40.06,2.93,7.9,0,0.731,8.48,1,2024,2,27,5,0.0006662770575567871,66.992,0.009109576425162079,2.1251,1
7,5,0,1,3380.35,466.77,4.44,2.1,1,0.927,0.55,0,2025,6,11,6,0.001313473456890559,1.1550000000000002,0.13808333456594732,0.1532999999999999,0
6,8,0,3,4079.43,182.2,1.4,3.4,2,0.733,2.08,1,2024,6,11,5,0.0003431851998931223,7.072,0.04466310244323349,0.9078,0
4,5,1,2,4943.02,422.51,2.81,8.7,0,0.83,5.21,1,2024,3,8,0,0.000568478379614082,45.327,0.0854760854700163,1.4790000000000003,1
7,1,2,2,8549.44,209.77,3.75,0.5,2,0.512,41.19,1,2024,11,14,4,0.00043862521989744357,20.595,0.024536109967436465,0.244,0
0,8,2,0,9025.88,220.99,1.7,5.1,2,0.625,53.2,1,2025,12,27,2,0.00018834728580481905,271.32,0.02448403922941586,1.9124999999999999,0
3,8,1,1,6684.25,317.49,3.22,4.8,1,0.718,8.68,0,2025,6,2,1,0.00048172943860567757,41.663999999999994,0.04749822343568837,1.3536000000000001,0
1,4,0,1,9423.6,387.46,1.99,7.5,4,0.815,1.41,1,2025,2,17,1,0.00021117195127127636,10.575,0.0411159217284265,1.3875000000000004,1
1,4,2,2,1682.84,17.86,4.06,2.8,4,0.586,3.0,0,2024,5,18,2,0.0024125882436832973,8.399999999999999,0.01061301133797628,1.1592,0
2,6,1,3,1772.93,296.98,2.28,2.2,2,0.882,11.39,1,2025,6,20,0,0.0012860067797374965,25.058000000000003,0.16750802344142182,0.2596,0
0,6,0,3,2991.53,94.18,2.29,9.3,0,0.682,0.5,0,2025,8,5,5,0.0007654945796966769,4.65,0.03148221812918473,2.9574,1
2,5,0,4,8012.12,173.63,3.17,5.7,3,0.909,0.5,0,2024,1,30,5,0.00039565058935712397,2.85,0.021670918558384048,0.5186999999999998,0
2,5,0,0,3602.92,174.64,1.81,1.0,2,0.549,1.23,1,2024,6,26,6,0.0005023702996458428,1.23,0.048471795099530375,0.45099999999999996,0
2,0,0,2,4607.62,235.06,2.14,1.9,3,0.84,0.63,1,2024,7,16,5,0.00046444802305745705,1.1969999999999998,0.051015491728918616,0.30400000000000005,0
2,0,0,3,6304.54,167.73,2.57,10.0,3,0.647,0.7,1,2024,7,24,6,0.000407642746338353,7.0,0.02660463729312527,3.53,1
4,8,0,2,12272.06,54.57,2.37,2.0,4,0.898,1.5,1,2024,2,29,4,0.00019312161120463886,3.0,0.004446686212420735,0.20399999999999996,0
2,3,3,4,701.0,73.67,2.93,6.1,2,0.701,9.19,1,2024,9,12,4,0.004179743223965763,56.05899999999999,0.10509272467902996,1.8239,0
0,1,0,3,9915.99,17.69,3.18,4.2,3,0.833,1.69,1,2024,2,3,2,0.0003206941515673171,7.098,0.0017839872771150437,0.7014000000000001,0
0,8,3,1,10198.71,235.65,3.07,8.9,2,0.967,162.89,1,2025,4,12,2,0.00030101846213883914,1449.721,0.02310586338860503,0.2937000000000003,1
7,0,0,0,12080.51,477.27,3.36,7.6,4,0.51,2.86,1,2024,2,21,6,0.00027813395295397296,21.735999999999997,0.03950743801379246,3.7239999999999998,1
2,7,1,4,14024.92,58.72,2.22,6.0,3,0.506,15.93,1,2025,1,4,2,0.00015828967295357122,95.58,0.004186833151276442,2.964,0
2,8,2,2,792.0,473.19,1.62,0.1,2,0.885,3.87,1,2025,12,22,1,0.0020454545454545456,0.387,0.5974621212121212,0.0115,0
6,4,3,0,2729.86,366.95,3.71,8.8,0,0.823,5.16,0,2024,7,22,1,0.001359044053541207,45.40800000000001,0.13442081278893422,1.5576000000000005,1
7,5,0,2,13349.48,319.11,4.01,4.4,0,0.646,0.5,0,2024,10,7,1,0.00030038623227271775,2.2,0.023904301890410713,1.5576,0
1,4,0,3,7148.52,322.99,2.05,9.3,1,0.747,0.5,0,2025,1,12,3,0.0002867726466457392,4.65,0.04518277909273528,2.3529,1
0,4,3,4,8686.56,413.54,2.54,5.0,4,0.521,45.35,1,2025,4,20,3,0.0002924057394411597,226.75,0.04760687775137684,2.395,0
5,1,0,3,10113.89,54.35,2.85,6.9,1,0.596,1.79,0,2025,6,1,3,0.00028179068587852945,12.351,0.005373797816665991,2.7876000000000003,0
7,5,3,2,10346.47,252.87,2.96,0.7,3,0.712,17.64,0,2025,2,10,1,0.00028608791210915413,12.347999999999999,0.024440219707784396,0.2016,0
6,2,0,3,14010.24,348.85,3.38,7.5,4,0.917,2.73,1,2025,10,12,3,0.0002412521127403956,20.475,0.024899644831209176,0.6224999999999997,1
3,7,0,1,14955.77,293.82,1.34,3.4,0,0.74,1.26,0,2024,5,6,1,8.959752657335597e-05,4.284,0.01964592929685332,0.884,0
4,2,1,4,10942.28,416.56,3.58,3.5,1,0.793,13.06,1,2025,11,28,0,0.0003271713025073385,45.71,0.038068848539792435,0.7244999999999999,0
2,6,2,2,4664.71,37.06,1.4,1.2,4,0.937,8.96,1,2024,2,1,4,0.00030012583847656123,10.752,0.0079447596956724,0.07559999999999993,0
1,0,2,4,13256.41,345.66,2.75,1.5,4,0.654,25.43,1,2024,9,4,6,0.00020744681252314918,38.144999999999996,0.026074932806091546,0.5189999999999999,0
1,4,2,3,1213.7,267.48,3.93,1.9,4,0.85,2.16,0,2025,1,16,4,0.0032380324627173107,4.104,0.22038394990524843,0.28500000000000003,0
0,6,3,1,3850.67,190.2,2.69,3.3,1,0.931,9.33,1,2025,5,15,4,0.0006985797276837537,30.788999999999998,0.04939400156336429,0.22769999999999982,0
4,8,3,3,13512.09,170.8,1.69,8.9,2,0.601,217.97,1,2025,8,31,3,0.00012507317520827642,1939.933,0.012640531553593857,3.5511000000000004,1
7,3,2,4,4214.78,310.8,4.45,3.7,3,0.678,3.87,1,2025,4,1,5,0.0010558083695946172,14.319,0.07374050365618134,1.1913999999999998,0
2,3,2,1,3699.44,445.61,4.13,7.2,4,0.99,9.55,0,2024,6,30,3,0.0011163851826222347,68.76,0.12045336591484117,0.07200000000000006,1
7,2,1,0,2502.82,248.59,3.75,0.8,0,0.992,1.35,0,2025,4,30,6,0.0014983099064255518,1.08,0.09932396257022079,0.006400000000000006,0
2,0,3,4,12957.12,412.54,2.56,5.9,0,0.612,23.86,1,2025,8,23,2,0.00019757476970190906,140.774,0.03183886542688499,2.2892,0
7,6,2,0,7750.84,201.68,1.81,4.8,3,0.533,7.19,0,2025,7,18,0,0.00023352307620851418,34.512,0.026020405530239304,2.2415999999999996,0
2,4,2,0,10285.95,52.09,4.31,9.8,0,0.635,8.37,0,2024,12,24,5,0.0004190181752779276,82.026,0.00506418950121282,3.577,1
1,3,0,3,3966.46,31.69,2.96,8.5,4,0.699,1.15,1,2024,12,18,6,0.0007462573680309394,9.774999999999999,0.007989491889493402,2.5585000000000004,1
4,2,2,3,11491.59,26.62,4.01,4.5,0,0.721,8.14,0,2024,6,16,3,0.0003489508414414367,36.63,0.002316476658147393,1.2555,0
1,4,1,3,11520.08,190.69,2.33,7.8,0,0.809,10.33,0,2024,9,21,2,0.0002022555398920841,80.574,0.016552836438635844,1.4897999999999996,1
0,2,1,3,5032.67,169.28,2.31,1.9,3,0.95,4.66,0,2025,12,6,2,0.0004590008881965239,8.854,0.03363622093242752,0.09500000000000008,0
6,3,0,0,6454.9,359.25,4.45,5.6,2,0.665,3.72,1,2024,4,2,5,0.0006893987513361942,20.832,0.05565539357697254,1.8759999999999997,0
2,0,3,1,3540.51,371.67,2.92,0.7,3,0.925,6.2,1,2024,10,18,0,0.0008247399385964168,4.34,0.10497640170483913,0.05249999999999996,0
0,7,0,2,14660.13,26.38,1.66,3.5,3,0.547,1.02,0,2024,1,29,1,0.00011323228375191762,3.5700000000000003,0.0017994383405877028,1.5855,0
1,3,1,0,9861.24,111.34,1.92,2.3,0,0.521,7.46,0,2025,1,30,4,0.00019470168051887997,17.157999999999998,0.011290669327589634,1.1017,0
6,1,1,1,14050.89,137.86,2.79,7.2,2,0.752,107.35,1,2024,2,20,5,0.00019856393438422764,772.92,0.009811478134125313,1.7856,1
0,8,0,4,4899.09,274.26,1.34,4.9,4,0.53,0.5,1,2024,6,15,2,0.000273520184360769,2.45,0.055981825196107844,2.303,0
3,1,3,0,11837.42,73.11,2.73,7.5,4,0.696,68.28,1,2025,8,8,0,0.00023062457866663514,512.1,0.006176176903413075,2.2800000000000002,1
4,0,3,0,11604.95,67.84,2.58,5.2,2,0.948,162.17,1,2024,8,7,6,0.00022231892425215102,843.284,0.005845781326072064,0.27040000000000025,0
5,4,0,4,10529.01,471.95,3.77,0.9,2,0.621,4.15,1,2024,8,14,6,0.00035805835496404695,3.7350000000000003,0.044823777354186196,0.3411,0
7,6,0,3,14501.77,402.3,2.37,7.4,1,0.853,1.53,1,2025,10,24,0,0.000163428326335337,11.322000000000001,0.027741441217175557,1.0878,1
5,7,1,4,6206.55,91.15,4.44,8.3,2,0.651,48.15,1,2024,8,18,3,0.0007153732750078546,399.64500000000004,0.014686097751568908,2.8967,1
1,8,2,2,2395.4,203.88,1.8,9.0,2,0.522,16.26,1,2025,11,24,1,0.0007514402604992902,146.34,0.08511313350588627,4.302,1
6,0,0,2,10239.78,178.46,3.15,5.7,0,0.778,0.66,1,2024,7,30,5,0.00030762379660500514,3.7620000000000005,0.01742810880702515,1.2653999999999999,0
3,7,0,1,11074.99,395.71,1.5,7.5,3,0.917,0.5,1,2024,10,2,6,0.00013544030288063465,3.75,0.03573005483526396,0.6224999999999997,1
1,4,3,2,8838.38,255.6,3.62,7.5,4,0.705,50.93,1,2025,10,29,6,0.0004095773207307222,381.975,0.0289193268449648,2.2125000000000004,1
5,4,0,3,3498.86,64.8,4.48,1.6,2,0.809,1.09,1,2025,2,23,3,0.001280417050124898,1.7440000000000002,0.018520318046449415,0.3055999999999999,0
1,3,1,0,7814.61,369.76,3.9,1.6,1,0.95,8.08,0,2025,6,9,1,0.0004990652124674168,12.928,0.04731650075947488,0.08000000000000007,0
6,4,0,0,5026.75,199.05,3.03,0.7,0,0.895,0.5,0,2024,1,21,3,0.0006027751529318147,0.35,0.03959814989804546,0.07349999999999998,0
1,3,3,2,6698.26,132.2,2.8,3.2,1,0.597,17.27,1,2025,11,29,2,0.00041801900792146014,55.264,0.019736468874006083,1.2896,0
4,2,0,2,9855.67,188.37,3.96,4.7,1,0.867,0.5,0,2024,1,10,6,0.0004017991673828365,2.35,0.019112855848460834,0.6251000000000001,0
4,1,1,0,11305.61,249.38,4.29,10.0,0,0.751,11.99,1,2025,4,30,6,0.00037945763209592403,119.9,0.0220580755925598,2.49,1
4,8,2,2,3867.26,172.21,4.46,4.3,1,0.873,3.82,0,2024,5,15,6,0.0011532713083681986,16.426,0.04453023587759809,0.5461,0
5,4,3,3,6377.22,121.71,2.51,7.3,0,0.747,11.9,1,2025,10,24,0,0.0003935884288138091,86.87,0.0190851185939955,1.8469,1
6,3,3,1,4402.84,199.85,4.47,6.9,3,0.564,10.18,1,2024,6,26,6,0.001015253790735071,70.242,0.0453911566170926,3.0084000000000004,0
6,4,3,0,3380.16,10.57,1.71,2.0,0,0.785,5.45,1,2025,9,7,3,0.0005058932121556377,10.9,0.0031270709078860173,0.42999999999999994,0
0,8,2,4,11859.11,386.48,2.04,0.6,4,0.746,21.46,0,2024,1,9,5,0.00017201965408871324,12.876,0.03258929211382642,0.1524,0
7,3,0,0,13684.16,86.3,1.49,5.5,1,0.759,0.68,1,2024,8,17,2,0.00010888501742160279,3.74,0.006306561747304913,1.3255,0
5,8,0,4,5868.37,22.91,2.1,7.0,2,0.939,3.61,1,2024,9,15,3,0.0003578506467724428,25.27,0.003903980151217459,0.4270000000000004,1
2,4,0,0,11393.54,327.2,3.73,10.0,1,0.947,1.61,1,2025,9,14,3,0.0003273784969377384,16.1,0.02871802793512815,0.5300000000000005,1
0,6,1,1,13506.43,387.19,4.01,3.6,0,0.727,10.92,0,2024,11,8,0,0.0002968956267496296,39.312,0.02866708671351349,0.9828000000000001,0
3,2,3,2,12768.8,407.1,3.77,9.0,2,0.728,205.68,1,2025,12,30,5,0.00029525092412756093,1851.1200000000001,0.03188240085207694,2.4480000000000004,1
4,5,1,0,3150.79,247.26,3.28,3.8,4,0.758,7.59,1,2025,12,27,2,0.0010410087628816898,28.842,0.0784755569238191,0.9196,0
3,1,3,4,14366.23,103.48,2.9,6.9,0,0.76,26.42,1,2025,10,20,1,0.00020186228398125325,182.29800000000003,0.007203003153924169,1.656,0
1,0,2,1,5961.81,368.88,3.54,6.0,3,0.975,5.53,1,2024,10,8,5,0.0005937794059186723,33.18,0.06187382690827114,0.15000000000000013,0
6,2,2,2,5418.99,350.16,2.49,0.5,4,0.825,10.19,0,2025,3,9,3,0.00045949521958889023,5.095,0.06461720726556057,0.08750000000000002,0
5,1,1,1,1405.25,123.89,3.98,0.8,1,0.639,1.68,0,2025,1,20,1,0.002832236256893791,1.344,0.08816224871019392,0.2888,0
1,0,2,2,7549.52,451.8,3.43,0.2,0,0.766,4.79,0,2024,12,23,1,0.0004543335205417033,0.9580000000000001,0.0598448643092541,0.0468,0
6,6,3,1,2080.7,53.08,3.5,3.7,4,0.814,9.9,1,2025,4,15,5,0.0016821262075263133,36.63,0.025510645455856202,0.6882000000000003,0
2,1,2,0,4103.83,491.36,2.97,7.5,0,0.82,4.14,1,2024,9,15,3,0.0007237141889405751,31.049999999999997,0.11973205517772423,1.3500000000000003,1
4,1,2,1,5095.67,430.26,4.12,1.7,1,0.793,4.77,1,2024,8,11,3,0.0008085295947343529,8.108999999999998,0.0844363940365055,0.35189999999999994,0
6,3,1,3,12227.98,344.26,2.03,6.1,4,0.589,33.13,1,2025,4,22,5,0.00016601270201619563,202.09300000000002,0.028153464431574144,2.5071,0
2,4,1,3,13194.59,469.44,2.46,2.9,2,0.517,83.23,1,2024,11,5,5,0.00018644004853504354,241.367,0.035578218042394645,1.4006999999999998,0
0,7,2,1,4885.76,361.43,3.77,8.0,3,0.669,4.78,1,2025,11,24,1,0.0007716302069688236,38.24,0.07397620840974588,2.6479999999999997,1
0,7,3,4,12951.12,96.04,2.83,8.0,2,0.714,201.61,1,2025,6,17,5,0.0002185139200316266,1612.88,0.007415574869200502,2.2880000000000003,1
0,8,0,1,12929.85,221.64,4.13,7.8,2,0.531,7.86,1,2025,9,30,5,0.0003194159251654118,61.308,0.017141730182484716,3.6582,1
4,8,1,2,11587.44,36.68,2.34,5.2,4,0.907,31.26,1,2025,2,10,1,0.00020194279323129178,162.55200000000002,0.003165496434069993,0.48359999999999986,0
4,8,3,4,2627.08,195.44,2.42,2.8,3,0.672,5.26,1,2025,8,21,4,0.0009211748405073314,14.727999999999998,0.07439438463998051,0.9183999999999998,0
3,8,2,4,10509.68,371.06,4.13,8.1,3,0.957,10.68,0,2024,4,14,3,0.0003929710514497111,86.508,0.035306498390055646,0.3483000000000003,1
6,3,1,1,14202.85,193.84,2.73,1.9,1,0.577,15.95,0,2024,1,8,1,0.00019221494277556968,30.304999999999996,0.01364796502110492,0.8037000000000001,0
3,8,0,0,10396.84,165.82,2.9,2.9,1,0.528,0.6,0,2025,6,7,2,0.0002789309059291092,1.74,0.015949076834884446,1.3687999999999998,0
6,3,2,1,5308.44,298.08,2.3,1.8,2,0.741,28.09,1,2025,11,9,3,0.0004332722984530295,50.562,0.056152089879512625,0.4662,0
6,1,0,3,7758.4,436.23,2.11,6.7,4,0.595,2.1,1,2025,1,18,2,0.00027196329140028873,14.07,0.056226799340070126,2.7135000000000002,0
6,0,2,0,9863.01,24.74,3.36,6.9,0,0.969,7.35,0,2025,7,28,1,0.00034066679441671453,50.715,0.0025083620517468803,0.2139000000000002,0
2,6,0,0,7903.27,193.35,1.6,6.5,2,0.505,4.73,1,2025,10,24,0,0.000202447847536526,30.745000000000005,0.024464557075742063,3.2175,0
4,7,1,2,2239.32,79.96,4.1,4.2,1,0.706,3.14,0,2025,8,31,3,0.0018309129557187,13.188,0.03570726827787006,1.2348000000000001,0
6,8,3,2,5024.93,347.98,3.77,1.0,1,0.963,10.44,0,2025,9,15,1,0.0007502592075909515,10.44,0.06925071593037117,0.03700000000000003,0
2,5,0,1,12134.74,53.76,1.83,9.1,1,0.692,1.65,1,2024,10,16,6,0.00015080669219118004,15.014999999999999,0.004430255613222862,2.8028000000000004,1
5,4,0,4,12990.56,332.74,3.49,5.1,1,0.547,0.75,0,2024,11,1,0,0.00026865662450271585,3.8249999999999997,0.025613984308605637,2.3103,0
2,4,1,0,2490.85,143.8,3.19,4.1,1,0.651,1.91,1,2025,12,1,1,0.0012806873155750045,7.830999999999999,0.05773129654535601,1.4308999999999998,0
0,5,3,4,14309.61,100.26,1.81,5.9,0,0.749,25.65,0,2024,4,20,2,0.00012648842281515709,151.335,0.007006480260468315,1.4809,0
7,2,1,3,5267.93,468.24,2.1,1.9,0,0.593,4.14,0,2025,5,8,4,0.00039863855442270494,7.865999999999999,0.0888850079632797,0.7733,0
3,7,2,2,10103.55,10.24,2.55,1.3,1,0.733,9.56,0,2024,3,6,6,0.00025238653740516947,12.428,0.0010135051541289943,0.3471,0
7,3,2,2,11401.46,219.45,3.51,4.1,4,0.918,25.92,1,2024,12,10,5,0.0003078553097585748,106.27199999999999,0.019247534964820297,0.33619999999999983,0
4,0,1,0,12273.22,11.79,3.31,2.3,3,0.936,11.58,1,2024,10,10,4,0.0002696928760341622,26.633999999999997,0.0009606280992274236,0.14719999999999986,0
0,8,1,1,14213.37,242.31,2.96,2.4,4,0.525,33.3,0,2025,10,17,0,0.00020825462223244732,79.91999999999999,0.017048032943629835,1.14,0
0,3,0,3,5037.33,251.02,3.74,8.9,4,0.58,1.35,1,2024,11,28,4,0.000742456817401282,12.015,0.04983195462675664,3.7380000000000004,1
2,8,0,4,12948.34,161.51,3.7,5.3,2,0.638,6.61,1,2024,10,10,4,0.0002857509147890772,35.033,0.01247341358042807,1.9185999999999999,0
2,7,2,3,2409.46,66.95,3.24,4.8,1,0.797,3.14,1,2024,9,24,5,0.0013446996422434904,15.072,0.027786308965494343,0.9743999999999997,0
5,3,0,4,10723.09,188.82,3.8,6.9,3,0.68,1.08,0,2025,11,2,3,0.0003543754645349428,7.452000000000001,0.01760873031933892,2.2079999999999997,0
4,6,0,2,11258.68,336.46,2.3,9.5,0,0.922,1.02,0,2025,12,29,1,0.00020428682580906463,9.69,0.029884498005094733,0.7409999999999997,1
6,3,2,0,10326.99,391.42,4.11,1.1,1,0.858,9.43,0,2025,10,29,6,0.00039798624768688654,10.373000000000001,0.0379026221580538,0.15620000000000003,0
0,1,3,3,4158.56,265.84,3.23,8.3,3,0.55,9.04,0,2024,11,1,0,0.0007767111692508945,75.032,0.06392597437574543,3.735,1
7,4,0,3,13159.13,295.33,3.91,5.8,0,0.812,0.63,0,2024,7,11,4,0.0002971321052379603,3.654,0.02244297305368972,1.0903999999999996,0
1,7,3,1,2948.45,101.11,3.0,1.5,3,0.557,5.41,0,2024,6,2,3,0.0010174837626549544,8.115,0.034292594414014145,0.6644999999999999,0
2,8,0,3,1277.7,144.38,1.92,3.0,3,0.628,0.5,0,2025,6,13,0,0.0015027001643578303,1.5,0.11299992173436643,1.116,0
5,1,3,2,10903.24,81.79,2.99,4.8,3,0.589,22.7,0,2024,9,3,5,0.0002742304122444338,108.96,0.007501439938953926,1.9728,0
3,6,3,0,7394.4,125.4,2.42,6.9,4,0.587,41.34,1,2024,2,28,6,0.00032727469436330195,285.24600000000004,0.016958779617007466,2.8497000000000003,0
4,8,3,1,12811.92,113.22,3.5,2.4,2,0.808,159.84,1,2025,9,6,2,0.00027318309823976423,383.616,0.008837082966487459,0.4607999999999999,0
1,7,3,4,6059.26,260.2,2.77,5.3,1,0.782,15.51,0,2025,2,17,1,0.0004571515333555583,82.203,0.042942537537587096,1.1553999999999998,0
1,7,2,4,2940.04,281.78,3.96,6.8,1,0.588,3.62,1,2025,11,7,0,0.001346920450061904,24.616,0.09584223343900082,2.8016,0
5,4,3,2,12628.41,472.53,3.44,4.5,4,0.995,64.1,0,2024,11,23,2,0.00027240167210282215,288.45,0.037418012243821665,0.02250000000000002,0
3,1,0,3,8459.19,98.59,3.46,8.6,1,0.711,0.5,1,2025,11,28,0,0.000409022613276212,4.3,0.011654780185809753,2.4854000000000003,1
5,3,1,1,3243.34,321.2,1.92,8.7,4,0.549,9.61,1,2024,5,23,4,0.0005919823391935474,83.60699999999999,0.09903371216092052,3.9236999999999993,1
7,3,2,4,10945.57,408.81,4.45,4.7,4,0.56,24.91,1,2024,1,27,2,0.00040655717335871957,117.077,0.03734935686309621,2.0679999999999996,0
2,8,3,3,7911.15,280.56,3.98,9.7,0,0.792,15.6,0,2025,11,2,3,0.0005030874145983833,151.32,0.035463870612995586,2.0175999999999994,1
3,1,3,2,9262.54,128.25,3.8,0.8,0,0.99,13.41,0,2025,5,24,2,0.00041025463857645954,10.728000000000002,0.013846094051955509,0.008000000000000007,0
6,5,2,2,7183.03,132.01,2.29,0.0,4,0.786,13.25,1,2024,10,29,5,0.0003188069658625956,0.0,0.01837803823734552,0.0,0
3,6,3,2,12516.28,20.59,2.97,3.8,2,0.975,166.69,1,2024,9,22,3,0.00023729095226377166,633.4219999999999,0.0016450574771417704,0.09500000000000008,0
1,4,2,2,12528.66,153.42,1.65,6.0,4,0.722,28.85,1,2025,3,4,5,0.00013169804272763406,173.10000000000002,0.012245523463802194,1.6680000000000001,0
4,7,1,1,10786.14,372.56,2.98,6.3,2,0.718,78.46,1,2025,2,18,5,0.00027628048588280887,494.29799999999994,0.03454062342969774,1.7766000000000002,0
1,0,3,4,2028.32,24.71,1.68,4.8,0,0.75,2.9,1,2025,2,1,2,0.0008282716731087797,13.92,0.012182495858641635,1.2,0
3,0,0,2,12663.38,110.43,3.03,1.2,2,0.849,6.18,1,2024,2,6,5,0.00023927261126176422,7.4159999999999995,0.008720420614401527,0.18120000000000003,0
0,8,0,2,10229.69,353.41,3.34,1.7,4,0.684,1.3,1,2025,8,20,6,0.00032650060754529215,2.21,0.03454747895586279,0.5371999999999999,0
7,5,1,2,10606.85,391.54,2.49,8.5,1,0.932,15.57,0,2025,12,26,0,0.00023475395616983367,132.345,0.03691388112399063,0.5779999999999996,1
2,1,3,2,5763.25,228.2,2.85,8.7,3,0.515,12.85,1,2025,8,8,0,0.0004945126447750835,111.79499999999999,0.03959571422374528,4.219499999999999,1
5,0,1,1,13249.55,349.34,4.09,6.7,0,0.72,12.74,0,2024,7,13,2,0.00030868972908513874,85.358,0.02636617847398591,1.8760000000000003,0
4,1,1,1,11017.89,194.59,1.56,6.6,2,0.755,82.12,1,2024,12,17,5,0.0001415879083926233,541.992,0.017661276342384978,1.617,0
4,0,0,3,2132.56,80.8,3.81,6.0,0,0.804,0.57,0,2025,12,31,6,0.0017865851371122031,3.42,0.03788873466631654,1.1759999999999997,0
7,6,1,0,6412.78,199.68,1.76,2.0,4,0.638,13.91,1,2024,8,15,4,0.0002744519537548458,27.82,0.031137821662367962,0.724,0
5,8,3,2,13352.52,290.4,1.32,4.3,1,0.714,34.08,0,2025,12,3,6,9.88577437068059e-05,146.54399999999998,0.021748703615497297,1.2298,0
1,8,2,3,1184.35,474.08,1.81,7.0,0,0.742,0.5,1,2025,7,1,5,0.0015282644488538019,3.5,0.4002870772997847,1.806,1
0,7,3,0,14440.54,35.31,3.72,5.4,4,0.843,76.36,0,2025,10,15,6,0.00025760809498813757,412.34400000000005,0.0024451994177503056,0.8478000000000002,0
3,5,0,3,10347.86,254.19,2.54,0.2,4,0.887,1.73,0,2025,5,2,0,0.000245461380420686,0.34600000000000003,0.02456449932643078,0.0226,0
5,3,0,1,9654.95,165.13,4.08,9.5,3,0.869,1.05,0,2025,11,18,5,0.00042258116303036265,9.975,0.01710314398313818,1.2445,1
7,1,0,3,4423.11,254.65,2.93,8.4,1,0.671,0.76,0,2025,1,2,4,0.0006624298287856283,6.384,0.0575726129352424,2.7636,1
0,4,2,3,4107.48,12.96,1.27,2.6,0,1.0,2.76,0,2025,6,3,5,0.00030919201067321087,7.175999999999999,0.0031552192585234747,0.0,0
2,3,2,3,14159.84,157.2,3.57,6.2,1,0.924,15.56,1,2024,11,3,3,0.00025212149289822485,96.47200000000001,0.011101820359552084,0.47119999999999973,0
0,8,1,3,4824.95,410.11,1.56,9.2,2,0.63,39.45,1,2024,6,23,3,0.0003233194126364004,362.94,0.08499777199763729,3.404,1
1,3,0,0,11744.83,277.42,3.8,1.0,2,0.598,5.18,1,2025,11,4,5,0.0003235466158301142,5.18,0.023620605832523758,0.402,0
2,4,0,4,6200.27,225.84,1.75,5.0,4,0.657,0.76,0,2025,7,25,0,0.0002822457731679427,3.8,0.03642422023557038,1.7149999999999999,0
0,4,2,4,2519.18,143.48,2.34,4.6,2,0.726,13.95,1,2024,7,4,4,0.0009288736811184591,64.16999999999999,0.05695504092601561,1.2604,0
0,1,0,4,655.37,149.72,3.71,4.1,4,0.925,0.89,1,2024,10,27,3,0.005660924363336741,3.6489999999999996,0.22845110395654364,0.3074999999999998,0
6,8,0,1,8391.73,192.17,4.35,8.4,1,0.889,1.55,1,2024,4,9,5,0.0005183674879911532,13.020000000000001,0.022899926475232164,0.9323999999999999,1
3,8,3,1,14648.79,417.95,2.43,3.8,1,0.926,36.68,1,2025,4,27,3,0.00016588400816722746,139.384,0.02853136675452375,0.28119999999999984,0
3,0,1,3,5852.47,483.64,3.94,0.6,0,0.636,3.86,0,2024,5,11,2,0.0006732200250492527,2.316,0.08263861241492908,0.21839999999999998,0
4,1,1,2,5679.29,219.89,1.83,0.7,0,0.797,2.82,0,2024,9,21,2,0.00032222337651361354,1.9739999999999998,0.038717867902501896,0.14209999999999995,0
0,4,0,2,5489.33,197.28,3.86,0.4,0,0.642,0.67,0,2025,7,26,2,0.0007031823555880226,0.268,0.03593881220476816,0.1432,0
6,8,0,4,8047.89,423.43,3.37,4.1,0,0.555,0.69,0,2024,7,6,2,0.0004187432979327501,2.8289999999999997,0.052613790695449365,1.8244999999999996,0
5,3,3,3,6889.64,214.03,1.84,7.2,1,0.842,19.32,1,2025,11,27,4,0.0002670676552040455,139.104,0.03106548382789231,1.1376000000000002,1
2,5,2,2,13258.76,276.46,2.2,2.0,2,0.571,70.13,1,2024,12,9,1,0.00016592803550256587,140.26,0.020851120315926976,0.8580000000000001,0
7,7,0,2,7830.05,116.24,1.63,6.5,1,0.834,1.23,1,2025,11,1,2,0.00020817236160688626,7.995,0.014845371357781878,1.0790000000000002,0
3,2,2,0,7862.49,372.01,2.46,6.9,1,0.824,9.52,1,2024,4,1,1,0.00031287798140283804,65.688,0.047314527586044625,1.2144000000000004,0
1,5,1,4,2506.39,266.46,1.87,2.6,4,0.905,5.91,1,2024,8,15,4,0.0007460929863269484,15.366000000000001,0.10631226584849125,0.24699999999999994,0
5,1,1,1,14749.72,404.71,3.33,6.0,1,0.57,20.0,1,2024,12,29,3,0.00022576699761080212,120.0,0.027438486967888205,2.58,0
5,5,2,1,4124.61,390.59,4.48,6.8,4,0.892,10.23,0,2024,8,16,0,0.0010861632978633132,69.56400000000001,0.0946974380608106,0.7343999999999998,0
1,2,0,2,1563.78,108.29,1.24,4.7,4,1.0,0.5,1,2024,11,10,3,0.0007929504150200156,2.35,0.06924887132461088,0.0,0
1,2,0,2,10115.62,358.1,2.99,3.4,4,0.926,2.06,1,2025,3,6,4,0.00029558247541920315,7.004,0.035400697139671124,0.2515999999999998,0
3,6,3,4,9132.81,400.23,3.09,6.2,1,0.876,24.46,1,2024,12,5,4,0.0003383405545500235,151.65200000000002,0.043823313963610326,0.7688,0
5,2,0,1,6519.61,173.71,4.22,9.8,4,0.831,2.19,1,2025,1,15,6,0.0006472779813516453,21.462,0.02664423178687069,1.6562000000000006,1
4,2,0,0,6621.79,87.13,2.87,4.3,1,0.711,0.89,0,2024,9,23,1,0.00043341755023943677,3.827,0.013158073572251612,1.2427000000000001,0
4,0,1,3,11883.43,2.31,2.99,3.9,3,0.865,11.5,0,2025,8,22,0,0.0002516108564614762,44.85,0.00019438832054381606,0.5265,0
4,6,1,0,3337.83,226.0,2.76,4.6,2,0.862,22.89,1,2024,10,28,1,0.0008268845327652996,105.294,0.06770866101628903,0.6348,0
7,0,1,0,12393.67,176.86,2.09,0.8,2,0.816,71.05,1,2025,4,19,2,0.0001686344722749597,56.84,0.014270187926578649,0.14720000000000005,0
2,5,2,2,9906.83,277.9,1.38,5.5,1,0.898,12.04,1,2024,4,30,5,0.00013929783795623826,66.22,0.028051354469593198,0.5609999999999999,0
6,1,3,1,6575.06,94.83,2.55,3.3,3,0.724,13.57,0,2025,4,26,2,0.00038782916049435285,44.781,0.014422682074384111,0.9108,0
5,2,1,0,7141.41,429.97,1.37,1.2,3,0.561,6.66,0,2024,2,24,2,0.00019183886655436394,7.992,0.060207998140423255,0.5267999999999999,0
0,3,2,0,4221.38,129.62,3.02,4.7,1,0.78,5.43,1,2025,10,11,2,0.000715405862537843,25.521,0.030705598643097756,1.0339999999999998,0
0,6,1,1,11405.66,113.99,2.21,0.0,2,0.633,63.55,1,2025,8,20,6,0.00019376344727091636,0.0,0.009994160793851473,0.0,0
5,1,3,4,7936.68,240.88,2.96,4.0,3,0.692,16.27,1,2025,8,17,3,0.0003729519144024957,65.08,0.030350222007186883,1.2320000000000002,0
7,0,1,3,5152.39,249.93,1.64,1.1,4,0.509,11.91,1,2025,9,27,2,0.00031829888653615114,13.101,0.048507585799987964,0.5401,0
6,2,2,3,9142.73,108.33,4.28,0.2,2,0.691,44.06,1,2024,3,13,6,0.00046813150995381035,8.812000000000001,0.011848758521798194,0.061800000000000015,0
2,0,3,3,14938.15,136.66,4.15,8.2,4,0.904,87.94,1,2025,4,28,1,0.0002778121788842662,721.108,0.009148388522005738,0.7871999999999997,1
1,7,0,0,6811.3,85.68,1.83,9.2,4,0.771,2.02,1,2024,7,18,4,0.00026867117877644504,18.584,0.012579096501402083,2.1068,1
5,3,3,1,13850.03,359.51,2.33,2.1,0,0.505,21.56,0,2025,5,27,5,0.00016823068253281762,45.275999999999996,0.02595734449672672,1.0395,0
7,6,1,2,5502.74,385.27,3.22,5.4,3,0.735,5.44,1,2024,5,2,4,0.0005851630278733867,29.376000000000005,0.0700142111021055,1.4310000000000003,0
6,2,2,0,1293.62,231.7,1.52,2.8,2,0.646,5.92,1,2025,11,28,0,0.001174997294414125,16.576,0.17910978494457414,0.9911999999999999,0
2,5,1,2,3461.51,357.33,2.37,4.9,0,0.739,2.91,1,2025,1,25,2,0.0006846722961944354,14.259000000000002,0.10322951544268252,1.2789000000000001,0
0,1,3,0,6571.08,368.23,2.03,4.4,2,0.702,87.9,1,2025,6,26,4,0.0003089294301697742,386.76000000000005,0.056037972448973385,1.3112000000000004,0
5,1,1,2,3684.71,70.0,4.22,2.7,2,0.966,22.73,1,2024,11,1,0,0.0011452733050904954,61.371,0.01899742449202244,0.09180000000000009,0
0,6,0,0,503.29,483.12,4.01,7.0,4,0.521,0.5,1,2025,2,27,4,0.007967573367243536,3.5,0.959923702040573,3.3529999999999998,1
4,8,2,3,13767.52,410.69,3.11,1.3,1,0.842,12.79,0,2024,2,25,3,0.00022589398816925632,16.627,0.029830354341232115,0.20540000000000005,0
7,2,2,2,12736.25,103.04,2.92,0.5,2,0.926,62.67,1,2024,6,3,1,0.00022926685641377957,31.335,0.008090293453724605,0.03699999999999998,0
6,6,1,1,11263.24,93.9,4.27,7.7,4,0.98,32.99,1,2024,5,20,1,0.00037910938593157915,254.02300000000002,0.00833685511451412,0.15400000000000014,1
4,2,0,1,2933.31,63.7,4.28,6.7,1,0.589,0.56,1,2024,7,24,6,0.0014591025155881922,3.7520000000000007,0.021716081832469123,2.7537000000000003,0
0,6,2,4,2245.27,70.05,4.4,5.0,0,0.766,1.99,1,2024,12,16,1,0.0019596752283689714,9.95,0.03119892039710146,1.17,0
1,6,2,2,1480.27,374.33,1.61,4.7,1,0.522,1.96,1,2025,2,23,3,0.001087639417133361,9.212,0.2528795422456714,2.2466,0
3,4,0,3,10998.42,235.36,1.73,5.0,1,0.75,0.5,0,2025,8,6,6,0.00015729532060059537,2.5,0.021399437373731865,1.25,0
5,0,0,2,13967.72,391.68,3.43,4.4,2,0.563,7.1,1,2025,4,13,3,0.00024556620550812876,31.240000000000002,0.028041799234234364,1.9228000000000003,0
0,7,1,3,6742.77,373.38,2.99,3.9,2,0.919,43.92,1,2024,5,26,3,0.00044343793426143853,171.288,0.05537486819215248,0.31589999999999985,0
6,0,2,2,2227.54,302.7,1.26,5.0,3,0.557,2.24,1,2024,11,19,5,0.0005656464081453083,11.200000000000001,0.13588981567109906,2.215,0
1,7,0,3,7929.7,343.5,1.4,5.3,1,0.757,0.5,1,2024,7,3,6,0.00017655144583023316,2.65,0.04331815831620364,1.2878999999999998,0
0,8,1,1,5558.06,10.16,4.13,6.9,0,0.761,5.1,1,2024,3,23,2,0.0007430650262861501,35.19,0.0018279759484424421,1.6491,0
3,7,0,4,5934.96,156.58,4.07,7.1,3,0.986,0.78,0,2025,5,14,6,0.0006857670481351181,5.538,0.026382654642996755,0.09940000000000009,1
1,8,2,4,9509.29,319.27,2.38,3.8,2,0.827,53.27,1,2024,12,6,0,0.0002502815667626079,202.42600000000002,0.03357453605894867,0.6574000000000001,0
2,3,2,0,10921.41,5.66,4.14,4.1,3,0.644,9.89,0,2025,10,8,6,0.00037907193301963755,40.549,0.0005182481016645287,1.4595999999999998,0
7,6,2,2,2103.75,17.46,3.16,3.7,1,0.62,2.48,1,2024,6,30,3,0.0015020796197266785,9.176,0.008299465240641712,1.4060000000000001,0
6,4,1,4,1016.06,426.09,3.86,5.4,2,0.564,7.35,1,2024,11,16,2,0.003798988248725469,39.69,0.4193551561915635,2.3544000000000005,0
6,2,0,0,14917.79,342.33,2.61,4.5,1,0.878,1.78,1,2025,10,11,2,0.00017495889136393526,8.01,0.022947769073032934,0.5489999999999999,0
6,1,0,0,3874.56,133.42,1.57,8.9,0,0.845,0.5,1,2024,2,29,4,0.0004052073009580443,4.45,0.03443487776676577,1.3795000000000004,1
6,5,1,4,1280.54,344.29,2.63,7.0,2,0.805,9.67,1,2024,1,5,0,0.0020538210442469585,67.69,0.2688631358645572,1.3649999999999998,1
1,2,0,3,3253.19,396.44,2.71,9.0,1,0.52,0.5,1,2025,4,7,1,0.0008330285043295965,4.5,0.12186192629388384,4.32,1
4,2,3,3,1064.89,154.09,3.02,7.1,1,0.881,3.0,1,2024,10,7,1,0.0028359736686418315,21.299999999999997,0.14470039158974166,0.8448999999999999,1
7,0,2,2,6181.26,18.98,1.55,9.7,1,0.821,7.86,1,2024,8,2,0,0.0002507579360842288,76.242,0.003070571372179782,1.7363000000000004,1
1,0,3,2,12134.83,466.46,4.47,6.4,1,0.982,32.7,0,2024,6,21,0,0.0003683611554508798,209.28000000000003,0.03843976388626787,0.11520000000000011,0
3,4,2,2,5448.04,173.24,2.01,9.6,2,0.794,38.27,1,2025,8,13,6,0.00036894002246679535,367.392,0.03179859178713813,1.9775999999999996,1
6,2,1,0,6940.66,54.13,1.86,1.6,4,0.652,15.41,0,2024,6,11,5,0.0002679860416732703,24.656000000000002,0.00779897012676028,0.5568,0
5,0,3,1,10296.01,246.44,2.94,0.5,1,0.691,21.64,0,2025,5,16,0,0.00028554750820949086,10.82,0.023935485688145214,0.15450000000000003,0
0,7,0,0,7878.96,384.47,2.97,5.8,0,0.588,0.96,0,2024,3,31,3,0.0003769533034816778,5.568,0.0487970493567679,2.3896,0
1,4,0,4,12990.96,111.6,2.65,9.8,3,0.861,0.63,1,2024,5,12,3,0.0002039880039658347,6.174,0.008590589148146095,1.3622000000000003,1
0,1,3,1,13057.52,135.48,3.75,4.2,2,0.854,175.29,1,2025,9,21,3,0.00028719082949901667,736.218,0.010375630288140474,0.6132000000000001,0
3,6,1,1,643.71,122.11,2.9,2.1,2,0.6,4.54,1,2025,3,20,4,0.004505134299606965,9.534,0.18969722390517468,0.8400000000000001,0
5,4,0,3,11781.67,495.84,3.21,5.2,1,0.579,1.62,1,2025,10,10,0,0.00027245713044076093,8.424000000000001,0.04208571450397099,2.1892000000000005,0
6,8,0,4,7180.64,99.5,3.59,6.5,3,0.539,1.2,0,2025,3,15,2,0.0004999554357271775,7.8,0.013856703580739321,2.9964999999999997,0
2,7,1,0,14838.19,288.18,1.28,3.2,1,0.956,17.6,0,2025,2,17,1,8.626389067669304e-05,56.32000000000001,0.019421506261882344,0.14080000000000012,0
6,1,3,1,7506.87,462.71,3.08,7.1,3,0.617,17.37,1,2025,3,15,2,0.00041029084025699127,123.327,0.06163820606990663,2.7193,1
5,5,3,3,14809.99,74.3,4.12,9.8,1,0.672,45.37,1,2025,5,3,2,0.00027819059972356496,444.62600000000003,0.005016883873655553,3.2144,1
0,7,1,0,11441.26,485.46,1.26,9.0,1,0.64,17.13,0,2025,1,27,1,0.00011012773068700476,154.17,0.0424306413804074,3.2399999999999998,1
7,3,2,0,4104.77,473.79,2.54,2.9,2,0.707,22.31,1,2024,1,5,0,0.0006187922831242676,64.699,0.11542425032340423,0.8497000000000001,0
0,4,0,1,8306.73,442.4,4.26,3.3,3,0.857,0.5,0,2024,2,8,4,0.0005128371814179587,1.65,0.053258020905940125,0.47190000000000004,0
1,0,3,3,14885.97,108.06,2.37,3.7,1,0.935,36.59,1,2025,6,30,1,0.0001592103168285305,135.383,0.007259184319194517,0.24049999999999983,0
6,3,0,0,12934.19,317.39,2.71,3.9,0,0.591,0.56,0,2024,7,23,5,0.00020952220432821845,2.184,0.024538838535694926,1.5951000000000002,0
6,4,1,0,1911.82,380.68,4.44,1.0,0,0.843,0.9,0,2025,1,17,0,0.002322394367670597,0.9,0.19911916393802764,0.15700000000000003,0
4,7,1,0,10742.39,493.03,1.86,7.6,0,0.676,10.73,0,2024,1,15,1,0.00017314582695284757,81.548,0.045895745732560445,2.4623999999999997,1
6,4,2,4,5510.9,91.03,1.42,3.7,1,0.99,5.73,1,2024,11,25,1,0.0002576711607904335,21.201000000000004,0.016518173075178284,0.03700000000000003,0
5,8,0,2,601.24,383.25,4.04,8.8,3,0.649,0.5,1,2025,6,27,0,0.006719446477280288,4.4,0.6374326392122945,3.0888,1
5,8,2,2,6350.47,170.06,4.07,9.3,4,0.504,16.68,1,2024,7,14,3,0.0006408974453859321,155.124,0.02677912028558516,4.6128,1
7,5,0,3,3903.94,88.64,2.76,0.2,0,0.758,0.5,0,2024,1,19,0,0.0007069780785565351,0.1,0.022705266986685246,0.0484,0
1,3,2,3,12373.6,211.27,2.9,9.9,3,0.575,13.25,0,2025,11,23,3,0.00023436994892351456,131.175,0.01707425486519687,4.2075000000000005,1
2,7,0,4,5391.29,397.12,3.96,7.1,2,0.522,2.89,1,2024,1,5,0,0.0007345180837981262,20.519,0.07365955086815958,3.3937999999999997,1
6,4,2,4,12499.09,232.96,3.64,5.2,2,0.849,75.72,1,2025,10,3,0,0.00029122120090342577,393.744,0.01863815685781925,0.7852000000000001,0
7,6,0,3,508.67,269.22,2.07,3.9,1,0.866,0.5,0,2024,9,11,6,0.0040694359801049795,1.95,0.5292625867458274,0.5226000000000001,0
5,7,1,4,4963.38,497.58,1.26,5.2,3,0.73,5.22,0,2024,8,19,1,0.0002538592652587551,27.144,0.10025023270432648,1.4040000000000001,0
4,7,0,1,3996.9,200.16,2.78,3.2,3,0.838,0.5,0,2025,12,11,4,0.0006955390427581375,1.6,0.0500788110785859,0.5184000000000001,0
5,3,3,0,3886.73,308.08,4.03,6.2,0,0.769,7.02,1,2024,12,18,6,0.0010368613204416051,43.524,0.07926457459098007,1.4322,0
6,1,2,2,1488.71,183.26,4.16,0.9,1,0.815,1.6,1,2024,11,15,0,0.0027943655916867626,1.4400000000000002,0.1230998649837779,0.16650000000000006,0
3,7,2,3,3213.3,197.0,4.36,6.2,2,0.798,20.8,1,2024,5,12,3,0.0013568605483459371,128.96,0.06130768991379578,1.2523999999999997,0
7,0,3,3,8555.47,348.12,4.1,2.8,3,0.833,15.54,1,2024,4,15,1,0.00047922557147649395,43.51199999999999,0.04068975754692612,0.46760000000000007,0
6,2,1,1,4724.74,469.01,3.11,0.2,4,0.6,10.26,0,2025,1,27,1,0.0006582372786650694,2.052,0.09926683796357048,0.08000000000000002,0
6,0,1,0,6552.22,271.64,2.67,5.5,3,0.634,7.53,0,2025,5,30,0,0.00040749547481616914,41.415,0.04145770441163452,2.013,0
3,8,3,0,5964.57,384.43,3.76,5.8,3,0.72,12.07,1,2025,8,25,1,0.0006303891143871226,70.006,0.06445225724570254,1.624,0
2,3,1,0,13200.62,45.51,3.64,4.3,3,0.723,13.26,1,2024,11,9,2,0.00027574462411614,57.017999999999994,0.0034475653416278927,1.1911,0
5,2,3,2,13626.84,106.37,2.98,0.7,3,0.887,23.0,0,2024,6,20,4,0.0002186860636802076,16.099999999999998,0.00780591832002137,0.07909999999999999,0
0,5,0,1,7647.88,251.56,1.49,8.9,3,0.684,0.91,1,2024,3,7,4,0.00019482523261348244,8.099,0.03289277551426016,2.8124,1
7,2,0,0,5287.26,10.99,4.26,6.1,0,0.581,0.5,1,2024,2,16,0,0.0008057103301142746,3.05,0.0020785813445905817,2.5559000000000003,0
4,5,3,2,2048.61,127.17,2.7,1.2,3,0.626,3.55,0,2024,11,1,0,0.001317966816524375,4.26,0.06207623705829806,0.4488,0
3,5,0,0,14324.34,259.18,2.4,5.1,3,0.607,0.92,1,2024,10,24,4,0.0001675469864580148,4.692,0.01809367831257845,2.0042999999999997,0
7,0,3,4,1373.29,8.47,3.28,5.0,2,0.866,19.41,1,2025,4,11,0,0.0023884248774839983,97.05,0.006167670339112643,0.67,0
3,1,3,3,4815.93,133.01,3.42,0.6,2,0.735,55.24,1,2025,6,16,1,0.0007101432122144632,33.144,0.02761875691714788,0.159,0
1,8,1,3,4821.96,257.5,1.9,6.1,3,0.854,5.35,0,2025,9,2,5,0.0003940306431409634,32.635,0.053401521373051625,0.8906000000000001,0
5,1,0,0,5145.82,287.0,3.96,8.1,4,0.708,1.21,1,2025,6,20,0,0.0007695566498633843,9.801,0.055773423866361437,2.3652,1
1,8,0,1,2882.16,462.95,2.16,7.5,4,0.945,0.91,1,2024,12,11,6,0.0007494379215588309,6.825,0.1606260582341022,0.41250000000000037,1
2,1,3,1,11855.84,323.03,1.82,2.0,1,0.992,27.08,0,2025,3,20,4,0.00015351084360112823,54.16,0.02724648780685299,0.016000000000000014,0
2,5,3,0,2276.22,207.95,2.54,8.6,0,0.835,5.37,1,2025,12,4,4,0.0011158851077663846,46.182,0.09135760163780303,1.4190000000000003,1
4,2,0,4,9706.15,465.25,3.61,3.4,1,0.932,0.5,0,2024,5,17,0,0.00037192913771165703,1.7,0.04793352668153696,0.23119999999999982,0
6,8,0,2,2295.77,392.66,4.39,9.5,0,0.754,0.5,1,2024,12,16,1,0.001912212460307435,4.75,0.17103629719004954,2.3369999999999997,1
7,3,3,4,1522.77,100.8,3.87,0.7,1,0.967,2.38,0,2025,5,16,0,0.0025414212257924705,1.666,0.06619515750901318,0.02310000000000002,0
4,1,0,4,13686.73,66.29,4.3,4.9,2,0.916,6.05,1,2025,1,2,4,0.0003141729251618173,29.645,0.004843377490459738,0.41159999999999985,0
7,0,3,2,3256.87,338.23,1.66,6.0,4,0.996,17.96,1,2024,7,11,4,0.0005096918206744512,107.76,0.10385124367874678,0.02400000000000002,0
4,7,1,4,12408.13,280.38,1.43,2.5,3,0.812,11.9,0,2024,6,17,1,0.0001152470194944766,29.75,0.022596475053049896,0.46999999999999986,0
5,0,1,0,8397.15,395.05,3.04,7.7,0,0.89,8.68,0,2025,2,17,1,0.00036202759269514064,66.836,0.04704572384678135,0.8469999999999999,1
3,2,3,3,1628.92,369.66,2.16,6.3,1,0.771,3.93,0,2024,1,20,2,0.0013260319721042162,24.759,0.22693563833705768,1.4426999999999999,0
4,1,1,1,14354.0,312.98,3.93,0.2,2,0.63,80.84,1,2024,8,21,6,0.00027379127769262926,16.168000000000003,0.02180437508708374,0.074,0
5,8,0,3,4080.94,493.2,3.42,6.1,4,0.677,0.86,1,2024,8,17,2,0.0008380422157640152,5.2459999999999996,0.12085450901017902,1.9702999999999995,0
4,0,2,1,12964.86,267.26,4.4,4.9,3,0.947,11.62,0,2024,5,14,5,0.00033937890574985,56.938,0.020614183261523842,0.25970000000000026,0
2,8,2,0,2947.75,57.44,2.04,2.0,3,0.528,2.62,1,2024,8,4,3,0.0006920532609617505,5.24,0.019486048681197524,0.944,0
3,1,2,1,12882.17,414.31,2.8,10.0,4,0.796,34.08,1,2024,1,23,5,0.00021735468480853768,340.79999999999995,0.03216150695108045,2.0399999999999996,1
5,7,2,4,691.82,126.67,2.85,9.0,1,0.686,2.19,0,2025,8,26,5,0.004119568673932526,19.71,0.18309675927264316,2.8259999999999996,1
0,1,1,0,7920.82,388.87,1.99,2.9,2,0.693,51.11,1,2025,5,31,2,0.0002512366143909343,148.219,0.04909466444130785,0.8903000000000001,0
6,3,3,0,11656.92,478.6,3.15,5.4,1,0.942,30.59,0,2024,6,22,2,0.00027022575431589135,165.186,0.04105715746526527,0.3132000000000003,0
3,7,3,3,14054.54,348.7,2.66,3.2,4,0.927,67.28,1,2024,5,6,1,0.0001892626866478732,215.29600000000002,0.024810488283501273,0.23359999999999986,0
3,7,3,2,13683.43,298.42,2.67,7.8,3,0.799,31.6,0,2025,1,10,0,0.00019512651433156744,246.48000000000002,0.021808859328399387,1.5677999999999996,1
0,4,1,2,12384.56,230.73,2.4,9.3,2,0.636,100.9,1,2025,12,29,1,0.0001937896865128838,938.3700000000001,0.018630455987132366,3.3852,1
5,7,1,2,13378.77,182.84,1.26,3.6,4,0.738,33.41,1,2025,10,28,5,9.417906130384183e-05,120.276,0.013666428229201937,0.9432,0
0,1,3,2,3388.69,177.15,2.92,8.1,0,0.704,6.02,1,2024,2,8,4,0.0008616899155720942,48.76199999999999,0.052276838542327564,2.3976,1
1,0,2,1,4620.67,318.55,2.31,5.0,3,0.677,4.27,1,2025,1,19,3,0.0004999274996916031,21.349999999999998,0.06894021862630312,1.6149999999999998,0
6,2,1,4,4690.04,375.89,1.2,4.0,2,0.551,30.46,1,2025,10,17,0,0.0002558613572592131,121.84,0.08014643798347136,1.7959999999999998,0
3,4,1,3,5967.28,339.58,2.22,9.4,4,0.772,18.48,1,2024,9,18,6,0.0003720287970398574,173.71200000000002,0.0569069995039616,2.1431999999999998,1
0,1,0,1,6203.15,100.01,2.12,5.1,3,0.651,0.5,0,2025,7,1,5,0.0003417618468036401,2.55,0.01612245391454342,1.7798999999999998,0
5,8,3,4,8396.05,247.5,2.5,4.7,1,0.83,22.55,0,2025,9,30,5,0.0002977590652747423,105.98500000000001,0.02947814746219949,0.7990000000000003,0
4,2,3,0,2818.26,396.03,1.64,6.7,0,0.66,4.46,1,2024,2,19,1,0.0005819193403021722,29.882,0.14052287581699344,2.278,0
6,3,2,4,10523.08,238.38,2.88,2.6,0,0.716,7.77,0,2025,8,31,3,0.0002736841305017162,20.201999999999998,0.022653063551735804,0.7384000000000001,0
3,1,0,1,2929.71,268.78,3.49,3.2,1,0.526,0.5,0,2024,2,19,1,0.0011912441845779958,1.6,0.09174286874810134,1.5168,0
4,5,2,1,4999.47,385.8,3.28,9.3,4,0.996,12.42,1,2025,11,8,2,0.0006560695433715973,115.50600000000001,0.07716817982706167,0.03720000000000004,1
2,0,2,1,7798.5,330.97,3.85,6.8,4,0.754,17.81,1,2024,4,20,2,0.0004936846829518497,121.10799999999999,0.04244021286144772,1.6727999999999998,0
5,7,2,4,12048.39,205.26,2.69,8.3,2,0.512,81.21,1,2025,10,31,0,0.00022326634512993024,674.043,0.017036301115750736,4.050400000000001,1
0,8,0,2,11222.3,447.81,2.91,2.7,2,0.771,4.72,1,2024,1,21,3,0.00025930513352877754,12.744,0.03990358482663982,0.6183,0
5,5,1,3,9860.25,82.12,3.87,5.4,4,0.935,25.45,1,2024,2,19,1,0.0003924849775614209,137.43,0.008328389239623743,0.35099999999999976,0
2,8,1,1,2758.71,497.76,2.61,9.7,4,0.886,8.64,1,2025,12,7,3,0.0009460943701947649,83.80799999999999,0.18043215850886826,1.1058,1
0,1,2,0,8432.16,60.31,3.52,3.2,2,0.85,46.78,1,2024,4,28,3,0.00041744938426215825,149.696,0.007152378512741694,0.4800000000000001,0
0,7,2,3,1767.97,8.46,2.63,1.6,1,0.57,1.73,0,2025,3,2,3,0.0014875818028586456,2.7680000000000002,0.004785149069271538,0.6880000000000002,0
7,6,1,4,5971.77,445.12,2.58,5.1,4,0.829,15.54,1,2025,3,30,3,0.0004320327139189888,79.25399999999999,0.07453736496884508,0.8721000000000001,0
4,1,2,1,6495.99,123.23,3.71,3.9,3,0.883,6.45,0,2025,1,24,0,0.0005711215688447796,25.155,0.018970164670819998,0.4563,0
6,3,1,0,1077.27,365.12,1.78,1.6,0,0.786,0.88,0,2024,5,6,1,0.0016523248582063922,1.4080000000000001,0.33893081585860557,0.3424,0
3,0,3,1,4472.83,405.7,2.32,8.9,0,0.946,9.38,1,2025,7,14,1,0.0005186872740524455,83.48200000000001,0.09070320132891256,0.48060000000000047,1
6,8,2,1,14356.92,429.63,1.94,9.9,2,0.638,102.3,1,2024,9,15,3,0.00013512647559504407,1012.77,0.029924942118504525,3.5838,1
6,3,0,0,14327.67,495.81,2.39,5.7,2,0.621,7.12,1,2025,4,30,6,0.0001668100954307295,40.584,0.03460506837469037,2.1603,0
0,7,0,3,5608.74,147.73,1.96,7.7,0,0.935,0.68,1,2025,12,19,0,0.00034945460121168034,5.236000000000001,0.026339249100510987,0.5004999999999996,1
6,1,1,2,1124.95,355.41,3.11,8.6,4,0.813,3.02,1,2024,6,5,6,0.0027645673141028487,25.971999999999998,0.3159340415129561,1.6082000000000005,1
2,6,0,2,3096.88,58.58,3.83,7.0,3,0.501,0.5,0,2024,7,29,1,0.0012367285784402366,3.5,0.018915812043088526,3.493,1
6,1,3,4,6187.16,204.0,3.8,0.4,4,0.677,26.5,1,2025,12,12,0,0.0006141751627564182,10.600000000000001,0.03297150873744981,0.12919999999999998,0
2,3,0,2,14242.81,424.14,2.4,1.6,4,0.929,1.43,1,2025,12,3,6,0.00016850607429292393,2.288,0.029779235979416983,0.11359999999999992,0
2,6,2,3,2547.39,184.46,4.46,0.7,4,0.514,3.91,1,2025,10,7,5,0.0017508116150255753,2.737,0.07241137006897257,0.34019999999999995,0
3,8,0,1,11570.98,295.96,3.16,0.1,3,0.502,1.18,0,2024,1,10,6,0.0002730970064765474,0.118,0.02557778165721486,0.049800000000000004,0
5,3,0,1,2075.9,252.38,2.52,3.1,2,0.641,0.67,1,2024,11,4,1,0.00121393130690303,2.0770000000000004,0.1215761838238836,1.1129,0
4,2,3,2,14728.23,323.33,3.96,3.9,0,0.957,24.16,0,2025,3,6,4,0.0002688714122470928,94.224,0.02195307922269003,0.16770000000000015,0
3,0,0,4,6033.44,486.47,3.61,2.4,4,0.951,1.14,0,2025,11,8,2,0.000598331963191811,2.7359999999999998,0.0806289612559336,0.1176000000000001,0
7,7,0,1,11740.9,28.81,3.67,0.6,3,0.759,0.56,1,2024,4,13,2,0.00031258251071042257,0.336,0.002453815295249938,0.14459999999999998,0
6,6,3,4,5467.57,287.41,1.85,5.3,1,0.777,14.62,1,2025,11,9,3,0.0003383587224306228,77.48599999999999,0.05256631373718124,1.1818999999999997,0
0,7,1,2,9601.2,431.65,2.75,2.7,1,0.666,11.34,0,2025,6,16,1,0.0002864225305170187,30.618000000000002,0.04495792192642586,0.9017999999999999,0
4,5,3,1,3284.23,241.21,4.04,8.0,4,0.622,19.23,1,2024,10,3,4,0.0012301209111420333,153.84,0.07344491707340838,3.024,1
0,1,3,1,2617.3,40.19,2.86,0.1,3,0.908,4.03,0,2025,9,29,1,0.0010927291483589958,0.403,0.015355519046345469,0.009199999999999998,0
6,1,1,4,14101.93,280.71,3.46,8.4,4,0.553,41.85,1,2025,9,12,0,0.0002453564866653004,351.54,0.0199057859456117,3.7548,1
6,4,0,2,13805.89,166.7,3.14,9.5,4,0.744,3.74,1,2025,12,18,4,0.00022743915821435635,35.53,0.012074556584182548,2.432,1
5,8,1,4,13368.3,78.32,3.98,7.2,0,0.817,12.32,0,2024,5,20,1,0.0002977192313158741,88.70400000000001,0.005858635727803835,1.3176000000000003,1
3,0,0,0,9568.79,424.67,2.14,7.3,1,0.552,1.48,1,2025,3,4,5,0.00022364374178971425,10.804,0.044380741974690635,3.2703999999999995,1
1,6,3,2,12219.89,261.28,3.1,9.3,2,0.76,199.13,1,2024,4,17,6,0.00025368477130317867,1851.909,0.021381534530998232,2.232,1
6,0,1,0,1501.04,466.7,1.61,2.1,1,0.789,2.09,0,2025,6,7,2,0.0010725896711613282,4.389,0.3109177636838459,0.44309999999999994,0
2,8,2,3,5354.44,403.2,3.48,9.9,2,0.871,38.24,1,2025,9,24,6,0.0006499279102950076,378.576,0.07530199236521466,1.2771000000000001,1
3,5,3,0,5048.7,346.79,3.62,7.7,2,0.617,77.77,1,2024,4,30,5,0.0007170162616119001,598.829,0.06868896943767704,2.9491,1
3,6,3,2,9716.86,3.51,1.34,7.3,1,0.647,27.77,1,2024,10,16,6,0.0001379046317431763,202.721,0.0003612278040436931,2.5768999999999997,1
6,4,2,1,5661.39,214.48,3.43,3.6,2,0.785,32.43,1,2024,4,26,0,0.0006058582786206214,116.748,0.037884689095787426,0.7739999999999999,0
7,2,2,2,2653.35,99.55,2.57,5.5,1,0.992,3.13,1,2024,4,18,4,0.0009685868807356737,17.215,0.03751860855145382,0.04400000000000004,0
5,1,0,4,9148.77,455.49,1.61,6.5,0,0.609,0.87,0,2025,5,24,2,0.0001759799404728723,5.655,0.049787020550303485,2.5415,0
2,4,2,1,12308.57,88.12,2.59,6.2,3,0.993,11.33,0,2024,7,22,1,0.00021042249424587907,70.24600000000001,0.007159239456736242,0.04340000000000004,0
0,1,1,3,6040.79,143.74,1.84,7.0,0,0.857,6.46,0,2025,9,15,1,0.0003045959220565522,45.22,0.02379490099804827,1.0010000000000001,1
5,7,3,2,2417.9,258.9,2.57,0.8,3,0.913,4.52,0,2024,7,23,5,0.001062905827370859,3.6159999999999997,0.10707638860167913,0.06959999999999998,0
2,7,0,4,3351.98,132.42,2.47,3.6,2,0.545,1.68,1,2024,9,26,4,0.0007368779049994332,6.048,0.03950500897976718,1.638,0
0,6,0,3,3943.51,105.72,3.64,4.3,3,0.65,0.5,0,2025,6,19,4,0.0009230355698349947,2.15,0.026808604517295505,1.505,0
1,6,3,3,4848.52,299.95,3.75,2.6,3,0.529,9.62,0,2024,7,25,4,0.0007734318926187785,25.012,0.06186423898426736,1.2246,0
5,5,3,1,9820.53,45.38,3.2,1.7,0,0.686,14.51,1,2025,1,1,6,0.0003258479939473735,24.666999999999998,0.004620931864166191,0.5337999999999999,0
3,8,3,0,9213.71,30.03,1.27,1.4,3,0.991,15.53,0,2025,12,21,3,0.00013783806957240897,21.741999999999997,0.0032592734088657017,0.01260000000000001,0
7,1,0,0,10593.16,186.75,4.27,3.7,0,0.553,0.69,0,2025,2,23,3,0.000403090296002326,2.553,0.017629300416495172,1.6539,0
5,1,2,3,5756.28,360.61,3.46,4.9,1,0.781,7.0,1,2024,10,29,5,0.0006010826436518029,34.300000000000004,0.06264636188649615,1.0731,0
5,2,2,3,12447.97,277.85,1.31,0.6,0,0.503,8.44,0,2024,6,13,4,0.0001052380428294734,5.063999999999999,0.02232090854974747,0.29819999999999997,0
5,0,2,1,3459.27,212.02,3.9,9.5,0,0.856,2.98,1,2024,2,10,2,0.001127405493066456,28.31,0.061290387856397455,1.368,1
0,8,3,2,7301.09,283.31,1.86,7.7,2,0.599,112.18,1,2025,7,15,5,0.000254756481566451,863.7860000000001,0.03880379504978024,3.0877000000000003,1
3,2,0,1,12113.61,183.36,3.11,7.3,4,0.565,2.84,1,2025,5,23,0,0.00025673601841234774,20.732,0.015136693355655333,3.1755000000000004,1
7,7,3,1,3112.3,468.14,2.74,1.7,2,0.669,37.44,1,2024,7,31,6,0.0008803778556051795,63.647999999999996,0.1504160909937988,0.5626999999999999,0
2,0,3,3,2093.02,28.4,2.59,6.0,1,0.886,5.94,0,2025,12,5,0,0.0012374463693610189,35.64,0.013568909996082215,0.6839999999999999,0
4,1,3,3,13313.42,337.02,4.14,5.3,1,0.553,35.04,1,2025,5,7,6,0.000310964425369289,185.712,0.025314306917381107,2.3690999999999995,0
0,8,1,1,5472.48,445.75,2.64,9.8,3,0.615,7.31,0,2024,12,4,6,0.0004824138233488291,71.638,0.08145301581732597,3.7730000000000006,1
1,3,0,3,10416.12,402.14,1.45,7.5,2,0.504,6.32,1,2024,8,28,6,0.00013920730559939784,47.400000000000006,0.038607466119821965,3.7199999999999998,1
5,0,0,4,867.55,92.84,4.32,5.8,2,0.984,0.87,1,2024,1,3,6,0.004979540084145006,5.046,0.10701400495648666,0.09280000000000008,0
1,0,1,2,10505.68,148.67,4.24,8.5,3,0.796,12.38,0,2024,1,14,3,0.0004035912001888502,105.23,0.01415139238964065,1.7339999999999995,1
2,7,0,0,5083.47,358.81,3.46,1.6,2,0.86,3.25,1,2025,11,18,5,0.0006806374386000113,5.2,0.07058367611100291,0.22400000000000003,0
1,7,2,0,1308.24,43.05,2.74,0.2,1,0.826,1.42,1,2024,4,1,1,0.0020944169265578183,0.284,0.03290680609062557,0.03480000000000001,0
3,7,0,1,9342.29,406.12,1.51,6.9,2,0.572,5.36,1,2024,4,23,5,0.0001616306066285675,36.984,0.04347114037350585,2.9532000000000003,0
3,5,3,0,3991.66,359.73,3.81,1.0,2,0.797,46.15,1,2025,8,10,3,0.0009544901118832766,46.15,0.0901204010361604,0.20299999999999996,0
0,2,3,3,6108.71,365.07,1.45,1.2,1,0.566,13.41,0,2025,11,16,3,0.00023736599052827847,16.092,0.0597622083876956,0.5208,0
4,1,1,3,1668.42,51.02,1.43,7.4,3,0.701,1.97,1,2025,5,20,5,0.000857098332554153,14.578000000000001,0.0305798300188202,2.2126000000000006,1
3,0,3,0,2633.87,359.16,2.97,2.7,2,0.784,32.83,1,2024,6,1,2,0.0011276182955119274,88.641,0.13636208317039186,0.5831999999999999,0
6,4,1,1,4820.67,340.23,1.73,6.3,1,0.779,6.45,0,2024,4,2,5,0.00035887127722909886,40.635,0.07057732638824064,1.3922999999999999,0
3,6,0,1,1801.51,415.63,1.23,9.2,3,0.56,0.5,1,2025,6,7,2,0.0006827605730748094,4.6,0.23071201381063663,4.047999999999999,1
0,7,1,0,13706.98,21.76,2.6,3.2,0,0.517,11.05,0,2024,3,17,3,0.00018968437978314698,35.36000000000001,0.0015875123477235688,1.5456,0
2,8,0,3,587.68,12.53,1.65,2.2,4,0.899,0.5,0,2024,4,13,2,0.0028076504219983664,1.1,0.021321127144023958,0.22219999999999998,0
6,6,0,1,7515.97,187.13,1.73,1.1,3,0.863,0.5,0,2024,9,19,4,0.00023017654407880817,0.55,0.024897651267900216,0.15070000000000003,0
6,5,3,2,2287.09,75.25,1.45,1.3,4,0.541,9.96,1,2025,10,21,5,0.0006339934152132185,12.948000000000002,0.03290207206537565,0.5967,0
6,6,1,2,4961.35,279.63,1.88,0.6,2,0.564,28.41,1,2024,8,24,2,0.0003789291221139407,17.046,0.05636167575357513,0.2616,0
4,5,0,2,13927.86,458.76,3.56,0.9,4,0.946,2.79,0,2025,4,12,2,0.00025560279899424605,2.511,0.032938297771516946,0.048600000000000046,0
6,1,2,1,2844.57,196.35,3.87,4.3,1,0.885,4.11,1,2024,10,30,6,0.0013604868222613612,17.673000000000002,0.06902625001318301,0.49449999999999994,0
5,2,0,1,14504.57,422.63,2.69,3.2,3,0.998,1.39,0,2024,9,27,0,0.0001854587898848432,4.4479999999999995,0.029137713148338764,0.006400000000000006,0
7,3,3,0,3484.02,1.12,2.87,7.1,2,0.627,51.77,1,2025,4,20,3,0.0008237610576288311,367.567,0.00032146772980637313,2.6483,1
6,1,3,1,11252.71,85.09,1.31,8.7,0,0.744,22.26,1,2024,2,21,6,0.00011641640102695263,193.662,0.0075617340178499234,2.2272,1
3,7,2,0,8426.82,16.18,1.43,7.8,1,0.618,10.77,1,2024,4,12,0,0.0001696962792607413,84.006,0.0019200599989082478,2.9796,1
1,6,2,0,13324.94,164.75,2.05,5.3,2,0.811,80.53,1,2024,6,27,4,0.00015384684658992833,426.80899999999997,0.01236403315887351,1.0016999999999996,0
7,0,2,4,8532.9,454.19,2.99,1.0,1,0.558,8.5,0,2024,2,10,2,0.0003504084191775364,8.5,0.05322809361412884,0.44199999999999995,0
0,7,0,4,8251.11,49.38,3.64,7.1,4,0.564,1.7,1,2024,10,24,4,0.00044115276611268056,12.069999999999999,0.005984649338089057,3.0956,1
5,8,2,3,3334.14,303.6,3.2,3.6,4,0.536,6.85,1,2025,1,3,0,0.0009597677362078378,24.66,0.0910579639727186,1.6703999999999999,0
1,4,2,1,2910.33,226.3,2.49,0.9,0,0.847,2.68,0,2025,11,24,1,0.000855573079341518,2.4120000000000004,0.07775750516264479,0.13770000000000002,0
1,4,0,1,13789.09,469.3,1.59,8.4,1,0.747,1.56,1,2024,11,16,2,0.00011530855190589082,13.104000000000001,0.03403415308769469,2.1252,1
6,6,0,2,5253.65,62.14,3.78,3.4,0,0.809,0.5,1,2025,3,12,6,0.000719499776345969,1.7,0.011827967222787967,0.6493999999999998,0
0,3,0,2,5895.19,106.8,2.4,2.2,3,0.94,1.15,1,2024,4,28,3,0.0004071115604416482,2.53,0.018116464439653344,0.13200000000000012,0
7,6,0,3,11517.44,15.74,3.63,8.7,3,0.87,0.5,1,2024,4,7,3,0.0003151742053789731,4.35,0.0013666231384752167,1.131,1
4,0,2,3,5412.94,217.53,2.89,9.0,3,0.731,3.86,1,2024,2,16,0,0.0005339057887211018,34.74,0.04018703329429109,2.4210000000000003,1
7,5,0,4,14304.91,139.64,3.64,3.4,2,0.992,7.36,1,2024,1,10,6,0.00025445808467162675,25.024,0.009761683226248888,0.027200000000000023,0
0,2,0,3,11199.95,435.08,4.19,3.5,2,0.728,5.95,1,2024,5,21,5,0.0003741088129857723,20.825,0.038846601993758896,0.9520000000000001,0
2,8,2,3,9162.72,302.87,4.24,5.8,2,0.556,56.48,1,2025,11,10,1,0.00046274468716712947,327.58399999999995,0.03305459514205389,2.5751999999999997,0
4,8,2,3,13272.98,307.43,2.97,7.3,0,0.996,10.15,0,2025,10,24,0,0.00022376286259754782,74.095,0.023162093214937417,0.029200000000000025,1
7,7,3,3,1219.29,266.42,2.89,0.6,1,0.511,2.59,1,2024,6,23,3,0.002370231856244208,1.5539999999999998,0.21850421146732937,0.2934,0
1,3,1,0,4227.41,46.83,2.08,5.9,0,0.775,3.67,0,2024,12,2,1,0.0004920270331006456,21.653000000000002,0.011077704788511169,1.3275,0
5,8,3,1,7243.03,223.06,4.29,9.5,0,0.655,14.58,0,2025,1,1,6,0.0005922935567020984,138.51,0.0307965036731865,3.2775,1
4,3,2,1,3791.19,499.75,2.71,2.6,4,0.752,8.36,1,2025,3,24,1,0.0007148151371996655,21.736,0.13181876930462466,0.6448,0
5,5,0,0,11286.63,417.78,1.62,9.1,0,0.779,0.5,0,2025,9,28,3,0.00014353265766663744,4.55,0.037015477604918384,2.0111,1
6,2,2,3,13828.52,446.84,2.63,9.5,0,0.62,12.3,0,2024,10,1,5,0.00019018665771897497,116.85000000000001,0.03231293008940942,3.61,1
2,4,2,4,6644.67,411.79,1.62,2.7,3,0.778,5.98,0,2024,4,5,0,0.0002438044327257787,16.146,0.06197297984700519,0.5993999999999999,0
5,1,3,3,5460.92,52.42,2.86,7.5,2,0.878,83.75,1,2025,1,16,4,0.0005237212777334222,628.125,0.00959911516740769,0.915,1
2,4,0,3,14442.49,114.5,3.05,2.4,1,0.633,1.88,0,2024,12,16,1,0.00021118242075985512,4.512,0.007927995795738824,0.8807999999999999,0
7,4,2,3,6950.36,2.56,2.31,7.4,4,0.692,17.27,1,2024,7,6,2,0.00033235688511098707,127.798,0.0003683262449714835,2.2792000000000003,1
0,1,1,1,7591.2,152.45,1.44,8.0,4,0.634,22.34,1,2024,4,26,0,0.00018969332911792603,178.72,0.020082463905574874,2.928,1
1,5,3,0,5598.92,55.2,4.31,2.5,0,0.91,8.92,1,2025,2,14,0,0.00076979131689683,22.3,0.009859044244247106,0.22499999999999992,0
0,1,3,2,13688.45,236.92,3.75,7.2,3,0.862,31.29,0,2025,2,13,4,0.00027395358860937506,225.288,0.017308022456888835,0.9936000000000001,1
5,4,3,3,8749.85,338.89,3.97,8.1,0,0.936,16.89,0,2025,4,12,2,0.00045372206380680813,136.809,0.03873094967342297,0.5183999999999995,1
2,7,0,1,11551.53,437.38,2.41,3.6,3,0.585,0.5,0,2024,10,5,2,0.0002086303719074443,1.8,0.03786338259953443,1.4940000000000002,0
6,6,0,1,12271.2,374.86,3.71,1.7,3,0.537,1.31,0,2025,1,29,6,0.0003023339200730165,2.227,0.030547949670773844,0.7870999999999999,0
2,0,0,4,5456.81,469.35,2.8,0.9,0,0.56,0.88,0,2025,12,7,3,0.0005131203028875844,0.792,0.08601179077153136,0.39599999999999996,0
4,7,0,1,6788.57,27.9,1.86,5.8,0,0.581,0.58,0,2025,5,4,3,0.00027398995664771816,3.364,0.0041098493497157725,2.4302,0
6,6,0,1,12802.84,7.08,1.61,9.8,1,0.767,1.22,0,2025,3,7,0,0.00012575334847580693,11.956000000000001,0.0005530023026141075,2.2834,1
3,6,0,1,5767.2,331.01,2.34,8.2,4,0.985,0.5,1,2025,10,26,3,0.00040574282147315855,4.1,0.057395269801636846,0.1230000000000001,1
3,6,3,3,12012.06,145.39,1.65,4.4,4,0.679,61.0,1,2024,6,19,6,0.0001373619512390048,268.40000000000003,0.012103669145841761,1.4123999999999999,0
1,7,0,0,14144.39,127.5,4.49,5.4,4,0.979,2.13,1,2024,4,25,4,0.00031744034207201584,11.502,0.009014174524316708,0.11340000000000011,0
3,1,1,4,9536.55,166.11,1.36,2.8,4,0.519,21.9,1,2024,5,15,6,0.00014260922450991188,61.31999999999999,0.017418248737751076,1.3467999999999998,0
3,7,0,0,11253.6,135.63,2.66,1.6,0,0.963,0.62,0,2025,12,13,2,0.000236368806426388,0.992,0.012052143314139474,0.05920000000000006,0
4,6,2,3,12173.91,256.21,2.69,4.8,1,0.591,13.11,1,2024,3,1,0,0.00022096434095537096,62.928,0.0210458266900281,1.9632,0
7,4,3,3,12753.07,220.63,2.19,4.6,4,0.956,65.63,1,2024,6,12,6,0.00017172335759154463,301.89799999999997,0.017300148121197484,0.20240000000000016,0
0,5,2,4,6228.27,256.7,3.09,5.2,2,0.528,37.32,1,2024,4,16,5,0.0004961249271467036,194.06400000000002,0.04121529734581191,2.4544,0
4,2,1,1,1243.32,336.68,1.69,9.5,1,0.974,1.61,1,2025,3,2,3,0.0013592639063153493,15.295000000000002,0.2707911076794389,0.24700000000000022,1
3,4,3,3,6327.21,194.18,3.79,6.0,2,0.6,90.68,1,2025,8,27,6,0.0005990001912375281,544.08,0.03068967206715124,2.4000000000000004,0
7,3,2,3,10269.47,126.4,2.3,6.1,3,0.651,9.13,0,2025,5,9,0,0.00022396481999557911,55.693000000000005,0.01230832749888748,2.1289,0
1,0,2,3,7030.08,83.93,3.15,1.3,0,0.745,4.04,0,2025,8,5,5,0.00044807455960671857,5.252000000000001,0.011938697710410125,0.3315,0
1,8,2,0,11359.97,175.39,3.56,10.0,0,0.69,9.52,1,2025,11,25,5,0.0003133811092810985,95.19999999999999,0.015439301336183106,3.1000000000000005,1
7,0,2,3,5676.25,371.16,4.13,7.7,4,0.834,13.89,1,2025,3,24,1,0.0007275930411803568,106.953,0.06538824047566616,1.2782000000000002,1
2,8,3,4,9703.79,378.6,3.96,8.8,1,0.987,28.51,1,2024,7,4,4,0.00040808797387412545,250.88800000000003,0.03901568356281412,0.11440000000000011,1
7,2,3,2,3203.09,333.79,3.21,4.1,1,0.803,7.97,1,2025,9,17,6,0.0010021572918650428,32.677,0.1042087484272999,0.8076999999999998,0
1,0,2,1,11365.86,117.78,2.48,5.0,3,0.861,10.28,0,2025,1,23,4,0.00021819730315171925,51.4,0.010362612244036087,0.6950000000000001,0
2,8,1,3,8412.59,294.46,2.86,5.2,1,0.544,10.64,1,2025,1,2,4,0.00033996664523054134,55.328,0.03500230012398084,2.3712,0
3,4,0,3,3458.93,285.77,3.74,1.9,4,0.814,0.81,1,2025,9,18,4,0.0010812592333467287,1.539,0.08261803505708412,0.3534000000000001,0
2,5,3,3,4732.71,242.65,4.1,6.9,0,0.727,8.16,0,2024,1,30,5,0.0008663112677514573,56.304,0.051270836370705154,1.8837000000000002,0
6,0,3,4,11354.83,275.44,1.54,9.0,0,0.943,22.33,0,2025,12,1,1,0.00013562510403061957,200.96999999999997,0.024257518606619385,0.5130000000000005,1
7,1,1,0,7497.72,246.4,2.47,1.6,4,0.694,16.84,1,2024,5,13,1,0.0003294334811115913,26.944000000000003,0.032863323783763596,0.4896000000000001,0
2,4,0,0,3632.46,283.16,3.76,0.9,3,0.84,0.58,0,2025,5,9,0,0.0010351111918644664,0.522,0.07795268220434637,0.14400000000000004,0
5,5,3,2,14525.43,358.04,2.62,7.4,1,0.614,41.86,1,2025,5,14,6,0.00018037331769179984,309.764,0.024649184223806114,2.8564000000000003,1
0,1,0,0,10869.31,55.7,2.3,2.7,2,0.63,5.95,1,2024,4,25,4,0.00021160496848466,16.065,0.005124520323737202,0.999,0
2,0,2,0,14378.46,375.06,2.56,6.2,1,0.688,16.65,1,2025,2,25,5,0.00017804410208047318,103.22999999999999,0.02608485192433682,1.9344000000000003,0
7,6,2,3,6693.02,68.81,3.19,7.0,4,0.652,16.05,1,2025,3,27,4,0.00047661593720024737,112.35000000000001,0.01028085976136333,2.436,1
6,4,2,3,7388.95,34.25,4.5,3.2,4,0.627,14.8,1,2024,2,17,2,0.0006090175194039749,47.36000000000001,0.00463530000879692,1.1936,0
0,3,3,0,13520.35,488.06,2.83,8.2,3,0.525,31.09,1,2024,3,5,5,0.00020931410799276647,254.938,0.03609817793178431,3.8949999999999996,1
1,5,2,3,8113.22,478.54,1.89,5.5,0,0.918,6.27,1,2024,9,24,5,0.00023295313081612477,34.485,0.05898274667764464,0.4509999999999998,0
4,7,3,4,10755.54,31.16,1.74,8.7,3,0.532,25.33,1,2025,11,1,2,0.00016177709347926742,220.37099999999998,0.002897111628054007,4.071599999999999,1
6,0,1,2,4156.51,222.18,1.34,7.6,1,0.944,6.6,1,2024,11,17,3,0.00032238584774245703,50.16,0.05345349824732769,0.42560000000000037,1
5,8,2,0,6977.53,93.94,3.04,8.7,0,0.563,5.23,1,2024,1,13,2,0.00043568426076276277,45.501,0.01346321692633353,3.8019000000000003,1
0,5,0,0,2290.02,243.19,3.0,0.2,1,0.533,0.5,0,2025,12,22,1,0.001310032226792779,0.1,0.10619557907791198,0.0934,0
6,5,1,4,3486.71,415.26,1.88,2.4,2,0.782,21.23,1,2025,11,25,5,0.0005391902395094516,50.952,0.11909794620143344,0.5231999999999999,0
1,7,1,2,513.68,475.36,3.49,0.9,4,0.751,0.71,0,2025,6,21,2,0.0067941130665005465,0.639,0.9254010278772778,0.2241,0
7,6,2,2,1069.34,317.49,3.65,4.4,4,0.746,2.6,1,2025,8,13,6,0.003413320365833131,11.440000000000001,0.2969027624516057,1.1176000000000001,0
5,8,0,1,14670.62,177.6,2.06,8.9,2,0.787,8.49,1,2025,8,1,0,0.0001404166967721882,75.561,0.012105827838223605,1.8956999999999997,1
3,2,3,3,4014.13,302.06,2.34,4.7,3,0.644,8.0,1,2024,8,17,2,0.0005829407617590859,37.6,0.07524918226365364,1.6732,0
4,3,0,0,10118.01,156.69,4.47,8.5,3,0.831,0.5,1,2025,11,16,3,0.0004417864777757681,4.25,0.015486246801495551,1.4365000000000003,1
1,0,2,4,12666.95,455.0,2.44,3.3,0,0.751,9.67,1,2024,12,12,4,0.0001926272701794828,31.910999999999998,0.035920249152321594,0.8217,0
0,3,2,4,8484.58,435.33,3.71,3.4,2,0.667,46.95,1,2025,6,15,3,0.00043726383627710504,159.63,0.05130837354353427,1.1321999999999999,0
2,1,1,2,2720.6,279.56,2.69,9.0,4,0.913,8.23,1,2025,6,19,4,0.000988752481070352,74.07000000000001,0.10275674483569801,0.7829999999999997,1
3,2,2,2,11057.69,163.07,3.82,4.3,2,0.864,63.77,1,2025,12,5,0,0.0003454609416614139,274.211,0.014747203077677162,0.5848,0
2,3,2,3,9203.65,147.4,3.74,7.9,1,0.697,11.57,1,2025,12,18,4,0.0004063605200110826,91.403,0.016015385200436785,2.3937000000000004,1
0,2,0,0,11103.13,17.68,3.4,2.4,3,0.924,0.5,0,2025,9,25,4,0.00030621995779568466,1.2,0.0015923437805375601,0.1823999999999999,0
5,3,1,3,11661.33,408.09,4.02,9.5,3,0.96,14.23,1,2024,4,7,3,0.0003447291175191852,135.185,0.034995150638906534,0.38000000000000034,1
3,1,3,1,14643.45,225.74,4.3,5.7,2,0.768,209.65,1,2025,3,19,6,0.0002936466474771997,1195.005,0.015415766093372805,1.3224,0
6,1,0,4,8816.67,163.24,3.11,7.6,3,0.607,0.5,1,2025,11,8,2,0.00035274088743255673,3.8,0.01851492683745677,2.9868,1
1,0,1,0,5453.8,236.08,1.98,0.9,1,0.958,6.48,0,2024,9,11,6,0.00036304961678096007,5.832000000000001,0.04328724925739851,0.037800000000000035,0
1,6,2,3,9902.74,409.55,2.52,4.9,2,0.595,59.36,1,2025,5,8,4,0.0002544750240842434,290.86400000000003,0.04135724052131026,1.9845000000000004,0
5,1,0,2,1492.39,63.18,3.7,9.0,0,0.524,0.5,1,2024,12,20,0,0.0024792447014520334,4.5,0.04233477844263228,4.284,1
5,2,1,2,13512.26,428.97,3.35,8.8,1,0.664,20.28,0,2025,11,10,1,0.000247922997337233,178.46400000000003,0.03174672482619488,2.9568,1
2,7,0,2,2231.02,448.86,1.79,0.5,0,0.863,0.5,0,2025,11,23,3,0.0008023236008641787,0.25,0.20119048686251131,0.0685,0
0,1,1,3,5253.72,473.41,1.37,3.0,0,0.962,4.41,0,2025,10,18,2,0.0002607676084755183,13.23,0.09010948432729571,0.1140000000000001,0
7,2,1,0,12328.31,199.35,3.45,4.4,4,0.819,31.18,1,2025,1,29,6,0.0002798437093161999,137.192,0.01617009955135781,0.7964000000000003,0
2,7,0,4,9161.03,109.35,2.03,1.7,4,0.976,1.43,1,2024,6,1,2,0.0002215908036541742,2.431,0.011936430728859089,0.04080000000000004,0
